ISO-10303-21;
HEADER;
FILE_DESCRIPTION(('Open CASCADE Model'),'2;1');
FILE_NAME('Open CASCADE Shape Model','2026-08-12T23:22:50',('Author'),(
    'Open CASCADE'),'Open CASCADE STEP processor 7.9','Open CASCADE 7.9'
  ,'Unknown');
FILE_SCHEMA(('AUTOMOTIVE_DESIGN { 1 0 10303 214 1 1 1 1 }'));
ENDSEC;
DATA;
#1 = APPLICATION_PROTOCOL_DEFINITION('international standard',
  'automotive_design',2000,#2);
#2 = APPLICATION_CONTEXT(
  'core data for automotive mechanical design processes');
#3 = SHAPE_DEFINITION_REPRESENTATION(#4,#10);
#4 = PRODUCT_DEFINITION_SHAPE('','',#5);
#5 = PRODUCT_DEFINITION('design','',#6,#9);
#6 = PRODUCT_DEFINITION_FORMATION('','',#7);
#7 = PRODUCT('SOLID','SOLID','',(#8));
#8 = PRODUCT_CONTEXT('',#2,'mechanical');
#9 = PRODUCT_DEFINITION_CONTEXT('part definition',#2,'design');
#10 = ADVANCED_BREP_SHAPE_REPRESENTATION('',(#11,#15),#11193);
#11 = AXIS2_PLACEMENT_3D('',#12,#13,#14);
#12 = CARTESIAN_POINT('',(0.,0.,0.));
#13 = DIRECTION('',(0.,0.,1.));
#14 = DIRECTION('',(1.,0.,-0.));
#15 = MANIFOLD_SOLID_BREP('',#16);
#16 = CLOSED_SHELL('',(#17,#1422,#1953,#1989,#2017,#2053,#2089,#2125,
    #2161,#2197,#2233,#2269,#2305,#2341,#2361,#2403,#2445,#2469,#2495,
    #2521,#2540,#2559,#2583,#2602,#2621,#2645,#2666,#2687,#2708,#2729,
    #2748,#2767,#2786,#2805,#2826,#2847,#2861,#2885,#2911,#2937,#2956,
    #2975,#2999,#3018,#3037,#3061,#3082,#3103,#3124,#3145,#3164,#3183,
    #3202,#3221,#3242,#3263,#3277,#3305,#3327,#3349,#3371,#3393,#3415,
    #3437,#3453,#3492,#3520,#3542,#3558,#3586,#3608,#3630,#3679,#3752,
    #3843,#3960,#3988,#4010,#4059,#4132,#4205,#4254,#4270,#4298,#4320,
    #4342,#4364,#4386,#4408,#4430,#4452,#4474,#4496,#4518,#4534,#4554,
    #4633,#4655,#4716,#4813,#4886,#4935,#4957,#5030,#5103,#5152,#5219,
    #5238,#5266,#5288,#5310,#5332,#5354,#5370,#5384,#5395,#5410,#5438,
    #5460,#5482,#5504,#5526,#5542,#5556,#5590,#5612,#5640,#5668,#5696,
    #5724,#5752,#5780,#5802,#5830,#5858,#5886,#5914,#5936,#5958,#5986,
    #6008,#6030,#6052,#6074,#6096,#6118,#6140,#6162,#6184,#6206,#6222,
    #6242,#6366,#6386,#6406,#6426,#6446,#6466,#6482,#6494,#6522,#6544,
    #6566,#6594,#6622,#6650,#6672,#6687,#6799,#6819,#6835,#6851,#6867,
    #6883,#6899,#6915,#6927,#6955,#6977,#7005,#7027,#7055,#7071,#7085,
    #7113,#7135,#7157,#7179,#7201,#7223,#7245,#7267,#7289,#7311,#7333,
    #7349,#7369,#7561,#7585,#7601,#7621,#7641,#7657,#7677,#7697,#7717,
    #7737,#7753,#7769,#7785,#7801,#7817,#7851,#7879,#7907,#7935,#7963,
    #7991,#8013,#8029,#8045,#8079,#8101,#8129,#8157,#8185,#8213,#8241,
    #8269,#8297,#8325,#8353,#8381,#8403,#8431,#8459,#8487,#8515,#8543,
    #8571,#8599,#8621,#8650,#8678,#8700,#8728,#8750,#8772,#8794,#8816,
    #8838,#8860,#8888,#8916,#8938,#8966,#8994,#9010,#9033,#9061,#9083,
    #9105,#9127,#9149,#9171,#9193,#9215,#9237,#9259,#9281,#9297,#9317,
    #9441,#9461,#9481,#9501,#9521,#9541,#9557,#9569,#9597,#9619,#9641,
    #9669,#9697,#9725,#9747,#9762,#9874,#9894,#9910,#9926,#9942,#9958,
    #9974,#9990,#10002,#10030,#10052,#10080,#10102,#10130,#10146,#10160,
    #10480,#10504,#10524,#10544,#10564,#10584,#10604,#10624,#10644,
    #10664,#10684,#10704,#10724,#10740,#10756,#10772,#10788,#10808,
    #10828,#10848,#10868,#10888,#10908,#10928,#10944,#10964,#10984,
    #11000,#11020,#11040,#11060,#11076,#11096,#11112,#11155,#11183));
#17 = ADVANCED_FACE('',(#18,#135,#251,#337,#461,#491,#535,#621,#680,#738
    ,#925,#1011,#1070,#1128),#1417,.F.);
#18 = FACE_BOUND('',#19,.T.);
#19 = EDGE_LOOP('',(#20,#29,#36,#45,#54,#61,#70,#79,#86,#93,#100,#107,
    #114,#121,#130));
#20 = ORIENTED_EDGE('',*,*,#21,.F.);
#21 = EDGE_CURVE('',#22,#24,#26,.T.);
#22 = VERTEX_POINT('',#23);
#23 = CARTESIAN_POINT('',(-0.179561192739,0.95,0.329451479476));
#24 = VERTEX_POINT('',#25);
#25 = CARTESIAN_POINT('',(-0.171638237417,0.95,0.329451479476));
#26 = B_SPLINE_CURVE_WITH_KNOTS('',1,(#27,#28),.UNSPECIFIED.,.F.,.F.,(2,
    2),(-7.922955322041E-03,-1.139448128554E-30),
  .PIECEWISE_BEZIER_KNOTS.);
#27 = CARTESIAN_POINT('',(-0.179561192739,0.95,0.329451479476));
#28 = CARTESIAN_POINT('',(-0.171638237417,0.95,0.329451479476));
#29 = ORIENTED_EDGE('',*,*,#30,.F.);
#30 = EDGE_CURVE('',#31,#22,#33,.T.);
#31 = VERTEX_POINT('',#32);
#32 = CARTESIAN_POINT('',(-0.159784997171,0.95,0.279293557594));
#33 = B_SPLINE_CURVE_WITH_KNOTS('',1,(#34,#35),.UNSPECIFIED.,.F.,.F.,(2,
    2),(-5.39158143662E-02,0.),.PIECEWISE_BEZIER_KNOTS.);
#34 = CARTESIAN_POINT('',(-0.159784997171,0.95,0.279293557594));
#35 = CARTESIAN_POINT('',(-0.179561192739,0.95,0.329451479476));
#36 = ORIENTED_EDGE('',*,*,#37,.F.);
#37 = EDGE_CURVE('',#38,#31,#40,.T.);
#38 = VERTEX_POINT('',#39);
#39 = CARTESIAN_POINT('',(-0.144235417532,0.95,0.265350403935));
#40 = B_SPLINE_CURVE_WITH_KNOTS('',3,(#41,#42,#43,#44),.UNSPECIFIED.,.F.
  ,.F.,(4,4),(1.,2.),.PIECEWISE_BEZIER_KNOTS.);
#41 = CARTESIAN_POINT('',(-0.144235417532,0.95,0.265350403935));
#42 = CARTESIAN_POINT('',(-0.150926259724,0.95,0.265350403935));
#43 = CARTESIAN_POINT('',(-0.156104254147,0.95,0.269998121821));
#44 = CARTESIAN_POINT('',(-0.159784997171,0.95,0.279293557594));
#45 = ORIENTED_EDGE('',*,*,#46,.F.);
#46 = EDGE_CURVE('',#47,#38,#49,.T.);
#47 = VERTEX_POINT('',#48);
#48 = CARTESIAN_POINT('',(-0.139306965009,0.95,0.265974258685));
#49 = B_SPLINE_CURVE_WITH_KNOTS('',3,(#50,#51,#52,#53),.UNSPECIFIED.,.F.
  ,.F.,(4,4),(2.,3.),.PIECEWISE_BEZIER_KNOTS.);
#50 = CARTESIAN_POINT('',(-0.139306965009,0.95,0.265974258685));
#51 = CARTESIAN_POINT('',(-0.14066384909,0.95,0.265568753098));
#52 = CARTESIAN_POINT('',(-0.142317064177,0.95,0.265350403935));
#53 = CARTESIAN_POINT('',(-0.144235417532,0.95,0.265350403935));
#54 = ORIENTED_EDGE('',*,*,#55,.F.);
#55 = EDGE_CURVE('',#56,#47,#58,.T.);
#56 = VERTEX_POINT('',#57);
#57 = CARTESIAN_POINT('',(-0.139306965009,0.95,0.272774275458));
#58 = B_SPLINE_CURVE_WITH_KNOTS('',1,(#59,#60),.UNSPECIFIED.,.F.,.F.,(2,
    2),(-6.800016772866E-03,2.212689790791E-31),
  .PIECEWISE_BEZIER_KNOTS.);
#59 = CARTESIAN_POINT('',(-0.139306965009,0.95,0.272774275458));
#60 = CARTESIAN_POINT('',(-0.139306965009,0.95,0.265974258685));
#61 = ORIENTED_EDGE('',*,*,#62,.F.);
#62 = EDGE_CURVE('',#63,#56,#65,.T.);
#63 = VERTEX_POINT('',#64);
#64 = CARTESIAN_POINT('',(-0.14364275552,0.95,0.271900878808));
#65 = B_SPLINE_CURVE_WITH_KNOTS('',3,(#66,#67,#68,#69),.UNSPECIFIED.,.F.
  ,.F.,(4,4),(4.,5.),.PIECEWISE_BEZIER_KNOTS.);
#66 = CARTESIAN_POINT('',(-0.14364275552,0.95,0.271900878808));
#67 = CARTESIAN_POINT('',(-0.142239082333,0.95,0.271900878808));
#68 = CARTESIAN_POINT('',(-0.140804216408,0.95,0.272181613446));
#69 = CARTESIAN_POINT('',(-0.139306965009,0.95,0.272774275458));
#70 = ORIENTED_EDGE('',*,*,#71,.F.);
#71 = EDGE_CURVE('',#72,#63,#74,.T.);
#72 = VERTEX_POINT('',#73);
#73 = CARTESIAN_POINT('',(-0.15147213263,0.95,0.278045848094));
#74 = B_SPLINE_CURVE_WITH_KNOTS('',3,(#75,#76,#77,#78),.UNSPECIFIED.,.F.
  ,.F.,(4,4),(5.,6.),.PIECEWISE_BEZIER_KNOTS.);
#75 = CARTESIAN_POINT('',(-0.15147213263,0.95,0.278045848094));
#76 = CARTESIAN_POINT('',(-0.149740935699,0.95,0.273928406745));
#77 = CARTESIAN_POINT('',(-0.147136342119,0.95,0.271900878808));
#78 = CARTESIAN_POINT('',(-0.14364275552,0.95,0.271900878808));
#79 = ORIENTED_EDGE('',*,*,#80,.F.);
#80 = EDGE_CURVE('',#81,#72,#83,.T.);
#81 = VERTEX_POINT('',#82);
#82 = CARTESIAN_POINT('',(-0.15482535191,0.95,0.285968803416));
#83 = B_SPLINE_CURVE_WITH_KNOTS('',1,(#84,#85),.UNSPECIFIED.,.F.,.F.,(2,
    2),(-8.603330784244E-03,1.081796499784E-17),
  .PIECEWISE_BEZIER_KNOTS.);
#84 = CARTESIAN_POINT('',(-0.15482535191,0.95,0.285968803416));
#85 = CARTESIAN_POINT('',(-0.15147213263,0.95,0.278045848094));
#86 = ORIENTED_EDGE('',*,*,#87,.F.);
#87 = EDGE_CURVE('',#88,#81,#90,.T.);
#88 = VERTEX_POINT('',#89);
#89 = CARTESIAN_POINT('',(-0.137731731766,0.95,0.329451479476));
#90 = B_SPLINE_CURVE_WITH_KNOTS('',1,(#91,#92),.UNSPECIFIED.,.F.,.F.,(2,
    2),(-4.672188959154E-02,-4.777862228047E-16),
  .PIECEWISE_BEZIER_KNOTS.);
#91 = CARTESIAN_POINT('',(-0.137731731766,0.95,0.329451479476));
#92 = CARTESIAN_POINT('',(-0.15482535191,0.95,0.285968803416));
#93 = ORIENTED_EDGE('',*,*,#94,.F.);
#94 = EDGE_CURVE('',#95,#88,#97,.T.);
#95 = VERTEX_POINT('',#96);
#96 = CARTESIAN_POINT('',(-0.146278541838,0.95,0.329451479476));
#97 = B_SPLINE_CURVE_WITH_KNOTS('',1,(#98,#99),.UNSPECIFIED.,.F.,.F.,(2,
    2),(-8.546810072159E-03,5.551115123125E-17),
  .PIECEWISE_BEZIER_KNOTS.);
#98 = CARTESIAN_POINT('',(-0.146278541838,0.95,0.329451479476));
#99 = CARTESIAN_POINT('',(-0.137731731766,0.95,0.329451479476));
#100 = ORIENTED_EDGE('',*,*,#101,.F.);
#101 = EDGE_CURVE('',#102,#95,#104,.T.);
#102 = VERTEX_POINT('',#103);
#103 = CARTESIAN_POINT('',(-0.157663891021,0.95,0.296699105112));
#104 = B_SPLINE_CURVE_WITH_KNOTS('',1,(#105,#106),.UNSPECIFIED.,.F.,.F.,
  (2,2),(-3.467483529186E-02,8.389355525202E-16),
  .PIECEWISE_BEZIER_KNOTS.);
#105 = CARTESIAN_POINT('',(-0.157663891021,0.95,0.296699105112));
#106 = CARTESIAN_POINT('',(-0.146278541838,0.95,0.329451479476));
#107 = ORIENTED_EDGE('',*,*,#108,.F.);
#108 = EDGE_CURVE('',#109,#102,#111,.T.);
#109 = VERTEX_POINT('',#110);
#110 = CARTESIAN_POINT('',(-0.158599673146,0.95,0.293111940301));
#111 = B_SPLINE_CURVE_WITH_KNOTS('',1,(#112,#113),.UNSPECIFIED.,.F.,.F.,
  (2,2),(-3.707214529686E-03,-1.75152876361E-16),
  .PIECEWISE_BEZIER_KNOTS.);
#112 = CARTESIAN_POINT('',(-0.158599673146,0.95,0.293111940301));
#113 = CARTESIAN_POINT('',(-0.157663891021,0.95,0.296699105112));
#114 = ORIENTED_EDGE('',*,*,#115,.F.);
#115 = EDGE_CURVE('',#116,#109,#118,.T.);
#116 = VERTEX_POINT('',#117);
#117 = CARTESIAN_POINT('',(-0.15880242594,0.95,0.293111940301));
#118 = B_SPLINE_CURVE_WITH_KNOTS('',1,(#119,#120),.UNSPECIFIED.,.F.,.F.,
  (2,2),(-2.027527934503E-04,0.),.PIECEWISE_BEZIER_KNOTS.);
#119 = CARTESIAN_POINT('',(-0.15880242594,0.95,0.293111940301));
#120 = CARTESIAN_POINT('',(-0.158599673146,0.95,0.293111940301));
#121 = ORIENTED_EDGE('',*,*,#122,.F.);
#122 = EDGE_CURVE('',#123,#116,#125,.T.);
#123 = VERTEX_POINT('',#124);
#124 = CARTESIAN_POINT('',(-0.159738208065,0.95,0.296636719637));
#125 = B_SPLINE_CURVE_WITH_KNOTS('',3,(#126,#127,#128,#129),
  .UNSPECIFIED.,.F.,.F.,(4,4),(12.,13.),.PIECEWISE_BEZIER_KNOTS.);
#126 = CARTESIAN_POINT('',(-0.159738208065,0.95,0.296636719637));
#127 = CARTESIAN_POINT('',(-0.159270317002,0.95,0.295108275501));
#128 = CARTESIAN_POINT('',(-0.158958389627,0.95,0.293922951476));
#129 = CARTESIAN_POINT('',(-0.15880242594,0.95,0.293111940301));
#130 = ORIENTED_EDGE('',*,*,#131,.F.);
#131 = EDGE_CURVE('',#24,#123,#132,.T.);
#132 = B_SPLINE_CURVE_WITH_KNOTS('',1,(#133,#134),.UNSPECIFIED.,.F.,.F.,
  (2,2),(-3.490586142583E-02,9.462369671662E-18),
  .PIECEWISE_BEZIER_KNOTS.);
#133 = CARTESIAN_POINT('',(-0.171638237417,0.95,0.329451479476));
#134 = CARTESIAN_POINT('',(-0.159738208065,0.95,0.296636719637));
#135 = FACE_BOUND('',#136,.T.);
#136 = EDGE_LOOP('',(#137,#148,#157,#164,#171,#178,#185,#194,#203,#212,
    #221,#228,#237,#246));
#137 = ORIENTED_EDGE('',*,*,#138,.F.);
#138 = EDGE_CURVE('',#139,#141,#143,.T.);
#139 = VERTEX_POINT('',#140);
#140 = CARTESIAN_POINT('',(-7.821598863569E-02,0.95,0.330449647076));
#141 = VERTEX_POINT('',#142);
#142 = CARTESIAN_POINT('',(-6.321228190308E-02,0.95,0.326394591203));
#143 = B_SPLINE_CURVE_WITH_KNOTS('',3,(#144,#145,#146,#147),
  .UNSPECIFIED.,.F.,.F.,(4,4),(0.,1.),.PIECEWISE_BEZIER_KNOTS.);
#144 = CARTESIAN_POINT('',(-7.821598863569E-02,0.95,0.330449647076));
#145 = CARTESIAN_POINT('',(-7.253891041263E-02,0.95,0.330449647076));
#146 = CARTESIAN_POINT('',(-6.753247604544E-02,0.95,0.329108359364));
#147 = CARTESIAN_POINT('',(-6.321228190308E-02,0.95,0.326394591203));
#148 = ORIENTED_EDGE('',*,*,#149,.F.);
#149 = EDGE_CURVE('',#150,#139,#152,.T.);
#150 = VERTEX_POINT('',#151);
#151 = CARTESIAN_POINT('',(-9.396832106783E-02,0.95,0.313917496207));
#152 = B_SPLINE_CURVE_WITH_KNOTS('',3,(#153,#154,#155,#156),
  .UNSPECIFIED.,.F.,.F.,(4,4),(1.,2.),.PIECEWISE_BEZIER_KNOTS.);
#153 = CARTESIAN_POINT('',(-9.396832106783E-02,0.95,0.313917496207));
#154 = CARTESIAN_POINT('',(-9.396832106783E-02,0.95,0.324959725278));
#155 = CARTESIAN_POINT('',(-8.87123448008E-02,0.95,0.330449647076));
#156 = CARTESIAN_POINT('',(-7.821598863569E-02,0.95,0.330449647076));
#157 = ORIENTED_EDGE('',*,*,#158,.F.);
#158 = EDGE_CURVE('',#159,#150,#161,.T.);
#159 = VERTEX_POINT('',#160);
#160 = CARTESIAN_POINT('',(-9.396832106783E-02,0.95,0.285875225204));
#161 = B_SPLINE_CURVE_WITH_KNOTS('',1,(#162,#163),.UNSPECIFIED.,.F.,.F.,
  (2,2),(-2.804227100272E-02,0.),.PIECEWISE_BEZIER_KNOTS.);
#162 = CARTESIAN_POINT('',(-9.396832106783E-02,0.95,0.285875225204));
#163 = CARTESIAN_POINT('',(-9.396832106783E-02,0.95,0.313917496207));
#164 = ORIENTED_EDGE('',*,*,#165,.F.);
#165 = EDGE_CURVE('',#166,#159,#168,.T.);
#166 = VERTEX_POINT('',#167);
#167 = CARTESIAN_POINT('',(-8.632610038287E-02,0.95,0.285875225204));
#168 = B_SPLINE_CURVE_WITH_KNOTS('',1,(#169,#170),.UNSPECIFIED.,.F.,.F.,
  (2,2),(-7.642220684954E-03,-4.163336342345E-17),
  .PIECEWISE_BEZIER_KNOTS.);
#169 = CARTESIAN_POINT('',(-8.632610038287E-02,0.95,0.285875225204));
#170 = CARTESIAN_POINT('',(-9.396832106783E-02,0.95,0.285875225204));
#171 = ORIENTED_EDGE('',*,*,#172,.F.);
#172 = EDGE_CURVE('',#173,#166,#175,.T.);
#173 = VERTEX_POINT('',#174);
#174 = CARTESIAN_POINT('',(-8.632610038287E-02,0.95,0.292612856501));
#175 = B_SPLINE_CURVE_WITH_KNOTS('',1,(#176,#177),.UNSPECIFIED.,.F.,.F.,
  (2,2),(-6.737631297541E-03,1.110223024625E-15),
  .PIECEWISE_BEZIER_KNOTS.);
#176 = CARTESIAN_POINT('',(-8.632610038287E-02,0.95,0.292612856501));
#177 = CARTESIAN_POINT('',(-8.632610038287E-02,0.95,0.285875225204));
#178 = ORIENTED_EDGE('',*,*,#179,.F.);
#179 = EDGE_CURVE('',#180,#173,#182,.T.);
#180 = VERTEX_POINT('',#181);
#181 = CARTESIAN_POINT('',(-8.612334758922E-02,0.95,0.292612856501));
#182 = B_SPLINE_CURVE_WITH_KNOTS('',1,(#183,#184),.UNSPECIFIED.,.F.,.F.,
  (2,2),(-2.027527936583E-04,-0.),.PIECEWISE_BEZIER_KNOTS.);
#183 = CARTESIAN_POINT('',(-8.612334758922E-02,0.95,0.292612856501));
#184 = CARTESIAN_POINT('',(-8.632610038287E-02,0.95,0.292612856501));
#185 = ORIENTED_EDGE('',*,*,#186,.F.);
#186 = EDGE_CURVE('',#187,#180,#189,.T.);
#187 = VERTEX_POINT('',#188);
#188 = CARTESIAN_POINT('',(-7.277285594374E-02,0.95,0.284845864867));
#189 = B_SPLINE_CURVE_WITH_KNOTS('',3,(#190,#191,#192,#193),
  .UNSPECIFIED.,.F.,.F.,(4,4),(6.,7.),.PIECEWISE_BEZIER_KNOTS.);
#190 = CARTESIAN_POINT('',(-7.277285594374E-02,0.95,0.284845864867));
#191 = CARTESIAN_POINT('',(-7.865268696046E-02,0.95,0.284845864867));
#192 = CARTESIAN_POINT('',(-8.311324842158E-02,0.95,0.287434862078));
#193 = CARTESIAN_POINT('',(-8.612334758922E-02,0.95,0.292612856501));
#194 = ORIENTED_EDGE('',*,*,#195,.F.);
#195 = EDGE_CURVE('',#196,#187,#198,.T.);
#196 = VERTEX_POINT('',#197);
#197 = CARTESIAN_POINT('',(-6.269760173467E-02,0.95,0.28827706599));
#198 = B_SPLINE_CURVE_WITH_KNOTS('',3,(#199,#200,#201,#202),
  .UNSPECIFIED.,.F.,.F.,(4,4),(7.,8.),.PIECEWISE_BEZIER_KNOTS.);
#199 = CARTESIAN_POINT('',(-6.269760173467E-02,0.95,0.28827706599));
#200 = CARTESIAN_POINT('',(-6.519302073369E-02,0.95,0.285999996154));
#201 = CARTESIAN_POINT('',(-6.854624001395E-02,0.95,0.284845864867));
#202 = CARTESIAN_POINT('',(-7.277285594374E-02,0.95,0.284845864867));
#203 = ORIENTED_EDGE('',*,*,#204,.F.);
#204 = EDGE_CURVE('',#205,#196,#207,.T.);
#205 = VERTEX_POINT('',#206);
#206 = CARTESIAN_POINT('',(-5.895447323583E-02,0.95,0.297541309025));
#207 = B_SPLINE_CURVE_WITH_KNOTS('',3,(#208,#209,#210,#211),
  .UNSPECIFIED.,.F.,.F.,(4,4),(8.,9.),.PIECEWISE_BEZIER_KNOTS.);
#208 = CARTESIAN_POINT('',(-5.895447323583E-02,0.95,0.297541309025));
#209 = CARTESIAN_POINT('',(-5.895447323583E-02,0.95,0.293642216839));
#210 = CARTESIAN_POINT('',(-6.020218273544E-02,0.95,0.290554135827));
#211 = CARTESIAN_POINT('',(-6.269760173467E-02,0.95,0.28827706599));
#212 = ORIENTED_EDGE('',*,*,#213,.F.);
#213 = EDGE_CURVE('',#214,#205,#216,.T.);
#214 = VERTEX_POINT('',#215);
#215 = CARTESIAN_POINT('',(-7.341230706217E-02,0.95,0.31176519732));
#216 = B_SPLINE_CURVE_WITH_KNOTS('',3,(#217,#218,#219,#220),
  .UNSPECIFIED.,.F.,.F.,(4,4),(9.,10.),.PIECEWISE_BEZIER_KNOTS.);
#217 = CARTESIAN_POINT('',(-7.341230706217E-02,0.95,0.31176519732));
#218 = CARTESIAN_POINT('',(-6.377375117808E-02,0.95,0.310423909608));
#219 = CARTESIAN_POINT('',(-5.895447323583E-02,0.95,0.30568261351));
#220 = CARTESIAN_POINT('',(-5.895447323583E-02,0.95,0.297541309025));
#221 = ORIENTED_EDGE('',*,*,#222,.F.);
#222 = EDGE_CURVE('',#223,#214,#225,.T.);
#223 = VERTEX_POINT('',#224);
#224 = CARTESIAN_POINT('',(-8.632610038287E-02,0.95,0.313574376095));
#225 = B_SPLINE_CURVE_WITH_KNOTS('',1,(#226,#227),.UNSPECIFIED.,.F.,.F.,
  (2,2),(-1.303990742941E-02,7.701710851423E-18),
  .PIECEWISE_BEZIER_KNOTS.);
#226 = CARTESIAN_POINT('',(-8.632610038287E-02,0.95,0.313574376095));
#227 = CARTESIAN_POINT('',(-7.341230706217E-02,0.95,0.31176519732));
#228 = ORIENTED_EDGE('',*,*,#229,.F.);
#229 = EDGE_CURVE('',#230,#223,#232,.T.);
#230 = VERTEX_POINT('',#231);
#231 = CARTESIAN_POINT('',(-7.749855567342E-02,0.95,0.324242292316));
#232 = B_SPLINE_CURVE_WITH_KNOTS('',3,(#233,#234,#235,#236),
  .UNSPECIFIED.,.F.,.F.,(4,4),(11.,12.),.PIECEWISE_BEZIER_KNOTS.);
#233 = CARTESIAN_POINT('',(-7.749855567342E-02,0.95,0.324242292316));
#234 = CARTESIAN_POINT('',(-8.337838669015E-02,0.95,0.324242292316));
#235 = CARTESIAN_POINT('',(-8.632610038287E-02,0.95,0.320686320242));
#236 = CARTESIAN_POINT('',(-8.632610038287E-02,0.95,0.313574376095));
#237 = ORIENTED_EDGE('',*,*,#238,.F.);
#238 = EDGE_CURVE('',#239,#230,#241,.T.);
#239 = VERTEX_POINT('',#240);
#240 = CARTESIAN_POINT('',(-6.321228190308E-02,0.95,0.31897071968));
#241 = B_SPLINE_CURVE_WITH_KNOTS('',3,(#242,#243,#244,#245),
  .UNSPECIFIED.,.F.,.F.,(4,4),(12.,13.),.PIECEWISE_BEZIER_KNOTS.);
#242 = CARTESIAN_POINT('',(-6.321228190308E-02,0.95,0.31897071968));
#243 = CARTESIAN_POINT('',(-6.751687967672E-02,0.95,0.322464306279));
#244 = CARTESIAN_POINT('',(-7.227377214385E-02,0.95,0.324242292316));
#245 = CARTESIAN_POINT('',(-7.749855567342E-02,0.95,0.324242292316));
#246 = ORIENTED_EDGE('',*,*,#247,.F.);
#247 = EDGE_CURVE('',#141,#239,#248,.T.);
#248 = B_SPLINE_CURVE_WITH_KNOTS('',1,(#249,#250),.UNSPECIFIED.,.F.,.F.,
  (2,2),(-7.423871522777E-03,1.013374736104E-31),
  .PIECEWISE_BEZIER_KNOTS.);
#249 = CARTESIAN_POINT('',(-6.321228190308E-02,0.95,0.326394591203));
#250 = CARTESIAN_POINT('',(-6.321228190308E-02,0.95,0.31897071968));
#251 = FACE_BOUND('',#252,.T.);
#252 = EDGE_LOOP('',(#253,#262,#269,#276,#283,#290,#297,#304,#311,#318,
    #325,#332));
#253 = ORIENTED_EDGE('',*,*,#254,.F.);
#254 = EDGE_CURVE('',#255,#257,#259,.T.);
#255 = VERTEX_POINT('',#256);
#256 = CARTESIAN_POINT('',(-5.163977629456E-02,0.95,0.285875225204));
#257 = VERTEX_POINT('',#258);
#258 = CARTESIAN_POINT('',(-5.163977629456E-02,0.95,0.292831205664));
#259 = B_SPLINE_CURVE_WITH_KNOTS('',1,(#260,#261),.UNSPECIFIED.,.F.,.F.,
  (2,2),(-6.955980460136E-03,-4.996003610813E-16),
  .PIECEWISE_BEZIER_KNOTS.);
#260 = CARTESIAN_POINT('',(-5.163977629456E-02,0.95,0.285875225204));
#261 = CARTESIAN_POINT('',(-5.163977629456E-02,0.95,0.292831205664));
#262 = ORIENTED_EDGE('',*,*,#263,.F.);
#263 = EDGE_CURVE('',#264,#255,#266,.T.);
#264 = VERTEX_POINT('',#265);
#265 = CARTESIAN_POINT('',(-1.882501645556E-02,0.95,0.285875225204));
#266 = B_SPLINE_CURVE_WITH_KNOTS('',1,(#267,#268),.UNSPECIFIED.,.F.,.F.,
  (2,2),(-3.2814759839E-02,0.),.PIECEWISE_BEZIER_KNOTS.);
#267 = CARTESIAN_POINT('',(-1.882501645556E-02,0.95,0.285875225204));
#268 = CARTESIAN_POINT('',(-5.163977629456E-02,0.95,0.285875225204));
#269 = ORIENTED_EDGE('',*,*,#270,.F.);
#270 = EDGE_CURVE('',#271,#264,#273,.T.);
#271 = VERTEX_POINT('',#272);
#272 = CARTESIAN_POINT('',(-1.882501645556E-02,0.95,0.346888219733));
#273 = B_SPLINE_CURVE_WITH_KNOTS('',1,(#274,#275),.UNSPECIFIED.,.F.,.F.,
  (2,2),(-6.10129945294E-02,7.771561172376E-16),
  .PIECEWISE_BEZIER_KNOTS.);
#274 = CARTESIAN_POINT('',(-1.882501645556E-02,0.95,0.346888219733));
#275 = CARTESIAN_POINT('',(-1.882501645556E-02,0.95,0.285875225204));
#276 = ORIENTED_EDGE('',*,*,#277,.F.);
#277 = EDGE_CURVE('',#278,#271,#280,.T.);
#278 = VERTEX_POINT('',#279);
#279 = CARTESIAN_POINT('',(-5.025169947619E-02,0.95,0.346888219733));
#280 = B_SPLINE_CURVE_WITH_KNOTS('',1,(#281,#282),.UNSPECIFIED.,.F.,.F.,
  (2,2),(-3.142668302063E-02,3.122502256758E-17),
  .PIECEWISE_BEZIER_KNOTS.);
#281 = CARTESIAN_POINT('',(-5.025169947619E-02,0.95,0.346888219733));
#282 = CARTESIAN_POINT('',(-1.882501645556E-02,0.95,0.346888219733));
#283 = ORIENTED_EDGE('',*,*,#284,.F.);
#284 = EDGE_CURVE('',#285,#278,#287,.T.);
#285 = VERTEX_POINT('',#286);
#286 = CARTESIAN_POINT('',(-5.025169947619E-02,0.95,0.339869853798));
#287 = B_SPLINE_CURVE_WITH_KNOTS('',1,(#288,#289),.UNSPECIFIED.,.F.,.F.,
  (2,2),(-7.018365935043E-03,1.554312234475E-15),
  .PIECEWISE_BEZIER_KNOTS.);
#288 = CARTESIAN_POINT('',(-5.025169947619E-02,0.95,0.339869853798));
#289 = CARTESIAN_POINT('',(-5.025169947619E-02,0.95,0.346888219733));
#290 = ORIENTED_EDGE('',*,*,#291,.F.);
#291 = EDGE_CURVE('',#292,#285,#294,.T.);
#292 = VERTEX_POINT('',#293);
#293 = CARTESIAN_POINT('',(-2.670118267163E-02,0.95,0.339869853798));
#294 = B_SPLINE_CURVE_WITH_KNOTS('',1,(#295,#296),.UNSPECIFIED.,.F.,.F.,
  (2,2),(-2.355051680456E-02,5.551115123125E-17),
  .PIECEWISE_BEZIER_KNOTS.);
#295 = CARTESIAN_POINT('',(-2.670118267163E-02,0.95,0.339869853798));
#296 = CARTESIAN_POINT('',(-5.025169947619E-02,0.95,0.339869853798));
#297 = ORIENTED_EDGE('',*,*,#298,.F.);
#298 = EDGE_CURVE('',#299,#292,#301,.T.);
#299 = VERTEX_POINT('',#300);
#300 = CARTESIAN_POINT('',(-2.670118267163E-02,0.95,0.32034320013));
#301 = B_SPLINE_CURVE_WITH_KNOTS('',1,(#302,#303),.UNSPECIFIED.,.F.,.F.,
  (2,2),(-1.952665366864E-02,-1.276756478319E-15),
  .PIECEWISE_BEZIER_KNOTS.);
#302 = CARTESIAN_POINT('',(-2.670118267163E-02,0.95,0.32034320013));
#303 = CARTESIAN_POINT('',(-2.670118267163E-02,0.95,0.339869853798));
#304 = ORIENTED_EDGE('',*,*,#305,.F.);
#305 = EDGE_CURVE('',#306,#299,#308,.T.);
#306 = VERTEX_POINT('',#307);
#307 = CARTESIAN_POINT('',(-4.852050254563E-02,0.95,0.32034320013));
#308 = B_SPLINE_CURVE_WITH_KNOTS('',1,(#309,#310),.UNSPECIFIED.,.F.,.F.,
  (2,2),(-2.1819319874E-02,-4.857225732735E-17),
  .PIECEWISE_BEZIER_KNOTS.);
#309 = CARTESIAN_POINT('',(-4.852050254563E-02,0.95,0.32034320013));
#310 = CARTESIAN_POINT('',(-2.670118267163E-02,0.95,0.32034320013));
#311 = ORIENTED_EDGE('',*,*,#312,.F.);
#312 = EDGE_CURVE('',#313,#306,#315,.T.);
#313 = VERTEX_POINT('',#314);
#314 = CARTESIAN_POINT('',(-4.852050254563E-02,0.95,0.313356026932));
#315 = B_SPLINE_CURVE_WITH_KNOTS('',1,(#316,#317),.UNSPECIFIED.,.F.,.F.,
  (2,2),(-6.98717319759E-03,1.054711873394E-15),
  .PIECEWISE_BEZIER_KNOTS.);
#316 = CARTESIAN_POINT('',(-4.852050254563E-02,0.95,0.313356026932));
#317 = CARTESIAN_POINT('',(-4.852050254563E-02,0.95,0.32034320013));
#318 = ORIENTED_EDGE('',*,*,#319,.F.);
#319 = EDGE_CURVE('',#320,#313,#322,.T.);
#320 = VERTEX_POINT('',#321);
#321 = CARTESIAN_POINT('',(-2.670118267163E-02,0.95,0.313356026932));
#322 = B_SPLINE_CURVE_WITH_KNOTS('',1,(#323,#324),.UNSPECIFIED.,.F.,.F.,
  (2,2),(-2.1819319874E-02,3.469446951953E-17),
  .PIECEWISE_BEZIER_KNOTS.);
#323 = CARTESIAN_POINT('',(-2.670118267163E-02,0.95,0.313356026932));
#324 = CARTESIAN_POINT('',(-4.852050254563E-02,0.95,0.313356026932));
#325 = ORIENTED_EDGE('',*,*,#326,.F.);
#326 = EDGE_CURVE('',#327,#320,#329,.T.);
#327 = VERTEX_POINT('',#328);
#328 = CARTESIAN_POINT('',(-2.670118267163E-02,0.95,0.292831205664));
#329 = B_SPLINE_CURVE_WITH_KNOTS('',1,(#330,#331),.UNSPECIFIED.,.F.,.F.,
  (2,2),(-2.052482126799E-02,2.22044604925E-16),
  .PIECEWISE_BEZIER_KNOTS.);
#330 = CARTESIAN_POINT('',(-2.670118267163E-02,0.95,0.292831205664));
#331 = CARTESIAN_POINT('',(-2.670118267163E-02,0.95,0.313356026932));
#332 = ORIENTED_EDGE('',*,*,#333,.F.);
#333 = EDGE_CURVE('',#257,#327,#334,.T.);
#334 = B_SPLINE_CURVE_WITH_KNOTS('',1,(#335,#336),.UNSPECIFIED.,.F.,.F.,
  (2,2),(-2.493859362293E-02,-9.020562075079E-17),
  .PIECEWISE_BEZIER_KNOTS.);
#335 = CARTESIAN_POINT('',(-5.163977629456E-02,0.95,0.292831205664));
#336 = CARTESIAN_POINT('',(-2.670118267163E-02,0.95,0.292831205664));
#337 = FACE_BOUND('',#338,.T.);
#338 = EDGE_LOOP('',(#339,#350,#359,#368,#377,#386,#395,#402,#411,#420,
    #429,#438,#447,#456));
#339 = ORIENTED_EDGE('',*,*,#340,.F.);
#340 = EDGE_CURVE('',#341,#343,#345,.T.);
#341 = VERTEX_POINT('',#342);
#342 = CARTESIAN_POINT('',(-8.228664087801E-02,0.95,0.381636929296));
#343 = VERTEX_POINT('',#344);
#344 = CARTESIAN_POINT('',(-9.917750822867E-02,0.95,0.38519290137));
#345 = B_SPLINE_CURVE_WITH_KNOTS('',3,(#346,#347,#348,#349),
  .UNSPECIFIED.,.F.,.F.,(4,4),(0.,1.),.PIECEWISE_BEZIER_KNOTS.);
#346 = CARTESIAN_POINT('',(-8.228664087801E-02,0.95,0.381636929296));
#347 = CARTESIAN_POINT('',(-8.905546491321E-02,0.95,0.381636929296));
#348 = CARTESIAN_POINT('',(-9.46857540301E-02,0.95,0.382822253321));
#349 = CARTESIAN_POINT('',(-9.917750822867E-02,0.95,0.38519290137));
#350 = ORIENTED_EDGE('',*,*,#351,.F.);
#351 = EDGE_CURVE('',#352,#341,#354,.T.);
#352 = VERTEX_POINT('',#353);
#353 = CARTESIAN_POINT('',(-6.132512128503E-02,0.95,0.389965390206));
#354 = B_SPLINE_CURVE_WITH_KNOTS('',3,(#355,#356,#357,#358),
  .UNSPECIFIED.,.F.,.F.,(4,4),(1.,2.),.PIECEWISE_BEZIER_KNOTS.);
#355 = CARTESIAN_POINT('',(-6.132512128503E-02,0.95,0.389965390206));
#356 = CARTESIAN_POINT('',(-6.65499048146E-02,0.95,0.384413082933));
#357 = CARTESIAN_POINT('',(-7.353707801219E-02,0.95,0.381636929296));
#358 = CARTESIAN_POINT('',(-8.228664087801E-02,0.95,0.381636929296));
#359 = ORIENTED_EDGE('',*,*,#360,.F.);
#360 = EDGE_CURVE('',#361,#352,#363,.T.);
#361 = VERTEX_POINT('',#362);
#362 = CARTESIAN_POINT('',(-5.349574417515E-02,0.95,0.412018655611));
#363 = B_SPLINE_CURVE_WITH_KNOTS('',3,(#364,#365,#366,#367),
  .UNSPECIFIED.,.F.,.F.,(4,4),(2.,3.),.PIECEWISE_BEZIER_KNOTS.);
#364 = CARTESIAN_POINT('',(-5.349574417515E-02,0.95,0.412018655611));
#365 = CARTESIAN_POINT('',(-5.349574417515E-02,0.95,0.402879183527));
#366 = CARTESIAN_POINT('',(-5.610033775546E-02,0.95,0.395517697479));
#367 = CARTESIAN_POINT('',(-6.132512128503E-02,0.95,0.389965390206));
#368 = ORIENTED_EDGE('',*,*,#369,.F.);
#369 = EDGE_CURVE('',#370,#361,#372,.T.);
#370 = VERTEX_POINT('',#371);
#371 = CARTESIAN_POINT('',(-6.230769251587E-02,0.95,0.435725136103));
#372 = B_SPLINE_CURVE_WITH_KNOTS('',3,(#373,#374,#375,#376),
  .UNSPECIFIED.,.F.,.F.,(4,4),(3.,4.),.PIECEWISE_BEZIER_KNOTS.);
#373 = CARTESIAN_POINT('',(-6.230769251587E-02,0.95,0.435725136103));
#374 = CARTESIAN_POINT('',(-5.642786149915E-02,0.95,0.429736130505));
#375 = CARTESIAN_POINT('',(-5.349574417515E-02,0.95,0.42184436792));
#376 = CARTESIAN_POINT('',(-5.349574417515E-02,0.95,0.412018655611));
#377 = ORIENTED_EDGE('',*,*,#378,.F.);
#378 = EDGE_CURVE('',#379,#370,#381,.T.);
#379 = VERTEX_POINT('',#380);
#380 = CARTESIAN_POINT('',(-8.471967440212E-02,0.95,0.4447086445));
#381 = B_SPLINE_CURVE_WITH_KNOTS('',3,(#382,#383,#384,#385),
  .UNSPECIFIED.,.F.,.F.,(4,4),(4.,5.),.PIECEWISE_BEZIER_KNOTS.);
#382 = CARTESIAN_POINT('',(-8.471967440212E-02,0.95,0.4447086445));
#383 = CARTESIAN_POINT('',(-7.565818416156E-02,0.95,0.4447086445));
#384 = CARTESIAN_POINT('',(-6.818752353281E-02,0.95,0.441714141701));
#385 = CARTESIAN_POINT('',(-6.230769251587E-02,0.95,0.435725136103));
#386 = ORIENTED_EDGE('',*,*,#387,.F.);
#387 = EDGE_CURVE('',#388,#379,#390,.T.);
#388 = VERTEX_POINT('',#389);
#389 = CARTESIAN_POINT('',(-9.917750822867E-02,0.95,0.442213225501));
#390 = B_SPLINE_CURVE_WITH_KNOTS('',3,(#391,#392,#393,#394),
  .UNSPECIFIED.,.F.,.F.,(4,4),(5.,6.),.PIECEWISE_BEZIER_KNOTS.);
#391 = CARTESIAN_POINT('',(-9.917750822867E-02,0.95,0.442213225501));
#392 = CARTESIAN_POINT('',(-9.537199425492E-02,0.95,0.443866440588));
#393 = CARTESIAN_POINT('',(-9.055271631267E-02,0.95,0.4447086445));
#394 = CARTESIAN_POINT('',(-8.471967440212E-02,0.95,0.4447086445));
#395 = ORIENTED_EDGE('',*,*,#396,.F.);
#396 = EDGE_CURVE('',#397,#388,#399,.T.);
#397 = VERTEX_POINT('',#398);
#398 = CARTESIAN_POINT('',(-9.917750822867E-02,0.95,0.433978342804));
#399 = B_SPLINE_CURVE_WITH_KNOTS('',1,(#400,#401),.UNSPECIFIED.,.F.,.F.,
  (2,2),(-8.234882696995E-03,-5.551115123126E-17),
  .PIECEWISE_BEZIER_KNOTS.);
#400 = CARTESIAN_POINT('',(-9.917750822867E-02,0.95,0.433978342804));
#401 = CARTESIAN_POINT('',(-9.917750822867E-02,0.95,0.442213225501));
#402 = ORIENTED_EDGE('',*,*,#403,.F.);
#403 = EDGE_CURVE('',#404,#397,#406,.T.);
#404 = VERTEX_POINT('',#405);
#405 = CARTESIAN_POINT('',(-8.479765624596E-02,0.95,0.437596700352));
#406 = B_SPLINE_CURVE_WITH_KNOTS('',3,(#407,#408,#409,#410),
  .UNSPECIFIED.,.F.,.F.,(4,4),(7.,8.),.PIECEWISE_BEZIER_KNOTS.);
#407 = CARTESIAN_POINT('',(-8.479765624596E-02,0.95,0.437596700352));
#408 = CARTESIAN_POINT('',(-9.002243977532E-02,0.95,0.437596700352));
#409 = CARTESIAN_POINT('',(-9.481052498012E-02,0.95,0.436411376328));
#410 = CARTESIAN_POINT('',(-9.917750822867E-02,0.95,0.433978342804));
#411 = ORIENTED_EDGE('',*,*,#412,.F.);
#412 = EDGE_CURVE('',#413,#404,#415,.T.);
#413 = VERTEX_POINT('',#414);
#414 = CARTESIAN_POINT('',(-6.817192716408E-02,0.95,0.430827876317));
#415 = B_SPLINE_CURVE_WITH_KNOTS('',3,(#416,#417,#418,#419),
  .UNSPECIFIED.,.F.,.F.,(4,4),(8.,9.),.PIECEWISE_BEZIER_KNOTS.);
#416 = CARTESIAN_POINT('',(-6.817192716408E-02,0.95,0.430827876317));
#417 = CARTESIAN_POINT('',(-7.246092856878E-02,0.95,0.435350823253));
#418 = CARTESIAN_POINT('',(-7.799763947331E-02,0.95,0.437596700352));
#419 = CARTESIAN_POINT('',(-8.479765624596E-02,0.95,0.437596700352));
#420 = ORIENTED_EDGE('',*,*,#421,.F.);
#421 = EDGE_CURVE('',#422,#413,#424,.T.);
#422 = VERTEX_POINT('',#423);
#423 = CARTESIAN_POINT('',(-6.176181961001E-02,0.95,0.412486546674));
#424 = B_SPLINE_CURVE_WITH_KNOTS('',3,(#425,#426,#427,#428),
  .UNSPECIFIED.,.F.,.F.,(4,4),(9.,10.),.PIECEWISE_BEZIER_KNOTS.);
#425 = CARTESIAN_POINT('',(-6.176181961001E-02,0.95,0.412486546674));
#426 = CARTESIAN_POINT('',(-6.176181961001E-02,0.95,0.420159960096));
#427 = CARTESIAN_POINT('',(-6.38985221279E-02,0.95,0.426273736644));
#428 = CARTESIAN_POINT('',(-6.817192716408E-02,0.95,0.430827876317));
#429 = ORIENTED_EDGE('',*,*,#430,.F.);
#430 = EDGE_CURVE('',#431,#422,#433,.T.);
#431 = VERTEX_POINT('',#432);
#432 = CARTESIAN_POINT('',(-6.775082520783E-02,0.95,0.395080999154));
#433 = B_SPLINE_CURVE_WITH_KNOTS('',3,(#434,#435,#436,#437),
  .UNSPECIFIED.,.F.,.F.,(4,4),(10.,11.),.PIECEWISE_BEZIER_KNOTS.);
#434 = CARTESIAN_POINT('',(-6.775082520783E-02,0.95,0.395080999154));
#435 = CARTESIAN_POINT('',(-6.375815480915E-02,0.95,0.399385596928));
#436 = CARTESIAN_POINT('',(-6.176181961001E-02,0.95,0.405187446101));
#437 = CARTESIAN_POINT('',(-6.176181961001E-02,0.95,0.412486546674));
#438 = ORIENTED_EDGE('',*,*,#439,.F.);
#439 = EDGE_CURVE('',#440,#431,#442,.T.);
#440 = VERTEX_POINT('',#441);
#441 = CARTESIAN_POINT('',(-8.342517579633E-02,0.95,0.388655295231));
#442 = B_SPLINE_CURVE_WITH_KNOTS('',3,(#443,#444,#445,#446),
  .UNSPECIFIED.,.F.,.F.,(4,4),(11.,12.),.PIECEWISE_BEZIER_KNOTS.);
#443 = CARTESIAN_POINT('',(-8.342517579633E-02,0.95,0.388655295231));
#444 = CARTESIAN_POINT('',(-7.696827913608E-02,0.95,0.388655295231));
#445 = CARTESIAN_POINT('',(-7.174349560651E-02,0.95,0.390807594118));
#446 = CARTESIAN_POINT('',(-6.775082520783E-02,0.95,0.395080999154));
#447 = ORIENTED_EDGE('',*,*,#448,.F.);
#448 = EDGE_CURVE('',#449,#440,#451,.T.);
#449 = VERTEX_POINT('',#450);
#450 = CARTESIAN_POINT('',(-9.917750822867E-02,0.95,0.392741543843));
#451 = B_SPLINE_CURVE_WITH_KNOTS('',3,(#452,#453,#454,#455),
  .UNSPECIFIED.,.F.,.F.,(4,4),(12.,13.),.PIECEWISE_BEZIER_KNOTS.);
#452 = CARTESIAN_POINT('',(-9.917750822867E-02,0.95,0.392741543843));
#453 = CARTESIAN_POINT('',(-9.471694676755E-02,0.95,0.390027775681));
#454 = CARTESIAN_POINT('',(-8.946097050053E-02,0.95,0.388655295231));
#455 = CARTESIAN_POINT('',(-8.342517579633E-02,0.95,0.388655295231));
#456 = ORIENTED_EDGE('',*,*,#457,.F.);
#457 = EDGE_CURVE('',#343,#449,#458,.T.);
#458 = B_SPLINE_CURVE_WITH_KNOTS('',1,(#459,#460),.UNSPECIFIED.,.F.,.F.,
  (2,2),(-7.548642472592E-03,0.),.PIECEWISE_BEZIER_KNOTS.);
#459 = CARTESIAN_POINT('',(-9.917750822867E-02,0.95,0.38519290137));
#460 = CARTESIAN_POINT('',(-9.917750822867E-02,0.95,0.392741543843));
#461 = FACE_BOUND('',#462,.T.);
#462 = EDGE_LOOP('',(#463,#472,#479,#486));
#463 = ORIENTED_EDGE('',*,*,#464,.F.);
#464 = EDGE_CURVE('',#465,#467,#469,.T.);
#465 = VERTEX_POINT('',#466);
#466 = CARTESIAN_POINT('',(-0.65,0.95,5.00001E-02));
#467 = VERTEX_POINT('',#468);
#468 = CARTESIAN_POINT('',(0.65,0.95,5.00001E-02));
#469 = B_SPLINE_CURVE_WITH_KNOTS('',1,(#470,#471),.UNSPECIFIED.,.F.,.F.,
  (2,2),(0.,1.3),.PIECEWISE_BEZIER_KNOTS.);
#470 = CARTESIAN_POINT('',(-0.65,0.95,5.00001E-02));
#471 = CARTESIAN_POINT('',(0.65,0.95,5.00001E-02));
#472 = ORIENTED_EDGE('',*,*,#473,.T.);
#473 = EDGE_CURVE('',#465,#474,#476,.T.);
#474 = VERTEX_POINT('',#475);
#475 = CARTESIAN_POINT('',(-0.65,0.95,0.6500001));
#476 = B_SPLINE_CURVE_WITH_KNOTS('',1,(#477,#478),.UNSPECIFIED.,.F.,.F.,
  (2,2),(9.5,10.1),.PIECEWISE_BEZIER_KNOTS.);
#477 = CARTESIAN_POINT('',(-0.65,0.95,5.00001E-02));
#478 = CARTESIAN_POINT('',(-0.65,0.95,0.6500001));
#479 = ORIENTED_EDGE('',*,*,#480,.T.);
#480 = EDGE_CURVE('',#474,#481,#483,.T.);
#481 = VERTEX_POINT('',#482);
#482 = CARTESIAN_POINT('',(0.65,0.95,0.6500001));
#483 = B_SPLINE_CURVE_WITH_KNOTS('',1,(#484,#485),.UNSPECIFIED.,.F.,.F.,
  (2,2),(0.,1.3),.PIECEWISE_BEZIER_KNOTS.);
#484 = CARTESIAN_POINT('',(-0.65,0.95,0.6500001));
#485 = CARTESIAN_POINT('',(0.65,0.95,0.6500001));
#486 = ORIENTED_EDGE('',*,*,#487,.F.);
#487 = EDGE_CURVE('',#467,#481,#488,.T.);
#488 = B_SPLINE_CURVE_WITH_KNOTS('',1,(#489,#490),.UNSPECIFIED.,.F.,.F.,
  (2,2),(9.5,10.1),.PIECEWISE_BEZIER_KNOTS.);
#489 = CARTESIAN_POINT('',(0.65,0.95,5.00001E-02));
#490 = CARTESIAN_POINT('',(0.65,0.95,0.6500001));
#491 = FACE_BOUND('',#492,.T.);
#492 = EDGE_LOOP('',(#493,#502,#509,#516,#523,#530));
#493 = ORIENTED_EDGE('',*,*,#494,.F.);
#494 = EDGE_CURVE('',#495,#497,#499,.T.);
#495 = VERTEX_POINT('',#496);
#496 = CARTESIAN_POINT('',(-5.100032517613E-02,0.95,0.382666289634));
#497 = VERTEX_POINT('',#498);
#498 = CARTESIAN_POINT('',(-5.100032517613E-02,0.95,0.389622270094));
#499 = B_SPLINE_CURVE_WITH_KNOTS('',1,(#500,#501),.UNSPECIFIED.,.F.,.F.,
  (2,2),(-6.955980460135E-03,-4.996003610813E-16),
  .PIECEWISE_BEZIER_KNOTS.);
#500 = CARTESIAN_POINT('',(-5.100032517613E-02,0.95,0.382666289634));
#501 = CARTESIAN_POINT('',(-5.100032517613E-02,0.95,0.389622270094));
#502 = ORIENTED_EDGE('',*,*,#503,.F.);
#503 = EDGE_CURVE('',#504,#495,#506,.T.);
#504 = VERTEX_POINT('',#505);
#505 = CARTESIAN_POINT('',(-1.882501645556E-02,0.95,0.382666289634));
#506 = B_SPLINE_CURVE_WITH_KNOTS('',1,(#507,#508),.UNSPECIFIED.,.F.,.F.,
  (2,2),(-3.217530872057E-02,0.),.PIECEWISE_BEZIER_KNOTS.);
#507 = CARTESIAN_POINT('',(-1.882501645556E-02,0.95,0.382666289634));
#508 = CARTESIAN_POINT('',(-5.100032517613E-02,0.95,0.382666289634));
#509 = ORIENTED_EDGE('',*,*,#510,.F.);
#510 = EDGE_CURVE('',#511,#504,#513,.T.);
#511 = VERTEX_POINT('',#512);
#512 = CARTESIAN_POINT('',(-1.882501645556E-02,0.95,0.443679284163));
#513 = B_SPLINE_CURVE_WITH_KNOTS('',1,(#514,#515),.UNSPECIFIED.,.F.,.F.,
  (2,2),(-6.10129945294E-02,-2.22044604925E-16),
  .PIECEWISE_BEZIER_KNOTS.);
#514 = CARTESIAN_POINT('',(-1.882501645556E-02,0.95,0.443679284163));
#515 = CARTESIAN_POINT('',(-1.882501645556E-02,0.95,0.382666289634));
#516 = ORIENTED_EDGE('',*,*,#517,.F.);
#517 = EDGE_CURVE('',#518,#511,#520,.T.);
#518 = VERTEX_POINT('',#519);
#519 = CARTESIAN_POINT('',(-2.670118267163E-02,0.95,0.443679284163));
#520 = B_SPLINE_CURVE_WITH_KNOTS('',1,(#521,#522),.UNSPECIFIED.,.F.,.F.,
  (2,2),(-7.876166216068E-03,-9.367506770274E-17),
  .PIECEWISE_BEZIER_KNOTS.);
#521 = CARTESIAN_POINT('',(-2.670118267163E-02,0.95,0.443679284163));
#522 = CARTESIAN_POINT('',(-1.882501645556E-02,0.95,0.443679284163));
#523 = ORIENTED_EDGE('',*,*,#524,.F.);
#524 = EDGE_CURVE('',#525,#518,#527,.T.);
#525 = VERTEX_POINT('',#526);
#526 = CARTESIAN_POINT('',(-2.670118267163E-02,0.95,0.389622270094));
#527 = B_SPLINE_CURVE_WITH_KNOTS('',1,(#528,#529),.UNSPECIFIED.,.F.,.F.,
  (2,2),(-5.405701406927E-02,3.885780586188E-16),
  .PIECEWISE_BEZIER_KNOTS.);
#528 = CARTESIAN_POINT('',(-2.670118267163E-02,0.95,0.389622270094));
#529 = CARTESIAN_POINT('',(-2.670118267163E-02,0.95,0.443679284163));
#530 = ORIENTED_EDGE('',*,*,#531,.F.);
#531 = EDGE_CURVE('',#497,#525,#532,.T.);
#532 = B_SPLINE_CURVE_WITH_KNOTS('',1,(#533,#534),.UNSPECIFIED.,.F.,.F.,
  (2,2),(-2.42991425045E-02,1.040834085586E-17),
  .PIECEWISE_BEZIER_KNOTS.);
#533 = CARTESIAN_POINT('',(-5.100032517613E-02,0.95,0.389622270094));
#534 = CARTESIAN_POINT('',(-2.670118267163E-02,0.95,0.389622270094));
#535 = FACE_BOUND('',#536,.T.);
#536 = EDGE_LOOP('',(#537,#546,#553,#560,#567,#574,#581,#588,#595,#602,
    #609,#616));
#537 = ORIENTED_EDGE('',*,*,#538,.F.);
#538 = EDGE_CURVE('',#539,#541,#543,.T.);
#539 = VERTEX_POINT('',#540);
#540 = CARTESIAN_POINT('',(-0.144204224795,0.95,0.382666289634));
#541 = VERTEX_POINT('',#542);
#542 = CARTESIAN_POINT('',(-0.144204224795,0.95,0.389622270094));
#543 = B_SPLINE_CURVE_WITH_KNOTS('',1,(#544,#545),.UNSPECIFIED.,.F.,.F.,
  (2,2),(-6.955980460135E-03,-9.992007221626E-16),
  .PIECEWISE_BEZIER_KNOTS.);
#544 = CARTESIAN_POINT('',(-0.144204224795,0.95,0.382666289634));
#545 = CARTESIAN_POINT('',(-0.144204224795,0.95,0.389622270094));
#546 = ORIENTED_EDGE('',*,*,#547,.F.);
#547 = EDGE_CURVE('',#548,#539,#550,.T.);
#548 = VERTEX_POINT('',#549);
#549 = CARTESIAN_POINT('',(-0.111389464956,0.95,0.382666289634));
#550 = B_SPLINE_CURVE_WITH_KNOTS('',1,(#551,#552),.UNSPECIFIED.,.F.,.F.,
  (2,2),(-3.281475983879E-02,0.),.PIECEWISE_BEZIER_KNOTS.);
#551 = CARTESIAN_POINT('',(-0.111389464956,0.95,0.382666289634));
#552 = CARTESIAN_POINT('',(-0.144204224795,0.95,0.382666289634));
#553 = ORIENTED_EDGE('',*,*,#554,.F.);
#554 = EDGE_CURVE('',#555,#548,#557,.T.);
#555 = VERTEX_POINT('',#556);
#556 = CARTESIAN_POINT('',(-0.111389464956,0.95,0.443679284163));
#557 = B_SPLINE_CURVE_WITH_KNOTS('',1,(#558,#559),.UNSPECIFIED.,.F.,.F.,
  (2,2),(-6.10129945294E-02,-2.22044604925E-16),
  .PIECEWISE_BEZIER_KNOTS.);
#558 = CARTESIAN_POINT('',(-0.111389464956,0.95,0.443679284163));
#559 = CARTESIAN_POINT('',(-0.111389464956,0.95,0.382666289634));
#560 = ORIENTED_EDGE('',*,*,#561,.F.);
#561 = EDGE_CURVE('',#562,#555,#564,.T.);
#562 = VERTEX_POINT('',#563);
#563 = CARTESIAN_POINT('',(-0.142816147976,0.95,0.443679284163));
#564 = B_SPLINE_CURVE_WITH_KNOTS('',1,(#565,#566),.UNSPECIFIED.,.F.,.F.,
  (2,2),(-3.142668302063E-02,1.387778780781E-17),
  .PIECEWISE_BEZIER_KNOTS.);
#565 = CARTESIAN_POINT('',(-0.142816147976,0.95,0.443679284163));
#566 = CARTESIAN_POINT('',(-0.111389464956,0.95,0.443679284163));
#567 = ORIENTED_EDGE('',*,*,#568,.F.);
#568 = EDGE_CURVE('',#569,#562,#571,.T.);
#569 = VERTEX_POINT('',#570);
#570 = CARTESIAN_POINT('',(-0.142816147976,0.95,0.436660918228));
#571 = B_SPLINE_CURVE_WITH_KNOTS('',1,(#572,#573),.UNSPECIFIED.,.F.,.F.,
  (2,2),(-7.018365935043E-03,3.885780586188E-16),
  .PIECEWISE_BEZIER_KNOTS.);
#572 = CARTESIAN_POINT('',(-0.142816147976,0.95,0.436660918228));
#573 = CARTESIAN_POINT('',(-0.142816147976,0.95,0.443679284163));
#574 = ORIENTED_EDGE('',*,*,#575,.F.);
#575 = EDGE_CURVE('',#576,#569,#578,.T.);
#576 = VERTEX_POINT('',#577);
#577 = CARTESIAN_POINT('',(-0.119265631172,0.95,0.436660918228));
#578 = B_SPLINE_CURVE_WITH_KNOTS('',1,(#579,#580),.UNSPECIFIED.,.F.,.F.,
  (2,2),(-2.355051680457E-02,2.775557561563E-17),
  .PIECEWISE_BEZIER_KNOTS.);
#579 = CARTESIAN_POINT('',(-0.119265631172,0.95,0.436660918228));
#580 = CARTESIAN_POINT('',(-0.142816147976,0.95,0.436660918228));
#581 = ORIENTED_EDGE('',*,*,#582,.F.);
#582 = EDGE_CURVE('',#583,#576,#585,.T.);
#583 = VERTEX_POINT('',#584);
#584 = CARTESIAN_POINT('',(-0.119265631172,0.95,0.417134264559));
#585 = B_SPLINE_CURVE_WITH_KNOTS('',1,(#586,#587),.UNSPECIFIED.,.F.,.F.,
  (2,2),(-1.952665366864E-02,3.330669073875E-16),
  .PIECEWISE_BEZIER_KNOTS.);
#586 = CARTESIAN_POINT('',(-0.119265631172,0.95,0.417134264559));
#587 = CARTESIAN_POINT('',(-0.119265631172,0.95,0.436660918228));
#588 = ORIENTED_EDGE('',*,*,#589,.F.);
#589 = EDGE_CURVE('',#590,#583,#592,.T.);
#590 = VERTEX_POINT('',#591);
#591 = CARTESIAN_POINT('',(-0.141084951046,0.95,0.417134264559));
#592 = B_SPLINE_CURVE_WITH_KNOTS('',1,(#593,#594),.UNSPECIFIED.,.F.,.F.,
  (2,2),(-2.181931987379E-02,-2.758349531985E-31),
  .PIECEWISE_BEZIER_KNOTS.);
#593 = CARTESIAN_POINT('',(-0.141084951046,0.95,0.417134264559));
#594 = CARTESIAN_POINT('',(-0.119265631172,0.95,0.417134264559));
#595 = ORIENTED_EDGE('',*,*,#596,.F.);
#596 = EDGE_CURVE('',#597,#590,#599,.T.);
#597 = VERTEX_POINT('',#598);
#598 = CARTESIAN_POINT('',(-0.141084951046,0.95,0.410147091362));
#599 = B_SPLINE_CURVE_WITH_KNOTS('',1,(#600,#601),.UNSPECIFIED.,.F.,.F.,
  (2,2),(-6.98717319759E-03,8.881784197001E-16),
  .PIECEWISE_BEZIER_KNOTS.);
#600 = CARTESIAN_POINT('',(-0.141084951046,0.95,0.410147091362));
#601 = CARTESIAN_POINT('',(-0.141084951046,0.95,0.417134264559));
#602 = ORIENTED_EDGE('',*,*,#603,.F.);
#603 = EDGE_CURVE('',#604,#597,#606,.T.);
#604 = VERTEX_POINT('',#605);
#605 = CARTESIAN_POINT('',(-0.119265631172,0.95,0.410147091362));
#606 = B_SPLINE_CURVE_WITH_KNOTS('',1,(#607,#608),.UNSPECIFIED.,.F.,.F.,
  (2,2),(-2.181931987379E-02,-5.551115123126E-17),
  .PIECEWISE_BEZIER_KNOTS.);
#607 = CARTESIAN_POINT('',(-0.119265631172,0.95,0.410147091362));
#608 = CARTESIAN_POINT('',(-0.141084951046,0.95,0.410147091362));
#609 = ORIENTED_EDGE('',*,*,#610,.F.);
#610 = EDGE_CURVE('',#611,#604,#613,.T.);
#611 = VERTEX_POINT('',#612);
#612 = CARTESIAN_POINT('',(-0.119265631172,0.95,0.389622270094));
#613 = B_SPLINE_CURVE_WITH_KNOTS('',1,(#614,#615),.UNSPECIFIED.,.F.,.F.,
  (2,2),(-2.0524821268E-02,-1.720845688169E-15),
  .PIECEWISE_BEZIER_KNOTS.);
#614 = CARTESIAN_POINT('',(-0.119265631172,0.95,0.389622270094));
#615 = CARTESIAN_POINT('',(-0.119265631172,0.95,0.410147091362));
#616 = ORIENTED_EDGE('',*,*,#617,.F.);
#617 = EDGE_CURVE('',#541,#611,#618,.T.);
#618 = B_SPLINE_CURVE_WITH_KNOTS('',1,(#619,#620),.UNSPECIFIED.,.F.,.F.,
  (2,2),(-2.493859362272E-02,-1.387778780781E-17),
  .PIECEWISE_BEZIER_KNOTS.);
#619 = CARTESIAN_POINT('',(-0.144204224795,0.95,0.389622270094));
#620 = CARTESIAN_POINT('',(-0.119265631172,0.95,0.389622270094));
#621 = FACE_BOUND('',#622,.T.);
#622 = EDGE_LOOP('',(#623,#632,#639,#646,#655,#664,#673));
#623 = ORIENTED_EDGE('',*,*,#624,.F.);
#624 = EDGE_CURVE('',#625,#627,#629,.T.);
#625 = VERTEX_POINT('',#626);
#626 = CARTESIAN_POINT('',(-0.155729941297,0.95,0.382666289634));
#627 = VERTEX_POINT('',#628);
#628 = CARTESIAN_POINT('',(-0.172511634067,0.95,0.382666289634));
#629 = B_SPLINE_CURVE_WITH_KNOTS('',1,(#630,#631),.UNSPECIFIED.,.F.,.F.,
  (2,2),(-1.678169276936E-02,-2.775557561563E-17),
  .PIECEWISE_BEZIER_KNOTS.);
#630 = CARTESIAN_POINT('',(-0.155729941297,0.95,0.382666289634));
#631 = CARTESIAN_POINT('',(-0.172511634067,0.95,0.382666289634));
#632 = ORIENTED_EDGE('',*,*,#633,.F.);
#633 = EDGE_CURVE('',#634,#625,#636,.T.);
#634 = VERTEX_POINT('',#635);
#635 = CARTESIAN_POINT('',(-0.155729941297,0.95,0.443679284163));
#636 = B_SPLINE_CURVE_WITH_KNOTS('',1,(#637,#638),.UNSPECIFIED.,.F.,.F.,
  (2,2),(-6.10129945294E-02,-0.),.PIECEWISE_BEZIER_KNOTS.);
#637 = CARTESIAN_POINT('',(-0.155729941297,0.95,0.443679284163));
#638 = CARTESIAN_POINT('',(-0.155729941297,0.95,0.382666289634));
#639 = ORIENTED_EDGE('',*,*,#640,.F.);
#640 = EDGE_CURVE('',#641,#634,#643,.T.);
#641 = VERTEX_POINT('',#642);
#642 = CARTESIAN_POINT('',(-0.173135488816,0.95,0.443679284163));
#643 = B_SPLINE_CURVE_WITH_KNOTS('',1,(#644,#645),.UNSPECIFIED.,.F.,.F.,
  (2,2),(-1.740554751927E-02,-8.326672684689E-17),
  .PIECEWISE_BEZIER_KNOTS.);
#644 = CARTESIAN_POINT('',(-0.173135488816,0.95,0.443679284163));
#645 = CARTESIAN_POINT('',(-0.155729941297,0.95,0.443679284163));
#646 = ORIENTED_EDGE('',*,*,#647,.F.);
#647 = EDGE_CURVE('',#648,#641,#650,.T.);
#648 = VERTEX_POINT('',#649);
#649 = CARTESIAN_POINT('',(-0.19620251819,0.95,0.435600365153));
#650 = B_SPLINE_CURVE_WITH_KNOTS('',3,(#651,#652,#653,#654),
  .UNSPECIFIED.,.F.,.F.,(4,4),(2.,3.),.PIECEWISE_BEZIER_KNOTS.);
#651 = CARTESIAN_POINT('',(-0.19620251819,0.95,0.435600365153));
#652 = CARTESIAN_POINT('',(-0.190073145273,0.95,0.440996708739));
#653 = CARTESIAN_POINT('',(-0.182384135482,0.95,0.443679284163));
#654 = CARTESIAN_POINT('',(-0.173135488816,0.95,0.443679284163));
#655 = ORIENTED_EDGE('',*,*,#656,.F.);
#656 = EDGE_CURVE('',#657,#648,#659,.T.);
#657 = VERTEX_POINT('',#658);
#658 = CARTESIAN_POINT('',(-0.205404375749,0.95,0.413952605336));
#659 = B_SPLINE_CURVE_WITH_KNOTS('',3,(#660,#661,#662,#663),
  .UNSPECIFIED.,.F.,.F.,(4,4),(3.,4.),.PIECEWISE_BEZIER_KNOTS.);
#660 = CARTESIAN_POINT('',(-0.205404375749,0.95,0.413952605336));
#661 = CARTESIAN_POINT('',(-0.205404375749,0.95,0.422998499207));
#662 = CARTESIAN_POINT('',(-0.202331891107,0.95,0.430204021568));
#663 = CARTESIAN_POINT('',(-0.19620251819,0.95,0.435600365153));
#664 = ORIENTED_EDGE('',*,*,#665,.F.);
#665 = EDGE_CURVE('',#666,#657,#668,.T.);
#666 = VERTEX_POINT('',#667);
#667 = CARTESIAN_POINT('',(-0.19620251819,0.95,0.391213099706));
#668 = B_SPLINE_CURVE_WITH_KNOTS('',3,(#669,#670,#671,#672),
  .UNSPECIFIED.,.F.,.F.,(4,4),(4.,5.),.PIECEWISE_BEZIER_KNOTS.);
#669 = CARTESIAN_POINT('',(-0.19620251819,0.95,0.391213099706));
#670 = CARTESIAN_POINT('',(-0.202331891107,0.95,0.396921370666));
#671 = CARTESIAN_POINT('',(-0.205404375749,0.95,0.404501205876));
#672 = CARTESIAN_POINT('',(-0.205404375749,0.95,0.413952605336));
#673 = ORIENTED_EDGE('',*,*,#674,.F.);
#674 = EDGE_CURVE('',#627,#666,#675,.T.);
#675 = B_SPLINE_CURVE_WITH_KNOTS('',3,(#676,#677,#678,#679),
  .UNSPECIFIED.,.F.,.F.,(4,4),(5.,6.),.PIECEWISE_BEZIER_KNOTS.);
#676 = CARTESIAN_POINT('',(-0.172511634067,0.95,0.382666289634));
#677 = CARTESIAN_POINT('',(-0.182165786319,0.95,0.382666289634));
#678 = CARTESIAN_POINT('',(-0.190073145273,0.95,0.385504828745));
#679 = CARTESIAN_POINT('',(-0.19620251819,0.95,0.391213099706));
#680 = FACE_BOUND('',#681,.T.);
#681 = EDGE_LOOP('',(#682,#691,#698,#705,#712,#719,#726,#733));
#682 = ORIENTED_EDGE('',*,*,#683,.F.);
#683 = EDGE_CURVE('',#684,#686,#688,.T.);
#684 = VERTEX_POINT('',#685);
#685 = CARTESIAN_POINT('',(-0.263688005748,0.95,0.382666289634));
#686 = VERTEX_POINT('',#687);
#687 = CARTESIAN_POINT('',(-0.240449416319,0.95,0.443679284163));
#688 = B_SPLINE_CURVE_WITH_KNOTS('',1,(#689,#690),.UNSPECIFIED.,.F.,.F.,
  (2,2),(-6.528872444865E-02,-2.272614029928E-16),
  .PIECEWISE_BEZIER_KNOTS.);
#689 = CARTESIAN_POINT('',(-0.263688005748,0.95,0.382666289634));
#690 = CARTESIAN_POINT('',(-0.240449416319,0.95,0.443679284163));
#691 = ORIENTED_EDGE('',*,*,#692,.F.);
#692 = EDGE_CURVE('',#693,#684,#695,.T.);
#693 = VERTEX_POINT('',#694);
#694 = CARTESIAN_POINT('',(-0.254985231989,0.95,0.382666289634));
#695 = B_SPLINE_CURVE_WITH_KNOTS('',1,(#696,#697),.UNSPECIFIED.,.F.,.F.,
  (2,2),(-8.702773759636E-03,0.),.PIECEWISE_BEZIER_KNOTS.);
#696 = CARTESIAN_POINT('',(-0.254985231989,0.95,0.382666289634));
#697 = CARTESIAN_POINT('',(-0.263688005748,0.95,0.382666289634));
#698 = ORIENTED_EDGE('',*,*,#699,.F.);
#699 = EDGE_CURVE('',#700,#693,#702,.T.);
#700 = VERTEX_POINT('',#701);
#701 = CARTESIAN_POINT('',(-0.24876228086,0.95,0.399354404191));
#702 = B_SPLINE_CURVE_WITH_KNOTS('',1,(#703,#704),.UNSPECIFIED.,.F.,.F.,
  (2,2),(-1.781062290385E-02,3.640880609047E-16),
  .PIECEWISE_BEZIER_KNOTS.);
#703 = CARTESIAN_POINT('',(-0.24876228086,0.95,0.399354404191));
#704 = CARTESIAN_POINT('',(-0.254985231989,0.95,0.382666289634));
#705 = ORIENTED_EDGE('',*,*,#706,.F.);
#706 = EDGE_CURVE('',#707,#700,#709,.T.);
#707 = VERTEX_POINT('',#708);
#708 = CARTESIAN_POINT('',(-0.223355796174,0.95,0.399354404191));
#709 = B_SPLINE_CURVE_WITH_KNOTS('',1,(#710,#711),.UNSPECIFIED.,.F.,.F.,
  (2,2),(-2.540648468536E-02,-2.842674766263E-30),
  .PIECEWISE_BEZIER_KNOTS.);
#710 = CARTESIAN_POINT('',(-0.223355796174,0.95,0.399354404191));
#711 = CARTESIAN_POINT('',(-0.24876228086,0.95,0.399354404191));
#712 = ORIENTED_EDGE('',*,*,#713,.F.);
#713 = EDGE_CURVE('',#714,#707,#716,.T.);
#714 = VERTEX_POINT('',#715);
#715 = CARTESIAN_POINT('',(-0.217491561526,0.95,0.382666289634));
#716 = B_SPLINE_CURVE_WITH_KNOTS('',1,(#717,#718),.UNSPECIFIED.,.F.,.F.,
  (2,2),(-1.768848256562E-02,-2.802621792288E-16),
  .PIECEWISE_BEZIER_KNOTS.);
#717 = CARTESIAN_POINT('',(-0.217491561526,0.95,0.382666289634));
#718 = CARTESIAN_POINT('',(-0.223355796174,0.95,0.399354404191));
#719 = ORIENTED_EDGE('',*,*,#720,.F.);
#720 = EDGE_CURVE('',#721,#714,#723,.T.);
#721 = VERTEX_POINT('',#722);
#722 = CARTESIAN_POINT('',(-0.208788787767,0.95,0.382666289634));
#723 = B_SPLINE_CURVE_WITH_KNOTS('',1,(#724,#725),.UNSPECIFIED.,.F.,.F.,
  (2,2),(-8.70277375922E-03,4.440892098501E-16),
  .PIECEWISE_BEZIER_KNOTS.);
#724 = CARTESIAN_POINT('',(-0.208788787767,0.95,0.382666289634));
#725 = CARTESIAN_POINT('',(-0.217491561526,0.95,0.382666289634));
#726 = ORIENTED_EDGE('',*,*,#727,.F.);
#727 = EDGE_CURVE('',#728,#721,#730,.T.);
#728 = VERTEX_POINT('',#729);
#729 = CARTESIAN_POINT('',(-0.232027377196,0.95,0.443679284163));
#730 = B_SPLINE_CURVE_WITH_KNOTS('',1,(#731,#732),.UNSPECIFIED.,.F.,.F.,
  (2,2),(-6.528872444851E-02,5.903916550391E-16),
  .PIECEWISE_BEZIER_KNOTS.);
#731 = CARTESIAN_POINT('',(-0.232027377196,0.95,0.443679284163));
#732 = CARTESIAN_POINT('',(-0.208788787767,0.95,0.382666289634));
#733 = ORIENTED_EDGE('',*,*,#734,.F.);
#734 = EDGE_CURVE('',#686,#728,#735,.T.);
#735 = B_SPLINE_CURVE_WITH_KNOTS('',1,(#736,#737),.UNSPECIFIED.,.F.,.F.,
  (2,2),(-8.422039122135E-03,-7.771561172376E-16),
  .PIECEWISE_BEZIER_KNOTS.);
#736 = CARTESIAN_POINT('',(-0.240449416319,0.95,0.443679284163));
#737 = CARTESIAN_POINT('',(-0.232027377196,0.95,0.443679284163));
#738 = FACE_BOUND('',#739,.T.);
#739 = EDGE_LOOP('',(#740,#751,#760,#769,#778,#787,#796,#805,#814,#823,
    #830,#839,#848,#857,#866,#875,#884,#893,#902,#911,#920));
#740 = ORIENTED_EDGE('',*,*,#741,.F.);
#741 = EDGE_CURVE('',#742,#744,#746,.T.);
#742 = VERTEX_POINT('',#743);
#743 = CARTESIAN_POINT('',(-0.116894983123,0.95,0.291084412364));
#744 = VERTEX_POINT('',#745);
#745 = CARTESIAN_POINT('',(-0.104324309914,0.95,0.295295431925));
#746 = B_SPLINE_CURVE_WITH_KNOTS('',3,(#747,#748,#749,#750),
  .UNSPECIFIED.,.F.,.F.,(4,4),(0.,1.),.PIECEWISE_BEZIER_KNOTS.);
#747 = CARTESIAN_POINT('',(-0.116894983123,0.95,0.291084412364));
#748 = CARTESIAN_POINT('',(-0.112403228924,0.95,0.291084412364));
#749 = CARTESIAN_POINT('',(-0.108223402101,0.95,0.292488085552));
#750 = CARTESIAN_POINT('',(-0.104324309914,0.95,0.295295431925));
#751 = ORIENTED_EDGE('',*,*,#752,.F.);
#752 = EDGE_CURVE('',#753,#742,#755,.T.);
#753 = VERTEX_POINT('',#754);
#754 = CARTESIAN_POINT('',(-0.125909684257,0.95,0.29697983975));
#755 = B_SPLINE_CURVE_WITH_KNOTS('',3,(#756,#757,#758,#759),
  .UNSPECIFIED.,.F.,.F.,(4,4),(1.,2.),.PIECEWISE_BEZIER_KNOTS.);
#756 = CARTESIAN_POINT('',(-0.125909684257,0.95,0.29697983975));
#757 = CARTESIAN_POINT('',(-0.125909684257,0.95,0.293049554826));
#758 = CARTESIAN_POINT('',(-0.122899585089,0.95,0.291084412364));
#759 = CARTESIAN_POINT('',(-0.116894983123,0.95,0.291084412364));
#760 = ORIENTED_EDGE('',*,*,#761,.F.);
#761 = EDGE_CURVE('',#762,#753,#764,.T.);
#762 = VERTEX_POINT('',#763);
#763 = CARTESIAN_POINT('',(-0.123944541795,0.95,0.301128473836));
#764 = B_SPLINE_CURVE_WITH_KNOTS('',3,(#765,#766,#767,#768),
  .UNSPECIFIED.,.F.,.F.,(4,4),(2.,3.),.PIECEWISE_BEZIER_KNOTS.);
#765 = CARTESIAN_POINT('',(-0.123944541795,0.95,0.301128473836));
#766 = CARTESIAN_POINT('',(-0.12525463677,0.95,0.300036728024));
#767 = CARTESIAN_POINT('',(-0.125909684257,0.95,0.298664247574));
#768 = CARTESIAN_POINT('',(-0.125909684257,0.95,0.29697983975));
#769 = ORIENTED_EDGE('',*,*,#770,.F.);
#770 = EDGE_CURVE('',#771,#762,#773,.T.);
#771 = VERTEX_POINT('',#772);
#772 = CARTESIAN_POINT('',(-0.115943604629,0.95,0.305027566022));
#773 = B_SPLINE_CURVE_WITH_KNOTS('',3,(#774,#775,#776,#777),
  .UNSPECIFIED.,.F.,.F.,(4,4),(3.,4.),.PIECEWISE_BEZIER_KNOTS.);
#774 = CARTESIAN_POINT('',(-0.115943604629,0.95,0.305027566022));
#775 = CARTESIAN_POINT('',(-0.119967467765,0.95,0.303530314623));
#776 = CARTESIAN_POINT('',(-0.122634446821,0.95,0.302220219648));
#777 = CARTESIAN_POINT('',(-0.123944541795,0.95,0.301128473836));
#778 = ORIENTED_EDGE('',*,*,#779,.F.);
#779 = EDGE_CURVE('',#780,#771,#782,.T.);
#780 = VERTEX_POINT('',#781);
#781 = CARTESIAN_POINT('',(-0.106538994276,0.95,0.310798222458));
#782 = B_SPLINE_CURVE_WITH_KNOTS('',3,(#783,#784,#785,#786),
  .UNSPECIFIED.,.F.,.F.,(4,4),(4.,5.),.PIECEWISE_BEZIER_KNOTS.);
#783 = CARTESIAN_POINT('',(-0.106538994276,0.95,0.310798222458));
#784 = CARTESIAN_POINT('',(-0.107973860201,0.95,0.308895465471));
#785 = CARTESIAN_POINT('',(-0.111124326687,0.95,0.306961515746));
#786 = CARTESIAN_POINT('',(-0.115943604629,0.95,0.305027566022));
#787 = ORIENTED_EDGE('',*,*,#788,.F.);
#788 = EDGE_CURVE('',#789,#780,#791,.T.);
#789 = VERTEX_POINT('',#790);
#790 = CARTESIAN_POINT('',(-0.104371099021,0.95,0.317691817443));
#791 = B_SPLINE_CURVE_WITH_KNOTS('',3,(#792,#793,#794,#795),
  .UNSPECIFIED.,.F.,.F.,(4,4),(5.,6.),.PIECEWISE_BEZIER_KNOTS.);
#792 = CARTESIAN_POINT('',(-0.104371099021,0.95,0.317691817443));
#793 = CARTESIAN_POINT('',(-0.104371099021,0.95,0.315009242019));
#794 = CARTESIAN_POINT('',(-0.105088531983,0.95,0.312700979445));
#795 = CARTESIAN_POINT('',(-0.106538994276,0.95,0.310798222458));
#796 = ORIENTED_EDGE('',*,*,#797,.F.);
#797 = EDGE_CURVE('',#798,#789,#800,.T.);
#798 = VERTEX_POINT('',#799);
#799 = CARTESIAN_POINT('',(-0.109268358806,0.95,0.326987253215));
#800 = B_SPLINE_CURVE_WITH_KNOTS('',3,(#801,#802,#803,#804),
  .UNSPECIFIED.,.F.,.F.,(4,4),(6.,7.),.PIECEWISE_BEZIER_KNOTS.);
#801 = CARTESIAN_POINT('',(-0.109268358806,0.95,0.326987253215));
#802 = CARTESIAN_POINT('',(-0.106008717739,0.95,0.324647797903));
#803 = CARTESIAN_POINT('',(-0.104371099021,0.95,0.321559716891));
#804 = CARTESIAN_POINT('',(-0.104371099021,0.95,0.317691817443));
#805 = ORIENTED_EDGE('',*,*,#806,.F.);
#806 = EDGE_CURVE('',#807,#798,#809,.T.);
#807 = VERTEX_POINT('',#808);
#808 = CARTESIAN_POINT('',(-0.121339948215,0.95,0.330449647076));
#809 = B_SPLINE_CURVE_WITH_KNOTS('',3,(#810,#811,#812,#813),
  .UNSPECIFIED.,.F.,.F.,(4,4),(7.,8.),.PIECEWISE_BEZIER_KNOTS.);
#810 = CARTESIAN_POINT('',(-0.121339948215,0.95,0.330449647076));
#811 = CARTESIAN_POINT('',(-0.116567459379,0.95,0.330449647076));
#812 = CARTESIAN_POINT('',(-0.112543596243,0.95,0.329295515789));
#813 = CARTESIAN_POINT('',(-0.109268358806,0.95,0.326987253215));
#814 = ORIENTED_EDGE('',*,*,#815,.F.);
#815 = EDGE_CURVE('',#816,#807,#818,.T.);
#816 = VERTEX_POINT('',#817);
#817 = CARTESIAN_POINT('',(-0.131664744324,0.95,0.328515697352));
#818 = B_SPLINE_CURVE_WITH_KNOTS('',3,(#819,#820,#821,#822),
  .UNSPECIFIED.,.F.,.F.,(4,4),(8.,9.),.PIECEWISE_BEZIER_KNOTS.);
#819 = CARTESIAN_POINT('',(-0.131664744324,0.95,0.328515697352));
#820 = CARTESIAN_POINT('',(-0.1284830851,0.95,0.329825792326));
#821 = CARTESIAN_POINT('',(-0.125051883976,0.95,0.330449647076));
#822 = CARTESIAN_POINT('',(-0.121339948215,0.95,0.330449647076));
#823 = ORIENTED_EDGE('',*,*,#824,.F.);
#824 = EDGE_CURVE('',#825,#816,#827,.T.);
#825 = VERTEX_POINT('',#826);
#826 = CARTESIAN_POINT('',(-0.131664744324,0.95,0.321091825829));
#827 = B_SPLINE_CURVE_WITH_KNOTS('',1,(#828,#829),.UNSPECIFIED.,.F.,.F.,
  (2,2),(-7.423871522359E-03,0.),.PIECEWISE_BEZIER_KNOTS.);
#828 = CARTESIAN_POINT('',(-0.131664744324,0.95,0.321091825829));
#829 = CARTESIAN_POINT('',(-0.131664744324,0.95,0.328515697352));
#830 = ORIENTED_EDGE('',*,*,#831,.F.);
#831 = EDGE_CURVE('',#832,#825,#834,.T.);
#832 = VERTEX_POINT('',#833);
#833 = CARTESIAN_POINT('',(-0.120591322515,0.95,0.324242292316));
#834 = B_SPLINE_CURVE_WITH_KNOTS('',3,(#835,#836,#837,#838),
  .UNSPECIFIED.,.F.,.F.,(4,4),(10.,11.),.PIECEWISE_BEZIER_KNOTS.);
#835 = CARTESIAN_POINT('',(-0.120591322515,0.95,0.324242292316));
#836 = CARTESIAN_POINT('',(-0.124724360233,0.95,0.324242292316));
#837 = CARTESIAN_POINT('',(-0.128405103256,0.95,0.323181739241));
#838 = CARTESIAN_POINT('',(-0.131664744324,0.95,0.321091825829));
#839 = ORIENTED_EDGE('',*,*,#840,.F.);
#840 = EDGE_CURVE('',#841,#832,#843,.T.);
#841 = VERTEX_POINT('',#842);
#842 = CARTESIAN_POINT('',(-0.11457112418,0.95,0.322620269966));
#843 = B_SPLINE_CURVE_WITH_KNOTS('',3,(#844,#845,#846,#847),
  .UNSPECIFIED.,.F.,.F.,(4,4),(11.,12.),.PIECEWISE_BEZIER_KNOTS.);
#844 = CARTESIAN_POINT('',(-0.11457112418,0.95,0.322620269966));
#845 = CARTESIAN_POINT('',(-0.116115164685,0.95,0.323712015778));
#846 = CARTESIAN_POINT('',(-0.118127096254,0.95,0.324242292316));
#847 = CARTESIAN_POINT('',(-0.120591322515,0.95,0.324242292316));
#848 = ORIENTED_EDGE('',*,*,#849,.F.);
#849 = EDGE_CURVE('',#850,#841,#852,.T.);
#850 = VERTEX_POINT('',#851);
#851 = CARTESIAN_POINT('',(-0.112247265237,0.95,0.318378057668));
#852 = B_SPLINE_CURVE_WITH_KNOTS('',3,(#853,#854,#855,#856),
  .UNSPECIFIED.,.F.,.F.,(4,4),(12.,13.),.PIECEWISE_BEZIER_KNOTS.);
#853 = CARTESIAN_POINT('',(-0.112247265237,0.95,0.318378057668));
#854 = CARTESIAN_POINT('',(-0.112247265237,0.95,0.320124850967));
#855 = CARTESIAN_POINT('',(-0.113027083674,0.95,0.321559716891));
#856 = CARTESIAN_POINT('',(-0.11457112418,0.95,0.322620269966));
#857 = ORIENTED_EDGE('',*,*,#858,.F.);
#858 = EDGE_CURVE('',#859,#850,#861,.T.);
#859 = VERTEX_POINT('',#860);
#860 = CARTESIAN_POINT('',(-0.113916076692,0.95,0.314323001794));
#861 = B_SPLINE_CURVE_WITH_KNOTS('',3,(#862,#863,#864,#865),
  .UNSPECIFIED.,.F.,.F.,(4,4),(13.,14.),.PIECEWISE_BEZIER_KNOTS.);
#862 = CARTESIAN_POINT('',(-0.113916076692,0.95,0.314323001794));
#863 = CARTESIAN_POINT('',(-0.112808734511,0.95,0.315289976656));
#864 = CARTESIAN_POINT('',(-0.112247265237,0.95,0.316631264368));
#865 = CARTESIAN_POINT('',(-0.112247265237,0.95,0.318378057668));
#866 = ORIENTED_EDGE('',*,*,#867,.F.);
#867 = EDGE_CURVE('',#868,#859,#870,.T.);
#868 = VERTEX_POINT('',#869);
#869 = CARTESIAN_POINT('',(-0.121339948215,0.95,0.310579873295));
#870 = B_SPLINE_CURVE_WITH_KNOTS('',3,(#871,#872,#873,#874),
  .UNSPECIFIED.,.F.,.F.,(4,4),(14.,15.),.PIECEWISE_BEZIER_KNOTS.);
#871 = CARTESIAN_POINT('',(-0.121339948215,0.95,0.310579873295));
#872 = CARTESIAN_POINT('',(-0.117503241504,0.95,0.312077124695));
#873 = CARTESIAN_POINT('',(-0.115039015242,0.95,0.313324834194));
#874 = CARTESIAN_POINT('',(-0.113916076692,0.95,0.314323001794));
#875 = ORIENTED_EDGE('',*,*,#876,.F.);
#876 = EDGE_CURVE('',#877,#868,#879,.T.);
#877 = VERTEX_POINT('',#878);
#878 = CARTESIAN_POINT('',(-0.131196853262,0.95,0.30493398781));
#879 = B_SPLINE_CURVE_WITH_KNOTS('',3,(#880,#881,#882,#883),
  .UNSPECIFIED.,.F.,.F.,(4,4),(15.,16.),.PIECEWISE_BEZIER_KNOTS.);
#880 = CARTESIAN_POINT('',(-0.131196853262,0.95,0.30493398781));
#881 = CARTESIAN_POINT('',(-0.1294812527,0.95,0.306867937534));
#882 = CARTESIAN_POINT('',(-0.126206015263,0.95,0.308770694521));
#883 = CARTESIAN_POINT('',(-0.121339948215,0.95,0.310579873295));
#884 = ORIENTED_EDGE('',*,*,#885,.F.);
#885 = EDGE_CURVE('',#886,#877,#888,.T.);
#886 = VERTEX_POINT('',#887);
#887 = CARTESIAN_POINT('',(-0.133754657736,0.95,0.29772846545));
#888 = B_SPLINE_CURVE_WITH_KNOTS('',3,(#889,#890,#891,#892),
  .UNSPECIFIED.,.F.,.F.,(4,4),(16.,17.),.PIECEWISE_BEZIER_KNOTS.);
#889 = CARTESIAN_POINT('',(-0.133754657736,0.95,0.29772846545));
#890 = CARTESIAN_POINT('',(-0.133754657736,0.95,0.300598197299));
#891 = CARTESIAN_POINT('',(-0.132896857455,0.95,0.303000038086));
#892 = CARTESIAN_POINT('',(-0.131196853262,0.95,0.30493398781));
#893 = ORIENTED_EDGE('',*,*,#894,.F.);
#894 = EDGE_CURVE('',#895,#886,#897,.T.);
#895 = VERTEX_POINT('',#896);
#896 = CARTESIAN_POINT('',(-0.128841801581,0.95,0.288308258728));
#897 = B_SPLINE_CURVE_WITH_KNOTS('',3,(#898,#899,#900,#901),
  .UNSPECIFIED.,.F.,.F.,(4,4),(17.,18.),.PIECEWISE_BEZIER_KNOTS.);
#898 = CARTESIAN_POINT('',(-0.128841801581,0.95,0.288308258728));
#899 = CARTESIAN_POINT('',(-0.132117039017,0.95,0.290585328565));
#900 = CARTESIAN_POINT('',(-0.133754657736,0.95,0.293735795051));
#901 = CARTESIAN_POINT('',(-0.133754657736,0.95,0.29772846545));
#902 = ORIENTED_EDGE('',*,*,#903,.F.);
#903 = EDGE_CURVE('',#904,#895,#906,.T.);
#904 = VERTEX_POINT('',#905);
#905 = CARTESIAN_POINT('',(-0.116146357423,0.95,0.284845864867));
#906 = B_SPLINE_CURVE_WITH_KNOTS('',3,(#907,#908,#909,#910),
  .UNSPECIFIED.,.F.,.F.,(4,4),(18.,19.),.PIECEWISE_BEZIER_KNOTS.);
#907 = CARTESIAN_POINT('',(-0.116146357423,0.95,0.284845864867));
#908 = CARTESIAN_POINT('',(-0.121339948215,0.95,0.284845864867));
#909 = CARTESIAN_POINT('',(-0.125582160513,0.95,0.285999996154));
#910 = CARTESIAN_POINT('',(-0.128841801581,0.95,0.288308258728));
#911 = ORIENTED_EDGE('',*,*,#912,.F.);
#912 = EDGE_CURVE('',#913,#904,#915,.T.);
#913 = VERTEX_POINT('',#914);
#914 = CARTESIAN_POINT('',(-0.104324309914,0.95,0.287403669341));
#915 = B_SPLINE_CURVE_WITH_KNOTS('',3,(#916,#917,#918,#919),
  .UNSPECIFIED.,.F.,.F.,(4,4),(19.,20.),.PIECEWISE_BEZIER_KNOTS.);
#916 = CARTESIAN_POINT('',(-0.104324309914,0.95,0.287403669341));
#917 = CARTESIAN_POINT('',(-0.107693125563,0.95,0.285719261516));
#918 = CARTESIAN_POINT('',(-0.111623410487,0.95,0.284845864867));
#919 = CARTESIAN_POINT('',(-0.116146357423,0.95,0.284845864867));
#920 = ORIENTED_EDGE('',*,*,#921,.F.);
#921 = EDGE_CURVE('',#744,#913,#922,.T.);
#922 = B_SPLINE_CURVE_WITH_KNOTS('',1,(#923,#924),.UNSPECIFIED.,.F.,.F.,
  (2,2),(-7.891762584584E-03,-9.532932300775E-32),
  .PIECEWISE_BEZIER_KNOTS.);
#923 = CARTESIAN_POINT('',(-0.104324309914,0.95,0.295295431925));
#924 = CARTESIAN_POINT('',(-0.104324309914,0.95,0.287403669341));
#925 = FACE_BOUND('',#926,.T.);
#926 = EDGE_LOOP('',(#927,#936,#943,#950,#957,#964,#971,#978,#985,#992,
    #999,#1006));
#927 = ORIENTED_EDGE('',*,*,#928,.F.);
#928 = EDGE_CURVE('',#929,#931,#933,.T.);
#929 = VERTEX_POINT('',#930);
#930 = CARTESIAN_POINT('',(-0.220610835275,0.95,0.285875225204));
#931 = VERTEX_POINT('',#932);
#932 = CARTESIAN_POINT('',(-0.220610835275,0.95,0.292831205664));
#933 = B_SPLINE_CURVE_WITH_KNOTS('',1,(#934,#935),.UNSPECIFIED.,.F.,.F.,
  (2,2),(-6.955980460136E-03,7.216449660064E-16),
  .PIECEWISE_BEZIER_KNOTS.);
#934 = CARTESIAN_POINT('',(-0.220610835275,0.95,0.285875225204));
#935 = CARTESIAN_POINT('',(-0.220610835275,0.95,0.292831205664));
#936 = ORIENTED_EDGE('',*,*,#937,.F.);
#937 = EDGE_CURVE('',#938,#929,#940,.T.);
#938 = VERTEX_POINT('',#939);
#939 = CARTESIAN_POINT('',(-0.187796075436,0.95,0.285875225204));
#940 = B_SPLINE_CURVE_WITH_KNOTS('',1,(#941,#942),.UNSPECIFIED.,.F.,.F.,
  (2,2),(-3.2814759839E-02,0.),.PIECEWISE_BEZIER_KNOTS.);
#941 = CARTESIAN_POINT('',(-0.187796075436,0.95,0.285875225204));
#942 = CARTESIAN_POINT('',(-0.220610835275,0.95,0.285875225204));
#943 = ORIENTED_EDGE('',*,*,#944,.F.);
#944 = EDGE_CURVE('',#945,#938,#947,.T.);
#945 = VERTEX_POINT('',#946);
#946 = CARTESIAN_POINT('',(-0.187796075436,0.95,0.346888219733));
#947 = B_SPLINE_CURVE_WITH_KNOTS('',1,(#948,#949),.UNSPECIFIED.,.F.,.F.,
  (2,2),(-6.10129945294E-02,-9.436895709314E-16),
  .PIECEWISE_BEZIER_KNOTS.);
#948 = CARTESIAN_POINT('',(-0.187796075436,0.95,0.346888219733));
#949 = CARTESIAN_POINT('',(-0.187796075436,0.95,0.285875225204));
#950 = ORIENTED_EDGE('',*,*,#951,.F.);
#951 = EDGE_CURVE('',#952,#945,#954,.T.);
#952 = VERTEX_POINT('',#953);
#953 = CARTESIAN_POINT('',(-0.219222758457,0.95,0.346888219733));
#954 = B_SPLINE_CURVE_WITH_KNOTS('',1,(#955,#956),.UNSPECIFIED.,.F.,.F.,
  (2,2),(-3.142668302063E-02,-2.775557561563E-17),
  .PIECEWISE_BEZIER_KNOTS.);
#955 = CARTESIAN_POINT('',(-0.219222758457,0.95,0.346888219733));
#956 = CARTESIAN_POINT('',(-0.187796075436,0.95,0.346888219733));
#957 = ORIENTED_EDGE('',*,*,#958,.F.);
#958 = EDGE_CURVE('',#959,#952,#961,.T.);
#959 = VERTEX_POINT('',#960);
#960 = CARTESIAN_POINT('',(-0.219222758457,0.95,0.339869853798));
#961 = B_SPLINE_CURVE_WITH_KNOTS('',1,(#962,#963),.UNSPECIFIED.,.F.,.F.,
  (2,2),(-7.018365935043E-03,-1.665334536938E-16),
  .PIECEWISE_BEZIER_KNOTS.);
#962 = CARTESIAN_POINT('',(-0.219222758457,0.95,0.339869853798));
#963 = CARTESIAN_POINT('',(-0.219222758457,0.95,0.346888219733));
#964 = ORIENTED_EDGE('',*,*,#965,.F.);
#965 = EDGE_CURVE('',#966,#959,#968,.T.);
#966 = VERTEX_POINT('',#967);
#967 = CARTESIAN_POINT('',(-0.195672241653,0.95,0.339869853798));
#968 = B_SPLINE_CURVE_WITH_KNOTS('',1,(#969,#970),.UNSPECIFIED.,.F.,.F.,
  (2,2),(-2.355051680436E-02,0.),.PIECEWISE_BEZIER_KNOTS.);
#969 = CARTESIAN_POINT('',(-0.195672241653,0.95,0.339869853798));
#970 = CARTESIAN_POINT('',(-0.219222758457,0.95,0.339869853798));
#971 = ORIENTED_EDGE('',*,*,#972,.F.);
#972 = EDGE_CURVE('',#973,#966,#975,.T.);
#973 = VERTEX_POINT('',#974);
#974 = CARTESIAN_POINT('',(-0.195672241653,0.95,0.32034320013));
#975 = B_SPLINE_CURVE_WITH_KNOTS('',1,(#976,#977),.UNSPECIFIED.,.F.,.F.,
  (2,2),(-1.952665366864E-02,4.996003610813E-16),
  .PIECEWISE_BEZIER_KNOTS.);
#976 = CARTESIAN_POINT('',(-0.195672241653,0.95,0.32034320013));
#977 = CARTESIAN_POINT('',(-0.195672241653,0.95,0.339869853798));
#978 = ORIENTED_EDGE('',*,*,#979,.F.);
#979 = EDGE_CURVE('',#980,#973,#982,.T.);
#980 = VERTEX_POINT('',#981);
#981 = CARTESIAN_POINT('',(-0.217491561526,0.95,0.32034320013));
#982 = B_SPLINE_CURVE_WITH_KNOTS('',1,(#983,#984),.UNSPECIFIED.,.F.,.F.,
  (2,2),(-2.181931987358E-02,-2.775557561562E-17),
  .PIECEWISE_BEZIER_KNOTS.);
#983 = CARTESIAN_POINT('',(-0.217491561526,0.95,0.32034320013));
#984 = CARTESIAN_POINT('',(-0.195672241653,0.95,0.32034320013));
#985 = ORIENTED_EDGE('',*,*,#986,.F.);
#986 = EDGE_CURVE('',#987,#980,#989,.T.);
#987 = VERTEX_POINT('',#988);
#988 = CARTESIAN_POINT('',(-0.217491561526,0.95,0.313356026932));
#989 = B_SPLINE_CURVE_WITH_KNOTS('',1,(#990,#991),.UNSPECIFIED.,.F.,.F.,
  (2,2),(-6.987173197589E-03,-5.551115123126E-16),
  .PIECEWISE_BEZIER_KNOTS.);
#990 = CARTESIAN_POINT('',(-0.217491561526,0.95,0.313356026932));
#991 = CARTESIAN_POINT('',(-0.217491561526,0.95,0.32034320013));
#992 = ORIENTED_EDGE('',*,*,#993,.F.);
#993 = EDGE_CURVE('',#994,#987,#996,.T.);
#994 = VERTEX_POINT('',#995);
#995 = CARTESIAN_POINT('',(-0.195672241653,0.95,0.313356026932));
#996 = B_SPLINE_CURVE_WITH_KNOTS('',1,(#997,#998),.UNSPECIFIED.,.F.,.F.,
  (2,2),(-2.181931987358E-02,2.775557561563E-17),
  .PIECEWISE_BEZIER_KNOTS.);
#997 = CARTESIAN_POINT('',(-0.195672241653,0.95,0.313356026932));
#998 = CARTESIAN_POINT('',(-0.217491561526,0.95,0.313356026932));
#999 = ORIENTED_EDGE('',*,*,#1000,.F.);
#1000 = EDGE_CURVE('',#1001,#994,#1003,.T.);
#1001 = VERTEX_POINT('',#1002);
#1002 = CARTESIAN_POINT('',(-0.195672241653,0.95,0.292831205664));
#1003 = B_SPLINE_CURVE_WITH_KNOTS('',1,(#1004,#1005),.UNSPECIFIED.,.F.,
  .F.,(2,2),(-2.052482126799E-02,3.330669073875E-16),
  .PIECEWISE_BEZIER_KNOTS.);
#1004 = CARTESIAN_POINT('',(-0.195672241653,0.95,0.292831205664));
#1005 = CARTESIAN_POINT('',(-0.195672241653,0.95,0.313356026932));
#1006 = ORIENTED_EDGE('',*,*,#1007,.F.);
#1007 = EDGE_CURVE('',#931,#1001,#1008,.T.);
#1008 = B_SPLINE_CURVE_WITH_KNOTS('',1,(#1009,#1010),.UNSPECIFIED.,.F.,
  .F.,(2,2),(-2.493859362272E-02,2.775557561563E-17),
  .PIECEWISE_BEZIER_KNOTS.);
#1009 = CARTESIAN_POINT('',(-0.220610835275,0.95,0.292831205664));
#1010 = CARTESIAN_POINT('',(-0.195672241653,0.95,0.292831205664));
#1011 = FACE_BOUND('',#1012,.T.);
#1012 = EDGE_LOOP('',(#1013,#1022,#1029,#1036,#1045,#1054,#1063));
#1013 = ORIENTED_EDGE('',*,*,#1014,.F.);
#1014 = EDGE_CURVE('',#1015,#1017,#1019,.T.);
#1015 = VERTEX_POINT('',#1016);
#1016 = CARTESIAN_POINT('',(-0.232136551778,0.95,0.285875225204));
#1017 = VERTEX_POINT('',#1018);
#1018 = CARTESIAN_POINT('',(-0.248918244547,0.95,0.285875225204));
#1019 = B_SPLINE_CURVE_WITH_KNOTS('',1,(#1020,#1021),.UNSPECIFIED.,.F.,
  .F.,(2,2),(-1.678169276936E-02,-5.551115123126E-17),
  .PIECEWISE_BEZIER_KNOTS.);
#1020 = CARTESIAN_POINT('',(-0.232136551778,0.95,0.285875225204));
#1021 = CARTESIAN_POINT('',(-0.248918244547,0.95,0.285875225204));
#1022 = ORIENTED_EDGE('',*,*,#1023,.F.);
#1023 = EDGE_CURVE('',#1024,#1015,#1026,.T.);
#1024 = VERTEX_POINT('',#1025);
#1025 = CARTESIAN_POINT('',(-0.232136551778,0.95,0.346888219733));
#1026 = B_SPLINE_CURVE_WITH_KNOTS('',1,(#1027,#1028),.UNSPECIFIED.,.F.,
  .F.,(2,2),(-6.10129945294E-02,-0.),.PIECEWISE_BEZIER_KNOTS.);
#1027 = CARTESIAN_POINT('',(-0.232136551778,0.95,0.346888219733));
#1028 = CARTESIAN_POINT('',(-0.232136551778,0.95,0.285875225204));
#1029 = ORIENTED_EDGE('',*,*,#1030,.F.);
#1030 = EDGE_CURVE('',#1031,#1024,#1033,.T.);
#1031 = VERTEX_POINT('',#1032);
#1032 = CARTESIAN_POINT('',(-0.249542099297,0.95,0.346888219733));
#1033 = B_SPLINE_CURVE_WITH_KNOTS('',1,(#1034,#1035),.UNSPECIFIED.,.F.,
  .F.,(2,2),(-1.740554751886E-02,-2.775557561563E-17),
  .PIECEWISE_BEZIER_KNOTS.);
#1034 = CARTESIAN_POINT('',(-0.249542099297,0.95,0.346888219733));
#1035 = CARTESIAN_POINT('',(-0.232136551778,0.95,0.346888219733));
#1036 = ORIENTED_EDGE('',*,*,#1037,.F.);
#1037 = EDGE_CURVE('',#1038,#1031,#1040,.T.);
#1038 = VERTEX_POINT('',#1039);
#1039 = CARTESIAN_POINT('',(-0.27260912867,0.95,0.338809300723));
#1040 = B_SPLINE_CURVE_WITH_KNOTS('',3,(#1041,#1042,#1043,#1044),
  .UNSPECIFIED.,.F.,.F.,(4,4),(2.,3.),.PIECEWISE_BEZIER_KNOTS.);
#1041 = CARTESIAN_POINT('',(-0.27260912867,0.95,0.338809300723));
#1042 = CARTESIAN_POINT('',(-0.266479755754,0.95,0.344205644309));
#1043 = CARTESIAN_POINT('',(-0.258790745962,0.95,0.346888219733));
#1044 = CARTESIAN_POINT('',(-0.249542099297,0.95,0.346888219733));
#1045 = ORIENTED_EDGE('',*,*,#1046,.F.);
#1046 = EDGE_CURVE('',#1047,#1038,#1049,.T.);
#1047 = VERTEX_POINT('',#1048);
#1048 = CARTESIAN_POINT('',(-0.28181098623,0.95,0.317161540905));
#1049 = B_SPLINE_CURVE_WITH_KNOTS('',3,(#1050,#1051,#1052,#1053),
  .UNSPECIFIED.,.F.,.F.,(4,4),(3.,4.),.PIECEWISE_BEZIER_KNOTS.);
#1050 = CARTESIAN_POINT('',(-0.28181098623,0.95,0.317161540905));
#1051 = CARTESIAN_POINT('',(-0.28181098623,0.95,0.326207434778));
#1052 = CARTESIAN_POINT('',(-0.278738501587,0.95,0.333412957138));
#1053 = CARTESIAN_POINT('',(-0.27260912867,0.95,0.338809300723));
#1054 = ORIENTED_EDGE('',*,*,#1055,.F.);
#1055 = EDGE_CURVE('',#1056,#1047,#1058,.T.);
#1056 = VERTEX_POINT('',#1057);
#1057 = CARTESIAN_POINT('',(-0.27260912867,0.95,0.294422035276));
#1058 = B_SPLINE_CURVE_WITH_KNOTS('',3,(#1059,#1060,#1061,#1062),
  .UNSPECIFIED.,.F.,.F.,(4,4),(4.,5.),.PIECEWISE_BEZIER_KNOTS.);
#1059 = CARTESIAN_POINT('',(-0.27260912867,0.95,0.294422035276));
#1060 = CARTESIAN_POINT('',(-0.278738501587,0.95,0.300130306236));
#1061 = CARTESIAN_POINT('',(-0.28181098623,0.95,0.307710141446));
#1062 = CARTESIAN_POINT('',(-0.28181098623,0.95,0.317161540905));
#1063 = ORIENTED_EDGE('',*,*,#1064,.F.);
#1064 = EDGE_CURVE('',#1017,#1056,#1065,.T.);
#1065 = B_SPLINE_CURVE_WITH_KNOTS('',3,(#1066,#1067,#1068,#1069),
  .UNSPECIFIED.,.F.,.F.,(4,4),(5.,6.),.PIECEWISE_BEZIER_KNOTS.);
#1066 = CARTESIAN_POINT('',(-0.248918244547,0.95,0.285875225204));
#1067 = CARTESIAN_POINT('',(-0.2585723968,0.95,0.285875225204));
#1068 = CARTESIAN_POINT('',(-0.266479755754,0.95,0.288713764315));
#1069 = CARTESIAN_POINT('',(-0.27260912867,0.95,0.294422035276));
#1070 = FACE_BOUND('',#1071,.T.);
#1071 = EDGE_LOOP('',(#1072,#1081,#1088,#1095,#1102,#1109,#1116,#1123));
#1072 = ORIENTED_EDGE('',*,*,#1073,.F.);
#1073 = EDGE_CURVE('',#1074,#1076,#1078,.T.);
#1074 = VERTEX_POINT('',#1075);
#1075 = CARTESIAN_POINT('',(-0.340094616229,0.95,0.285875225204));
#1076 = VERTEX_POINT('',#1077);
#1077 = CARTESIAN_POINT('',(-0.316856026799,0.95,0.346888219733));
#1078 = B_SPLINE_CURVE_WITH_KNOTS('',1,(#1079,#1080),.UNSPECIFIED.,.F.,
  .F.,(2,2),(-6.528872444851E-02,-1.037515005846E-16),
  .PIECEWISE_BEZIER_KNOTS.);
#1079 = CARTESIAN_POINT('',(-0.340094616229,0.95,0.285875225204));
#1080 = CARTESIAN_POINT('',(-0.316856026799,0.95,0.346888219733));
#1081 = ORIENTED_EDGE('',*,*,#1082,.F.);
#1082 = EDGE_CURVE('',#1083,#1074,#1085,.T.);
#1083 = VERTEX_POINT('',#1084);
#1084 = CARTESIAN_POINT('',(-0.33139184247,0.95,0.285875225204));
#1085 = B_SPLINE_CURVE_WITH_KNOTS('',1,(#1086,#1087),.UNSPECIFIED.,.F.,
  .F.,(2,2),(-8.70277375922E-03,0.),.PIECEWISE_BEZIER_KNOTS.);
#1086 = CARTESIAN_POINT('',(-0.33139184247,0.95,0.285875225204));
#1087 = CARTESIAN_POINT('',(-0.340094616229,0.95,0.285875225204));
#1088 = ORIENTED_EDGE('',*,*,#1089,.F.);
#1089 = EDGE_CURVE('',#1090,#1083,#1092,.T.);
#1090 = VERTEX_POINT('',#1091);
#1091 = CARTESIAN_POINT('',(-0.32516889134,0.95,0.30256333976));
#1092 = B_SPLINE_CURVE_WITH_KNOTS('',1,(#1093,#1094),.UNSPECIFIED.,.F.,
  .F.,(2,2),(-1.78106229036E-02,7.281761218012E-16),
  .PIECEWISE_BEZIER_KNOTS.);
#1093 = CARTESIAN_POINT('',(-0.32516889134,0.95,0.30256333976));
#1094 = CARTESIAN_POINT('',(-0.33139184247,0.95,0.285875225204));
#1095 = ORIENTED_EDGE('',*,*,#1096,.F.);
#1096 = EDGE_CURVE('',#1097,#1090,#1099,.T.);
#1097 = VERTEX_POINT('',#1098);
#1098 = CARTESIAN_POINT('',(-0.299762406655,0.95,0.30256333976));
#1099 = B_SPLINE_CURVE_WITH_KNOTS('',1,(#1100,#1101),.UNSPECIFIED.,.F.,
  .F.,(2,2),(-2.540648468536E-02,-5.551115123126E-16),
  .PIECEWISE_BEZIER_KNOTS.);
#1100 = CARTESIAN_POINT('',(-0.299762406655,0.95,0.30256333976));
#1101 = CARTESIAN_POINT('',(-0.32516889134,0.95,0.30256333976));
#1102 = ORIENTED_EDGE('',*,*,#1103,.F.);
#1103 = EDGE_CURVE('',#1104,#1097,#1106,.T.);
#1104 = VERTEX_POINT('',#1105);
#1105 = CARTESIAN_POINT('',(-0.293898172007,0.95,0.285875225204));
#1106 = B_SPLINE_CURVE_WITH_KNOTS('',1,(#1107,#1108),.UNSPECIFIED.,.F.,
  .F.,(2,2),(-1.768848256523E-02,-1.571151930357E-16),
  .PIECEWISE_BEZIER_KNOTS.);
#1107 = CARTESIAN_POINT('',(-0.293898172007,0.95,0.285875225204));
#1108 = CARTESIAN_POINT('',(-0.299762406655,0.95,0.30256333976));
#1109 = ORIENTED_EDGE('',*,*,#1110,.F.);
#1110 = EDGE_CURVE('',#1111,#1104,#1113,.T.);
#1111 = VERTEX_POINT('',#1112);
#1112 = CARTESIAN_POINT('',(-0.285195398247,0.95,0.285875225204));
#1113 = B_SPLINE_CURVE_WITH_KNOTS('',1,(#1114,#1115),.UNSPECIFIED.,.F.,
  .F.,(2,2),(-8.702773759636E-03,-1.110223024625E-16),
  .PIECEWISE_BEZIER_KNOTS.);
#1114 = CARTESIAN_POINT('',(-0.285195398247,0.95,0.285875225204));
#1115 = CARTESIAN_POINT('',(-0.293898172007,0.95,0.285875225204));
#1116 = ORIENTED_EDGE('',*,*,#1117,.F.);
#1117 = EDGE_CURVE('',#1118,#1111,#1120,.T.);
#1118 = VERTEX_POINT('',#1119);
#1119 = CARTESIAN_POINT('',(-0.308433987677,0.95,0.346888219733));
#1120 = B_SPLINE_CURVE_WITH_KNOTS('',1,(#1121,#1122),.UNSPECIFIED.,.F.,
  .F.,(2,2),(-6.528872444865E-02,-4.668817526296E-16),
  .PIECEWISE_BEZIER_KNOTS.);
#1121 = CARTESIAN_POINT('',(-0.308433987677,0.95,0.346888219733));
#1122 = CARTESIAN_POINT('',(-0.285195398247,0.95,0.285875225204));
#1123 = ORIENTED_EDGE('',*,*,#1124,.F.);
#1124 = EDGE_CURVE('',#1076,#1118,#1125,.T.);
#1125 = B_SPLINE_CURVE_WITH_KNOTS('',1,(#1126,#1127),.UNSPECIFIED.,.F.,
  .F.,(2,2),(-8.422039122552E-03,-6.661338147751E-16),
  .PIECEWISE_BEZIER_KNOTS.);
#1126 = CARTESIAN_POINT('',(-0.316856026799,0.95,0.346888219733));
#1127 = CARTESIAN_POINT('',(-0.308433987677,0.95,0.346888219733));
#1128 = FACE_BOUND('',#1129,.T.);
#1129 = EDGE_LOOP('',(#1130,#1141,#1150,#1159,#1166,#1175,#1184,#1193,
    #1200,#1209,#1218,#1227,#1236,#1245,#1254,#1263,#1272,#1281,#1290,
    #1297,#1304,#1311,#1320,#1329,#1338,#1347,#1356,#1365,#1374,#1383,
    #1392,#1401,#1410));
#1130 = ORIENTED_EDGE('',*,*,#1131,.F.);
#1131 = EDGE_CURVE('',#1132,#1134,#1136,.T.);
#1132 = VERTEX_POINT('',#1133);
#1133 = CARTESIAN_POINT('',(3.114344263289E-02,0.95,0.346395083335));
#1134 = VERTEX_POINT('',#1135);
#1135 = CARTESIAN_POINT('',(7.40892516701E-02,0.95,0.403222364246));
#1136 = B_SPLINE_CURVE_WITH_KNOTS('',3,(#1137,#1138,#1139,#1140),
  .UNSPECIFIED.,.F.,.F.,(4,4),(35.,36.),.PIECEWISE_BEZIER_KNOTS.);
#1137 = CARTESIAN_POINT('',(3.114344263289E-02,0.95,0.346395083335));
#1138 = CARTESIAN_POINT('',(3.157723216497E-02,0.95,0.372422835858));
#1139 = CARTESIAN_POINT('',(4.936288429181E-02,0.95,0.395414036834));
#1140 = CARTESIAN_POINT('',(7.40892516701E-02,0.95,0.403222364246));
#1141 = ORIENTED_EDGE('',*,*,#1142,.F.);
#1142 = EDGE_CURVE('',#1143,#1132,#1145,.T.);
#1143 = VERTEX_POINT('',#1144);
#1144 = CARTESIAN_POINT('',(4.719390353602E-02,0.95,0.305184448974));
#1145 = B_SPLINE_CURVE_WITH_KNOTS('',3,(#1146,#1147,#1148,#1149),
  .UNSPECIFIED.,.F.,.F.,(4,4),(34.,35.),.PIECEWISE_BEZIER_KNOTS.);
#1146 = CARTESIAN_POINT('',(4.719390353602E-02,0.95,0.305184448974));
#1147 = CARTESIAN_POINT('',(3.678278928852E-02,0.95,0.316463142285));
#1148 = CARTESIAN_POINT('',(3.114344263289E-02,0.95,0.331212218044));
#1149 = CARTESIAN_POINT('',(3.114344263289E-02,0.95,0.346395083335));
#1150 = ORIENTED_EDGE('',*,*,#1151,.F.);
#1151 = EDGE_CURVE('',#1152,#1143,#1154,.T.);
#1152 = VERTEX_POINT('',#1153);
#1153 = CARTESIAN_POINT('',(8.666934667319E-02,0.95,0.285663622171));
#1154 = B_SPLINE_CURVE_WITH_KNOTS('',3,(#1155,#1156,#1157,#1158),
  .UNSPECIFIED.,.F.,.F.,(4,4),(33.,34.),.PIECEWISE_BEZIER_KNOTS.);
#1155 = CARTESIAN_POINT('',(8.666934667319E-02,0.95,0.285663622171));
#1156 = CARTESIAN_POINT('',(7.148648138244E-02,0.95,0.286965007315));
#1157 = CARTESIAN_POINT('',(5.76050012351E-02,0.95,0.293905755663));
#1158 = CARTESIAN_POINT('',(4.719390353602E-02,0.95,0.305184448974));
#1159 = ORIENTED_EDGE('',*,*,#1160,.F.);
#1160 = EDGE_CURVE('',#1161,#1152,#1163,.T.);
#1161 = VERTEX_POINT('',#1162);
#1162 = CARTESIAN_POINT('',(0.112263309664,0.95,0.285663622171));
#1163 = B_SPLINE_CURVE_WITH_KNOTS('',1,(#1164,#1165),.UNSPECIFIED.,.F.,
  .F.,(2,2),(-2.429257784641E-02,1.301385144039E-03),
  .PIECEWISE_BEZIER_KNOTS.);
#1164 = CARTESIAN_POINT('',(0.112263309664,0.95,0.285663622171));
#1165 = CARTESIAN_POINT('',(8.666934667319E-02,0.95,0.285663622171));
#1166 = ORIENTED_EDGE('',*,*,#1167,.F.);
#1167 = EDGE_CURVE('',#1168,#1161,#1170,.T.);
#1168 = VERTEX_POINT('',#1169);
#1169 = CARTESIAN_POINT('',(0.124843404667,0.95,0.299111296238));
#1170 = B_SPLINE_CURVE_WITH_KNOTS('',3,(#1171,#1172,#1173,#1174),
  .UNSPECIFIED.,.F.,.F.,(4,4),(28.,29.),.PIECEWISE_BEZIER_KNOTS.);
#1171 = CARTESIAN_POINT('',(0.124843404667,0.95,0.299111296238));
#1172 = CARTESIAN_POINT('',(0.124843404667,0.95,0.292170564439));
#1173 = CARTESIAN_POINT('',(0.119204058011,0.95,0.286097411703));
#1174 = CARTESIAN_POINT('',(0.112263309664,0.95,0.285663622171));
#1175 = ORIENTED_EDGE('',*,*,#1176,.F.);
#1176 = EDGE_CURVE('',#1177,#1168,#1179,.T.);
#1177 = VERTEX_POINT('',#1178);
#1178 = CARTESIAN_POINT('',(0.1113957306,0.95,0.312558970306));
#1179 = B_SPLINE_CURVE_WITH_KNOTS('',3,(#1180,#1181,#1182,#1183),
  .UNSPECIFIED.,.F.,.F.,(4,4),(27.,28.),.PIECEWISE_BEZIER_KNOTS.);
#1180 = CARTESIAN_POINT('',(0.1113957306,0.95,0.312558970306));
#1181 = CARTESIAN_POINT('',(0.118770268479,0.95,0.312558970306));
#1182 = CARTESIAN_POINT('',(0.124843404667,0.95,0.30648581757));
#1183 = CARTESIAN_POINT('',(0.124843404667,0.95,0.299111296238));
#1184 = ORIENTED_EDGE('',*,*,#1185,.F.);
#1185 = EDGE_CURVE('',#1186,#1177,#1188,.T.);
#1186 = VERTEX_POINT('',#1187);
#1187 = CARTESIAN_POINT('',(0.108792960312,0.95,0.312125180774));
#1188 = B_SPLINE_CURVE_WITH_KNOTS('',3,(#1189,#1190,#1191,#1192),
  .UNSPECIFIED.,.F.,.F.,(4,4),(26.,27.),.PIECEWISE_BEZIER_KNOTS.);
#1189 = CARTESIAN_POINT('',(0.108792960312,0.95,0.312125180774));
#1190 = CARTESIAN_POINT('',(0.109660555924,0.95,0.312125180774));
#1191 = CARTESIAN_POINT('',(0.110528151536,0.95,0.312558970306));
#1192 = CARTESIAN_POINT('',(0.1113957306,0.95,0.312558970306));
#1193 = ORIENTED_EDGE('',*,*,#1194,.F.);
#1194 = EDGE_CURVE('',#1195,#1186,#1197,.T.);
#1195 = VERTEX_POINT('',#1196);
#1196 = CARTESIAN_POINT('',(8.927213350907E-02,0.95,0.312125180774));
#1197 = B_SPLINE_CURVE_WITH_KNOTS('',1,(#1198,#1199),.UNSPECIFIED.,.F.,
  .F.,(2,2),(8.326672684688E-17,1.952082680275E-02),
  .PIECEWISE_BEZIER_KNOTS.);
#1198 = CARTESIAN_POINT('',(8.927213350907E-02,0.95,0.312125180774));
#1199 = CARTESIAN_POINT('',(0.108792960312,0.95,0.312125180774));
#1200 = ORIENTED_EDGE('',*,*,#1201,.F.);
#1201 = EDGE_CURVE('',#1202,#1195,#1204,.T.);
#1202 = VERTEX_POINT('',#1203);
#1203 = CARTESIAN_POINT('',(5.803880731519E-02,0.95,0.345961277255));
#1204 = B_SPLINE_CURVE_WITH_KNOTS('',3,(#1205,#1206,#1207,#1208),
  .UNSPECIFIED.,.F.,.F.,(4,4),(24.,25.),.PIECEWISE_BEZIER_KNOTS.);
#1205 = CARTESIAN_POINT('',(5.803880731519E-02,0.95,0.345961277255));
#1206 = CARTESIAN_POINT('',(5.803880731519E-02,0.95,0.328175633402));
#1207 = CARTESIAN_POINT('',(7.148648138244E-02,0.95,0.313426565918));
#1208 = CARTESIAN_POINT('',(8.927213350907E-02,0.95,0.312125180774));
#1209 = ORIENTED_EDGE('',*,*,#1210,.F.);
#1210 = EDGE_CURVE('',#1211,#1202,#1213,.T.);
#1211 = VERTEX_POINT('',#1212);
#1212 = CARTESIAN_POINT('',(9.187490379694E-02,0.95,0.379797373737));
#1213 = B_SPLINE_CURVE_WITH_KNOTS('',3,(#1214,#1215,#1216,#1217),
  .UNSPECIFIED.,.F.,.F.,(4,4),(23.,24.),.PIECEWISE_BEZIER_KNOTS.);
#1214 = CARTESIAN_POINT('',(9.187490379694E-02,0.95,0.379797373737));
#1215 = CARTESIAN_POINT('',(7.322167260615E-02,0.95,0.379797373737));
#1216 = CARTESIAN_POINT('',(5.803880731519E-02,0.95,0.364614508446));
#1217 = CARTESIAN_POINT('',(5.803880731519E-02,0.95,0.345961277255));
#1218 = ORIENTED_EDGE('',*,*,#1219,.F.);
#1219 = EDGE_CURVE('',#1220,#1211,#1222,.T.);
#1220 = VERTEX_POINT('',#1221);
#1221 = CARTESIAN_POINT('',(9.534526969677E-02,0.95,0.379797373737));
#1222 = B_SPLINE_CURVE_WITH_KNOTS('',3,(#1223,#1224,#1225,#1226),
  .UNSPECIFIED.,.F.,.F.,(4,4),(22.,23.),.PIECEWISE_BEZIER_KNOTS.);
#1223 = CARTESIAN_POINT('',(9.534526969677E-02,0.95,0.379797373737));
#1224 = CARTESIAN_POINT('',(9.404388455294E-02,0.95,0.379797373737));
#1225 = CARTESIAN_POINT('',(9.317628894098E-02,0.95,0.379797373737));
#1226 = CARTESIAN_POINT('',(9.187490379694E-02,0.95,0.379797373737));
#1227 = ORIENTED_EDGE('',*,*,#1228,.F.);
#1228 = EDGE_CURVE('',#1229,#1220,#1231,.T.);
#1229 = VERTEX_POINT('',#1230);
#1230 = CARTESIAN_POINT('',(0.156076730861,0.95,0.434021892634));
#1231 = B_SPLINE_CURVE_WITH_KNOTS('',3,(#1232,#1233,#1234,#1235),
  .UNSPECIFIED.,.F.,.F.,(4,4),(21.,22.),.PIECEWISE_BEZIER_KNOTS.);
#1232 = CARTESIAN_POINT('',(0.156076730861,0.95,0.434021892634));
#1233 = CARTESIAN_POINT('',(0.124843404667,0.95,0.434021892634));
#1234 = CARTESIAN_POINT('',(9.88156355966E-02,0.95,0.410163104319));
#1235 = CARTESIAN_POINT('',(9.534526969677E-02,0.95,0.379797373737));
#1236 = ORIENTED_EDGE('',*,*,#1237,.F.);
#1237 = EDGE_CURVE('',#1238,#1229,#1240,.T.);
#1238 = VERTEX_POINT('',#1239);
#1239 = CARTESIAN_POINT('',(0.214205405189,0.95,0.392377485288));
#1240 = B_SPLINE_CURVE_WITH_KNOTS('',3,(#1241,#1242,#1243,#1244),
  .UNSPECIFIED.,.F.,.F.,(4,4),(20.,21.),.PIECEWISE_BEZIER_KNOTS.);
#1241 = CARTESIAN_POINT('',(0.214205405189,0.95,0.392377485288));
#1242 = CARTESIAN_POINT('',(0.205963288246,0.95,0.416670046587));
#1243 = CARTESIAN_POINT('',(0.183405885075,0.95,0.434021892634));
#1244 = CARTESIAN_POINT('',(0.156076730861,0.95,0.434021892634));
#1245 = ORIENTED_EDGE('',*,*,#1246,.F.);
#1246 = EDGE_CURVE('',#1247,#1238,#1249,.T.);
#1247 = VERTEX_POINT('',#1248);
#1248 = CARTESIAN_POINT('',(0.237196597892,0.95,0.398884427556));
#1249 = B_SPLINE_CURVE_WITH_KNOTS('',3,(#1250,#1251,#1252,#1253),
  .UNSPECIFIED.,.F.,.F.,(4,4),(19.,20.),.PIECEWISE_BEZIER_KNOTS.);
#1250 = CARTESIAN_POINT('',(0.237196597892,0.95,0.398884427556));
#1251 = CARTESIAN_POINT('',(0.228954472674,0.95,0.398884427556));
#1252 = CARTESIAN_POINT('',(0.220712347457,0.95,0.396281648994));
#1253 = CARTESIAN_POINT('',(0.214205405189,0.95,0.392377485288));
#1254 = ORIENTED_EDGE('',*,*,#1255,.F.);
#1255 = EDGE_CURVE('',#1256,#1247,#1258,.T.);
#1256 = VERTEX_POINT('',#1257);
#1257 = CARTESIAN_POINT('',(0.280576213009,0.95,0.355504812439));
#1258 = B_SPLINE_CURVE_WITH_KNOTS('',3,(#1259,#1260,#1261,#1262),
  .UNSPECIFIED.,.F.,.F.,(4,4),(18.,19.),.PIECEWISE_BEZIER_KNOTS.);
#1259 = CARTESIAN_POINT('',(0.280576213009,0.95,0.355504812439));
#1260 = CARTESIAN_POINT('',(0.280576213009,0.95,0.379363600753));
#1261 = CARTESIAN_POINT('',(0.261055386206,0.95,0.398884427556));
#1262 = CARTESIAN_POINT('',(0.237196597892,0.95,0.398884427556));
#1263 = ORIENTED_EDGE('',*,*,#1264,.F.);
#1264 = EDGE_CURVE('',#1265,#1256,#1267,.T.);
#1265 = VERTEX_POINT('',#1266);
#1266 = CARTESIAN_POINT('',(0.254548443939,0.95,0.315595563221));
#1267 = B_SPLINE_CURVE_WITH_KNOTS('',3,(#1268,#1269,#1270,#1271),
  .UNSPECIFIED.,.F.,.F.,(4,4),(17.,18.),.PIECEWISE_BEZIER_KNOTS.);
#1268 = CARTESIAN_POINT('',(0.254548443939,0.95,0.315595563221));
#1269 = CARTESIAN_POINT('',(0.269731309229,0.95,0.322536303295));
#1270 = CARTESIAN_POINT('',(0.280576213009,0.95,0.337719168586));
#1271 = CARTESIAN_POINT('',(0.280576213009,0.95,0.355504812439));
#1272 = ORIENTED_EDGE('',*,*,#1273,.F.);
#1273 = EDGE_CURVE('',#1274,#1265,#1276,.T.);
#1274 = VERTEX_POINT('',#1275);
#1275 = CARTESIAN_POINT('',(0.213771607383,0.95,0.344226110854));
#1276 = B_SPLINE_CURVE_WITH_KNOTS('',3,(#1277,#1278,#1279,#1280),
  .UNSPECIFIED.,.F.,.F.,(4,4),(16.,17.),.PIECEWISE_BEZIER_KNOTS.);
#1277 = CARTESIAN_POINT('',(0.213771607383,0.95,0.344226110854));
#1278 = CARTESIAN_POINT('',(0.232424846848,0.95,0.344226110854));
#1279 = CARTESIAN_POINT('',(0.248475299477,0.95,0.332079821931));
#1280 = CARTESIAN_POINT('',(0.254548443939,0.95,0.315595563221));
#1281 = ORIENTED_EDGE('',*,*,#1282,.F.);
#1282 = EDGE_CURVE('',#1283,#1274,#1285,.T.);
#1283 = VERTEX_POINT('',#1284);
#1284 = CARTESIAN_POINT('',(0.181236896045,0.95,0.329477043368));
#1285 = B_SPLINE_CURVE_WITH_KNOTS('',3,(#1286,#1287,#1288,#1289),
  .UNSPECIFIED.,.F.,.F.,(4,4),(15.,16.),.PIECEWISE_BEZIER_KNOTS.);
#1286 = CARTESIAN_POINT('',(0.181236896045,0.95,0.329477043368));
#1287 = CARTESIAN_POINT('',(0.189045223457,0.95,0.338586764198));
#1288 = CARTESIAN_POINT('',(0.200757722848,0.95,0.344226110854));
#1289 = CARTESIAN_POINT('',(0.213771607383,0.95,0.344226110854));
#1290 = ORIENTED_EDGE('',*,*,#1291,.F.);
#1291 = EDGE_CURVE('',#1292,#1283,#1294,.T.);
#1292 = VERTEX_POINT('',#1293);
#1293 = CARTESIAN_POINT('',(0.123108213443,0.95,0.35984277395));
#1294 = B_SPLINE_CURVE_WITH_KNOTS('',1,(#1295,#1296),.UNSPECIFIED.,.F.,
  .F.,(2,2),(4.527340936068E-16,6.558217238577E-02),
  .PIECEWISE_BEZIER_KNOTS.);
#1295 = CARTESIAN_POINT('',(0.123108213443,0.95,0.35984277395));
#1296 = CARTESIAN_POINT('',(0.181236896045,0.95,0.329477043368));
#1297 = ORIENTED_EDGE('',*,*,#1298,.F.);
#1298 = EDGE_CURVE('',#1299,#1292,#1301,.T.);
#1299 = VERTEX_POINT('',#1300);
#1300 = CARTESIAN_POINT('',(0.109660539376,0.95,0.336851572974));
#1301 = B_SPLINE_CURVE_WITH_KNOTS('',1,(#1302,#1303),.UNSPECIFIED.,.F.,
  .F.,(2,2),(-1.5435001317E-15,2.663522592649E-02),
  .PIECEWISE_BEZIER_KNOTS.);
#1302 = CARTESIAN_POINT('',(0.109660539376,0.95,0.336851572974));
#1303 = CARTESIAN_POINT('',(0.123108213443,0.95,0.35984277395));
#1304 = ORIENTED_EDGE('',*,*,#1305,.F.);
#1305 = EDGE_CURVE('',#1306,#1299,#1308,.T.);
#1306 = VERTEX_POINT('',#1307);
#1307 = CARTESIAN_POINT('',(0.17039200054,0.95,0.304750659442));
#1308 = B_SPLINE_CURVE_WITH_KNOTS('',1,(#1309,#1310),.UNSPECIFIED.,.F.,
  .F.,(2,2),(5.608814015462E-17,6.869336958323E-02),
  .PIECEWISE_BEZIER_KNOTS.);
#1309 = CARTESIAN_POINT('',(0.17039200054,0.95,0.304750659442));
#1310 = CARTESIAN_POINT('',(0.109660539376,0.95,0.336851572974));
#1311 = ORIENTED_EDGE('',*,*,#1312,.F.);
#1312 = EDGE_CURVE('',#1313,#1306,#1315,.T.);
#1313 = VERTEX_POINT('',#1314);
#1314 = CARTESIAN_POINT('',(0.17039200054,0.95,0.30041269793));
#1315 = B_SPLINE_CURVE_WITH_KNOTS('',3,(#1316,#1317,#1318,#1319),
  .UNSPECIFIED.,.F.,.F.,(4,4),(11.,12.),.PIECEWISE_BEZIER_KNOTS.);
#1316 = CARTESIAN_POINT('',(0.17039200054,0.95,0.30041269793));
#1317 = CARTESIAN_POINT('',(0.17039200054,0.95,0.301714083074));
#1318 = CARTESIAN_POINT('',(0.17039200054,0.95,0.303015468218));
#1319 = CARTESIAN_POINT('',(0.17039200054,0.95,0.304750659442));
#1320 = ORIENTED_EDGE('',*,*,#1321,.F.);
#1321 = EDGE_CURVE('',#1322,#1313,#1324,.T.);
#1322 = VERTEX_POINT('',#1323);
#1323 = CARTESIAN_POINT('',(0.213771615657,0.95,0.257033082813));
#1324 = B_SPLINE_CURVE_WITH_KNOTS('',3,(#1325,#1326,#1327,#1328),
  .UNSPECIFIED.,.F.,.F.,(4,4),(10.,11.),.PIECEWISE_BEZIER_KNOTS.);
#1325 = CARTESIAN_POINT('',(0.213771615657,0.95,0.257033082813));
#1326 = CARTESIAN_POINT('',(0.189912827343,0.95,0.257033082813));
#1327 = CARTESIAN_POINT('',(0.17039200054,0.95,0.276553909616));
#1328 = CARTESIAN_POINT('',(0.17039200054,0.95,0.30041269793));
#1329 = ORIENTED_EDGE('',*,*,#1330,.F.);
#1330 = EDGE_CURVE('',#1331,#1322,#1333,.T.);
#1331 = VERTEX_POINT('',#1332);
#1332 = CARTESIAN_POINT('',(0.254982254156,0.95,0.286531217783));
#1333 = B_SPLINE_CURVE_WITH_KNOTS('',3,(#1334,#1335,#1336,#1337),
  .UNSPECIFIED.,.F.,.F.,(4,4),(9.,10.),.PIECEWISE_BEZIER_KNOTS.);
#1334 = CARTESIAN_POINT('',(0.254982254156,0.95,0.286531217783));
#1335 = CARTESIAN_POINT('',(0.249342903363,0.95,0.269179371736));
#1336 = CARTESIAN_POINT('',(0.232858652928,0.95,0.257033082813));
#1337 = CARTESIAN_POINT('',(0.213771615657,0.95,0.257033082813));
#1338 = ORIENTED_EDGE('',*,*,#1339,.F.);
#1339 = EDGE_CURVE('',#1340,#1331,#1342,.T.);
#1340 = VERTEX_POINT('',#1341);
#1341 = CARTESIAN_POINT('',(0.289685946249,0.95,0.30735342973));
#1342 = B_SPLINE_CURVE_WITH_KNOTS('',3,(#1343,#1344,#1345,#1346),
  .UNSPECIFIED.,.F.,.F.,(4,4),(8.,9.),.PIECEWISE_BEZIER_KNOTS.);
#1343 = CARTESIAN_POINT('',(0.289685946249,0.95,0.30735342973));
#1344 = CARTESIAN_POINT('',(0.280142431751,0.95,0.296942315482));
#1345 = CARTESIAN_POINT('',(0.26842993236,0.95,0.290001583683));
#1346 = CARTESIAN_POINT('',(0.254982254156,0.95,0.286531217783));
#1347 = ORIENTED_EDGE('',*,*,#1348,.F.);
#1348 = EDGE_CURVE('',#1349,#1340,#1351,.T.);
#1349 = VERTEX_POINT('',#1350);
#1350 = CARTESIAN_POINT('',(0.307905383771,0.95,0.354637200279));
#1351 = B_SPLINE_CURVE_WITH_KNOTS('',3,(#1352,#1353,#1354,#1355),
  .UNSPECIFIED.,.F.,.F.,(4,4),(7.,8.),.PIECEWISE_BEZIER_KNOTS.);
#1352 = CARTESIAN_POINT('',(0.307905383771,0.95,0.354637200279));
#1353 = CARTESIAN_POINT('',(0.307905383771,0.95,0.337285354232));
#1354 = CARTESIAN_POINT('',(0.301398441504,0.95,0.320367297717));
#1355 = CARTESIAN_POINT('',(0.289685946249,0.95,0.30735342973));
#1356 = ORIENTED_EDGE('',*,*,#1357,.F.);
#1357 = EDGE_CURVE('',#1358,#1349,#1360,.T.);
#1358 = VERTEX_POINT('',#1359);
#1359 = CARTESIAN_POINT('',(0.287516953082,0.95,0.404089955721));
#1360 = B_SPLINE_CURVE_WITH_KNOTS('',3,(#1361,#1362,#1363,#1364),
  .UNSPECIFIED.,.F.,.F.,(4,4),(6.,7.),.PIECEWISE_BEZIER_KNOTS.);
#1361 = CARTESIAN_POINT('',(0.287516953082,0.95,0.404089955721));
#1362 = CARTESIAN_POINT('',(0.300530848994,0.95,0.391076075322));
#1363 = CARTESIAN_POINT('',(0.307905383771,0.95,0.373290431469));
#1364 = CARTESIAN_POINT('',(0.307905383771,0.95,0.354637200279));
#1365 = ORIENTED_EDGE('',*,*,#1366,.F.);
#1366 = EDGE_CURVE('',#1367,#1358,#1369,.T.);
#1367 = VERTEX_POINT('',#1368);
#1368 = CARTESIAN_POINT('',(0.237630395698,0.95,0.424912171804));
#1369 = B_SPLINE_CURVE_WITH_KNOTS('',3,(#1370,#1371,#1372,#1373),
  .UNSPECIFIED.,.F.,.F.,(4,4),(5.,6.),.PIECEWISE_BEZIER_KNOTS.);
#1370 = CARTESIAN_POINT('',(0.237630395698,0.95,0.424912171804));
#1371 = CARTESIAN_POINT('',(0.256283631025,0.95,0.424912171804));
#1372 = CARTESIAN_POINT('',(0.274069270741,0.95,0.417537638062));
#1373 = CARTESIAN_POINT('',(0.287516953082,0.95,0.404089955721));
#1374 = ORIENTED_EDGE('',*,*,#1375,.F.);
#1375 = EDGE_CURVE('',#1376,#1367,#1378,.T.);
#1376 = VERTEX_POINT('',#1377);
#1377 = CARTESIAN_POINT('',(0.22765308753,0.95,0.424044580329));
#1378 = B_SPLINE_CURVE_WITH_KNOTS('',3,(#1379,#1380,#1381,#1382),
  .UNSPECIFIED.,.F.,.F.,(4,4),(4.,5.),.PIECEWISE_BEZIER_KNOTS.);
#1379 = CARTESIAN_POINT('',(0.22765308753,0.95,0.424044580329));
#1380 = CARTESIAN_POINT('',(0.23112345343,0.95,0.424478378135));
#1381 = CARTESIAN_POINT('',(0.234160029798,0.95,0.424912171804));
#1382 = CARTESIAN_POINT('',(0.237630395698,0.95,0.424912171804));
#1383 = ORIENTED_EDGE('',*,*,#1384,.F.);
#1384 = EDGE_CURVE('',#1385,#1376,#1387,.T.);
#1385 = VERTEX_POINT('',#1386);
#1386 = CARTESIAN_POINT('',(0.208566058534,0.95,0.443131611394));
#1387 = B_SPLINE_CURVE_WITH_KNOTS('',3,(#1388,#1389,#1390,#1391),
  .UNSPECIFIED.,.F.,.F.,(4,4),(3.,4.),.PIECEWISE_BEZIER_KNOTS.);
#1388 = CARTESIAN_POINT('',(0.208566058534,0.95,0.443131611394));
#1389 = CARTESIAN_POINT('',(0.215940596413,0.95,0.437926056339));
#1390 = CARTESIAN_POINT('',(0.222013740875,0.95,0.431419114072));
#1391 = CARTESIAN_POINT('',(0.22765308753,0.95,0.424044580329));
#1392 = ORIENTED_EDGE('',*,*,#1393,.F.);
#1393 = EDGE_CURVE('',#1394,#1385,#1396,.T.);
#1394 = VERTEX_POINT('',#1395);
#1395 = CARTESIAN_POINT('',(0.156510520393,0.95,0.460049661704));
#1396 = B_SPLINE_CURVE_WITH_KNOTS('',3,(#1397,#1398,#1399,#1400),
  .UNSPECIFIED.,.F.,.F.,(4,4),(2.,3.),.PIECEWISE_BEZIER_KNOTS.);
#1397 = CARTESIAN_POINT('',(0.156510520393,0.95,0.460049661704));
#1398 = CARTESIAN_POINT('',(0.17559754939,0.95,0.460049661704));
#1399 = CARTESIAN_POINT('',(0.193383193242,0.95,0.453976515691));
#1400 = CARTESIAN_POINT('',(0.208566058534,0.95,0.443131611394));
#1401 = ORIENTED_EDGE('',*,*,#1402,.F.);
#1402 = EDGE_CURVE('',#1403,#1394,#1405,.T.);
#1403 = VERTEX_POINT('',#1404);
#1404 = CARTESIAN_POINT('',(9.751425045256E-02,0.95,0.437492260602));
#1405 = B_SPLINE_CURVE_WITH_KNOTS('',3,(#1406,#1407,#1408,#1409),
  .UNSPECIFIED.,.F.,.F.,(4,4),(1.,2.),.PIECEWISE_BEZIER_KNOTS.);
#1406 = CARTESIAN_POINT('',(9.751425045256E-02,0.95,0.437492260602));
#1407 = CARTESIAN_POINT('',(0.113998500888,0.95,0.451807534935));
#1408 = CARTESIAN_POINT('',(0.134820712834,0.95,0.460049661704));
#1409 = CARTESIAN_POINT('',(0.156510520393,0.95,0.460049661704));
#1410 = ORIENTED_EDGE('',*,*,#1411,.F.);
#1411 = EDGE_CURVE('',#1134,#1403,#1412,.T.);
#1412 = B_SPLINE_CURVE_WITH_KNOTS('',3,(#1413,#1414,#1415,#1416),
  .UNSPECIFIED.,.F.,.F.,(4,4),(0.,1.),.PIECEWISE_BEZIER_KNOTS.);
#1413 = CARTESIAN_POINT('',(7.40892516701E-02,0.95,0.403222364246));
#1414 = CARTESIAN_POINT('',(7.886100271376E-02,0.95,0.416236248781));
#1415 = CARTESIAN_POINT('',(8.710313620527E-02,0.95,0.427948744035));
#1416 = CARTESIAN_POINT('',(9.751425045256E-02,0.95,0.437492260602));
#1417 = B_SPLINE_SURFACE_WITH_KNOTS('',1,1,(
    (#1418,#1419)
    ,(#1420,#1421
    )),.UNSPECIFIED.,.F.,.F.,.F.,(2,2),(2,2),(-10.1,-9.5),(0.,1.3),
  .PIECEWISE_BEZIER_KNOTS.);
#1418 = CARTESIAN_POINT('',(-0.65,0.95,0.6500001));
#1419 = CARTESIAN_POINT('',(0.65,0.95,0.6500001));
#1420 = CARTESIAN_POINT('',(-0.65,0.95,5.00001E-02));
#1421 = CARTESIAN_POINT('',(0.65,0.95,5.00001E-02));
#1422 = ADVANCED_FACE('',(#1423,#1481,#1503,#1598,#1684,#1904),#1948,.T.
  );
#1423 = FACE_BOUND('',#1424,.T.);
#1424 = EDGE_LOOP('',(#1425,#1434,#1441,#1448,#1455,#1462,#1469,#1476));
#1425 = ORIENTED_EDGE('',*,*,#1426,.T.);
#1426 = EDGE_CURVE('',#1427,#1429,#1431,.T.);
#1427 = VERTEX_POINT('',#1428);
#1428 = CARTESIAN_POINT('',(-0.358974358974,3.330669073875E-16,
    5.00001E-02));
#1429 = VERTEX_POINT('',#1430);
#1430 = CARTESIAN_POINT('',(-0.40641025641,0.1,5.00001E-02));
#1431 = B_SPLINE_CURVE_WITH_KNOTS('',1,(#1432,#1433),.UNSPECIFIED.,.F.,
  .F.,(2,2),(0.,0.110680460631),.PIECEWISE_BEZIER_KNOTS.);
#1432 = CARTESIAN_POINT('',(-0.358974358974,3.330669073875E-16,
    5.00001E-02));
#1433 = CARTESIAN_POINT('',(-0.40641025641,0.1,5.00001E-02));
#1434 = ORIENTED_EDGE('',*,*,#1435,.T.);
#1435 = EDGE_CURVE('',#1429,#1436,#1438,.T.);
#1436 = VERTEX_POINT('',#1437);
#1437 = CARTESIAN_POINT('',(-0.407692307692,0.1,5.00001E-02));
#1438 = B_SPLINE_CURVE_WITH_KNOTS('',1,(#1439,#1440),.UNSPECIFIED.,.F.,
  .F.,(2,2),(0.,1.282051282051E-03),.PIECEWISE_BEZIER_KNOTS.);
#1439 = CARTESIAN_POINT('',(-0.40641025641,0.1,5.00001E-02));
#1440 = CARTESIAN_POINT('',(-0.407692307692,0.1,5.00001E-02));
#1441 = ORIENTED_EDGE('',*,*,#1442,.T.);
#1442 = EDGE_CURVE('',#1436,#1443,#1445,.T.);
#1443 = VERTEX_POINT('',#1444);
#1444 = CARTESIAN_POINT('',(-0.453846153846,3.330669073875E-16,
    5.00001E-02));
#1445 = B_SPLINE_CURVE_WITH_KNOTS('',1,(#1446,#1447),.UNSPECIFIED.,.F.,
  .F.,(2,2),(0.,0.110137085102),.PIECEWISE_BEZIER_KNOTS.);
#1446 = CARTESIAN_POINT('',(-0.407692307692,0.1,5.00001E-02));
#1447 = CARTESIAN_POINT('',(-0.453846153846,3.050300687267E-16,
    5.00001E-02));
#1448 = ORIENTED_EDGE('',*,*,#1449,.T.);
#1449 = EDGE_CURVE('',#1443,#1450,#1452,.T.);
#1450 = VERTEX_POINT('',#1451);
#1451 = CARTESIAN_POINT('',(-0.444090544872,3.330669073875E-16,
    5.00001E-02));
#1452 = B_SPLINE_CURVE_WITH_KNOTS('',1,(#1453,#1454),.UNSPECIFIED.,.F.,
  .F.,(2,2),(0.,9.755608974359E-03),.PIECEWISE_BEZIER_KNOTS.);
#1453 = CARTESIAN_POINT('',(-0.453846153846,3.330669073875E-16,
    5.00001E-02));
#1454 = CARTESIAN_POINT('',(-0.444090544872,3.330669073875E-16,
    5.00001E-02));
#1455 = ORIENTED_EDGE('',*,*,#1456,.T.);
#1456 = EDGE_CURVE('',#1450,#1457,#1459,.T.);
#1457 = VERTEX_POINT('',#1458);
#1458 = CARTESIAN_POINT('',(-0.429306891026,3.205128205128E-02,
    5.00001E-02));
#1459 = B_SPLINE_CURVE_WITH_KNOTS('',1,(#1460,#1461),.UNSPECIFIED.,.F.,
  .F.,(2,2),(0.,3.529647435897E-02),.PIECEWISE_BEZIER_KNOTS.);
#1460 = CARTESIAN_POINT('',(-0.444090544872,3.330669073875E-16,
    5.00001E-02));
#1461 = CARTESIAN_POINT('',(-0.429306891026,3.205128205128E-02,
    5.00001E-02));
#1462 = ORIENTED_EDGE('',*,*,#1463,.T.);
#1463 = EDGE_CURVE('',#1457,#1464,#1466,.T.);
#1464 = VERTEX_POINT('',#1465);
#1465 = CARTESIAN_POINT('',(-0.383974358974,3.205128205128E-02,
    5.00001E-02));
#1466 = B_SPLINE_CURVE_WITH_KNOTS('',1,(#1467,#1468),.UNSPECIFIED.,.F.,
  .F.,(2,2),(0.,4.533253205128E-02),.PIECEWISE_BEZIER_KNOTS.);
#1467 = CARTESIAN_POINT('',(-0.429306891026,3.205128205128E-02,
    5.00001E-02));
#1468 = CARTESIAN_POINT('',(-0.383974358974,3.205128205128E-02,
    5.00001E-02));
#1469 = ORIENTED_EDGE('',*,*,#1470,.T.);
#1470 = EDGE_CURVE('',#1464,#1471,#1473,.T.);
#1471 = VERTEX_POINT('',#1472);
#1472 = CARTESIAN_POINT('',(-0.368770032051,3.330669073875E-16,
    5.00001E-02));
#1473 = B_SPLINE_CURVE_WITH_KNOTS('',1,(#1474,#1475),.UNSPECIFIED.,.F.,
  .F.,(2,2),(0.,3.547472675462E-02),.PIECEWISE_BEZIER_KNOTS.);
#1474 = CARTESIAN_POINT('',(-0.383974358974,3.205128205128E-02,
    5.00001E-02));
#1475 = CARTESIAN_POINT('',(-0.368770032051,3.2625462141E-16,5.00001E-02
    ));
#1476 = ORIENTED_EDGE('',*,*,#1477,.T.);
#1477 = EDGE_CURVE('',#1471,#1427,#1478,.T.);
#1478 = B_SPLINE_CURVE_WITH_KNOTS('',1,(#1479,#1480),.UNSPECIFIED.,.F.,
  .F.,(2,2),(0.,9.795673076923E-03),.PIECEWISE_BEZIER_KNOTS.);
#1479 = CARTESIAN_POINT('',(-0.368770032051,3.330669073875E-16,
    5.00001E-02));
#1480 = CARTESIAN_POINT('',(-0.358974358974,3.330669073875E-16,
    5.00001E-02));
#1481 = FACE_BOUND('',#1482,.T.);
#1482 = EDGE_LOOP('',(#1483,#1492,#1497,#1498));
#1483 = ORIENTED_EDGE('',*,*,#1484,.T.);
#1484 = EDGE_CURVE('',#1485,#1487,#1489,.T.);
#1485 = VERTEX_POINT('',#1486);
#1486 = CARTESIAN_POINT('',(0.65,-0.95,5.00001E-02));
#1487 = VERTEX_POINT('',#1488);
#1488 = CARTESIAN_POINT('',(-0.65,-0.95,5.00001E-02));
#1489 = B_SPLINE_CURVE_WITH_KNOTS('',1,(#1490,#1491),.UNSPECIFIED.,.F.,
  .F.,(2,2),(0.,1.3),.PIECEWISE_BEZIER_KNOTS.);
#1490 = CARTESIAN_POINT('',(0.65,-0.95,5.00001E-02));
#1491 = CARTESIAN_POINT('',(-0.65,-0.95,5.00001E-02));
#1492 = ORIENTED_EDGE('',*,*,#1493,.T.);
#1493 = EDGE_CURVE('',#1487,#465,#1494,.T.);
#1494 = B_SPLINE_CURVE_WITH_KNOTS('',1,(#1495,#1496),.UNSPECIFIED.,.F.,
  .F.,(2,2),(0.,1.9),.PIECEWISE_BEZIER_KNOTS.);
#1495 = CARTESIAN_POINT('',(-0.65,-0.95,5.00001E-02));
#1496 = CARTESIAN_POINT('',(-0.65,0.95,5.00001E-02));
#1497 = ORIENTED_EDGE('',*,*,#464,.T.);
#1498 = ORIENTED_EDGE('',*,*,#1499,.T.);
#1499 = EDGE_CURVE('',#467,#1485,#1500,.T.);
#1500 = B_SPLINE_CURVE_WITH_KNOTS('',1,(#1501,#1502),.UNSPECIFIED.,.F.,
  .F.,(2,2),(0.,1.9),.PIECEWISE_BEZIER_KNOTS.);
#1501 = CARTESIAN_POINT('',(0.65,0.95,5.00001E-02));
#1502 = CARTESIAN_POINT('',(0.65,-0.95,5.00001E-02));
#1503 = FACE_BOUND('',#1504,.T.);
#1504 = EDGE_LOOP('',(#1505,#1539,#1546,#1553,#1560,#1576));
#1505 = ORIENTED_EDGE('',*,*,#1506,.T.);
#1506 = EDGE_CURVE('',#1507,#1509,#1511,.T.);
#1507 = VERTEX_POINT('',#1508);
#1508 = CARTESIAN_POINT('',(-0.346153846154,4.873798076923E-02,
    5.00001E-02));
#1509 = VERTEX_POINT('',#1510);
#1510 = CARTESIAN_POINT('',(-0.295092147436,3.330669073875E-16,
    5.00001E-02));
#1511 = B_SPLINE_CURVE_WITH_KNOTS('',3,(#1512,#1513,#1514,#1515,#1516,
    #1517,#1518,#1519,#1520,#1521,#1522,#1523,#1524,#1525,#1526,#1527,
    #1528,#1529,#1530,#1531,#1532,#1533,#1534,#1535,#1536,#1537,#1538),
  .UNSPECIFIED.,.F.,.F.,(4,1,1,1,1,1,1,1,1,1,1,1,1,1,1,1,1,1,1,1,1,1,1,1
    ,4),(0.,4.608068338725E-02,9.080679960762E-02,0.134295270529,
    0.177024385666,0.218822733683,0.260244116327,0.301079867113,
    0.341613894285,0.381583418552,0.42011959133,0.458074618542,
    0.494738487608,0.531194622894,0.56693369845,0.602712650738,
    0.638326606128,0.674853248855,0.713467370784,0.754441803848,
    0.797815360712,0.843989456208,0.89307156988,0.944963346178,1.),
  .UNSPECIFIED.);
#1512 = CARTESIAN_POINT('',(-0.346153846154,4.873798076923E-02,
    5.00001E-02));
#1513 = CARTESIAN_POINT('',(-0.346135875654,4.75019453839E-02,
    5.00001E-02));
#1514 = CARTESIAN_POINT('',(-0.346100462908,4.50662085568E-02,
    5.00001E-02));
#1515 = CARTESIAN_POINT('',(-0.345782482455,4.147646868229E-02,
    5.00001E-02));
#1516 = CARTESIAN_POINT('',(-0.345320301882,3.799322378673E-02,
    5.00001E-02));
#1517 = CARTESIAN_POINT('',(-0.344604753373,3.463306092837E-02,
    5.00001E-02));
#1518 = CARTESIAN_POINT('',(-0.343736110132,3.136654041735E-02,
    5.00001E-02));
#1519 = CARTESIAN_POINT('',(-0.342622848666,2.822847629321E-02,
    5.00001E-02));
#1520 = CARTESIAN_POINT('',(-0.341347548775,2.519008174085E-02,
    5.00001E-02));
#1521 = CARTESIAN_POINT('',(-0.339860409388,2.229243957204E-02,
    5.00001E-02));
#1522 = CARTESIAN_POINT('',(-0.338227798388,1.954720036243E-02,
    5.00001E-02));
#1523 = CARTESIAN_POINT('',(-0.336475748582,1.695932813045E-02,
    5.00001E-02));
#1524 = CARTESIAN_POINT('',(-0.334606128714,1.456575036442E-02,
    5.00001E-02));
#1525 = CARTESIAN_POINT('',(-0.33260111063,1.235921859193E-02,
    5.00001E-02));
#1526 = CARTESIAN_POINT('',(-0.330486604446,1.034305920924E-02,
    5.00001E-02));
#1527 = CARTESIAN_POINT('',(-0.32824876643,8.500430199324E-03,
    5.00001E-02));
#1528 = CARTESIAN_POINT('',(-0.325881822122,6.867385775094E-03,
    5.00001E-02));
#1529 = CARTESIAN_POINT('',(-0.3233963729,5.379754111726E-03,5.00001E-02
    ));
#1530 = CARTESIAN_POINT('',(-0.320719912066,4.082029668347E-03,
    5.00001E-02));
#1531 = CARTESIAN_POINT('',(-0.317801744461,2.984029388243E-03,
    5.00001E-02));
#1532 = CARTESIAN_POINT('',(-0.31462942509,2.074126091927E-03,
    5.00001E-02));
#1533 = CARTESIAN_POINT('',(-0.311210740606,1.314957640612E-03,
    5.00001E-02));
#1534 = CARTESIAN_POINT('',(-0.307539784099,7.127489936145E-04,
    5.00001E-02));
#1535 = CARTESIAN_POINT('',(-0.303612956504,3.091377811084E-04,
    5.00001E-02));
#1536 = CARTESIAN_POINT('',(-0.299436291085,3.61968470136E-05,
    5.00001E-02));
#1537 = CARTESIAN_POINT('',(-0.296568312078,1.229989384179E-05,
    5.00001E-02));
#1538 = CARTESIAN_POINT('',(-0.295092147436,3.330669073875E-16,
    5.00001E-02));
#1539 = ORIENTED_EDGE('',*,*,#1540,.T.);
#1540 = EDGE_CURVE('',#1509,#1541,#1543,.T.);
#1541 = VERTEX_POINT('',#1542);
#1542 = CARTESIAN_POINT('',(-0.264102564103,3.330669073875E-16,
    5.00001E-02));
#1543 = B_SPLINE_CURVE_WITH_KNOTS('',1,(#1544,#1545),.UNSPECIFIED.,.F.,
  .F.,(2,2),(0.,3.098958333333E-02),.PIECEWISE_BEZIER_KNOTS.);
#1544 = CARTESIAN_POINT('',(-0.295092147436,3.330669073875E-16,
    5.00001E-02));
#1545 = CARTESIAN_POINT('',(-0.264102564103,3.330669073875E-16,
    5.00001E-02));
#1546 = ORIENTED_EDGE('',*,*,#1547,.T.);
#1547 = EDGE_CURVE('',#1541,#1548,#1550,.T.);
#1548 = VERTEX_POINT('',#1549);
#1549 = CARTESIAN_POINT('',(-0.264102564103,0.1,5.00001E-02));
#1550 = B_SPLINE_CURVE_WITH_KNOTS('',1,(#1551,#1552),.UNSPECIFIED.,.F.,
  .F.,(2,2),(0.,0.1),.PIECEWISE_BEZIER_KNOTS.);
#1551 = CARTESIAN_POINT('',(-0.264102564103,3.330669073875E-16,
    5.00001E-02));
#1552 = CARTESIAN_POINT('',(-0.264102564103,0.1,5.00001E-02));
#1553 = ORIENTED_EDGE('',*,*,#1554,.T.);
#1554 = EDGE_CURVE('',#1548,#1555,#1557,.T.);
#1555 = VERTEX_POINT('',#1556);
#1556 = CARTESIAN_POINT('',(-0.284294871795,0.1,5.00001E-02));
#1557 = B_SPLINE_CURVE_WITH_KNOTS('',1,(#1558,#1559),.UNSPECIFIED.,.F.,
  .F.,(2,2),(0.,2.019230769231E-02),.PIECEWISE_BEZIER_KNOTS.);
#1558 = CARTESIAN_POINT('',(-0.264102564103,0.1,5.00001E-02));
#1559 = CARTESIAN_POINT('',(-0.284294871795,0.1,5.00001E-02));
#1560 = ORIENTED_EDGE('',*,*,#1561,.T.);
#1561 = EDGE_CURVE('',#1555,#1562,#1564,.T.);
#1562 = VERTEX_POINT('',#1563);
#1563 = CARTESIAN_POINT('',(-0.316025641026,9.639423076923E-02,
    5.00001E-02));
#1564 = B_SPLINE_CURVE_WITH_KNOTS('',3,(#1565,#1566,#1567,#1568,#1569,
    #1570,#1571,#1572,#1573,#1574,#1575),.UNSPECIFIED.,.F.,.F.,(4,1,1,1,
    1,1,1,1,4),(0.,0.164289216475,0.31740591123,0.458843611641,
    0.589366542305,0.707831318778,0.815770030699,0.912879902902,1.),
  .UNSPECIFIED.);
#1565 = CARTESIAN_POINT('',(-0.284294871795,0.1,5.00001E-02));
#1566 = CARTESIAN_POINT('',(-0.286051128601,9.998735514297E-02,
    5.00001E-02));
#1567 = CARTESIAN_POINT('',(-0.28944420761,9.9962925345E-02,5.00001E-02)
  );
#1568 = CARTESIAN_POINT('',(-0.294347420394,9.980802845526E-02,
    5.00001E-02));
#1569 = CARTESIAN_POINT('',(-0.298884099322,9.953401514531E-02,
    5.00001E-02));
#1570 = CARTESIAN_POINT('',(-0.303039323867,9.913488582718E-02,
    5.00001E-02));
#1571 = CARTESIAN_POINT('',(-0.306824501352,9.864479915228E-02,
    5.00001E-02));
#1572 = CARTESIAN_POINT('',(-0.310229033013,9.80305018853E-02,
    5.00001E-02));
#1573 = CARTESIAN_POINT('',(-0.31327052281,9.73051255886E-02,5.00001E-02
    ));
#1574 = CARTESIAN_POINT('',(-0.315141078255,9.668668415302E-02,
    5.00001E-02));
#1575 = CARTESIAN_POINT('',(-0.316025641026,9.639423076923E-02,
    5.00001E-02));
#1576 = ORIENTED_EDGE('',*,*,#1577,.T.);
#1577 = EDGE_CURVE('',#1562,#1507,#1578,.T.);
#1578 = B_SPLINE_CURVE_WITH_KNOTS('',3,(#1579,#1580,#1581,#1582,#1583,
    #1584,#1585,#1586,#1587,#1588,#1589,#1590,#1591,#1592,#1593,#1594,
    #1595,#1596,#1597),.UNSPECIFIED.,.F.,.F.,(4,1,1,1,1,1,1,1,1,1,1,1,1,
    1,1,1,4),(0.,6.154496601632E-02,0.121694296402,0.181154855453,
    0.239875388912,0.29870194245,0.357647423709,0.417604842849,
    0.478494040728,0.540407050637,0.602344993873,0.665004327923,
    0.728559308823,0.793650542027,0.86053426759,0.929235960562,1.),
  .UNSPECIFIED.);
#1579 = CARTESIAN_POINT('',(-0.316025641026,9.639423076923E-02,
    5.00001E-02));
#1580 = CARTESIAN_POINT('',(-0.317182633577,9.595335346512E-02,
    5.00001E-02));
#1581 = CARTESIAN_POINT('',(-0.319470381928,9.508159649138E-02,
    5.00001E-02));
#1582 = CARTESIAN_POINT('',(-0.322727728287,9.3437130739E-02,5.00001E-02
    ));
#1583 = CARTESIAN_POINT('',(-0.325794167229,9.157389926045E-02,
    5.00001E-02));
#1584 = CARTESIAN_POINT('',(-0.328686142797,8.948944604065E-02,
    5.00001E-02));
#1585 = CARTESIAN_POINT('',(-0.33133759498,8.712475036976E-02,
    5.00001E-02));
#1586 = CARTESIAN_POINT('',(-0.333852106315,8.458026220902E-02,
    5.00001E-02));
#1587 = CARTESIAN_POINT('',(-0.33612681271,8.176345248861E-02,
    5.00001E-02));
#1588 = CARTESIAN_POINT('',(-0.338209906882,7.87327385462E-02,
    5.00001E-02));
#1589 = CARTESIAN_POINT('',(-0.340088068581,7.552382276853E-02,
    5.00001E-02));
#1590 = CARTESIAN_POINT('',(-0.341720615948,7.214281966299E-02,
    5.00001E-02));
#1591 = CARTESIAN_POINT('',(-0.343076444329,6.86068994327E-02,
    5.00001E-02));
#1592 = CARTESIAN_POINT('',(-0.344201965089,6.492589520439E-02,
    5.00001E-02));
#1593 = CARTESIAN_POINT('',(-0.345089006733,6.109171298119E-02,
    5.00001E-02));
#1594 = CARTESIAN_POINT('',(-0.345694204782,5.709988823661E-02,
    5.00001E-02));
#1595 = CARTESIAN_POINT('',(-0.346093375921,5.296619711108E-02,
    5.00001E-02));
#1596 = CARTESIAN_POINT('',(-0.346133491673,5.016121243303E-02,
    5.00001E-02));
#1597 = CARTESIAN_POINT('',(-0.346153846154,4.873798076923E-02,
    5.00001E-02));
#1598 = FACE_BOUND('',#1599,.T.);
#1599 = EDGE_LOOP('',(#1600,#1609,#1616,#1623,#1630,#1637,#1644,#1651,
    #1658,#1665,#1672,#1679));
#1600 = ORIENTED_EDGE('',*,*,#1601,.T.);
#1601 = EDGE_CURVE('',#1602,#1604,#1606,.T.);
#1602 = VERTEX_POINT('',#1603);
#1603 = CARTESIAN_POINT('',(-0.246153846154,3.330669073875E-16,
    5.00001E-02));
#1604 = VERTEX_POINT('',#1605);
#1605 = CARTESIAN_POINT('',(-0.189743589744,3.330669073875E-16,
    5.00001E-02));
#1606 = B_SPLINE_CURVE_WITH_KNOTS('',1,(#1607,#1608),.UNSPECIFIED.,.F.,
  .F.,(2,2),(0.,5.641025641026E-02),.PIECEWISE_BEZIER_KNOTS.);
#1607 = CARTESIAN_POINT('',(-0.246153846154,3.330669073875E-16,
    5.00001E-02));
#1608 = CARTESIAN_POINT('',(-0.189743589744,3.330669073875E-16,
    5.00001E-02));
#1609 = ORIENTED_EDGE('',*,*,#1610,.T.);
#1610 = EDGE_CURVE('',#1604,#1611,#1613,.T.);
#1611 = VERTEX_POINT('',#1612);
#1612 = CARTESIAN_POINT('',(-0.189743589744,0.1,5.00001E-02));
#1613 = B_SPLINE_CURVE_WITH_KNOTS('',1,(#1614,#1615),.UNSPECIFIED.,.F.,
  .F.,(2,2),(0.,0.1),.PIECEWISE_BEZIER_KNOTS.);
#1614 = CARTESIAN_POINT('',(-0.189743589744,3.330669073875E-16,
    5.00001E-02));
#1615 = CARTESIAN_POINT('',(-0.189743589744,0.1,5.00001E-02));
#1616 = ORIENTED_EDGE('',*,*,#1617,.T.);
#1617 = EDGE_CURVE('',#1611,#1618,#1620,.T.);
#1618 = VERTEX_POINT('',#1619);
#1619 = CARTESIAN_POINT('',(-0.246153846154,0.1,5.00001E-02));
#1620 = B_SPLINE_CURVE_WITH_KNOTS('',1,(#1621,#1622),.UNSPECIFIED.,.F.,
  .F.,(2,2),(0.,5.641025641026E-02),.PIECEWISE_BEZIER_KNOTS.);
#1621 = CARTESIAN_POINT('',(-0.189743589744,0.1,5.00001E-02));
#1622 = CARTESIAN_POINT('',(-0.246153846154,0.1,5.00001E-02));
#1623 = ORIENTED_EDGE('',*,*,#1624,.T.);
#1624 = EDGE_CURVE('',#1618,#1625,#1627,.T.);
#1625 = VERTEX_POINT('',#1626);
#1626 = CARTESIAN_POINT('',(-0.246153846154,8.974358974359E-02,
    5.00001E-02));
#1627 = B_SPLINE_CURVE_WITH_KNOTS('',1,(#1628,#1629),.UNSPECIFIED.,.F.,
  .F.,(2,2),(0.,1.025641025641E-02),.PIECEWISE_BEZIER_KNOTS.);
#1628 = CARTESIAN_POINT('',(-0.246153846154,0.1,5.00001E-02));
#1629 = CARTESIAN_POINT('',(-0.246153846154,8.974358974359E-02,
    5.00001E-02));
#1630 = ORIENTED_EDGE('',*,*,#1631,.T.);
#1631 = EDGE_CURVE('',#1625,#1632,#1634,.T.);
#1632 = VERTEX_POINT('',#1633);
#1633 = CARTESIAN_POINT('',(-0.198717948718,8.974358974359E-02,
    5.00001E-02));
#1634 = B_SPLINE_CURVE_WITH_KNOTS('',1,(#1635,#1636),.UNSPECIFIED.,.F.,
  .F.,(2,2),(0.,4.74358974359E-02),.PIECEWISE_BEZIER_KNOTS.);
#1635 = CARTESIAN_POINT('',(-0.246153846154,8.974358974359E-02,
    5.00001E-02));
#1636 = CARTESIAN_POINT('',(-0.198717948718,8.974358974359E-02,
    5.00001E-02));
#1637 = ORIENTED_EDGE('',*,*,#1638,.T.);
#1638 = EDGE_CURVE('',#1632,#1639,#1641,.T.);
#1639 = VERTEX_POINT('',#1640);
#1640 = CARTESIAN_POINT('',(-0.198717948718,5.897435897436E-02,
    5.00001E-02));
#1641 = B_SPLINE_CURVE_WITH_KNOTS('',1,(#1642,#1643),.UNSPECIFIED.,.F.,
  .F.,(2,2),(0.,3.076923076923E-02),.PIECEWISE_BEZIER_KNOTS.);
#1642 = CARTESIAN_POINT('',(-0.198717948718,8.974358974359E-02,
    5.00001E-02));
#1643 = CARTESIAN_POINT('',(-0.198717948718,5.897435897436E-02,
    5.00001E-02));
#1644 = ORIENTED_EDGE('',*,*,#1645,.T.);
#1645 = EDGE_CURVE('',#1639,#1646,#1648,.T.);
#1646 = VERTEX_POINT('',#1647);
#1647 = CARTESIAN_POINT('',(-0.246153846154,5.897435897436E-02,
    5.00001E-02));
#1648 = B_SPLINE_CURVE_WITH_KNOTS('',1,(#1649,#1650),.UNSPECIFIED.,.F.,
  .F.,(2,2),(0.,4.74358974359E-02),.PIECEWISE_BEZIER_KNOTS.);
#1649 = CARTESIAN_POINT('',(-0.198717948718,5.897435897436E-02,
    5.00001E-02));
#1650 = CARTESIAN_POINT('',(-0.246153846154,5.897435897436E-02,
    5.00001E-02));
#1651 = ORIENTED_EDGE('',*,*,#1652,.T.);
#1652 = EDGE_CURVE('',#1646,#1653,#1655,.T.);
#1653 = VERTEX_POINT('',#1654);
#1654 = CARTESIAN_POINT('',(-0.246153846154,4.871794871795E-02,
    5.00001E-02));
#1655 = B_SPLINE_CURVE_WITH_KNOTS('',1,(#1656,#1657),.UNSPECIFIED.,.F.,
  .F.,(2,2),(0.,1.025641025641E-02),.PIECEWISE_BEZIER_KNOTS.);
#1656 = CARTESIAN_POINT('',(-0.246153846154,5.897435897436E-02,
    5.00001E-02));
#1657 = CARTESIAN_POINT('',(-0.246153846154,4.871794871795E-02,
    5.00001E-02));
#1658 = ORIENTED_EDGE('',*,*,#1659,.T.);
#1659 = EDGE_CURVE('',#1653,#1660,#1662,.T.);
#1660 = VERTEX_POINT('',#1661);
#1661 = CARTESIAN_POINT('',(-0.198717948718,4.871794871795E-02,
    5.00001E-02));
#1662 = B_SPLINE_CURVE_WITH_KNOTS('',1,(#1663,#1664),.UNSPECIFIED.,.F.,
  .F.,(2,2),(0.,4.74358974359E-02),.PIECEWISE_BEZIER_KNOTS.);
#1663 = CARTESIAN_POINT('',(-0.246153846154,4.871794871795E-02,
    5.00001E-02));
#1664 = CARTESIAN_POINT('',(-0.198717948718,4.871794871795E-02,
    5.00001E-02));
#1665 = ORIENTED_EDGE('',*,*,#1666,.T.);
#1666 = EDGE_CURVE('',#1660,#1667,#1669,.T.);
#1667 = VERTEX_POINT('',#1668);
#1668 = CARTESIAN_POINT('',(-0.198717948718,1.025641025641E-02,
    5.00001E-02));
#1669 = B_SPLINE_CURVE_WITH_KNOTS('',1,(#1670,#1671),.UNSPECIFIED.,.F.,
  .F.,(2,2),(0.,3.846153846154E-02),.PIECEWISE_BEZIER_KNOTS.);
#1670 = CARTESIAN_POINT('',(-0.198717948718,4.871794871795E-02,
    5.00001E-02));
#1671 = CARTESIAN_POINT('',(-0.198717948718,1.025641025641E-02,
    5.00001E-02));
#1672 = ORIENTED_EDGE('',*,*,#1673,.T.);
#1673 = EDGE_CURVE('',#1667,#1674,#1676,.T.);
#1674 = VERTEX_POINT('',#1675);
#1675 = CARTESIAN_POINT('',(-0.246153846154,1.025641025641E-02,
    5.00001E-02));
#1676 = B_SPLINE_CURVE_WITH_KNOTS('',1,(#1677,#1678),.UNSPECIFIED.,.F.,
  .F.,(2,2),(0.,4.74358974359E-02),.PIECEWISE_BEZIER_KNOTS.);
#1677 = CARTESIAN_POINT('',(-0.198717948718,1.025641025641E-02,
    5.00001E-02));
#1678 = CARTESIAN_POINT('',(-0.246153846154,1.025641025641E-02,
    5.00001E-02));
#1679 = ORIENTED_EDGE('',*,*,#1680,.T.);
#1680 = EDGE_CURVE('',#1674,#1602,#1681,.T.);
#1681 = B_SPLINE_CURVE_WITH_KNOTS('',1,(#1682,#1683),.UNSPECIFIED.,.F.,
  .F.,(2,2),(0.,1.025641025641E-02),.PIECEWISE_BEZIER_KNOTS.);
#1682 = CARTESIAN_POINT('',(-0.246153846154,1.025641025641E-02,
    5.00001E-02));
#1683 = CARTESIAN_POINT('',(-0.246153846154,3.330669073875E-16,
    5.00001E-02));
#1684 = FACE_BOUND('',#1685,.T.);
#1685 = EDGE_LOOP('',(#1686,#1712,#1736,#1743,#1763,#1795,#1819,#1835,
    #1842,#1866,#1890));
#1686 = ORIENTED_EDGE('',*,*,#1687,.T.);
#1687 = EDGE_CURVE('',#1688,#1690,#1692,.T.);
#1688 = VERTEX_POINT('',#1689);
#1689 = CARTESIAN_POINT('',(-7.179487179487E-02,5.058092948718E-02,
    5.00001E-02));
#1690 = VERTEX_POINT('',#1691);
#1691 = CARTESIAN_POINT('',(-0.125600961538,0.102564102564,5.00001E-02)
  );
#1692 = B_SPLINE_CURVE_WITH_KNOTS('',3,(#1693,#1694,#1695,#1696,#1697,
    #1698,#1699,#1700,#1701,#1702,#1703,#1704,#1705,#1706,#1707,#1708,
    #1709,#1710,#1711),.UNSPECIFIED.,.F.,.F.,(4,1,1,1,1,1,1,1,1,1,1,1,1,
    1,1,1,4),(0.,6.455784592972E-02,0.12701353155,0.187954810202,
    0.24801391279,0.307747681849,0.368234514697,0.429469843943,
    0.492743436747,0.556257768706,0.618216785543,0.679655475588,
    0.741245545621,0.803415264706,0.866815461544,0.932328311949,1.),
  .UNSPECIFIED.);
#1693 = CARTESIAN_POINT('',(-7.179487179487E-02,5.058092948718E-02,
    5.00001E-02));
#1694 = CARTESIAN_POINT('',(-7.18393058965E-02,5.237965673122E-02,
    5.00001E-02));
#1695 = CARTESIAN_POINT('',(-7.192672721746E-02,5.591854029013E-02,
    5.00001E-02));
#1696 = CARTESIAN_POINT('',(-7.266946423094E-02,6.111208181268E-02,
    5.00001E-02));
#1697 = CARTESIAN_POINT('',(-7.386428697927E-02,6.608783606563E-02,
    5.00001E-02));
#1698 = CARTESIAN_POINT('',(-7.556134093912E-02,7.083651448243E-02,
    5.00001E-02));
#1699 = CARTESIAN_POINT('',(-7.771292240499E-02,7.538309391763E-02,
    5.00001E-02));
#1700 = CARTESIAN_POINT('',(-8.037082565755E-02,7.969284262754E-02,
    5.00001E-02));
#1701 = CARTESIAN_POINT('',(-8.350417257816E-02,8.379332261772E-02,
    5.00001E-02));
#1702 = CARTESIAN_POINT('',(-8.708838879769E-02,8.762231551194E-02,
    5.00001E-02));
#1703 = CARTESIAN_POINT('',(-9.101888409197E-02,9.112343987257E-02,
    5.00001E-02));
#1704 = CARTESIAN_POINT('',(-9.522799306023E-02,9.420361712253E-02,
    5.00001E-02));
#1705 = CARTESIAN_POINT('',(-9.970747725945E-02,9.67669747225E-02,
    5.00001E-02));
#1706 = CARTESIAN_POINT('',(-0.104407987307,9.890972222039E-02,
    5.00001E-02));
#1707 = CARTESIAN_POINT('',(-0.109364721066,0.100556706881,5.00001E-02)
  );
#1708 = CARTESIAN_POINT('',(-0.114567103041,0.101709655072,5.00001E-02)
  );
#1709 = CARTESIAN_POINT('',(-0.120005357749,0.102427286966,5.00001E-02)
  );
#1710 = CARTESIAN_POINT('',(-0.123715712768,0.102518007192,5.00001E-02)
  );
#1711 = CARTESIAN_POINT('',(-0.125600961538,0.102564102564,5.00001E-02)
  );
#1712 = ORIENTED_EDGE('',*,*,#1713,.T.);
#1713 = EDGE_CURVE('',#1690,#1714,#1716,.T.);
#1714 = VERTEX_POINT('',#1715);
#1715 = CARTESIAN_POINT('',(-0.169230769231,8.165064102564E-02,
    5.00001E-02));
#1716 = B_SPLINE_CURVE_WITH_KNOTS('',3,(#1717,#1718,#1719,#1720,#1721,
    #1722,#1723,#1724,#1725,#1726,#1727,#1728,#1729,#1730,#1731,#1732,
    #1733,#1734,#1735),.UNSPECIFIED.,.F.,.F.,(4,1,1,1,1,1,1,1,1,1,1,1,1,
    1,1,1,4),(0.,6.85475367089E-02,0.135682945623,0.201214989526,
    0.265682234755,0.329266834817,0.392395427844,0.455069761652,
    0.517126850065,0.578790035287,0.639739863344,0.700191503666,
    0.759806242597,0.819628319275,0.879354791046,0.939511607765,1.),
  .UNSPECIFIED.);
#1717 = CARTESIAN_POINT('',(-0.125600961538,0.102564102564,5.00001E-02)
  );
#1718 = CARTESIAN_POINT('',(-0.126749946451,0.102550327187,5.00001E-02)
  );
#1719 = CARTESIAN_POINT('',(-0.129024246374,0.102523060216,5.00001E-02)
  );
#1720 = CARTESIAN_POINT('',(-0.132388607871,0.102257170441,5.00001E-02)
  );
#1721 = CARTESIAN_POINT('',(-0.135664102927,0.101813924549,5.00001E-02)
  );
#1722 = CARTESIAN_POINT('',(-0.138852988128,0.101210608269,5.00001E-02)
  );
#1723 = CARTESIAN_POINT('',(-0.141970777162,0.100461827655,5.00001E-02)
  );
#1724 = CARTESIAN_POINT('',(-0.144993641187,9.948639056052E-02,
    5.00001E-02));
#1725 = CARTESIAN_POINT('',(-0.147939317955,9.837106109436E-02,
    5.00001E-02));
#1726 = CARTESIAN_POINT('',(-0.150789229617,9.708653349613E-02,
    5.00001E-02));
#1727 = CARTESIAN_POINT('',(-0.153529702478,9.564462659879E-02,
    5.00001E-02));
#1728 = CARTESIAN_POINT('',(-0.156159883007,9.40613230689E-02,
    5.00001E-02));
#1729 = CARTESIAN_POINT('',(-0.15865887897,9.233858576877E-02,
    5.00001E-02));
#1730 = CARTESIAN_POINT('',(-0.16104427464,9.049106647135E-02,
    5.00001E-02));
#1731 = CARTESIAN_POINT('',(-0.163276166385,8.847967906291E-02,
    5.00001E-02));
#1732 = CARTESIAN_POINT('',(-0.165417922914,8.635974774938E-02,
    5.00001E-02));
#1733 = CARTESIAN_POINT('',(-0.167396810862,8.407020991631E-02,
    5.00001E-02));
#1734 = CARTESIAN_POINT('',(-0.168618330719,8.245864037606E-02,
    5.00001E-02));
#1735 = CARTESIAN_POINT('',(-0.169230769231,8.165064102564E-02,
    5.00001E-02));
#1736 = ORIENTED_EDGE('',*,*,#1737,.T.);
#1737 = EDGE_CURVE('',#1714,#1738,#1740,.T.);
#1738 = VERTEX_POINT('',#1739);
#1739 = CARTESIAN_POINT('',(-0.161378205128,7.564102564103E-02,
    5.00001E-02));
#1740 = B_SPLINE_CURVE_WITH_KNOTS('',1,(#1741,#1742),.UNSPECIFIED.,.F.,
  .F.,(2,2),(0.,9.888288024521E-03),.PIECEWISE_BEZIER_KNOTS.);
#1741 = CARTESIAN_POINT('',(-0.169230769231,8.165064102564E-02,
    5.00001E-02));
#1742 = CARTESIAN_POINT('',(-0.161378205128,7.564102564103E-02,
    5.00001E-02));
#1743 = ORIENTED_EDGE('',*,*,#1744,.T.);
#1744 = EDGE_CURVE('',#1738,#1745,#1747,.T.);
#1745 = VERTEX_POINT('',#1746);
#1746 = CARTESIAN_POINT('',(-0.125040064103,9.230769230769E-02,
    5.00001E-02));
#1747 = B_SPLINE_CURVE_WITH_KNOTS('',3,(#1748,#1749,#1750,#1751,#1752,
    #1753,#1754,#1755,#1756,#1757,#1758,#1759,#1760,#1761,#1762),
  .UNSPECIFIED.,.F.,.F.,(4,1,1,1,1,1,1,1,1,1,1,1,4),(0.,
    6.316325936347E-02,0.125474941031,0.187121219816,0.248294346114,
    0.309294856255,0.369850066067,0.430973375547,0.492455989673,
    0.616147966292,0.740843698467,0.86818264867,1.),.UNSPECIFIED.);
#1748 = CARTESIAN_POINT('',(-0.161378205128,7.564102564103E-02,
    5.00001E-02));
#1749 = CARTESIAN_POINT('',(-0.160818036889,7.630862477906E-02,
    5.00001E-02));
#1750 = CARTESIAN_POINT('',(-0.159705252694,7.763482237115E-02,
    5.00001E-02));
#1751 = CARTESIAN_POINT('',(-0.157914989765,7.949709507044E-02,
    5.00001E-02));
#1752 = CARTESIAN_POINT('',(-0.15604922854,8.124181682537E-02,
    5.00001E-02));
#1753 = CARTESIAN_POINT('',(-0.154108682219,8.287729910048E-02,
    5.00001E-02));
#1754 = CARTESIAN_POINT('',(-0.152058421662,8.434634955005E-02,
    5.00001E-02));
#1755 = CARTESIAN_POINT('',(-0.149948113129,8.572552391984E-02,
    5.00001E-02));
#1756 = CARTESIAN_POINT('',(-0.147742454695,8.696174500392E-02,
    5.00001E-02));
#1757 = CARTESIAN_POINT('',(-0.144692405133,8.846068746437E-02,
    5.00001E-02));
#1758 = CARTESIAN_POINT('',(-0.140702466611,9.002486332186E-02,
    5.00001E-02));
#1759 = CARTESIAN_POINT('',(-0.135679756923,9.133638421616E-02,
    5.00001E-02));
#1760 = CARTESIAN_POINT('',(-0.130436582681,9.217127494999E-02,
    5.00001E-02));
#1761 = CARTESIAN_POINT('',(-0.126859508406,9.226169899168E-02,
    5.00001E-02));
#1762 = CARTESIAN_POINT('',(-0.125040064103,9.230769230769E-02,
    5.00001E-02));
#1763 = ORIENTED_EDGE('',*,*,#1764,.T.);
#1764 = EDGE_CURVE('',#1745,#1765,#1767,.T.);
#1765 = VERTEX_POINT('',#1766);
#1766 = CARTESIAN_POINT('',(-8.076923076923E-02,4.989983974359E-02,
    5.00001E-02));
#1767 = B_SPLINE_CURVE_WITH_KNOTS('',3,(#1768,#1769,#1770,#1771,#1772,
    #1773,#1774,#1775,#1776,#1777,#1778,#1779,#1780,#1781,#1782,#1783,
    #1784,#1785,#1786,#1787,#1788,#1789,#1790,#1791,#1792,#1793,#1794),
  .UNSPECIFIED.,.F.,.F.,(4,1,1,1,1,1,1,1,1,1,1,1,1,1,1,1,1,1,1,1,1,1,1,1
    ,4),(0.,4.395490890619E-02,8.75018747976E-02,0.130462626731,
    0.172752020567,0.21540306738,0.257649829743,0.300152748957,
    0.343121489502,0.385925163206,0.427685727403,0.468817950487,
    0.509491800155,0.549883031073,0.589980022967,0.630405230007,
    0.670868626083,0.711383943838,0.751627258064,0.791775576865,
    0.832458918804,0.873319045017,0.914542955626,0.95692355821,1.),
  .UNSPECIFIED.);
#1768 = CARTESIAN_POINT('',(-0.125040064103,9.230769230769E-02,
    5.00001E-02));
#1769 = CARTESIAN_POINT('',(-0.124037684121,9.22961505217E-02,
    5.00001E-02));
#1770 = CARTESIAN_POINT('',(-0.122042227191,9.227317406837E-02,
    5.00001E-02));
#1771 = CARTESIAN_POINT('',(-0.119080842234,9.197005620537E-02,
    5.00001E-02));
#1772 = CARTESIAN_POINT('',(-0.116174755058,9.154402163267E-02,
    5.00001E-02));
#1773 = CARTESIAN_POINT('',(-0.113325856024,9.091186954057E-02,
    5.00001E-02));
#1774 = CARTESIAN_POINT('',(-0.110537771494,9.011265185264E-02,
    5.00001E-02));
#1775 = CARTESIAN_POINT('',(-0.107792274292,8.915764002625E-02,
    5.00001E-02));
#1776 = CARTESIAN_POINT('',(-0.105129114298,8.797607317311E-02,
    5.00001E-02));
#1777 = CARTESIAN_POINT('',(-0.102511450349,8.667012288862E-02,
    5.00001E-02));
#1778 = CARTESIAN_POINT('',(-0.100003472892,8.519505303882E-02,
    5.00001E-02));
#1779 = CARTESIAN_POINT('',(-9.763047152683E-02,8.358610012791E-02,
    5.00001E-02));
#1780 = CARTESIAN_POINT('',(-9.54011010148E-02,8.186126880106E-02,
    5.00001E-02));
#1781 = CARTESIAN_POINT('',(-9.331359781099E-02,8.001409433313E-02,
    5.00001E-02));
#1782 = CARTESIAN_POINT('',(-9.136582785855E-02,7.80528954624E-02,
    5.00001E-02));
#1783 = CARTESIAN_POINT('',(-8.957190469269E-02,7.5956771417E-02,
    5.00001E-02));
#1784 = CARTESIAN_POINT('',(-8.793803582796E-02,7.373242360222E-02,
    5.00001E-02));
#1785 = CARTESIAN_POINT('',(-8.643183511186E-02,7.140918338626E-02,
    5.00001E-02));
#1786 = CARTESIAN_POINT('',(-8.508289987316E-02,6.899381791098E-02,
    5.00001E-02));
#1787 = CARTESIAN_POINT('',(-8.39534747477E-02,6.647738732702E-02,
    5.00001E-02));
#1788 = CARTESIAN_POINT('',(-8.295332839897E-02,6.390298438328E-02,
    5.00001E-02));
#1789 = CARTESIAN_POINT('',(-8.216192146623E-02,6.124152264532E-02,
    5.00001E-02));
#1790 = CARTESIAN_POINT('',(-8.153550669962E-02,5.851172933551E-02,
    5.00001E-02));
#1791 = CARTESIAN_POINT('',(-8.110328774895E-02,5.570627825122E-02,
    5.00001E-02));
#1792 = CARTESIAN_POINT('',(-8.08036171434E-02,5.283103026273E-02,
    5.00001E-02));
#1793 = CARTESIAN_POINT('',(-8.078075494623E-02,5.088219275946E-02,
    5.00001E-02));
#1794 = CARTESIAN_POINT('',(-8.076923076923E-02,4.989983974359E-02,
    5.00001E-02));
#1795 = ORIENTED_EDGE('',*,*,#1796,.T.);
#1796 = EDGE_CURVE('',#1765,#1797,#1799,.T.);
#1797 = VERTEX_POINT('',#1798);
#1798 = CARTESIAN_POINT('',(-0.125661057692,7.692307692308E-03,
    5.00001E-02));
#1799 = B_SPLINE_CURVE_WITH_KNOTS('',3,(#1800,#1801,#1802,#1803,#1804,
    #1805,#1806,#1807,#1808,#1809,#1810,#1811,#1812,#1813,#1814,#1815,
    #1816,#1817,#1818),.UNSPECIFIED.,.F.,.F.,(4,1,1,1,1,1,1,1,1,1,1,1,1,
    1,1,1,4),(0.,6.432321657984E-02,0.126290103704,0.186726469216,
    0.246146432335,0.305575642646,0.365429385618,0.426326308948,
    0.488839906401,0.551724971814,0.613918596466,0.675483765768,
    0.737333897099,0.800229044395,0.864502298123,0.931040739156,1.),
  .UNSPECIFIED.);
#1800 = CARTESIAN_POINT('',(-8.076923076923E-02,4.989983974359E-02,
    5.00001E-02));
#1801 = CARTESIAN_POINT('',(-8.080528274134E-02,4.842180203151E-02,
    5.00001E-02));
#1802 = CARTESIAN_POINT('',(-8.087606600653E-02,4.551987103581E-02,
    5.00001E-02));
#1803 = CARTESIAN_POINT('',(-8.150601840883E-02,4.126928216321E-02,
    5.00001E-02));
#1804 = CARTESIAN_POINT('',(-8.246330673136E-02,3.719726291234E-02,
    5.00001E-02));
#1805 = CARTESIAN_POINT('',(-8.389803750095E-02,3.332926741774E-02,
    5.00001E-02));
#1806 = CARTESIAN_POINT('',(-8.566715323125E-02,2.961760004466E-02,
    5.00001E-02));
#1807 = CARTESIAN_POINT('',(-8.790259927426E-02,2.61250613759E-02,
    5.00001E-02));
#1808 = CARTESIAN_POINT('',(-9.049164319895E-02,2.279887381843E-02,
    5.00001E-02));
#1809 = CARTESIAN_POINT('',(-9.347091232641E-02,1.97176467399E-02,
    5.00001E-02));
#1810 = CARTESIAN_POINT('',(-9.67396499261E-02,1.690296887424E-02,
    5.00001E-02));
#1811 = CARTESIAN_POINT('',(-0.100246733115,1.442438083106E-02,
    5.00001E-02));
#1812 = CARTESIAN_POINT('',(-0.103983427051,1.235824133202E-02,
    5.00001E-02));
#1813 = CARTESIAN_POINT('',(-0.107908473628,1.063892857442E-02,
    5.00001E-02));
#1814 = CARTESIAN_POINT('',(-0.112052076883,9.317307784257E-03,
    5.00001E-02));
#1815 = CARTESIAN_POINT('',(-0.116406785523,8.386904255592E-03,
    5.00001E-02));
#1816 = CARTESIAN_POINT('',(-0.120963128245,7.779984811546E-03,
    5.00001E-02));
#1817 = CARTESIAN_POINT('',(-0.12407653967,7.721879438142E-03,
    5.00001E-02));
#1818 = CARTESIAN_POINT('',(-0.125661057692,7.692307692308E-03,
    5.00001E-02));
#1819 = ORIENTED_EDGE('',*,*,#1820,.T.);
#1820 = EDGE_CURVE('',#1797,#1821,#1823,.T.);
#1821 = VERTEX_POINT('',#1822);
#1822 = CARTESIAN_POINT('',(-0.161378205128,2.435897435897E-02,
    5.00001E-02));
#1823 = B_SPLINE_CURVE_WITH_KNOTS('',3,(#1824,#1825,#1826,#1827,#1828,
    #1829,#1830,#1831,#1832,#1833,#1834),.UNSPECIFIED.,.F.,.F.,(4,1,1,1,
    1,1,1,1,4),(0.,0.128515189512,0.252948636353,0.374754734006,
    0.495939753867,0.61718064143,0.740909469278,0.867811148186,1.),
  .UNSPECIFIED.);
#1824 = CARTESIAN_POINT('',(-0.125661057692,7.692307692308E-03,
    5.00001E-02));
#1825 = CARTESIAN_POINT('',(-0.127406848806,7.740558542334E-03,
    5.00001E-02));
#1826 = CARTESIAN_POINT('',(-0.130842983347,7.83552775775E-03,
    5.00001E-02));
#1827 = CARTESIAN_POINT('',(-0.135882069814,8.640077732689E-03,
    5.00001E-02));
#1828 = CARTESIAN_POINT('',(-0.140705948832,9.944589670832E-03,
    5.00001E-02));
#1829 = CARTESIAN_POINT('',(-0.145314879876,1.177024459424E-02,
    5.00001E-02));
#1830 = CARTESIAN_POINT('',(-0.149695869767,1.414353853432E-02,
    5.00001E-02));
#1831 = CARTESIAN_POINT('',(-0.153855774348,1.702062074596E-02,
    5.00001E-02));
#1832 = CARTESIAN_POINT('',(-0.157798104934,2.042885882483E-02,
    5.00001E-02));
#1833 = CARTESIAN_POINT('',(-0.160168712997,2.303123391789E-02,
    5.00001E-02));
#1834 = CARTESIAN_POINT('',(-0.161378205128,2.435897435897E-02,
    5.00001E-02));
#1835 = ORIENTED_EDGE('',*,*,#1836,.T.);
#1836 = EDGE_CURVE('',#1821,#1837,#1839,.T.);
#1837 = VERTEX_POINT('',#1838);
#1838 = CARTESIAN_POINT('',(-0.169230769231,1.840945512821E-02,
    5.00001E-02));
#1839 = B_SPLINE_CURVE_WITH_KNOTS('',1,(#1840,#1841),.UNSPECIFIED.,.F.,
  .F.,(2,2),(0.,9.851880128289E-03),.PIECEWISE_BEZIER_KNOTS.);
#1840 = CARTESIAN_POINT('',(-0.161378205128,2.435897435897E-02,
    5.00001E-02));
#1841 = CARTESIAN_POINT('',(-0.169230769231,1.840945512821E-02,
    5.00001E-02));
#1842 = ORIENTED_EDGE('',*,*,#1843,.T.);
#1843 = EDGE_CURVE('',#1837,#1844,#1846,.T.);
#1844 = VERTEX_POINT('',#1845);
#1845 = CARTESIAN_POINT('',(-0.125721153846,-2.564102564102E-03,
    5.00001E-02));
#1846 = B_SPLINE_CURVE_WITH_KNOTS('',3,(#1847,#1848,#1849,#1850,#1851,
    #1852,#1853,#1854,#1855,#1856,#1857,#1858,#1859,#1860,#1861,#1862,
    #1863,#1864,#1865),.UNSPECIFIED.,.F.,.F.,(4,1,1,1,1,1,1,1,1,1,1,1,1,
    1,1,1,4),(0.,6.167423887743E-02,0.123053061635,0.183475000732,
    0.243726500511,0.304278916512,0.364862920961,0.425946203969,
    0.487391229965,0.549220384075,0.611143588693,0.67352853031,
    0.736961456657,0.800785282873,0.866012595642,0.932100747791,1.),
  .UNSPECIFIED.);
#1847 = CARTESIAN_POINT('',(-0.169230769231,1.840945512821E-02,
    5.00001E-02));
#1848 = CARTESIAN_POINT('',(-0.168598823234,1.759407078754E-02,
    5.00001E-02));
#1849 = CARTESIAN_POINT('',(-0.167337958227,1.596720775114E-02,
    5.00001E-02));
#1850 = CARTESIAN_POINT('',(-0.165296300598,1.367373033045E-02,
    5.00001E-02));
#1851 = CARTESIAN_POINT('',(-0.163145520673,1.151647217333E-02,
    5.00001E-02));
#1852 = CARTESIAN_POINT('',(-0.160869643244,9.512825852545E-03,
    5.00001E-02));
#1853 = CARTESIAN_POINT('',(-0.158494849199,7.622698263835E-03,
    5.00001E-02));
#1854 = CARTESIAN_POINT('',(-0.155978497417,5.899788798815E-03,
    5.00001E-02));
#1855 = CARTESIAN_POINT('',(-0.153353667917,4.32004924789E-03,
    5.00001E-02));
#1856 = CARTESIAN_POINT('',(-0.150629254234,2.873565690402E-03,
    5.00001E-02));
#1857 = CARTESIAN_POINT('',(-0.147808151011,1.590215775416E-03,
    5.00001E-02));
#1858 = CARTESIAN_POINT('',(-0.144893738584,4.915366956447E-04,
    5.00001E-02));
#1859 = CARTESIAN_POINT('',(-0.141898579284,-4.548887195705E-04,
    5.00001E-02));
#1860 = CARTESIAN_POINT('',(-0.138822536187,-1.23351548311E-03,
    5.00001E-02));
#1861 = CARTESIAN_POINT('',(-0.135659228849,-1.841260736637E-03,
    5.00001E-02));
#1862 = CARTESIAN_POINT('',(-0.132420072446,-2.247537160773E-03,
    5.00001E-02));
#1863 = CARTESIAN_POINT('',(-0.129098076011,-2.525877573197E-03,
    5.00001E-02));
#1864 = CARTESIAN_POINT('',(-0.126856892551,-2.551246596589E-03,
    5.00001E-02));
#1865 = CARTESIAN_POINT('',(-0.125721153846,-2.564102564102E-03,
    5.00001E-02));
#1866 = ORIENTED_EDGE('',*,*,#1867,.T.);
#1867 = EDGE_CURVE('',#1844,#1868,#1870,.T.);
#1868 = VERTEX_POINT('',#1869);
#1869 = CARTESIAN_POINT('',(-8.447516025641E-02,1.492387820513E-02,
    5.00001E-02));
#1870 = B_SPLINE_CURVE_WITH_KNOTS('',3,(#1871,#1872,#1873,#1874,#1875,
    #1876,#1877,#1878,#1879,#1880,#1881,#1882,#1883,#1884,#1885,#1886,
    #1887,#1888,#1889),.UNSPECIFIED.,.F.,.F.,(4,1,1,1,1,1,1,1,1,1,1,1,1,
    1,1,1,4),(0.,6.966280089908E-02,0.137749562258,0.203916743518,
    0.268779862329,0.332413706477,0.394753540447,0.456180031659,
    0.516995649197,0.577395937966,0.637198343509,0.696999184261,
    0.756756194226,0.816553905273,0.876947996598,0.938131787921,1.),
  .UNSPECIFIED.);
#1871 = CARTESIAN_POINT('',(-0.125721153846,-2.564102564102E-03,
    5.00001E-02));
#1872 = CARTESIAN_POINT('',(-0.124645620502,-2.556617062508E-03,
    5.00001E-02));
#1873 = CARTESIAN_POINT('',(-0.122518886499,-2.541815410055E-03,
    5.00001E-02));
#1874 = CARTESIAN_POINT('',(-0.119378922167,-2.302039198313E-03,
    5.00001E-02));
#1875 = CARTESIAN_POINT('',(-0.116322077001,-1.974903858028E-03,
    5.00001E-02));
#1876 = CARTESIAN_POINT('',(-0.113357087691,-1.482328684771E-03,
    5.00001E-02));
#1877 = CARTESIAN_POINT('',(-0.110467774118,-9.010618260887E-04,
    5.00001E-02));
#1878 = CARTESIAN_POINT('',(-0.107680328847,-1.218830653681E-04,
    5.00001E-02));
#1879 = CARTESIAN_POINT('',(-0.104967322837,7.509502659502E-04,
    5.00001E-02));
#1880 = CARTESIAN_POINT('',(-0.10233965596,1.776807030085E-03,
    5.00001E-02));
#1881 = CARTESIAN_POINT('',(-9.979509310834E-02,2.934412245439E-03,
    5.00001E-02));
#1882 = CARTESIAN_POINT('',(-9.734184135497E-02,4.242742499757E-03,
    5.00001E-02));
#1883 = CARTESIAN_POINT('',(-9.498102900072E-02,5.690795775793E-03,
    5.00001E-02));
#1884 = CARTESIAN_POINT('',(-9.268944554771E-02,7.246653216469E-03,
    5.00001E-02));
#1885 = CARTESIAN_POINT('',(-9.050094315699E-02,8.960290412767E-03,
    5.00001E-02));
#1886 = CARTESIAN_POINT('',(-8.83965567185E-02,1.080790854144E-02,
    5.00001E-02));
#1887 = CARTESIAN_POINT('',(-8.636448596899E-02,1.27832802772E-02,
    5.00001E-02));
#1888 = CARTESIAN_POINT('',(-8.51072663978E-02,1.420770465841E-02,
    5.00001E-02));
#1889 = CARTESIAN_POINT('',(-8.447516025641E-02,1.492387820513E-02,
    5.00001E-02));
#1890 = ORIENTED_EDGE('',*,*,#1891,.T.);
#1891 = EDGE_CURVE('',#1868,#1688,#1892,.T.);
#1892 = B_SPLINE_CURVE_WITH_KNOTS('',3,(#1893,#1894,#1895,#1896,#1897,
    #1898,#1899,#1900,#1901,#1902,#1903),.UNSPECIFIED.,.F.,.F.,(4,1,1,1,
    1,1,1,1,4),(0.,0.124328509594,0.247156016361,0.368779749291,
    0.490733862402,0.613613771848,0.738957575722,0.867310575191,1.),
  .UNSPECIFIED.);
#1893 = CARTESIAN_POINT('',(-8.447516025641E-02,1.492387820513E-02,
    5.00001E-02));
#1894 = CARTESIAN_POINT('',(-8.346271329927E-02,1.616791217419E-02,
    5.00001E-02));
#1895 = CARTESIAN_POINT('',(-8.145004253277E-02,1.864096104299E-02,
    5.00001E-02));
#1896 = CARTESIAN_POINT('',(-7.887502300273E-02,2.264913193609E-02,
    5.00001E-02));
#1897 = CARTESIAN_POINT('',(-7.667080713961E-02,2.683393790397E-02,
    5.00001E-02));
#1898 = CARTESIAN_POINT('',(-7.488863797452E-02,3.12173644405E-02,
    5.00001E-02));
#1899 = CARTESIAN_POINT('',(-7.349541702724E-02,3.578957550451E-02,
    5.00001E-02));
#1900 = CARTESIAN_POINT('',(-7.253024002497E-02,4.055287591624E-02,
    5.00001E-02));
#1901 = CARTESIAN_POINT('',(-7.19030513256E-02,4.550281712202E-02,
    5.00001E-02));
#1902 = CARTESIAN_POINT('',(-7.1831328789E-02,4.88695825123E-02,
    5.00001E-02));
#1903 = CARTESIAN_POINT('',(-7.179487179487E-02,5.058092948718E-02,
    5.00001E-02));
#1904 = FACE_BOUND('',#1905,.T.);
#1905 = EDGE_LOOP('',(#1906,#1915,#1922,#1929,#1936,#1943));
#1906 = ORIENTED_EDGE('',*,*,#1907,.T.);
#1907 = EDGE_CURVE('',#1908,#1910,#1912,.T.);
#1908 = VERTEX_POINT('',#1909);
#1909 = CARTESIAN_POINT('',(-6.025641025641E-02,3.330669073875E-16,
    5.00001E-02));
#1910 = VERTEX_POINT('',#1911);
#1911 = CARTESIAN_POINT('',(-1.282051282051E-02,3.330669073875E-16,
    5.00001E-02));
#1912 = B_SPLINE_CURVE_WITH_KNOTS('',1,(#1913,#1914),.UNSPECIFIED.,.F.,
  .F.,(2,2),(0.,4.74358974359E-02),.PIECEWISE_BEZIER_KNOTS.);
#1913 = CARTESIAN_POINT('',(-6.025641025641E-02,3.330669073875E-16,
    5.00001E-02));
#1914 = CARTESIAN_POINT('',(-1.282051282051E-02,3.330669073875E-16,
    5.00001E-02));
#1915 = ORIENTED_EDGE('',*,*,#1916,.T.);
#1916 = EDGE_CURVE('',#1910,#1917,#1919,.T.);
#1917 = VERTEX_POINT('',#1918);
#1918 = CARTESIAN_POINT('',(-1.282051282051E-02,0.1,5.00001E-02));
#1919 = B_SPLINE_CURVE_WITH_KNOTS('',1,(#1920,#1921),.UNSPECIFIED.,.F.,
  .F.,(2,2),(0.,0.1),.PIECEWISE_BEZIER_KNOTS.);
#1920 = CARTESIAN_POINT('',(-1.282051282051E-02,3.330669073875E-16,
    5.00001E-02));
#1921 = CARTESIAN_POINT('',(-1.282051282051E-02,0.1,5.00001E-02));
#1922 = ORIENTED_EDGE('',*,*,#1923,.T.);
#1923 = EDGE_CURVE('',#1917,#1924,#1926,.T.);
#1924 = VERTEX_POINT('',#1925);
#1925 = CARTESIAN_POINT('',(-2.179487179487E-02,0.1,5.00001E-02));
#1926 = B_SPLINE_CURVE_WITH_KNOTS('',1,(#1927,#1928),.UNSPECIFIED.,.F.,
  .F.,(2,2),(0.,8.974358974359E-03),.PIECEWISE_BEZIER_KNOTS.);
#1927 = CARTESIAN_POINT('',(-1.282051282051E-02,0.1,5.00001E-02));
#1928 = CARTESIAN_POINT('',(-2.179487179487E-02,0.1,5.00001E-02));
#1929 = ORIENTED_EDGE('',*,*,#1930,.T.);
#1930 = EDGE_CURVE('',#1924,#1931,#1933,.T.);
#1931 = VERTEX_POINT('',#1932);
#1932 = CARTESIAN_POINT('',(-2.179487179487E-02,1.025641025641E-02,
    5.00001E-02));
#1933 = B_SPLINE_CURVE_WITH_KNOTS('',1,(#1934,#1935),.UNSPECIFIED.,.F.,
  .F.,(2,2),(0.,8.974358974359E-02),.PIECEWISE_BEZIER_KNOTS.);
#1934 = CARTESIAN_POINT('',(-2.179487179487E-02,0.1,5.00001E-02));
#1935 = CARTESIAN_POINT('',(-2.179487179487E-02,1.025641025641E-02,
    5.00001E-02));
#1936 = ORIENTED_EDGE('',*,*,#1937,.T.);
#1937 = EDGE_CURVE('',#1931,#1938,#1940,.T.);
#1938 = VERTEX_POINT('',#1939);
#1939 = CARTESIAN_POINT('',(-6.025641025641E-02,1.025641025641E-02,
    5.00001E-02));
#1940 = B_SPLINE_CURVE_WITH_KNOTS('',1,(#1941,#1942),.UNSPECIFIED.,.F.,
  .F.,(2,2),(0.,3.846153846154E-02),.PIECEWISE_BEZIER_KNOTS.);
#1941 = CARTESIAN_POINT('',(-2.179487179487E-02,1.025641025641E-02,
    5.00001E-02));
#1942 = CARTESIAN_POINT('',(-6.025641025641E-02,1.025641025641E-02,
    5.00001E-02));
#1943 = ORIENTED_EDGE('',*,*,#1944,.T.);
#1944 = EDGE_CURVE('',#1938,#1908,#1945,.T.);
#1945 = B_SPLINE_CURVE_WITH_KNOTS('',1,(#1946,#1947),.UNSPECIFIED.,.F.,
  .F.,(2,2),(0.,1.025641025641E-02),.PIECEWISE_BEZIER_KNOTS.);
#1946 = CARTESIAN_POINT('',(-6.025641025641E-02,1.025641025641E-02,
    5.00001E-02));
#1947 = CARTESIAN_POINT('',(-6.025641025641E-02,3.330669073875E-16,
    5.00001E-02));
#1948 = B_SPLINE_SURFACE_WITH_KNOTS('',1,1,(
    (#1949,#1950)
    ,(#1951,#1952
    )),.UNSPECIFIED.,.F.,.F.,.F.,(2,2),(2,2),(-0.65,0.65),(-0.95,0.95),
  .PIECEWISE_BEZIER_KNOTS.);
#1949 = CARTESIAN_POINT('',(0.65,-0.95,5.00001E-02));
#1950 = CARTESIAN_POINT('',(0.65,0.95,5.00001E-02));
#1951 = CARTESIAN_POINT('',(-0.65,-0.95,5.00001E-02));
#1952 = CARTESIAN_POINT('',(-0.65,0.95,5.00001E-02));
#1953 = ADVANCED_FACE('',(#1954),#1984,.F.);
#1954 = FACE_BOUND('',#1955,.T.);
#1955 = EDGE_LOOP('',(#1956,#1965,#1972,#1979));
#1956 = ORIENTED_EDGE('',*,*,#1957,.T.);
#1957 = EDGE_CURVE('',#1958,#1960,#1962,.T.);
#1958 = VERTEX_POINT('',#1959);
#1959 = CARTESIAN_POINT('',(0.69,-0.96,1.00000000111E-07));
#1960 = VERTEX_POINT('',#1961);
#1961 = CARTESIAN_POINT('',(0.69,0.96,1.00000000111E-07));
#1962 = B_SPLINE_CURVE_WITH_KNOTS('',1,(#1963,#1964),.UNSPECIFIED.,.F.,
  .F.,(2,2),(-0.96,0.96),.PIECEWISE_BEZIER_KNOTS.);
#1963 = CARTESIAN_POINT('',(0.69,-0.96,1.00000000111E-07));
#1964 = CARTESIAN_POINT('',(0.69,0.96,1.00000000111E-07));
#1965 = ORIENTED_EDGE('',*,*,#1966,.T.);
#1966 = EDGE_CURVE('',#1960,#1967,#1969,.T.);
#1967 = VERTEX_POINT('',#1968);
#1968 = CARTESIAN_POINT('',(1.21,0.96,1.00000000111E-07));
#1969 = B_SPLINE_CURVE_WITH_KNOTS('',1,(#1970,#1971),.UNSPECIFIED.,.F.,
  .F.,(2,2),(0.69,1.21),.PIECEWISE_BEZIER_KNOTS.);
#1970 = CARTESIAN_POINT('',(0.69,0.96,1.00000000111E-07));
#1971 = CARTESIAN_POINT('',(1.21,0.96,1.00000000111E-07));
#1972 = ORIENTED_EDGE('',*,*,#1973,.T.);
#1973 = EDGE_CURVE('',#1967,#1974,#1976,.T.);
#1974 = VERTEX_POINT('',#1975);
#1975 = CARTESIAN_POINT('',(1.21,-0.96,1.00000000111E-07));
#1976 = B_SPLINE_CURVE_WITH_KNOTS('',1,(#1977,#1978),.UNSPECIFIED.,.F.,
  .F.,(2,2),(-0.96,0.96),.PIECEWISE_BEZIER_KNOTS.);
#1977 = CARTESIAN_POINT('',(1.21,0.96,1.00000000111E-07));
#1978 = CARTESIAN_POINT('',(1.21,-0.96,1.00000000111E-07));
#1979 = ORIENTED_EDGE('',*,*,#1980,.T.);
#1980 = EDGE_CURVE('',#1974,#1958,#1981,.T.);
#1981 = B_SPLINE_CURVE_WITH_KNOTS('',1,(#1982,#1983),.UNSPECIFIED.,.F.,
  .F.,(2,2),(-1.21,-0.69),.PIECEWISE_BEZIER_KNOTS.);
#1982 = CARTESIAN_POINT('',(1.21,-0.96,1.00000000111E-07));
#1983 = CARTESIAN_POINT('',(0.69,-0.96,1.00000000111E-07));
#1984 = B_SPLINE_SURFACE_WITH_KNOTS('',1,1,(
    (#1985,#1986)
    ,(#1987,#1988
    )),.UNSPECIFIED.,.F.,.F.,.F.,(2,2),(2,2),(0.69,1.21),(-0.96,0.96),
  .PIECEWISE_BEZIER_KNOTS.);
#1985 = CARTESIAN_POINT('',(0.69,-0.96,1.00000000111E-07));
#1986 = CARTESIAN_POINT('',(0.69,0.96,1.00000000111E-07));
#1987 = CARTESIAN_POINT('',(1.21,-0.96,1.00000000111E-07));
#1988 = CARTESIAN_POINT('',(1.21,0.96,1.00000000111E-07));
#1989 = ADVANCED_FACE('',(#1990),#2012,.F.);
#1990 = FACE_BOUND('',#1991,.T.);
#1991 = EDGE_LOOP('',(#1992,#1993,#2000,#2007));
#1992 = ORIENTED_EDGE('',*,*,#1484,.F.);
#1993 = ORIENTED_EDGE('',*,*,#1994,.T.);
#1994 = EDGE_CURVE('',#1485,#1995,#1997,.T.);
#1995 = VERTEX_POINT('',#1996);
#1996 = CARTESIAN_POINT('',(0.65,-0.95,0.6500001));
#1997 = B_SPLINE_CURVE_WITH_KNOTS('',1,(#1998,#1999),.UNSPECIFIED.,.F.,
  .F.,(2,2),(9.5,10.1),.PIECEWISE_BEZIER_KNOTS.);
#1998 = CARTESIAN_POINT('',(0.65,-0.95,5.00001E-02));
#1999 = CARTESIAN_POINT('',(0.65,-0.95,0.6500001));
#2000 = ORIENTED_EDGE('',*,*,#2001,.T.);
#2001 = EDGE_CURVE('',#1995,#2002,#2004,.T.);
#2002 = VERTEX_POINT('',#2003);
#2003 = CARTESIAN_POINT('',(-0.65,-0.95,0.6500001));
#2004 = B_SPLINE_CURVE_WITH_KNOTS('',1,(#2005,#2006),.UNSPECIFIED.,.F.,
  .F.,(2,2),(-1.3,-0.),.PIECEWISE_BEZIER_KNOTS.);
#2005 = CARTESIAN_POINT('',(0.65,-0.95,0.6500001));
#2006 = CARTESIAN_POINT('',(-0.65,-0.95,0.6500001));
#2007 = ORIENTED_EDGE('',*,*,#2008,.F.);
#2008 = EDGE_CURVE('',#1487,#2002,#2009,.T.);
#2009 = B_SPLINE_CURVE_WITH_KNOTS('',1,(#2010,#2011),.UNSPECIFIED.,.F.,
  .F.,(2,2),(9.5,10.1),.PIECEWISE_BEZIER_KNOTS.);
#2010 = CARTESIAN_POINT('',(-0.65,-0.95,5.00001E-02));
#2011 = CARTESIAN_POINT('',(-0.65,-0.95,0.6500001));
#2012 = B_SPLINE_SURFACE_WITH_KNOTS('',1,1,(
    (#2013,#2014)
    ,(#2015,#2016
    )),.UNSPECIFIED.,.F.,.F.,.F.,(2,2),(2,2),(9.5,10.1),(0.,1.3),
  .PIECEWISE_BEZIER_KNOTS.);
#2013 = CARTESIAN_POINT('',(-0.65,-0.95,5.00001E-02));
#2014 = CARTESIAN_POINT('',(0.65,-0.95,5.00001E-02));
#2015 = CARTESIAN_POINT('',(-0.65,-0.95,0.6500001));
#2016 = CARTESIAN_POINT('',(0.65,-0.95,0.6500001));
#2017 = ADVANCED_FACE('',(#2018),#2048,.F.);
#2018 = FACE_BOUND('',#2019,.T.);
#2019 = EDGE_LOOP('',(#2020,#2029,#2036,#2043));
#2020 = ORIENTED_EDGE('',*,*,#2021,.T.);
#2021 = EDGE_CURVE('',#2022,#2024,#2026,.T.);
#2022 = VERTEX_POINT('',#2023);
#2023 = CARTESIAN_POINT('',(-1.21,1.,0.6600001));
#2024 = VERTEX_POINT('',#2025);
#2025 = CARTESIAN_POINT('',(-0.69,1.,0.6600001));
#2026 = B_SPLINE_CURVE_WITH_KNOTS('',1,(#2027,#2028),.UNSPECIFIED.,.F.,
  .F.,(2,2),(-0.56,-4.E-02),.PIECEWISE_BEZIER_KNOTS.);
#2027 = CARTESIAN_POINT('',(-1.21,1.,0.6600001));
#2028 = CARTESIAN_POINT('',(-0.69,1.,0.6600001));
#2029 = ORIENTED_EDGE('',*,*,#2030,.T.);
#2030 = EDGE_CURVE('',#2024,#2031,#2033,.T.);
#2031 = VERTEX_POINT('',#2032);
#2032 = CARTESIAN_POINT('',(-0.69,1.,4.00001E-02));
#2033 = B_SPLINE_CURVE_WITH_KNOTS('',1,(#2034,#2035),.UNSPECIFIED.,.F.,
  .F.,(2,2),(4.E-02,0.66),.PIECEWISE_BEZIER_KNOTS.);
#2034 = CARTESIAN_POINT('',(-0.69,1.,0.6600001));
#2035 = CARTESIAN_POINT('',(-0.69,1.,4.00001E-02));
#2036 = ORIENTED_EDGE('',*,*,#2037,.T.);
#2037 = EDGE_CURVE('',#2031,#2038,#2040,.T.);
#2038 = VERTEX_POINT('',#2039);
#2039 = CARTESIAN_POINT('',(-1.21,1.,4.00001E-02));
#2040 = B_SPLINE_CURVE_WITH_KNOTS('',1,(#2041,#2042),.UNSPECIFIED.,.F.,
  .F.,(2,2),(-0.56,-4.E-02),.PIECEWISE_BEZIER_KNOTS.);
#2041 = CARTESIAN_POINT('',(-0.69,1.,4.00001E-02));
#2042 = CARTESIAN_POINT('',(-1.21,1.,4.00001E-02));
#2043 = ORIENTED_EDGE('',*,*,#2044,.T.);
#2044 = EDGE_CURVE('',#2038,#2022,#2045,.T.);
#2045 = B_SPLINE_CURVE_WITH_KNOTS('',1,(#2046,#2047),.UNSPECIFIED.,.F.,
  .F.,(2,2),(-0.66,-4.E-02),.PIECEWISE_BEZIER_KNOTS.);
#2046 = CARTESIAN_POINT('',(-1.21,1.,4.00001E-02));
#2047 = CARTESIAN_POINT('',(-1.21,1.,0.6600001));
#2048 = B_SPLINE_SURFACE_WITH_KNOTS('',1,1,(
    (#2049,#2050)
    ,(#2051,#2052
  )),.UNSPECIFIED.,.F.,.F.,.F.,(2,2),(2,2),(4.E-02,0.66),(4.E-02,0.56),
  .PIECEWISE_BEZIER_KNOTS.);
#2049 = CARTESIAN_POINT('',(-1.21,1.,0.6600001));
#2050 = CARTESIAN_POINT('',(-0.69,1.,0.6600001));
#2051 = CARTESIAN_POINT('',(-1.21,1.,4.00001E-02));
#2052 = CARTESIAN_POINT('',(-0.69,1.,4.00001E-02));
#2053 = ADVANCED_FACE('',(#2054),#2084,.F.);
#2054 = FACE_BOUND('',#2055,.T.);
#2055 = EDGE_LOOP('',(#2056,#2065,#2072,#2079));
#2056 = ORIENTED_EDGE('',*,*,#2057,.T.);
#2057 = EDGE_CURVE('',#2058,#2060,#2062,.T.);
#2058 = VERTEX_POINT('',#2059);
#2059 = CARTESIAN_POINT('',(-1.21,-1.,0.6600001));
#2060 = VERTEX_POINT('',#2061);
#2061 = CARTESIAN_POINT('',(-1.21,-1.,4.00001E-02));
#2062 = B_SPLINE_CURVE_WITH_KNOTS('',1,(#2063,#2064),.UNSPECIFIED.,.F.,
  .F.,(2,2),(4.E-02,0.66),.PIECEWISE_BEZIER_KNOTS.);
#2063 = CARTESIAN_POINT('',(-1.21,-1.,0.6600001));
#2064 = CARTESIAN_POINT('',(-1.21,-1.,4.00001E-02));
#2065 = ORIENTED_EDGE('',*,*,#2066,.T.);
#2066 = EDGE_CURVE('',#2060,#2067,#2069,.T.);
#2067 = VERTEX_POINT('',#2068);
#2068 = CARTESIAN_POINT('',(-0.69,-1.,4.00001E-02));
#2069 = B_SPLINE_CURVE_WITH_KNOTS('',1,(#2070,#2071),.UNSPECIFIED.,.F.,
  .F.,(2,2),(4.E-02,0.56),.PIECEWISE_BEZIER_KNOTS.);
#2070 = CARTESIAN_POINT('',(-1.21,-1.,4.00001E-02));
#2071 = CARTESIAN_POINT('',(-0.69,-1.,4.00001E-02));
#2072 = ORIENTED_EDGE('',*,*,#2073,.T.);
#2073 = EDGE_CURVE('',#2067,#2074,#2076,.T.);
#2074 = VERTEX_POINT('',#2075);
#2075 = CARTESIAN_POINT('',(-0.69,-1.,0.6600001));
#2076 = B_SPLINE_CURVE_WITH_KNOTS('',1,(#2077,#2078),.UNSPECIFIED.,.F.,
  .F.,(2,2),(-0.66,-4.E-02),.PIECEWISE_BEZIER_KNOTS.);
#2077 = CARTESIAN_POINT('',(-0.69,-1.,4.00001E-02));
#2078 = CARTESIAN_POINT('',(-0.69,-1.,0.6600001));
#2079 = ORIENTED_EDGE('',*,*,#2080,.T.);
#2080 = EDGE_CURVE('',#2074,#2058,#2081,.T.);
#2081 = B_SPLINE_CURVE_WITH_KNOTS('',1,(#2082,#2083),.UNSPECIFIED.,.F.,
  .F.,(2,2),(-0.56,-4.E-02),.PIECEWISE_BEZIER_KNOTS.);
#2082 = CARTESIAN_POINT('',(-0.69,-1.,0.6600001));
#2083 = CARTESIAN_POINT('',(-1.21,-1.,0.6600001));
#2084 = B_SPLINE_SURFACE_WITH_KNOTS('',1,1,(
    (#2085,#2086)
    ,(#2087,#2088
    )),.UNSPECIFIED.,.F.,.F.,.F.,(2,2),(2,2),(-0.66,-4.E-02),(4.E-02,
    0.56),.PIECEWISE_BEZIER_KNOTS.);
#2085 = CARTESIAN_POINT('',(-1.21,-1.,4.00001E-02));
#2086 = CARTESIAN_POINT('',(-0.69,-1.,4.00001E-02));
#2087 = CARTESIAN_POINT('',(-1.21,-1.,0.6600001));
#2088 = CARTESIAN_POINT('',(-0.69,-1.,0.6600001));
#2089 = ADVANCED_FACE('',(#2090),#2120,.T.);
#2090 = FACE_BOUND('',#2091,.T.);
#2091 = EDGE_LOOP('',(#2092,#2101,#2108,#2115));
#2092 = ORIENTED_EDGE('',*,*,#2093,.T.);
#2093 = EDGE_CURVE('',#2094,#2096,#2098,.T.);
#2094 = VERTEX_POINT('',#2095);
#2095 = CARTESIAN_POINT('',(0.69,0.96,0.7000001));
#2096 = VERTEX_POINT('',#2097);
#2097 = CARTESIAN_POINT('',(0.69,-0.96,0.7000001));
#2098 = B_SPLINE_CURVE_WITH_KNOTS('',1,(#2099,#2100),.UNSPECIFIED.,.F.,
  .F.,(2,2),(-1.96,-4.E-02),.PIECEWISE_BEZIER_KNOTS.);
#2099 = CARTESIAN_POINT('',(0.69,0.96,0.7000001));
#2100 = CARTESIAN_POINT('',(0.69,-0.96,0.7000001));
#2101 = ORIENTED_EDGE('',*,*,#2102,.T.);
#2102 = EDGE_CURVE('',#2096,#2103,#2105,.T.);
#2103 = VERTEX_POINT('',#2104);
#2104 = CARTESIAN_POINT('',(1.21,-0.96,0.7000001));
#2105 = B_SPLINE_CURVE_WITH_KNOTS('',1,(#2106,#2107),.UNSPECIFIED.,.F.,
  .F.,(2,2),(-0.56,-4.E-02),.PIECEWISE_BEZIER_KNOTS.);
#2106 = CARTESIAN_POINT('',(0.69,-0.96,0.7000001));
#2107 = CARTESIAN_POINT('',(1.21,-0.96,0.7000001));
#2108 = ORIENTED_EDGE('',*,*,#2109,.T.);
#2109 = EDGE_CURVE('',#2103,#2110,#2112,.T.);
#2110 = VERTEX_POINT('',#2111);
#2111 = CARTESIAN_POINT('',(1.21,0.96,0.7000001));
#2112 = B_SPLINE_CURVE_WITH_KNOTS('',1,(#2113,#2114),.UNSPECIFIED.,.F.,
  .F.,(2,2),(-1.96,-4.E-02),.PIECEWISE_BEZIER_KNOTS.);
#2113 = CARTESIAN_POINT('',(1.21,-0.96,0.7000001));
#2114 = CARTESIAN_POINT('',(1.21,0.96,0.7000001));
#2115 = ORIENTED_EDGE('',*,*,#2116,.T.);
#2116 = EDGE_CURVE('',#2110,#2094,#2117,.T.);
#2117 = B_SPLINE_CURVE_WITH_KNOTS('',1,(#2118,#2119),.UNSPECIFIED.,.F.,
  .F.,(2,2),(-0.56,-4.E-02),.PIECEWISE_BEZIER_KNOTS.);
#2118 = CARTESIAN_POINT('',(1.21,0.96,0.7000001));
#2119 = CARTESIAN_POINT('',(0.69,0.96,0.7000001));
#2120 = B_SPLINE_SURFACE_WITH_KNOTS('',1,1,(
    (#2121,#2122)
    ,(#2123,#2124
    )),.UNSPECIFIED.,.F.,.F.,.F.,(2,2),(2,2),(0.69,1.21),(-0.96,0.96),
  .PIECEWISE_BEZIER_KNOTS.);
#2121 = CARTESIAN_POINT('',(0.69,-0.96,0.7000001));
#2122 = CARTESIAN_POINT('',(0.69,0.96,0.7000001));
#2123 = CARTESIAN_POINT('',(1.21,-0.96,0.7000001));
#2124 = CARTESIAN_POINT('',(1.21,0.96,0.7000001));
#2125 = ADVANCED_FACE('',(#2126),#2156,.F.);
#2126 = FACE_BOUND('',#2127,.T.);
#2127 = EDGE_LOOP('',(#2128,#2137,#2144,#2151));
#2128 = ORIENTED_EDGE('',*,*,#2129,.T.);
#2129 = EDGE_CURVE('',#2130,#2132,#2134,.T.);
#2130 = VERTEX_POINT('',#2131);
#2131 = CARTESIAN_POINT('',(1.25,0.96,0.6600001));
#2132 = VERTEX_POINT('',#2133);
#2133 = CARTESIAN_POINT('',(1.25,-0.96,0.6600001));
#2134 = B_SPLINE_CURVE_WITH_KNOTS('',1,(#2135,#2136),.UNSPECIFIED.,.F.,
  .F.,(2,2),(-1.96,-4.E-02),.PIECEWISE_BEZIER_KNOTS.);
#2135 = CARTESIAN_POINT('',(1.25,0.96,0.6600001));
#2136 = CARTESIAN_POINT('',(1.25,-0.96,0.6600001));
#2137 = ORIENTED_EDGE('',*,*,#2138,.T.);
#2138 = EDGE_CURVE('',#2132,#2139,#2141,.T.);
#2139 = VERTEX_POINT('',#2140);
#2140 = CARTESIAN_POINT('',(1.25,-0.96,4.00001E-02));
#2141 = B_SPLINE_CURVE_WITH_KNOTS('',1,(#2142,#2143),.UNSPECIFIED.,.F.,
  .F.,(2,2),(4.E-02,0.66),.PIECEWISE_BEZIER_KNOTS.);
#2142 = CARTESIAN_POINT('',(1.25,-0.96,0.6600001));
#2143 = CARTESIAN_POINT('',(1.25,-0.96,4.00001E-02));
#2144 = ORIENTED_EDGE('',*,*,#2145,.T.);
#2145 = EDGE_CURVE('',#2139,#2146,#2148,.T.);
#2146 = VERTEX_POINT('',#2147);
#2147 = CARTESIAN_POINT('',(1.25,0.96,4.00001E-02));
#2148 = B_SPLINE_CURVE_WITH_KNOTS('',1,(#2149,#2150),.UNSPECIFIED.,.F.,
  .F.,(2,2),(-1.96,-4.E-02),.PIECEWISE_BEZIER_KNOTS.);
#2149 = CARTESIAN_POINT('',(1.25,-0.96,4.00001E-02));
#2150 = CARTESIAN_POINT('',(1.25,0.96,4.00001E-02));
#2151 = ORIENTED_EDGE('',*,*,#2152,.T.);
#2152 = EDGE_CURVE('',#2146,#2130,#2153,.T.);
#2153 = B_SPLINE_CURVE_WITH_KNOTS('',1,(#2154,#2155),.UNSPECIFIED.,.F.,
  .F.,(2,2),(-0.66,-4.E-02),.PIECEWISE_BEZIER_KNOTS.);
#2154 = CARTESIAN_POINT('',(1.25,0.96,4.00001E-02));
#2155 = CARTESIAN_POINT('',(1.25,0.96,0.6600001));
#2156 = B_SPLINE_SURFACE_WITH_KNOTS('',1,1,(
    (#2157,#2158)
    ,(#2159,#2160
    )),.UNSPECIFIED.,.F.,.F.,.F.,(2,2),(2,2),(-0.66,-4.E-02),(-1.96,
    -4.E-02),.PIECEWISE_BEZIER_KNOTS.);
#2157 = CARTESIAN_POINT('',(1.25,-0.96,4.00001E-02));
#2158 = CARTESIAN_POINT('',(1.25,0.96,4.00001E-02));
#2159 = CARTESIAN_POINT('',(1.25,-0.96,0.6600001));
#2160 = CARTESIAN_POINT('',(1.25,0.96,0.6600001));
#2161 = ADVANCED_FACE('',(#2162),#2192,.F.);
#2162 = FACE_BOUND('',#2163,.T.);
#2163 = EDGE_LOOP('',(#2164,#2173,#2180,#2187));
#2164 = ORIENTED_EDGE('',*,*,#2165,.T.);
#2165 = EDGE_CURVE('',#2166,#2168,#2170,.T.);
#2166 = VERTEX_POINT('',#2167);
#2167 = CARTESIAN_POINT('',(0.69,1.,4.00001E-02));
#2168 = VERTEX_POINT('',#2169);
#2169 = CARTESIAN_POINT('',(0.69,1.,0.6600001));
#2170 = B_SPLINE_CURVE_WITH_KNOTS('',1,(#2171,#2172),.UNSPECIFIED.,.F.,
  .F.,(2,2),(-0.66,-4.E-02),.PIECEWISE_BEZIER_KNOTS.);
#2171 = CARTESIAN_POINT('',(0.69,1.,4.00001E-02));
#2172 = CARTESIAN_POINT('',(0.69,1.,0.6600001));
#2173 = ORIENTED_EDGE('',*,*,#2174,.T.);
#2174 = EDGE_CURVE('',#2168,#2175,#2177,.T.);
#2175 = VERTEX_POINT('',#2176);
#2176 = CARTESIAN_POINT('',(1.21,1.,0.6600001));
#2177 = B_SPLINE_CURVE_WITH_KNOTS('',1,(#2178,#2179),.UNSPECIFIED.,.F.,
  .F.,(2,2),(-0.56,-4.E-02),.PIECEWISE_BEZIER_KNOTS.);
#2178 = CARTESIAN_POINT('',(0.69,1.,0.6600001));
#2179 = CARTESIAN_POINT('',(1.21,1.,0.6600001));
#2180 = ORIENTED_EDGE('',*,*,#2181,.T.);
#2181 = EDGE_CURVE('',#2175,#2182,#2184,.T.);
#2182 = VERTEX_POINT('',#2183);
#2183 = CARTESIAN_POINT('',(1.21,1.,4.00001E-02));
#2184 = B_SPLINE_CURVE_WITH_KNOTS('',1,(#2185,#2186),.UNSPECIFIED.,.F.,
  .F.,(2,2),(4.E-02,0.66),.PIECEWISE_BEZIER_KNOTS.);
#2185 = CARTESIAN_POINT('',(1.21,1.,0.6600001));
#2186 = CARTESIAN_POINT('',(1.21,1.,4.00001E-02));
#2187 = ORIENTED_EDGE('',*,*,#2188,.T.);
#2188 = EDGE_CURVE('',#2182,#2166,#2189,.T.);
#2189 = B_SPLINE_CURVE_WITH_KNOTS('',1,(#2190,#2191),.UNSPECIFIED.,.F.,
  .F.,(2,2),(-2.46,-1.94),.PIECEWISE_BEZIER_KNOTS.);
#2190 = CARTESIAN_POINT('',(1.21,1.,4.00001E-02));
#2191 = CARTESIAN_POINT('',(0.69,1.,4.00001E-02));
#2192 = B_SPLINE_SURFACE_WITH_KNOTS('',1,1,(
    (#2193,#2194)
    ,(#2195,#2196
  )),.UNSPECIFIED.,.F.,.F.,.F.,(2,2),(2,2),(4.E-02,0.66),(1.94,2.46),
  .PIECEWISE_BEZIER_KNOTS.);
#2193 = CARTESIAN_POINT('',(0.69,1.,0.6600001));
#2194 = CARTESIAN_POINT('',(1.21,1.,0.6600001));
#2195 = CARTESIAN_POINT('',(0.69,1.,4.00001E-02));
#2196 = CARTESIAN_POINT('',(1.21,1.,4.00001E-02));
#2197 = ADVANCED_FACE('',(#2198),#2228,.F.);
#2198 = FACE_BOUND('',#2199,.T.);
#2199 = EDGE_LOOP('',(#2200,#2209,#2216,#2223));
#2200 = ORIENTED_EDGE('',*,*,#2201,.T.);
#2201 = EDGE_CURVE('',#2202,#2204,#2206,.T.);
#2202 = VERTEX_POINT('',#2203);
#2203 = CARTESIAN_POINT('',(-1.25,-0.96,0.6600001));
#2204 = VERTEX_POINT('',#2205);
#2205 = CARTESIAN_POINT('',(-1.25,0.96,0.6600001));
#2206 = B_SPLINE_CURVE_WITH_KNOTS('',1,(#2207,#2208),.UNSPECIFIED.,.F.,
  .F.,(2,2),(-1.96,-4.E-02),.PIECEWISE_BEZIER_KNOTS.);
#2207 = CARTESIAN_POINT('',(-1.25,-0.96,0.6600001));
#2208 = CARTESIAN_POINT('',(-1.25,0.96,0.6600001));
#2209 = ORIENTED_EDGE('',*,*,#2210,.T.);
#2210 = EDGE_CURVE('',#2204,#2211,#2213,.T.);
#2211 = VERTEX_POINT('',#2212);
#2212 = CARTESIAN_POINT('',(-1.25,0.96,4.00001E-02));
#2213 = B_SPLINE_CURVE_WITH_KNOTS('',1,(#2214,#2215),.UNSPECIFIED.,.F.,
  .F.,(2,2),(4.E-02,0.66),.PIECEWISE_BEZIER_KNOTS.);
#2214 = CARTESIAN_POINT('',(-1.25,0.96,0.6600001));
#2215 = CARTESIAN_POINT('',(-1.25,0.96,4.00001E-02));
#2216 = ORIENTED_EDGE('',*,*,#2217,.T.);
#2217 = EDGE_CURVE('',#2211,#2218,#2220,.T.);
#2218 = VERTEX_POINT('',#2219);
#2219 = CARTESIAN_POINT('',(-1.25,-0.96,4.00001E-02));
#2220 = B_SPLINE_CURVE_WITH_KNOTS('',1,(#2221,#2222),.UNSPECIFIED.,.F.,
  .F.,(2,2),(4.E-02,1.96),.PIECEWISE_BEZIER_KNOTS.);
#2221 = CARTESIAN_POINT('',(-1.25,0.96,4.00001E-02));
#2222 = CARTESIAN_POINT('',(-1.25,-0.96,4.00001E-02));
#2223 = ORIENTED_EDGE('',*,*,#2224,.T.);
#2224 = EDGE_CURVE('',#2218,#2202,#2225,.T.);
#2225 = B_SPLINE_CURVE_WITH_KNOTS('',1,(#2226,#2227),.UNSPECIFIED.,.F.,
  .F.,(2,2),(-0.66,-4.E-02),.PIECEWISE_BEZIER_KNOTS.);
#2226 = CARTESIAN_POINT('',(-1.25,-0.96,4.00001E-02));
#2227 = CARTESIAN_POINT('',(-1.25,-0.96,0.6600001));
#2228 = B_SPLINE_SURFACE_WITH_KNOTS('',1,1,(
    (#2229,#2230)
    ,(#2231,#2232
    )),.UNSPECIFIED.,.F.,.F.,.F.,(2,2),(2,2),(-1.96,-4.E-02),(-0.66,
    -4.E-02),.PIECEWISE_BEZIER_KNOTS.);
#2229 = CARTESIAN_POINT('',(-1.25,-0.96,4.00001E-02));
#2230 = CARTESIAN_POINT('',(-1.25,-0.96,0.6600001));
#2231 = CARTESIAN_POINT('',(-1.25,0.96,4.00001E-02));
#2232 = CARTESIAN_POINT('',(-1.25,0.96,0.6600001));
#2233 = ADVANCED_FACE('',(#2234),#2264,.F.);
#2234 = FACE_BOUND('',#2235,.T.);
#2235 = EDGE_LOOP('',(#2236,#2245,#2252,#2259));
#2236 = ORIENTED_EDGE('',*,*,#2237,.T.);
#2237 = EDGE_CURVE('',#2238,#2240,#2242,.T.);
#2238 = VERTEX_POINT('',#2239);
#2239 = CARTESIAN_POINT('',(1.21,-1.,0.6600001));
#2240 = VERTEX_POINT('',#2241);
#2241 = CARTESIAN_POINT('',(0.69,-1.,0.6600001));
#2242 = B_SPLINE_CURVE_WITH_KNOTS('',1,(#2243,#2244),.UNSPECIFIED.,.F.,
  .F.,(2,2),(-0.56,-4.E-02),.PIECEWISE_BEZIER_KNOTS.);
#2243 = CARTESIAN_POINT('',(1.21,-1.,0.6600001));
#2244 = CARTESIAN_POINT('',(0.69,-1.,0.6600001));
#2245 = ORIENTED_EDGE('',*,*,#2246,.T.);
#2246 = EDGE_CURVE('',#2240,#2247,#2249,.T.);
#2247 = VERTEX_POINT('',#2248);
#2248 = CARTESIAN_POINT('',(0.69,-1.,4.00001E-02));
#2249 = B_SPLINE_CURVE_WITH_KNOTS('',1,(#2250,#2251),.UNSPECIFIED.,.F.,
  .F.,(2,2),(4.E-02,0.66),.PIECEWISE_BEZIER_KNOTS.);
#2250 = CARTESIAN_POINT('',(0.69,-1.,0.6600001));
#2251 = CARTESIAN_POINT('',(0.69,-1.,4.00001E-02));
#2252 = ORIENTED_EDGE('',*,*,#2253,.T.);
#2253 = EDGE_CURVE('',#2247,#2254,#2256,.T.);
#2254 = VERTEX_POINT('',#2255);
#2255 = CARTESIAN_POINT('',(1.21,-1.,4.00001E-02));
#2256 = B_SPLINE_CURVE_WITH_KNOTS('',1,(#2257,#2258),.UNSPECIFIED.,.F.,
  .F.,(2,2),(1.94,2.46),.PIECEWISE_BEZIER_KNOTS.);
#2257 = CARTESIAN_POINT('',(0.69,-1.,4.00001E-02));
#2258 = CARTESIAN_POINT('',(1.21,-1.,4.00001E-02));
#2259 = ORIENTED_EDGE('',*,*,#2260,.T.);
#2260 = EDGE_CURVE('',#2254,#2238,#2261,.T.);
#2261 = B_SPLINE_CURVE_WITH_KNOTS('',1,(#2262,#2263),.UNSPECIFIED.,.F.,
  .F.,(2,2),(-0.66,-4.E-02),.PIECEWISE_BEZIER_KNOTS.);
#2262 = CARTESIAN_POINT('',(1.21,-1.,4.00001E-02));
#2263 = CARTESIAN_POINT('',(1.21,-1.,0.6600001));
#2264 = B_SPLINE_SURFACE_WITH_KNOTS('',1,1,(
    (#2265,#2266)
    ,(#2267,#2268
    )),.UNSPECIFIED.,.F.,.F.,.F.,(2,2),(2,2),(-0.66,-4.E-02),(1.94,2.46)
  ,.PIECEWISE_BEZIER_KNOTS.);
#2265 = CARTESIAN_POINT('',(0.69,-1.,4.00001E-02));
#2266 = CARTESIAN_POINT('',(1.21,-1.,4.00001E-02));
#2267 = CARTESIAN_POINT('',(0.69,-1.,0.6600001));
#2268 = CARTESIAN_POINT('',(1.21,-1.,0.6600001));
#2269 = ADVANCED_FACE('',(#2270),#2300,.T.);
#2270 = FACE_BOUND('',#2271,.T.);
#2271 = EDGE_LOOP('',(#2272,#2281,#2288,#2295));
#2272 = ORIENTED_EDGE('',*,*,#2273,.T.);
#2273 = EDGE_CURVE('',#2274,#2276,#2278,.T.);
#2274 = VERTEX_POINT('',#2275);
#2275 = CARTESIAN_POINT('',(-1.21,0.96,0.7000001));
#2276 = VERTEX_POINT('',#2277);
#2277 = CARTESIAN_POINT('',(-1.21,-0.96,0.7000001));
#2278 = B_SPLINE_CURVE_WITH_KNOTS('',1,(#2279,#2280),.UNSPECIFIED.,.F.,
  .F.,(2,2),(-1.96,-4.E-02),.PIECEWISE_BEZIER_KNOTS.);
#2279 = CARTESIAN_POINT('',(-1.21,0.96,0.7000001));
#2280 = CARTESIAN_POINT('',(-1.21,-0.96,0.7000001));
#2281 = ORIENTED_EDGE('',*,*,#2282,.T.);
#2282 = EDGE_CURVE('',#2276,#2283,#2285,.T.);
#2283 = VERTEX_POINT('',#2284);
#2284 = CARTESIAN_POINT('',(-0.69,-0.96,0.7000001));
#2285 = B_SPLINE_CURVE_WITH_KNOTS('',1,(#2286,#2287),.UNSPECIFIED.,.F.,
  .F.,(2,2),(-0.56,-4.E-02),.PIECEWISE_BEZIER_KNOTS.);
#2286 = CARTESIAN_POINT('',(-1.21,-0.96,0.7000001));
#2287 = CARTESIAN_POINT('',(-0.69,-0.96,0.7000001));
#2288 = ORIENTED_EDGE('',*,*,#2289,.T.);
#2289 = EDGE_CURVE('',#2283,#2290,#2292,.T.);
#2290 = VERTEX_POINT('',#2291);
#2291 = CARTESIAN_POINT('',(-0.69,0.96,0.7000001));
#2292 = B_SPLINE_CURVE_WITH_KNOTS('',1,(#2293,#2294),.UNSPECIFIED.,.F.,
  .F.,(2,2),(-1.96,-4.E-02),.PIECEWISE_BEZIER_KNOTS.);
#2293 = CARTESIAN_POINT('',(-0.69,-0.96,0.7000001));
#2294 = CARTESIAN_POINT('',(-0.69,0.96,0.7000001));
#2295 = ORIENTED_EDGE('',*,*,#2296,.T.);
#2296 = EDGE_CURVE('',#2290,#2274,#2297,.T.);
#2297 = B_SPLINE_CURVE_WITH_KNOTS('',1,(#2298,#2299),.UNSPECIFIED.,.F.,
  .F.,(2,2),(-0.56,-4.E-02),.PIECEWISE_BEZIER_KNOTS.);
#2298 = CARTESIAN_POINT('',(-0.69,0.96,0.7000001));
#2299 = CARTESIAN_POINT('',(-1.21,0.96,0.7000001));
#2300 = B_SPLINE_SURFACE_WITH_KNOTS('',1,1,(
    (#2301,#2302)
    ,(#2303,#2304
  )),.UNSPECIFIED.,.F.,.F.,.F.,(2,2),(2,2),(-1.21,-0.69),(-0.96,0.96),
  .PIECEWISE_BEZIER_KNOTS.);
#2301 = CARTESIAN_POINT('',(-1.21,-0.96,0.7000001));
#2302 = CARTESIAN_POINT('',(-1.21,0.96,0.7000001));
#2303 = CARTESIAN_POINT('',(-0.69,-0.96,0.7000001));
#2304 = CARTESIAN_POINT('',(-0.69,0.96,0.7000001));
#2305 = ADVANCED_FACE('',(#2306),#2336,.F.);
#2306 = FACE_BOUND('',#2307,.T.);
#2307 = EDGE_LOOP('',(#2308,#2317,#2324,#2331));
#2308 = ORIENTED_EDGE('',*,*,#2309,.T.);
#2309 = EDGE_CURVE('',#2310,#2312,#2314,.T.);
#2310 = VERTEX_POINT('',#2311);
#2311 = CARTESIAN_POINT('',(-1.21,-0.96,1.00000000111E-07));
#2312 = VERTEX_POINT('',#2313);
#2313 = CARTESIAN_POINT('',(-1.21,0.96,1.00000000111E-07));
#2314 = B_SPLINE_CURVE_WITH_KNOTS('',1,(#2315,#2316),.UNSPECIFIED.,.F.,
  .F.,(2,2),(-0.96,0.96),.PIECEWISE_BEZIER_KNOTS.);
#2315 = CARTESIAN_POINT('',(-1.21,-0.96,1.00000000111E-07));
#2316 = CARTESIAN_POINT('',(-1.21,0.96,1.00000000111E-07));
#2317 = ORIENTED_EDGE('',*,*,#2318,.T.);
#2318 = EDGE_CURVE('',#2312,#2319,#2321,.T.);
#2319 = VERTEX_POINT('',#2320);
#2320 = CARTESIAN_POINT('',(-0.69,0.96,1.00000000111E-07));
#2321 = B_SPLINE_CURVE_WITH_KNOTS('',1,(#2322,#2323),.UNSPECIFIED.,.F.,
  .F.,(2,2),(-1.21,-0.69),.PIECEWISE_BEZIER_KNOTS.);
#2322 = CARTESIAN_POINT('',(-1.21,0.96,1.00000000111E-07));
#2323 = CARTESIAN_POINT('',(-0.69,0.96,1.00000000111E-07));
#2324 = ORIENTED_EDGE('',*,*,#2325,.T.);
#2325 = EDGE_CURVE('',#2319,#2326,#2328,.T.);
#2326 = VERTEX_POINT('',#2327);
#2327 = CARTESIAN_POINT('',(-0.69,-0.96,1.00000000111E-07));
#2328 = B_SPLINE_CURVE_WITH_KNOTS('',1,(#2329,#2330),.UNSPECIFIED.,.F.,
  .F.,(2,2),(-0.96,0.96),.PIECEWISE_BEZIER_KNOTS.);
#2329 = CARTESIAN_POINT('',(-0.69,0.96,1.00000000111E-07));
#2330 = CARTESIAN_POINT('',(-0.69,-0.96,1.00000000111E-07));
#2331 = ORIENTED_EDGE('',*,*,#2332,.T.);
#2332 = EDGE_CURVE('',#2326,#2310,#2333,.T.);
#2333 = B_SPLINE_CURVE_WITH_KNOTS('',1,(#2334,#2335),.UNSPECIFIED.,.F.,
  .F.,(2,2),(0.69,1.21),.PIECEWISE_BEZIER_KNOTS.);
#2334 = CARTESIAN_POINT('',(-0.69,-0.96,1.00000000111E-07));
#2335 = CARTESIAN_POINT('',(-1.21,-0.96,1.00000000111E-07));
#2336 = B_SPLINE_SURFACE_WITH_KNOTS('',1,1,(
    (#2337,#2338)
    ,(#2339,#2340
  )),.UNSPECIFIED.,.F.,.F.,.F.,(2,2),(2,2),(-1.21,-0.69),(-0.96,0.96),
  .PIECEWISE_BEZIER_KNOTS.);
#2337 = CARTESIAN_POINT('',(-1.21,-0.96,1.00000000111E-07));
#2338 = CARTESIAN_POINT('',(-1.21,0.96,1.00000000111E-07));
#2339 = CARTESIAN_POINT('',(-0.69,-0.96,1.00000000111E-07));
#2340 = CARTESIAN_POINT('',(-0.69,0.96,1.00000000111E-07));
#2341 = ADVANCED_FACE('',(#2342),#2356,.F.);
#2342 = FACE_BOUND('',#2343,.T.);
#2343 = EDGE_LOOP('',(#2344,#2349,#2350,#2355));
#2344 = ORIENTED_EDGE('',*,*,#2345,.T.);
#2345 = EDGE_CURVE('',#1995,#481,#2346,.T.);
#2346 = B_SPLINE_CURVE_WITH_KNOTS('',1,(#2347,#2348),.UNSPECIFIED.,.F.,
  .F.,(2,2),(0.293876949732,2.193876949732),.PIECEWISE_BEZIER_KNOTS.);
#2347 = CARTESIAN_POINT('',(0.65,-0.95,0.6500001));
#2348 = CARTESIAN_POINT('',(0.65,0.95,0.6500001));
#2349 = ORIENTED_EDGE('',*,*,#480,.F.);
#2350 = ORIENTED_EDGE('',*,*,#2351,.T.);
#2351 = EDGE_CURVE('',#474,#2002,#2352,.T.);
#2352 = B_SPLINE_CURVE_WITH_KNOTS('',1,(#2353,#2354),.UNSPECIFIED.,.F.,
  .F.,(2,2),(-2.193876949732,-0.293876949732),.PIECEWISE_BEZIER_KNOTS.);
#2353 = CARTESIAN_POINT('',(-0.65,0.95,0.6500001));
#2354 = CARTESIAN_POINT('',(-0.65,-0.95,0.6500001));
#2355 = ORIENTED_EDGE('',*,*,#2001,.F.);
#2356 = B_SPLINE_SURFACE_WITH_KNOTS('',1,1,(
    (#2357,#2358)
    ,(#2359,#2360
    )),.UNSPECIFIED.,.F.,.F.,.F.,(2,2),(2,2),(-0.65,0.65),(-0.95,0.95),
  .PIECEWISE_BEZIER_KNOTS.);
#2357 = CARTESIAN_POINT('',(0.65,-0.95,0.6500001));
#2358 = CARTESIAN_POINT('',(0.65,0.95,0.6500001));
#2359 = CARTESIAN_POINT('',(-0.65,-0.95,0.6500001));
#2360 = CARTESIAN_POINT('',(-0.65,0.95,0.6500001));
#2361 = ADVANCED_FACE('',(#2362,#2392),#2398,.F.);
#2362 = FACE_BOUND('',#2363,.T.);
#2363 = EDGE_LOOP('',(#2364,#2373,#2380,#2387));
#2364 = ORIENTED_EDGE('',*,*,#2365,.T.);
#2365 = EDGE_CURVE('',#2366,#2368,#2370,.T.);
#2366 = VERTEX_POINT('',#2367);
#2367 = CARTESIAN_POINT('',(0.65,0.96,4.00001E-02));
#2368 = VERTEX_POINT('',#2369);
#2369 = CARTESIAN_POINT('',(0.65,-0.96,4.00001E-02));
#2370 = B_SPLINE_CURVE_WITH_KNOTS('',1,(#2371,#2372),.UNSPECIFIED.,.F.,
  .F.,(2,2),(-2.203876949732,-0.283876949732),.PIECEWISE_BEZIER_KNOTS.);
#2371 = CARTESIAN_POINT('',(0.65,0.96,4.00001E-02));
#2372 = CARTESIAN_POINT('',(0.65,-0.96,4.00001E-02));
#2373 = ORIENTED_EDGE('',*,*,#2374,.T.);
#2374 = EDGE_CURVE('',#2368,#2375,#2377,.T.);
#2375 = VERTEX_POINT('',#2376);
#2376 = CARTESIAN_POINT('',(0.65,-0.96,0.6600001));
#2377 = B_SPLINE_CURVE_WITH_KNOTS('',1,(#2378,#2379),.UNSPECIFIED.,.F.,
  .F.,(2,2),(-0.61,1.E-02),.PIECEWISE_BEZIER_KNOTS.);
#2378 = CARTESIAN_POINT('',(0.65,-0.96,4.00001E-02));
#2379 = CARTESIAN_POINT('',(0.65,-0.96,0.6600001));
#2380 = ORIENTED_EDGE('',*,*,#2381,.T.);
#2381 = EDGE_CURVE('',#2375,#2382,#2384,.T.);
#2382 = VERTEX_POINT('',#2383);
#2383 = CARTESIAN_POINT('',(0.65,0.96,0.6600001));
#2384 = B_SPLINE_CURVE_WITH_KNOTS('',1,(#2385,#2386),.UNSPECIFIED.,.F.,
  .F.,(2,2),(-1.96,-4.E-02),.PIECEWISE_BEZIER_KNOTS.);
#2385 = CARTESIAN_POINT('',(0.65,-0.96,0.6600001));
#2386 = CARTESIAN_POINT('',(0.65,0.96,0.6600001));
#2387 = ORIENTED_EDGE('',*,*,#2388,.T.);
#2388 = EDGE_CURVE('',#2382,#2366,#2389,.T.);
#2389 = B_SPLINE_CURVE_WITH_KNOTS('',1,(#2390,#2391),.UNSPECIFIED.,.F.,
  .F.,(2,2),(-1.E-02,0.61),.PIECEWISE_BEZIER_KNOTS.);
#2390 = CARTESIAN_POINT('',(0.65,0.96,0.6600001));
#2391 = CARTESIAN_POINT('',(0.65,0.96,4.00001E-02));
#2392 = FACE_BOUND('',#2393,.T.);
#2393 = EDGE_LOOP('',(#2394,#2395,#2396,#2397));
#2394 = ORIENTED_EDGE('',*,*,#1994,.F.);
#2395 = ORIENTED_EDGE('',*,*,#1499,.F.);
#2396 = ORIENTED_EDGE('',*,*,#487,.T.);
#2397 = ORIENTED_EDGE('',*,*,#2345,.F.);
#2398 = B_SPLINE_SURFACE_WITH_KNOTS('',1,1,(
    (#2399,#2400)
    ,(#2401,#2402
  )),.UNSPECIFIED.,.F.,.F.,.F.,(2,2),(2,2),(-1.E-02,0.61),(
    0.283876949732,2.203876949732),.PIECEWISE_BEZIER_KNOTS.);
#2399 = CARTESIAN_POINT('',(0.65,-0.96,0.6600001));
#2400 = CARTESIAN_POINT('',(0.65,0.96,0.6600001));
#2401 = CARTESIAN_POINT('',(0.65,-0.96,4.00001E-02));
#2402 = CARTESIAN_POINT('',(0.65,0.96,4.00001E-02));
#2403 = ADVANCED_FACE('',(#2404,#2434),#2440,.F.);
#2404 = FACE_BOUND('',#2405,.T.);
#2405 = EDGE_LOOP('',(#2406,#2415,#2422,#2429));
#2406 = ORIENTED_EDGE('',*,*,#2407,.T.);
#2407 = EDGE_CURVE('',#2408,#2410,#2412,.T.);
#2408 = VERTEX_POINT('',#2409);
#2409 = CARTESIAN_POINT('',(-0.65,-0.96,4.00001E-02));
#2410 = VERTEX_POINT('',#2411);
#2411 = CARTESIAN_POINT('',(-0.65,0.96,4.00001E-02));
#2412 = B_SPLINE_CURVE_WITH_KNOTS('',1,(#2413,#2414),.UNSPECIFIED.,.F.,
  .F.,(2,2),(0.283876949732,2.203876949732),.PIECEWISE_BEZIER_KNOTS.);
#2413 = CARTESIAN_POINT('',(-0.65,-0.96,4.00001E-02));
#2414 = CARTESIAN_POINT('',(-0.65,0.96,4.00001E-02));
#2415 = ORIENTED_EDGE('',*,*,#2416,.T.);
#2416 = EDGE_CURVE('',#2410,#2417,#2419,.T.);
#2417 = VERTEX_POINT('',#2418);
#2418 = CARTESIAN_POINT('',(-0.65,0.96,0.6600001));
#2419 = B_SPLINE_CURVE_WITH_KNOTS('',1,(#2420,#2421),.UNSPECIFIED.,.F.,
  .F.,(2,2),(-0.61,1.E-02),.PIECEWISE_BEZIER_KNOTS.);
#2420 = CARTESIAN_POINT('',(-0.65,0.96,4.00001E-02));
#2421 = CARTESIAN_POINT('',(-0.65,0.96,0.6600001));
#2422 = ORIENTED_EDGE('',*,*,#2423,.T.);
#2423 = EDGE_CURVE('',#2417,#2424,#2426,.T.);
#2424 = VERTEX_POINT('',#2425);
#2425 = CARTESIAN_POINT('',(-0.65,-0.96,0.6600001));
#2426 = B_SPLINE_CURVE_WITH_KNOTS('',1,(#2427,#2428),.UNSPECIFIED.,.F.,
  .F.,(2,2),(-1.96,-4.E-02),.PIECEWISE_BEZIER_KNOTS.);
#2427 = CARTESIAN_POINT('',(-0.65,0.96,0.6600001));
#2428 = CARTESIAN_POINT('',(-0.65,-0.96,0.6600001));
#2429 = ORIENTED_EDGE('',*,*,#2430,.T.);
#2430 = EDGE_CURVE('',#2424,#2408,#2431,.T.);
#2431 = B_SPLINE_CURVE_WITH_KNOTS('',1,(#2432,#2433),.UNSPECIFIED.,.F.,
  .F.,(2,2),(-1.E-02,0.61),.PIECEWISE_BEZIER_KNOTS.);
#2432 = CARTESIAN_POINT('',(-0.65,-0.96,0.6600001));
#2433 = CARTESIAN_POINT('',(-0.65,-0.96,4.00001E-02));
#2434 = FACE_BOUND('',#2435,.T.);
#2435 = EDGE_LOOP('',(#2436,#2437,#2438,#2439));
#2436 = ORIENTED_EDGE('',*,*,#1493,.F.);
#2437 = ORIENTED_EDGE('',*,*,#2008,.T.);
#2438 = ORIENTED_EDGE('',*,*,#2351,.F.);
#2439 = ORIENTED_EDGE('',*,*,#473,.F.);
#2440 = B_SPLINE_SURFACE_WITH_KNOTS('',1,1,(
    (#2441,#2442)
    ,(#2443,#2444
  )),.UNSPECIFIED.,.F.,.F.,.F.,(2,2),(2,2),(-0.61,1.E-02),(
    0.283876949732,2.203876949732),.PIECEWISE_BEZIER_KNOTS.);
#2441 = CARTESIAN_POINT('',(-0.65,-0.96,4.00001E-02));
#2442 = CARTESIAN_POINT('',(-0.65,0.96,4.00001E-02));
#2443 = CARTESIAN_POINT('',(-0.65,-0.96,0.6600001));
#2444 = CARTESIAN_POINT('',(-0.65,0.96,0.6600001));
#2445 = ADVANCED_FACE('',(#2446),#2462,.T.);
#2446 = FACE_BOUND('',#2447,.T.);
#2447 = EDGE_LOOP('',(#2448,#2454,#2455,#2461));
#2448 = ORIENTED_EDGE('',*,*,#2449,.F.);
#2449 = EDGE_CURVE('',#2202,#2058,#2450,.T.);
#2450 = ( BOUNDED_CURVE() B_SPLINE_CURVE(2,(#2451,#2452,#2453),
.UNSPECIFIED.,.F.,.F.) B_SPLINE_CURVE_WITH_KNOTS((3,3),(3.14159265359,
4.712388980385),.PIECEWISE_BEZIER_KNOTS.) CURVE() 
GEOMETRIC_REPRESENTATION_ITEM() RATIONAL_B_SPLINE_CURVE((1.,
0.707106781187,1.)) REPRESENTATION_ITEM('') );
#2451 = CARTESIAN_POINT('',(-1.25,-0.96,0.6600001));
#2452 = CARTESIAN_POINT('',(-1.25,-1.,0.6600001));
#2453 = CARTESIAN_POINT('',(-1.21,-1.,0.6600001));
#2454 = ORIENTED_EDGE('',*,*,#2224,.F.);
#2455 = ORIENTED_EDGE('',*,*,#2456,.F.);
#2456 = EDGE_CURVE('',#2060,#2218,#2457,.T.);
#2457 = ( BOUNDED_CURVE() B_SPLINE_CURVE(2,(#2458,#2459,#2460),
.UNSPECIFIED.,.F.,.F.) B_SPLINE_CURVE_WITH_KNOTS((3,3),(4.712388980385,
6.28318530718),.PIECEWISE_BEZIER_KNOTS.) CURVE() 
GEOMETRIC_REPRESENTATION_ITEM() RATIONAL_B_SPLINE_CURVE((1.,
0.707106781187,1.)) REPRESENTATION_ITEM('') );
#2458 = CARTESIAN_POINT('',(-1.21,-1.,4.00001E-02));
#2459 = CARTESIAN_POINT('',(-1.25,-1.,4.00001E-02));
#2460 = CARTESIAN_POINT('',(-1.25,-0.96,4.00001E-02));
#2461 = ORIENTED_EDGE('',*,*,#2057,.F.);
#2462 = ( BOUNDED_SURFACE() B_SPLINE_SURFACE(2,1,(
    (#2463,#2464)
    ,(#2465,#2466)
    ,(#2467,#2468
)),.UNSPECIFIED.,.F.,.F.,.F.) B_SPLINE_SURFACE_WITH_KNOTS((3,3),(2,2),(
    4.712388980385,6.28318530718),(4.E-02,0.66),
.PIECEWISE_BEZIER_KNOTS.) GEOMETRIC_REPRESENTATION_ITEM() 
RATIONAL_B_SPLINE_SURFACE((
    (1.,1.)
    ,(0.707106781187,0.707106781187)
,(1.,1.))) REPRESENTATION_ITEM('') SURFACE() );
#2463 = CARTESIAN_POINT('',(-1.21,-1.,0.6600001));
#2464 = CARTESIAN_POINT('',(-1.21,-1.,4.00001E-02));
#2465 = CARTESIAN_POINT('',(-1.25,-1.,0.6600001));
#2466 = CARTESIAN_POINT('',(-1.25,-1.,4.00001E-02));
#2467 = CARTESIAN_POINT('',(-1.25,-0.96,0.6600001));
#2468 = CARTESIAN_POINT('',(-1.25,-0.96,4.00001E-02));
#2469 = ADVANCED_FACE('',(#2470),#2485,.T.);
#2470 = FACE_BOUND('',#2471,.T.);
#2471 = EDGE_LOOP('',(#2472,#2478,#2479));
#2472 = ORIENTED_EDGE('',*,*,#2473,.F.);
#2473 = EDGE_CURVE('',#2202,#2276,#2474,.T.);
#2474 = ( BOUNDED_CURVE() B_SPLINE_CURVE(2,(#2475,#2476,#2477),
.UNSPECIFIED.,.F.,.F.) B_SPLINE_CURVE_WITH_KNOTS((3,3),(1.570796326795,
3.14159265359),.PIECEWISE_BEZIER_KNOTS.) CURVE() 
GEOMETRIC_REPRESENTATION_ITEM() RATIONAL_B_SPLINE_CURVE((1.,
0.707106781187,1.)) REPRESENTATION_ITEM('') );
#2475 = CARTESIAN_POINT('',(-1.25,-0.96,0.6600001));
#2476 = CARTESIAN_POINT('',(-1.25,-0.96,0.7000001));
#2477 = CARTESIAN_POINT('',(-1.21,-0.96,0.7000001));
#2478 = ORIENTED_EDGE('',*,*,#2449,.T.);
#2479 = ORIENTED_EDGE('',*,*,#2480,.F.);
#2480 = EDGE_CURVE('',#2276,#2058,#2481,.T.);
#2481 = ( BOUNDED_CURVE() B_SPLINE_CURVE(2,(#2482,#2483,#2484),
.UNSPECIFIED.,.F.,.F.) B_SPLINE_CURVE_WITH_KNOTS((3,3),(0.,
1.570796326795),.PIECEWISE_BEZIER_KNOTS.) CURVE() 
GEOMETRIC_REPRESENTATION_ITEM() RATIONAL_B_SPLINE_CURVE((1.,
0.707106781187,1.)) REPRESENTATION_ITEM('') );
#2482 = CARTESIAN_POINT('',(-1.21,-0.96,0.7000001));
#2483 = CARTESIAN_POINT('',(-1.21,-1.,0.7000001));
#2484 = CARTESIAN_POINT('',(-1.21,-1.,0.6600001));
#2485 = ( BOUNDED_SURFACE() B_SPLINE_SURFACE(2,2,(
    (#2486,#2487,#2488)
    ,(#2489,#2490,#2491)
    ,(#2492,#2493,#2494
)),.UNSPECIFIED.,.F.,.F.,.F.) B_SPLINE_SURFACE_WITH_KNOTS((3,3),(3,3),(
    3.14159265359,4.712388980385),(-1.570796326795,0.),
.PIECEWISE_BEZIER_KNOTS.) GEOMETRIC_REPRESENTATION_ITEM() 
RATIONAL_B_SPLINE_SURFACE((
    (1.,0.707106781187,1.)
    ,(0.707106781187,0.5,0.707106781187)
,(1.,0.707106781187,1.))) REPRESENTATION_ITEM('') SURFACE() );
#2486 = CARTESIAN_POINT('',(-1.21,-1.,0.6600001));
#2487 = CARTESIAN_POINT('',(-1.25,-1.,0.6600001));
#2488 = CARTESIAN_POINT('',(-1.25,-0.96,0.6600001));
#2489 = CARTESIAN_POINT('',(-1.21,-1.,0.6600001));
#2490 = CARTESIAN_POINT('',(-1.25,-1.,0.7000001));
#2491 = CARTESIAN_POINT('',(-1.25,-0.96,0.7000001));
#2492 = CARTESIAN_POINT('',(-1.21,-1.,0.6600001));
#2493 = CARTESIAN_POINT('',(-1.21,-1.,0.7000001));
#2494 = CARTESIAN_POINT('',(-1.21,-0.96,0.7000001));
#2495 = ADVANCED_FACE('',(#2496),#2511,.T.);
#2496 = FACE_BOUND('',#2497,.T.);
#2497 = EDGE_LOOP('',(#2498,#2504,#2505));
#2498 = ORIENTED_EDGE('',*,*,#2499,.F.);
#2499 = EDGE_CURVE('',#2060,#2310,#2500,.T.);
#2500 = ( BOUNDED_CURVE() B_SPLINE_CURVE(2,(#2501,#2502,#2503),
.UNSPECIFIED.,.F.,.F.) B_SPLINE_CURVE_WITH_KNOTS((3,3),(1.570796326795,
3.14159265359),.PIECEWISE_BEZIER_KNOTS.) CURVE() 
GEOMETRIC_REPRESENTATION_ITEM() RATIONAL_B_SPLINE_CURVE((1.,
0.707106781187,1.)) REPRESENTATION_ITEM('') );
#2501 = CARTESIAN_POINT('',(-1.21,-1.,4.00001E-02));
#2502 = CARTESIAN_POINT('',(-1.21,-1.,1.000000001249E-07));
#2503 = CARTESIAN_POINT('',(-1.21,-0.96,1.00000000111E-07));
#2504 = ORIENTED_EDGE('',*,*,#2456,.T.);
#2505 = ORIENTED_EDGE('',*,*,#2506,.F.);
#2506 = EDGE_CURVE('',#2310,#2218,#2507,.T.);
#2507 = ( BOUNDED_CURVE() B_SPLINE_CURVE(2,(#2508,#2509,#2510),
.UNSPECIFIED.,.F.,.F.) B_SPLINE_CURVE_WITH_KNOTS((3,3),(0.,
1.570796326795),.PIECEWISE_BEZIER_KNOTS.) CURVE() 
GEOMETRIC_REPRESENTATION_ITEM() RATIONAL_B_SPLINE_CURVE((1.,
0.707106781187,1.)) REPRESENTATION_ITEM('') );
#2508 = CARTESIAN_POINT('',(-1.21,-0.96,1.000000001041E-07));
#2509 = CARTESIAN_POINT('',(-1.25,-0.96,1.000000001041E-07));
#2510 = CARTESIAN_POINT('',(-1.25,-0.96,4.00001E-02));
#2511 = ( BOUNDED_SURFACE() B_SPLINE_SURFACE(2,2,(
    (#2512,#2513,#2514)
    ,(#2515,#2516,#2517)
    ,(#2518,#2519,#2520
)),.UNSPECIFIED.,.F.,.F.,.F.) B_SPLINE_SURFACE_WITH_KNOTS((3,3),(3,3),(
    1.570796326795,3.14159265359),(-1.570796326795,0.),
.PIECEWISE_BEZIER_KNOTS.) GEOMETRIC_REPRESENTATION_ITEM() 
RATIONAL_B_SPLINE_SURFACE((
    (1.,0.707106781187,1.)
    ,(0.707106781187,0.5,0.707106781187)
,(1.,0.707106781187,1.))) REPRESENTATION_ITEM('') SURFACE() );
#2512 = CARTESIAN_POINT('',(-1.21,-1.,4.00001E-02));
#2513 = CARTESIAN_POINT('',(-1.21,-1.,1.00000000111E-07));
#2514 = CARTESIAN_POINT('',(-1.21,-0.96,1.00000000111E-07));
#2515 = CARTESIAN_POINT('',(-1.21,-1.,4.00001E-02));
#2516 = CARTESIAN_POINT('',(-1.25,-1.,1.000000000971E-07));
#2517 = CARTESIAN_POINT('',(-1.25,-0.96,1.000000000971E-07));
#2518 = CARTESIAN_POINT('',(-1.21,-1.,4.00001E-02));
#2519 = CARTESIAN_POINT('',(-1.25,-1.,4.00001E-02));
#2520 = CARTESIAN_POINT('',(-1.25,-0.96,4.00001E-02));
#2521 = ADVANCED_FACE('',(#2522),#2533,.T.);
#2522 = FACE_BOUND('',#2523,.T.);
#2523 = EDGE_LOOP('',(#2524,#2525,#2526,#2532));
#2524 = ORIENTED_EDGE('',*,*,#2480,.T.);
#2525 = ORIENTED_EDGE('',*,*,#2080,.F.);
#2526 = ORIENTED_EDGE('',*,*,#2527,.F.);
#2527 = EDGE_CURVE('',#2283,#2074,#2528,.T.);
#2528 = ( BOUNDED_CURVE() B_SPLINE_CURVE(2,(#2529,#2530,#2531),
.UNSPECIFIED.,.F.,.F.) B_SPLINE_CURVE_WITH_KNOTS((3,3),(3.14159265359,
4.712388980385),.PIECEWISE_BEZIER_KNOTS.) CURVE() 
GEOMETRIC_REPRESENTATION_ITEM() RATIONAL_B_SPLINE_CURVE((1.,
0.707106781187,1.)) REPRESENTATION_ITEM('') );
#2529 = CARTESIAN_POINT('',(-0.69,-0.96,0.7000001));
#2530 = CARTESIAN_POINT('',(-0.69,-1.,0.7000001));
#2531 = CARTESIAN_POINT('',(-0.69,-1.,0.6600001));
#2532 = ORIENTED_EDGE('',*,*,#2282,.F.);
#2533 = ( BOUNDED_SURFACE() B_SPLINE_SURFACE(2,1,(
    (#2534,#2535)
    ,(#2536,#2537)
    ,(#2538,#2539
)),.UNSPECIFIED.,.F.,.F.,.F.) B_SPLINE_SURFACE_WITH_KNOTS((3,3),(2,2),(
    4.712388980385,6.28318530718),(0.69,1.21),.PIECEWISE_BEZIER_KNOTS.) 
GEOMETRIC_REPRESENTATION_ITEM() RATIONAL_B_SPLINE_SURFACE((
    (1.,1.)
    ,(0.707106781187,0.707106781187)
,(1.,1.))) REPRESENTATION_ITEM('') SURFACE() );
#2534 = CARTESIAN_POINT('',(-0.69,-1.,0.6600001));
#2535 = CARTESIAN_POINT('',(-1.21,-1.,0.6600001));
#2536 = CARTESIAN_POINT('',(-0.69,-1.,0.7000001));
#2537 = CARTESIAN_POINT('',(-1.21,-1.,0.7000001));
#2538 = CARTESIAN_POINT('',(-0.69,-0.96,0.7000001));
#2539 = CARTESIAN_POINT('',(-1.21,-0.96,0.7000001));
#2540 = ADVANCED_FACE('',(#2541),#2552,.T.);
#2541 = FACE_BOUND('',#2542,.T.);
#2542 = EDGE_LOOP('',(#2543,#2544,#2545,#2551));
#2543 = ORIENTED_EDGE('',*,*,#2473,.T.);
#2544 = ORIENTED_EDGE('',*,*,#2273,.F.);
#2545 = ORIENTED_EDGE('',*,*,#2546,.F.);
#2546 = EDGE_CURVE('',#2204,#2274,#2547,.T.);
#2547 = ( BOUNDED_CURVE() B_SPLINE_CURVE(2,(#2548,#2549,#2550),
.UNSPECIFIED.,.F.,.F.) B_SPLINE_CURVE_WITH_KNOTS((3,3),(4.712388980385,
6.28318530718),.PIECEWISE_BEZIER_KNOTS.) CURVE() 
GEOMETRIC_REPRESENTATION_ITEM() RATIONAL_B_SPLINE_CURVE((1.,
0.707106781187,1.)) REPRESENTATION_ITEM('') );
#2548 = CARTESIAN_POINT('',(-1.25,0.96,0.6600001));
#2549 = CARTESIAN_POINT('',(-1.25,0.96,0.7000001));
#2550 = CARTESIAN_POINT('',(-1.21,0.96,0.7000001));
#2551 = ORIENTED_EDGE('',*,*,#2201,.F.);
#2552 = ( BOUNDED_SURFACE() B_SPLINE_SURFACE(2,1,(
    (#2553,#2554)
    ,(#2555,#2556)
    ,(#2557,#2558
)),.UNSPECIFIED.,.F.,.F.,.F.) B_SPLINE_SURFACE_WITH_KNOTS((3,3),(2,2),(
    0.,1.570796326795),(-0.96,0.96),.PIECEWISE_BEZIER_KNOTS.) 
GEOMETRIC_REPRESENTATION_ITEM() RATIONAL_B_SPLINE_SURFACE((
    (1.,1.)
    ,(0.707106781187,0.707106781187)
,(1.,1.))) REPRESENTATION_ITEM('') SURFACE() );
#2553 = CARTESIAN_POINT('',(-1.25,-0.96,0.6600001));
#2554 = CARTESIAN_POINT('',(-1.25,0.96,0.6600001));
#2555 = CARTESIAN_POINT('',(-1.25,-0.96,0.7000001));
#2556 = CARTESIAN_POINT('',(-1.25,0.96,0.7000001));
#2557 = CARTESIAN_POINT('',(-1.21,-0.96,0.7000001));
#2558 = CARTESIAN_POINT('',(-1.21,0.96,0.7000001));
#2559 = ADVANCED_FACE('',(#2560),#2576,.T.);
#2560 = FACE_BOUND('',#2561,.T.);
#2561 = EDGE_LOOP('',(#2562,#2568,#2569,#2575));
#2562 = ORIENTED_EDGE('',*,*,#2563,.F.);
#2563 = EDGE_CURVE('',#2211,#2038,#2564,.T.);
#2564 = ( BOUNDED_CURVE() B_SPLINE_CURVE(2,(#2565,#2566,#2567),
.UNSPECIFIED.,.F.,.F.) B_SPLINE_CURVE_WITH_KNOTS((3,3),(0.,
1.570796326795),.PIECEWISE_BEZIER_KNOTS.) CURVE() 
GEOMETRIC_REPRESENTATION_ITEM() RATIONAL_B_SPLINE_CURVE((1.,
0.707106781187,1.)) REPRESENTATION_ITEM('') );
#2565 = CARTESIAN_POINT('',(-1.25,0.96,4.00001E-02));
#2566 = CARTESIAN_POINT('',(-1.25,1.,4.00001E-02));
#2567 = CARTESIAN_POINT('',(-1.21,1.,4.00001E-02));
#2568 = ORIENTED_EDGE('',*,*,#2210,.F.);
#2569 = ORIENTED_EDGE('',*,*,#2570,.F.);
#2570 = EDGE_CURVE('',#2022,#2204,#2571,.T.);
#2571 = ( BOUNDED_CURVE() B_SPLINE_CURVE(2,(#2572,#2573,#2574),
.UNSPECIFIED.,.F.,.F.) B_SPLINE_CURVE_WITH_KNOTS((3,3),(1.570796326795,
3.14159265359),.PIECEWISE_BEZIER_KNOTS.) CURVE() 
GEOMETRIC_REPRESENTATION_ITEM() RATIONAL_B_SPLINE_CURVE((1.,
0.707106781187,1.)) REPRESENTATION_ITEM('') );
#2572 = CARTESIAN_POINT('',(-1.21,1.,0.6600001));
#2573 = CARTESIAN_POINT('',(-1.25,1.,0.6600001));
#2574 = CARTESIAN_POINT('',(-1.25,0.96,0.6600001));
#2575 = ORIENTED_EDGE('',*,*,#2044,.F.);
#2576 = ( BOUNDED_SURFACE() B_SPLINE_SURFACE(2,1,(
    (#2577,#2578)
    ,(#2579,#2580)
    ,(#2581,#2582
)),.UNSPECIFIED.,.F.,.F.,.F.) B_SPLINE_SURFACE_WITH_KNOTS((3,3),(2,2),(
    0.,1.570796326795),(4.E-02,0.66),.PIECEWISE_BEZIER_KNOTS.) 
GEOMETRIC_REPRESENTATION_ITEM() RATIONAL_B_SPLINE_SURFACE((
    (1.,1.)
    ,(0.707106781187,0.707106781187)
,(1.,1.))) REPRESENTATION_ITEM('') SURFACE() );
#2577 = CARTESIAN_POINT('',(-1.25,0.96,0.6600001));
#2578 = CARTESIAN_POINT('',(-1.25,0.96,4.00001E-02));
#2579 = CARTESIAN_POINT('',(-1.25,1.,0.6600001));
#2580 = CARTESIAN_POINT('',(-1.25,1.,4.00001E-02));
#2581 = CARTESIAN_POINT('',(-1.21,1.,0.6600001));
#2582 = CARTESIAN_POINT('',(-1.21,1.,4.00001E-02));
#2583 = ADVANCED_FACE('',(#2584),#2595,.T.);
#2584 = FACE_BOUND('',#2585,.T.);
#2585 = EDGE_LOOP('',(#2586,#2587,#2588,#2594));
#2586 = ORIENTED_EDGE('',*,*,#2506,.T.);
#2587 = ORIENTED_EDGE('',*,*,#2217,.F.);
#2588 = ORIENTED_EDGE('',*,*,#2589,.F.);
#2589 = EDGE_CURVE('',#2312,#2211,#2590,.T.);
#2590 = ( BOUNDED_CURVE() B_SPLINE_CURVE(2,(#2591,#2592,#2593),
.UNSPECIFIED.,.F.,.F.) B_SPLINE_CURVE_WITH_KNOTS((3,3),(3.14159265359,
4.712388980385),.PIECEWISE_BEZIER_KNOTS.) CURVE() 
GEOMETRIC_REPRESENTATION_ITEM() RATIONAL_B_SPLINE_CURVE((1.,
0.707106781187,1.)) REPRESENTATION_ITEM('') );
#2591 = CARTESIAN_POINT('',(-1.21,0.96,1.00000000111E-07));
#2592 = CARTESIAN_POINT('',(-1.25,0.96,1.000000001041E-07));
#2593 = CARTESIAN_POINT('',(-1.25,0.96,4.00001E-02));
#2594 = ORIENTED_EDGE('',*,*,#2309,.F.);
#2595 = ( BOUNDED_SURFACE() B_SPLINE_SURFACE(2,1,(
    (#2596,#2597)
    ,(#2598,#2599)
    ,(#2600,#2601
)),.UNSPECIFIED.,.F.,.F.,.F.) B_SPLINE_SURFACE_WITH_KNOTS((3,3),(2,2),(
    3.14159265359,4.712388980385),(4.E-02,1.96),
.PIECEWISE_BEZIER_KNOTS.) GEOMETRIC_REPRESENTATION_ITEM() 
RATIONAL_B_SPLINE_SURFACE((
    (1.,1.)
    ,(0.707106781187,0.707106781187)
,(1.,1.))) REPRESENTATION_ITEM('') SURFACE() );
#2596 = CARTESIAN_POINT('',(-1.25,0.96,4.00001E-02));
#2597 = CARTESIAN_POINT('',(-1.25,-0.96,4.00001E-02));
#2598 = CARTESIAN_POINT('',(-1.25,0.96,9.999999979877E-08));
#2599 = CARTESIAN_POINT('',(-1.25,-0.96,9.999999979877E-08));
#2600 = CARTESIAN_POINT('',(-1.21,0.96,1.E-07));
#2601 = CARTESIAN_POINT('',(-1.21,-0.96,1.E-07));
#2602 = ADVANCED_FACE('',(#2603),#2614,.T.);
#2603 = FACE_BOUND('',#2604,.T.);
#2604 = EDGE_LOOP('',(#2605,#2606,#2607,#2613));
#2605 = ORIENTED_EDGE('',*,*,#2499,.T.);
#2606 = ORIENTED_EDGE('',*,*,#2332,.F.);
#2607 = ORIENTED_EDGE('',*,*,#2608,.F.);
#2608 = EDGE_CURVE('',#2067,#2326,#2609,.T.);
#2609 = ( BOUNDED_CURVE() B_SPLINE_CURVE(2,(#2610,#2611,#2612),
.UNSPECIFIED.,.F.,.F.) B_SPLINE_CURVE_WITH_KNOTS((3,3),(4.712388980385,
6.28318530718),.PIECEWISE_BEZIER_KNOTS.) CURVE() 
GEOMETRIC_REPRESENTATION_ITEM() RATIONAL_B_SPLINE_CURVE((1.,
0.707106781187,1.)) REPRESENTATION_ITEM('') );
#2610 = CARTESIAN_POINT('',(-0.69,-1.,4.00001E-02));
#2611 = CARTESIAN_POINT('',(-0.69,-1.,1.00000000118E-07));
#2612 = CARTESIAN_POINT('',(-0.69,-0.96,1.000000001041E-07));
#2613 = ORIENTED_EDGE('',*,*,#2066,.F.);
#2614 = ( BOUNDED_SURFACE() B_SPLINE_SURFACE(2,1,(
    (#2615,#2616)
    ,(#2617,#2618)
    ,(#2619,#2620
)),.UNSPECIFIED.,.F.,.F.,.F.) B_SPLINE_SURFACE_WITH_KNOTS((3,3),(2,2),(
    4.712388980385,6.28318530718),(4.E-02,0.56),
.PIECEWISE_BEZIER_KNOTS.) GEOMETRIC_REPRESENTATION_ITEM() 
RATIONAL_B_SPLINE_SURFACE((
    (1.,1.)
    ,(0.707106781187,0.707106781187)
,(1.,1.))) REPRESENTATION_ITEM('') SURFACE() );
#2615 = CARTESIAN_POINT('',(-1.21,-1.,4.00001E-02));
#2616 = CARTESIAN_POINT('',(-0.69,-1.,4.00001E-02));
#2617 = CARTESIAN_POINT('',(-1.21,-1.,1.00000000118E-07));
#2618 = CARTESIAN_POINT('',(-0.69,-1.,1.00000000118E-07));
#2619 = CARTESIAN_POINT('',(-1.21,-0.96,1.000000001041E-07));
#2620 = CARTESIAN_POINT('',(-0.69,-0.96,1.000000001041E-07));
#2621 = ADVANCED_FACE('',(#2622),#2638,.T.);
#2622 = FACE_BOUND('',#2623,.T.);
#2623 = EDGE_LOOP('',(#2624,#2630,#2631,#2637));
#2624 = ORIENTED_EDGE('',*,*,#2625,.F.);
#2625 = EDGE_CURVE('',#2074,#2424,#2626,.T.);
#2626 = ( BOUNDED_CURVE() B_SPLINE_CURVE(2,(#2627,#2628,#2629),
.UNSPECIFIED.,.F.,.F.) B_SPLINE_CURVE_WITH_KNOTS((3,3),(4.712388980385,
6.28318530718),.PIECEWISE_BEZIER_KNOTS.) CURVE() 
GEOMETRIC_REPRESENTATION_ITEM() RATIONAL_B_SPLINE_CURVE((1.,
0.707106781187,1.)) REPRESENTATION_ITEM('') );
#2627 = CARTESIAN_POINT('',(-0.69,-1.,0.6600001));
#2628 = CARTESIAN_POINT('',(-0.65,-1.,0.6600001));
#2629 = CARTESIAN_POINT('',(-0.65,-0.96,0.6600001));
#2630 = ORIENTED_EDGE('',*,*,#2073,.F.);
#2631 = ORIENTED_EDGE('',*,*,#2632,.F.);
#2632 = EDGE_CURVE('',#2408,#2067,#2633,.T.);
#2633 = ( BOUNDED_CURVE() B_SPLINE_CURVE(2,(#2634,#2635,#2636),
.UNSPECIFIED.,.F.,.F.) B_SPLINE_CURVE_WITH_KNOTS((3,3),(1.570796326795,
3.14159265359),.PIECEWISE_BEZIER_KNOTS.) CURVE() 
GEOMETRIC_REPRESENTATION_ITEM() RATIONAL_B_SPLINE_CURVE((1.,
0.707106781187,1.)) REPRESENTATION_ITEM('') );
#2634 = CARTESIAN_POINT('',(-0.65,-0.96,4.00001E-02));
#2635 = CARTESIAN_POINT('',(-0.65,-1.,4.00001E-02));
#2636 = CARTESIAN_POINT('',(-0.69,-1.,4.00001E-02));
#2637 = ORIENTED_EDGE('',*,*,#2430,.F.);
#2638 = ( BOUNDED_SURFACE() B_SPLINE_SURFACE(2,1,(
    (#2639,#2640)
    ,(#2641,#2642)
    ,(#2643,#2644
)),.UNSPECIFIED.,.F.,.F.,.F.) B_SPLINE_SURFACE_WITH_KNOTS((3,3),(2,2),(
    4.712388980385,6.28318530718),(-0.66,-4.E-02),
.PIECEWISE_BEZIER_KNOTS.) GEOMETRIC_REPRESENTATION_ITEM() 
RATIONAL_B_SPLINE_SURFACE((
    (1.,1.)
    ,(0.707106781187,0.707106781187)
,(1.,1.))) REPRESENTATION_ITEM('') SURFACE() );
#2639 = CARTESIAN_POINT('',(-0.69,-1.,4.00001E-02));
#2640 = CARTESIAN_POINT('',(-0.69,-1.,0.6600001));
#2641 = CARTESIAN_POINT('',(-0.65,-1.,4.00001E-02));
#2642 = CARTESIAN_POINT('',(-0.65,-1.,0.6600001));
#2643 = CARTESIAN_POINT('',(-0.65,-0.96,4.00001E-02));
#2644 = CARTESIAN_POINT('',(-0.65,-0.96,0.6600001));
#2645 = ADVANCED_FACE('',(#2646),#2656,.T.);
#2646 = FACE_BOUND('',#2647,.T.);
#2647 = EDGE_LOOP('',(#2648,#2649,#2650));
#2648 = ORIENTED_EDGE('',*,*,#2527,.T.);
#2649 = ORIENTED_EDGE('',*,*,#2625,.T.);
#2650 = ORIENTED_EDGE('',*,*,#2651,.F.);
#2651 = EDGE_CURVE('',#2283,#2424,#2652,.T.);
#2652 = ( BOUNDED_CURVE() B_SPLINE_CURVE(2,(#2653,#2654,#2655),
.UNSPECIFIED.,.F.,.F.) B_SPLINE_CURVE_WITH_KNOTS((3,3),(3.14159265359,
4.712388980385),.PIECEWISE_BEZIER_KNOTS.) CURVE() 
GEOMETRIC_REPRESENTATION_ITEM() RATIONAL_B_SPLINE_CURVE((1.,
0.707106781187,1.)) REPRESENTATION_ITEM('') );
#2653 = CARTESIAN_POINT('',(-0.69,-0.96,0.7000001));
#2654 = CARTESIAN_POINT('',(-0.65,-0.96,0.7000001));
#2655 = CARTESIAN_POINT('',(-0.65,-0.96,0.6600001));
#2656 = ( BOUNDED_SURFACE() B_SPLINE_SURFACE(2,2,(
    (#2657,#2658,#2659)
    ,(#2660,#2661,#2662)
    ,(#2663,#2664,#2665
)),.UNSPECIFIED.,.F.,.F.,.F.) B_SPLINE_SURFACE_WITH_KNOTS((3,3),(3,3),(
    4.712388980385,6.28318530718),(-1.570796326795,8.881784197001E-16),
.PIECEWISE_BEZIER_KNOTS.) GEOMETRIC_REPRESENTATION_ITEM() 
RATIONAL_B_SPLINE_SURFACE((
    (1.,0.707106781187,1.)
    ,(0.707106781187,0.5,0.707106781187)
,(1.,0.707106781187,1.))) REPRESENTATION_ITEM('') SURFACE() );
#2657 = CARTESIAN_POINT('',(-0.69,-1.,0.6600001));
#2658 = CARTESIAN_POINT('',(-0.69,-1.,0.7000001));
#2659 = CARTESIAN_POINT('',(-0.69,-0.96,0.7000001));
#2660 = CARTESIAN_POINT('',(-0.69,-1.,0.6600001));
#2661 = CARTESIAN_POINT('',(-0.65,-1.,0.7000001));
#2662 = CARTESIAN_POINT('',(-0.65,-0.96,0.7000001));
#2663 = CARTESIAN_POINT('',(-0.69,-1.,0.6600001));
#2664 = CARTESIAN_POINT('',(-0.65,-1.,0.6600001));
#2665 = CARTESIAN_POINT('',(-0.65,-0.96,0.6600001));
#2666 = ADVANCED_FACE('',(#2667),#2677,.T.);
#2667 = FACE_BOUND('',#2668,.T.);
#2668 = EDGE_LOOP('',(#2669,#2670,#2671));
#2669 = ORIENTED_EDGE('',*,*,#2570,.T.);
#2670 = ORIENTED_EDGE('',*,*,#2546,.T.);
#2671 = ORIENTED_EDGE('',*,*,#2672,.F.);
#2672 = EDGE_CURVE('',#2022,#2274,#2673,.T.);
#2673 = ( BOUNDED_CURVE() B_SPLINE_CURVE(2,(#2674,#2675,#2676),
.UNSPECIFIED.,.F.,.F.) B_SPLINE_CURVE_WITH_KNOTS((3,3),(3.14159265359,
4.712388980385),.PIECEWISE_BEZIER_KNOTS.) CURVE() 
GEOMETRIC_REPRESENTATION_ITEM() RATIONAL_B_SPLINE_CURVE((1.,
0.707106781187,1.)) REPRESENTATION_ITEM('') );
#2674 = CARTESIAN_POINT('',(-1.21,1.,0.6600001));
#2675 = CARTESIAN_POINT('',(-1.21,1.,0.7000001));
#2676 = CARTESIAN_POINT('',(-1.21,0.96,0.7000001));
#2677 = ( BOUNDED_SURFACE() B_SPLINE_SURFACE(2,2,(
    (#2678,#2679,#2680)
    ,(#2681,#2682,#2683)
    ,(#2684,#2685,#2686
)),.UNSPECIFIED.,.F.,.F.,.F.) B_SPLINE_SURFACE_WITH_KNOTS((3,3),(3,3),(
    3.14159265359,4.712388980385),(0.,1.570796326795),
.PIECEWISE_BEZIER_KNOTS.) GEOMETRIC_REPRESENTATION_ITEM() 
RATIONAL_B_SPLINE_SURFACE((
    (1.,0.707106781187,1.)
    ,(0.707106781187,0.5,0.707106781187)
,(1.,0.707106781187,1.))) REPRESENTATION_ITEM('') SURFACE() );
#2678 = CARTESIAN_POINT('',(-1.25,0.96,0.6600001));
#2679 = CARTESIAN_POINT('',(-1.25,1.,0.6600001));
#2680 = CARTESIAN_POINT('',(-1.21,1.,0.6600001));
#2681 = CARTESIAN_POINT('',(-1.25,0.96,0.7000001));
#2682 = CARTESIAN_POINT('',(-1.25,1.,0.7000001));
#2683 = CARTESIAN_POINT('',(-1.21,1.,0.6600001));
#2684 = CARTESIAN_POINT('',(-1.21,0.96,0.7000001));
#2685 = CARTESIAN_POINT('',(-1.21,1.,0.7000001));
#2686 = CARTESIAN_POINT('',(-1.21,1.,0.6600001));
#2687 = ADVANCED_FACE('',(#2688),#2698,.T.);
#2688 = FACE_BOUND('',#2689,.T.);
#2689 = EDGE_LOOP('',(#2690,#2691,#2692));
#2690 = ORIENTED_EDGE('',*,*,#2589,.T.);
#2691 = ORIENTED_EDGE('',*,*,#2563,.T.);
#2692 = ORIENTED_EDGE('',*,*,#2693,.F.);
#2693 = EDGE_CURVE('',#2312,#2038,#2694,.T.);
#2694 = ( BOUNDED_CURVE() B_SPLINE_CURVE(2,(#2695,#2696,#2697),
.UNSPECIFIED.,.F.,.F.) B_SPLINE_CURVE_WITH_KNOTS((3,3),(3.14159265359,
4.712388980385),.PIECEWISE_BEZIER_KNOTS.) CURVE() 
GEOMETRIC_REPRESENTATION_ITEM() RATIONAL_B_SPLINE_CURVE((1.,
0.707106781187,1.)) REPRESENTATION_ITEM('') );
#2695 = CARTESIAN_POINT('',(-1.21,0.96,1.00000000111E-07));
#2696 = CARTESIAN_POINT('',(-1.21,1.,1.000000001041E-07));
#2697 = CARTESIAN_POINT('',(-1.21,1.,4.00001E-02));
#2698 = ( BOUNDED_SURFACE() B_SPLINE_SURFACE(2,2,(
    (#2699,#2700,#2701)
    ,(#2702,#2703,#2704)
    ,(#2705,#2706,#2707
)),.UNSPECIFIED.,.F.,.F.,.F.) B_SPLINE_SURFACE_WITH_KNOTS((3,3),(3,3),(
    1.570796326795,3.14159265359),(0.,1.570796326795),
.PIECEWISE_BEZIER_KNOTS.) GEOMETRIC_REPRESENTATION_ITEM() 
RATIONAL_B_SPLINE_SURFACE((
    (1.,0.707106781187,1.)
    ,(0.707106781187,0.5,0.707106781187)
,(1.,0.707106781187,1.))) REPRESENTATION_ITEM('') SURFACE() );
#2699 = CARTESIAN_POINT('',(-1.21,0.96,1.00000000111E-07));
#2700 = CARTESIAN_POINT('',(-1.21,1.,1.00000000111E-07));
#2701 = CARTESIAN_POINT('',(-1.21,1.,4.00001E-02));
#2702 = CARTESIAN_POINT('',(-1.25,0.96,1.000000000971E-07));
#2703 = CARTESIAN_POINT('',(-1.25,1.,1.000000000971E-07));
#2704 = CARTESIAN_POINT('',(-1.21,1.,4.00001E-02));
#2705 = CARTESIAN_POINT('',(-1.25,0.96,4.00001E-02));
#2706 = CARTESIAN_POINT('',(-1.25,1.,4.00001E-02));
#2707 = CARTESIAN_POINT('',(-1.21,1.,4.00001E-02));
#2708 = ADVANCED_FACE('',(#2709),#2719,.T.);
#2709 = FACE_BOUND('',#2710,.T.);
#2710 = EDGE_LOOP('',(#2711,#2712,#2713));
#2711 = ORIENTED_EDGE('',*,*,#2632,.T.);
#2712 = ORIENTED_EDGE('',*,*,#2608,.T.);
#2713 = ORIENTED_EDGE('',*,*,#2714,.F.);
#2714 = EDGE_CURVE('',#2408,#2326,#2715,.T.);
#2715 = ( BOUNDED_CURVE() B_SPLINE_CURVE(2,(#2716,#2717,#2718),
.UNSPECIFIED.,.F.,.F.) B_SPLINE_CURVE_WITH_KNOTS((3,3),(4.712388980385,
6.28318530718),.PIECEWISE_BEZIER_KNOTS.) CURVE() 
GEOMETRIC_REPRESENTATION_ITEM() RATIONAL_B_SPLINE_CURVE((1.,
0.707106781187,1.)) REPRESENTATION_ITEM('') );
#2716 = CARTESIAN_POINT('',(-0.65,-0.96,4.00001E-02));
#2717 = CARTESIAN_POINT('',(-0.65,-0.96,1.000000001249E-07));
#2718 = CARTESIAN_POINT('',(-0.69,-0.96,1.00000000111E-07));
#2719 = ( BOUNDED_SURFACE() B_SPLINE_SURFACE(2,2,(
    (#2720,#2721,#2722)
    ,(#2723,#2724,#2725)
    ,(#2726,#2727,#2728
)),.UNSPECIFIED.,.F.,.F.,.F.) B_SPLINE_SURFACE_WITH_KNOTS((3,3),(3,3),(
    0.,1.570796326795),(-1.570796326795,8.881784197001E-16),
.PIECEWISE_BEZIER_KNOTS.) GEOMETRIC_REPRESENTATION_ITEM() 
RATIONAL_B_SPLINE_SURFACE((
    (1.,0.707106781187,1.)
    ,(0.707106781187,0.5,0.707106781187)
,(1.,0.707106781187,1.))) REPRESENTATION_ITEM('') SURFACE() );
#2720 = CARTESIAN_POINT('',(-0.69,-1.,4.00001E-02));
#2721 = CARTESIAN_POINT('',(-0.65,-1.,4.00001E-02));
#2722 = CARTESIAN_POINT('',(-0.65,-0.96,4.00001E-02));
#2723 = CARTESIAN_POINT('',(-0.69,-1.,4.00001E-02));
#2724 = CARTESIAN_POINT('',(-0.65,-1.,1.000000000763E-07));
#2725 = CARTESIAN_POINT('',(-0.65,-0.96,1.000000001041E-07));
#2726 = CARTESIAN_POINT('',(-0.69,-1.,4.00001E-02));
#2727 = CARTESIAN_POINT('',(-0.69,-1.,1.000000000833E-07));
#2728 = CARTESIAN_POINT('',(-0.69,-0.96,1.00000000111E-07));
#2729 = ADVANCED_FACE('',(#2730),#2741,.T.);
#2730 = FACE_BOUND('',#2731,.T.);
#2731 = EDGE_LOOP('',(#2732,#2733,#2734,#2740));
#2732 = ORIENTED_EDGE('',*,*,#2651,.T.);
#2733 = ORIENTED_EDGE('',*,*,#2423,.F.);
#2734 = ORIENTED_EDGE('',*,*,#2735,.F.);
#2735 = EDGE_CURVE('',#2290,#2417,#2736,.T.);
#2736 = ( BOUNDED_CURVE() B_SPLINE_CURVE(2,(#2737,#2738,#2739),
.UNSPECIFIED.,.F.,.F.) B_SPLINE_CURVE_WITH_KNOTS((3,3),(0.,
1.570796326795),.PIECEWISE_BEZIER_KNOTS.) CURVE() 
GEOMETRIC_REPRESENTATION_ITEM() RATIONAL_B_SPLINE_CURVE((1.,
0.707106781187,1.)) REPRESENTATION_ITEM('') );
#2737 = CARTESIAN_POINT('',(-0.69,0.96,0.7000001));
#2738 = CARTESIAN_POINT('',(-0.65,0.96,0.7000001));
#2739 = CARTESIAN_POINT('',(-0.65,0.96,0.6600001));
#2740 = ORIENTED_EDGE('',*,*,#2289,.F.);
#2741 = ( BOUNDED_SURFACE() B_SPLINE_SURFACE(2,1,(
    (#2742,#2743)
    ,(#2744,#2745)
    ,(#2746,#2747
)),.UNSPECIFIED.,.F.,.F.,.F.) B_SPLINE_SURFACE_WITH_KNOTS((3,3),(2,2),(
    0.,1.570796326795),(0.283876949732,2.203876949732),
.PIECEWISE_BEZIER_KNOTS.) GEOMETRIC_REPRESENTATION_ITEM() 
RATIONAL_B_SPLINE_SURFACE((
    (1.,1.)
    ,(0.707106781187,0.707106781187)
,(1.,1.))) REPRESENTATION_ITEM('') SURFACE() );
#2742 = CARTESIAN_POINT('',(-0.69,-0.96,0.7000001));
#2743 = CARTESIAN_POINT('',(-0.69,0.96,0.7000001));
#2744 = CARTESIAN_POINT('',(-0.65,-0.96,0.7000001));
#2745 = CARTESIAN_POINT('',(-0.65,0.96,0.7000001));
#2746 = CARTESIAN_POINT('',(-0.65,-0.96,0.6600001));
#2747 = CARTESIAN_POINT('',(-0.65,0.96,0.6600001));
#2748 = ADVANCED_FACE('',(#2749),#2760,.T.);
#2749 = FACE_BOUND('',#2750,.T.);
#2750 = EDGE_LOOP('',(#2751,#2752,#2753,#2759));
#2751 = ORIENTED_EDGE('',*,*,#2672,.T.);
#2752 = ORIENTED_EDGE('',*,*,#2296,.F.);
#2753 = ORIENTED_EDGE('',*,*,#2754,.F.);
#2754 = EDGE_CURVE('',#2024,#2290,#2755,.T.);
#2755 = ( BOUNDED_CURVE() B_SPLINE_CURVE(2,(#2756,#2757,#2758),
.UNSPECIFIED.,.F.,.F.) B_SPLINE_CURVE_WITH_KNOTS((3,3),(1.570796326795,
3.14159265359),.PIECEWISE_BEZIER_KNOTS.) CURVE() 
GEOMETRIC_REPRESENTATION_ITEM() RATIONAL_B_SPLINE_CURVE((1.,
0.707106781187,1.)) REPRESENTATION_ITEM('') );
#2756 = CARTESIAN_POINT('',(-0.69,1.,0.6600001));
#2757 = CARTESIAN_POINT('',(-0.69,1.,0.7000001));
#2758 = CARTESIAN_POINT('',(-0.69,0.96,0.7000001));
#2759 = ORIENTED_EDGE('',*,*,#2021,.F.);
#2760 = ( BOUNDED_SURFACE() B_SPLINE_SURFACE(2,1,(
    (#2761,#2762)
    ,(#2763,#2764)
    ,(#2765,#2766
)),.UNSPECIFIED.,.F.,.F.,.F.) B_SPLINE_SURFACE_WITH_KNOTS((3,3),(2,2),(
    1.570796326795,3.14159265359),(-1.21,-0.69),
.PIECEWISE_BEZIER_KNOTS.) GEOMETRIC_REPRESENTATION_ITEM() 
RATIONAL_B_SPLINE_SURFACE((
    (1.,1.)
    ,(0.707106781187,0.707106781187)
,(1.,1.))) REPRESENTATION_ITEM('') SURFACE() );
#2761 = CARTESIAN_POINT('',(-1.21,1.,0.6600001));
#2762 = CARTESIAN_POINT('',(-0.69,1.,0.6600001));
#2763 = CARTESIAN_POINT('',(-1.21,1.,0.7000001));
#2764 = CARTESIAN_POINT('',(-0.69,1.,0.7000001));
#2765 = CARTESIAN_POINT('',(-1.21,0.96,0.7000001));
#2766 = CARTESIAN_POINT('',(-0.69,0.96,0.7000001));
#2767 = ADVANCED_FACE('',(#2768),#2779,.T.);
#2768 = FACE_BOUND('',#2769,.T.);
#2769 = EDGE_LOOP('',(#2770,#2771,#2772,#2778));
#2770 = ORIENTED_EDGE('',*,*,#2693,.T.);
#2771 = ORIENTED_EDGE('',*,*,#2037,.F.);
#2772 = ORIENTED_EDGE('',*,*,#2773,.F.);
#2773 = EDGE_CURVE('',#2319,#2031,#2774,.T.);
#2774 = ( BOUNDED_CURVE() B_SPLINE_CURVE(2,(#2775,#2776,#2777),
.UNSPECIFIED.,.F.,.F.) B_SPLINE_CURVE_WITH_KNOTS((3,3),(0.,
1.570796326795),.PIECEWISE_BEZIER_KNOTS.) CURVE() 
GEOMETRIC_REPRESENTATION_ITEM() RATIONAL_B_SPLINE_CURVE((1.,
0.707106781187,1.)) REPRESENTATION_ITEM('') );
#2775 = CARTESIAN_POINT('',(-0.69,0.96,1.00000000111E-07));
#2776 = CARTESIAN_POINT('',(-0.69,1.,1.00000000111E-07));
#2777 = CARTESIAN_POINT('',(-0.69,1.,4.00001E-02));
#2778 = ORIENTED_EDGE('',*,*,#2318,.F.);
#2779 = ( BOUNDED_SURFACE() B_SPLINE_SURFACE(2,1,(
    (#2780,#2781)
    ,(#2782,#2783)
    ,(#2784,#2785
)),.UNSPECIFIED.,.F.,.F.,.F.) B_SPLINE_SURFACE_WITH_KNOTS((3,3),(2,2),(
    1.570796326795,3.14159265359),(-0.56,-4.E-02),
.PIECEWISE_BEZIER_KNOTS.) GEOMETRIC_REPRESENTATION_ITEM() 
RATIONAL_B_SPLINE_SURFACE((
    (1.,1.)
    ,(0.707106781187,0.707106781187)
,(1.,1.))) REPRESENTATION_ITEM('') SURFACE() );
#2780 = CARTESIAN_POINT('',(-0.69,1.,4.00001E-02));
#2781 = CARTESIAN_POINT('',(-1.21,1.,4.00001E-02));
#2782 = CARTESIAN_POINT('',(-0.69,1.,1.00000000118E-07));
#2783 = CARTESIAN_POINT('',(-1.21,1.,1.00000000118E-07));
#2784 = CARTESIAN_POINT('',(-0.69,0.96,1.00000000111E-07));
#2785 = CARTESIAN_POINT('',(-1.21,0.96,1.00000000111E-07));
#2786 = ADVANCED_FACE('',(#2787),#2798,.T.);
#2787 = FACE_BOUND('',#2788,.T.);
#2788 = EDGE_LOOP('',(#2789,#2790,#2791,#2797));
#2789 = ORIENTED_EDGE('',*,*,#2714,.T.);
#2790 = ORIENTED_EDGE('',*,*,#2325,.F.);
#2791 = ORIENTED_EDGE('',*,*,#2792,.F.);
#2792 = EDGE_CURVE('',#2410,#2319,#2793,.T.);
#2793 = ( BOUNDED_CURVE() B_SPLINE_CURVE(2,(#2794,#2795,#2796),
.UNSPECIFIED.,.F.,.F.) B_SPLINE_CURVE_WITH_KNOTS((3,3),(1.570796326795,
3.14159265359),.PIECEWISE_BEZIER_KNOTS.) CURVE() 
GEOMETRIC_REPRESENTATION_ITEM() RATIONAL_B_SPLINE_CURVE((1.,
0.707106781187,1.)) REPRESENTATION_ITEM('') );
#2794 = CARTESIAN_POINT('',(-0.65,0.96,4.00001E-02));
#2795 = CARTESIAN_POINT('',(-0.65,0.96,1.00000000118E-07));
#2796 = CARTESIAN_POINT('',(-0.69,0.96,1.00000000111E-07));
#2797 = ORIENTED_EDGE('',*,*,#2407,.F.);
#2798 = ( BOUNDED_SURFACE() B_SPLINE_SURFACE(2,1,(
    (#2799,#2800)
    ,(#2801,#2802)
    ,(#2803,#2804
)),.UNSPECIFIED.,.F.,.F.,.F.) B_SPLINE_SURFACE_WITH_KNOTS((3,3),(2,2),(
    0.,1.570796326795),(-0.96,0.96),.PIECEWISE_BEZIER_KNOTS.) 
GEOMETRIC_REPRESENTATION_ITEM() RATIONAL_B_SPLINE_SURFACE((
    (1.,1.)
    ,(0.707106781187,0.707106781187)
,(1.,1.))) REPRESENTATION_ITEM('') SURFACE() );
#2799 = CARTESIAN_POINT('',(-0.69,0.96,1.00000000111E-07));
#2800 = CARTESIAN_POINT('',(-0.69,-0.96,1.00000000111E-07));
#2801 = CARTESIAN_POINT('',(-0.65,0.96,1.00000000111E-07));
#2802 = CARTESIAN_POINT('',(-0.65,-0.96,1.00000000111E-07));
#2803 = CARTESIAN_POINT('',(-0.65,0.96,4.00001E-02));
#2804 = CARTESIAN_POINT('',(-0.65,-0.96,4.00001E-02));
#2805 = ADVANCED_FACE('',(#2806),#2816,.T.);
#2806 = FACE_BOUND('',#2807,.T.);
#2807 = EDGE_LOOP('',(#2808,#2809,#2810));
#2808 = ORIENTED_EDGE('',*,*,#2754,.T.);
#2809 = ORIENTED_EDGE('',*,*,#2735,.T.);
#2810 = ORIENTED_EDGE('',*,*,#2811,.F.);
#2811 = EDGE_CURVE('',#2024,#2417,#2812,.T.);
#2812 = ( BOUNDED_CURVE() B_SPLINE_CURVE(2,(#2813,#2814,#2815),
.UNSPECIFIED.,.F.,.F.) B_SPLINE_CURVE_WITH_KNOTS((3,3),(4.712388980385,
6.28318530718),.PIECEWISE_BEZIER_KNOTS.) CURVE() 
GEOMETRIC_REPRESENTATION_ITEM() RATIONAL_B_SPLINE_CURVE((1.,
0.707106781187,1.)) REPRESENTATION_ITEM('') );
#2813 = CARTESIAN_POINT('',(-0.69,1.,0.6600001));
#2814 = CARTESIAN_POINT('',(-0.65,1.,0.6600001));
#2815 = CARTESIAN_POINT('',(-0.65,0.96,0.6600001));
#2816 = ( BOUNDED_SURFACE() B_SPLINE_SURFACE(2,2,(
    (#2817,#2818,#2819)
    ,(#2820,#2821,#2822)
    ,(#2823,#2824,#2825
)),.UNSPECIFIED.,.F.,.F.,.F.) B_SPLINE_SURFACE_WITH_KNOTS((3,3),(3,3),(
    4.712388980385,6.28318530718),(-1.603019596552E-16,1.570796326795),
.PIECEWISE_BEZIER_KNOTS.) GEOMETRIC_REPRESENTATION_ITEM() 
RATIONAL_B_SPLINE_SURFACE((
    (1.,0.707106781187,1.)
    ,(0.707106781187,0.5,0.707106781187)
,(1.,0.707106781187,1.))) REPRESENTATION_ITEM('') SURFACE() );
#2817 = CARTESIAN_POINT('',(-0.69,0.96,0.7000001));
#2818 = CARTESIAN_POINT('',(-0.69,1.,0.7000001));
#2819 = CARTESIAN_POINT('',(-0.69,1.,0.6600001));
#2820 = CARTESIAN_POINT('',(-0.65,0.96,0.7000001));
#2821 = CARTESIAN_POINT('',(-0.65,1.,0.7000001));
#2822 = CARTESIAN_POINT('',(-0.69,1.,0.6600001));
#2823 = CARTESIAN_POINT('',(-0.65,0.96,0.6600001));
#2824 = CARTESIAN_POINT('',(-0.65,1.,0.6600001));
#2825 = CARTESIAN_POINT('',(-0.69,1.,0.6600001));
#2826 = ADVANCED_FACE('',(#2827),#2837,.T.);
#2827 = FACE_BOUND('',#2828,.T.);
#2828 = EDGE_LOOP('',(#2829,#2830,#2831));
#2829 = ORIENTED_EDGE('',*,*,#2792,.T.);
#2830 = ORIENTED_EDGE('',*,*,#2773,.T.);
#2831 = ORIENTED_EDGE('',*,*,#2832,.F.);
#2832 = EDGE_CURVE('',#2410,#2031,#2833,.T.);
#2833 = ( BOUNDED_CURVE() B_SPLINE_CURVE(2,(#2834,#2835,#2836),
.UNSPECIFIED.,.F.,.F.) B_SPLINE_CURVE_WITH_KNOTS((3,3),(3.14159265359,
4.712388980385),.PIECEWISE_BEZIER_KNOTS.) CURVE() 
GEOMETRIC_REPRESENTATION_ITEM() RATIONAL_B_SPLINE_CURVE((1.,
0.707106781187,1.)) REPRESENTATION_ITEM('') );
#2834 = CARTESIAN_POINT('',(-0.65,0.96,4.00001E-02));
#2835 = CARTESIAN_POINT('',(-0.65,1.,4.00001E-02));
#2836 = CARTESIAN_POINT('',(-0.69,1.,4.00001E-02));
#2837 = ( BOUNDED_SURFACE() B_SPLINE_SURFACE(2,2,(
    (#2838,#2839,#2840)
    ,(#2841,#2842,#2843)
    ,(#2844,#2845,#2846
)),.UNSPECIFIED.,.F.,.F.,.F.) B_SPLINE_SURFACE_WITH_KNOTS((3,3),(3,3),(
    0.,1.570796326795),(0.,1.570796326795),.PIECEWISE_BEZIER_KNOTS.) 
GEOMETRIC_REPRESENTATION_ITEM() RATIONAL_B_SPLINE_SURFACE((
    (1.,0.707106781187,1.)
    ,(0.707106781187,0.5,0.707106781187)
,(1.,0.707106781187,1.))) REPRESENTATION_ITEM('') SURFACE() );
#2838 = CARTESIAN_POINT('',(-0.65,0.96,4.00001E-02));
#2839 = CARTESIAN_POINT('',(-0.65,1.,4.00001E-02));
#2840 = CARTESIAN_POINT('',(-0.69,1.,4.00001E-02));
#2841 = CARTESIAN_POINT('',(-0.65,0.96,1.00000000118E-07));
#2842 = CARTESIAN_POINT('',(-0.65,1.,1.00000000118E-07));
#2843 = CARTESIAN_POINT('',(-0.69,1.,4.00001E-02));
#2844 = CARTESIAN_POINT('',(-0.69,0.96,1.00000000111E-07));
#2845 = CARTESIAN_POINT('',(-0.69,1.,1.00000000111E-07));
#2846 = CARTESIAN_POINT('',(-0.69,1.,4.00001E-02));
#2847 = ADVANCED_FACE('',(#2848),#2854,.T.);
#2848 = FACE_BOUND('',#2849,.T.);
#2849 = EDGE_LOOP('',(#2850,#2851,#2852,#2853));
#2850 = ORIENTED_EDGE('',*,*,#2811,.T.);
#2851 = ORIENTED_EDGE('',*,*,#2416,.F.);
#2852 = ORIENTED_EDGE('',*,*,#2832,.T.);
#2853 = ORIENTED_EDGE('',*,*,#2030,.F.);
#2854 = ( BOUNDED_SURFACE() B_SPLINE_SURFACE(2,1,(
    (#2855,#2856)
    ,(#2857,#2858)
    ,(#2859,#2860
)),.UNSPECIFIED.,.F.,.F.,.F.) B_SPLINE_SURFACE_WITH_KNOTS((3,3),(2,2),(
    1.570796326795,3.14159265359),(4.E-02,0.66),
.PIECEWISE_BEZIER_KNOTS.) GEOMETRIC_REPRESENTATION_ITEM() 
RATIONAL_B_SPLINE_SURFACE((
    (1.,1.)
    ,(0.707106781187,0.707106781187)
,(1.,1.))) REPRESENTATION_ITEM('') SURFACE() );
#2855 = CARTESIAN_POINT('',(-0.69,1.,0.6600001));
#2856 = CARTESIAN_POINT('',(-0.69,1.,4.00001E-02));
#2857 = CARTESIAN_POINT('',(-0.65,1.,0.6600001));
#2858 = CARTESIAN_POINT('',(-0.65,1.,4.00001E-02));
#2859 = CARTESIAN_POINT('',(-0.65,0.96,0.6600001));
#2860 = CARTESIAN_POINT('',(-0.65,0.96,4.00001E-02));
#2861 = ADVANCED_FACE('',(#2862),#2878,.T.);
#2862 = FACE_BOUND('',#2863,.T.);
#2863 = EDGE_LOOP('',(#2864,#2870,#2871,#2877));
#2864 = ORIENTED_EDGE('',*,*,#2865,.F.);
#2865 = EDGE_CURVE('',#2130,#2175,#2866,.T.);
#2866 = ( BOUNDED_CURVE() B_SPLINE_CURVE(2,(#2867,#2868,#2869),
.UNSPECIFIED.,.F.,.F.) B_SPLINE_CURVE_WITH_KNOTS((3,3),(0.,
1.570796326795),.PIECEWISE_BEZIER_KNOTS.) CURVE() 
GEOMETRIC_REPRESENTATION_ITEM() RATIONAL_B_SPLINE_CURVE((1.,
0.707106781187,1.)) REPRESENTATION_ITEM('') );
#2867 = CARTESIAN_POINT('',(1.25,0.96,0.6600001));
#2868 = CARTESIAN_POINT('',(1.25,1.,0.6600001));
#2869 = CARTESIAN_POINT('',(1.21,1.,0.6600001));
#2870 = ORIENTED_EDGE('',*,*,#2152,.F.);
#2871 = ORIENTED_EDGE('',*,*,#2872,.F.);
#2872 = EDGE_CURVE('',#2182,#2146,#2873,.T.);
#2873 = ( BOUNDED_CURVE() B_SPLINE_CURVE(2,(#2874,#2875,#2876),
.UNSPECIFIED.,.F.,.F.) B_SPLINE_CURVE_WITH_KNOTS((3,3),(1.570796326795,
3.14159265359),.PIECEWISE_BEZIER_KNOTS.) CURVE() 
GEOMETRIC_REPRESENTATION_ITEM() RATIONAL_B_SPLINE_CURVE((1.,
0.707106781187,1.)) REPRESENTATION_ITEM('') );
#2874 = CARTESIAN_POINT('',(1.21,1.,4.00001E-02));
#2875 = CARTESIAN_POINT('',(1.25,1.,4.00001E-02));
#2876 = CARTESIAN_POINT('',(1.25,0.96,4.00001E-02));
#2877 = ORIENTED_EDGE('',*,*,#2181,.F.);
#2878 = ( BOUNDED_SURFACE() B_SPLINE_SURFACE(2,1,(
    (#2879,#2880)
    ,(#2881,#2882)
    ,(#2883,#2884
)),.UNSPECIFIED.,.F.,.F.,.F.) B_SPLINE_SURFACE_WITH_KNOTS((3,3),(2,2),(
    1.570796326795,3.14159265359),(4.E-02,0.66),
.PIECEWISE_BEZIER_KNOTS.) GEOMETRIC_REPRESENTATION_ITEM() 
RATIONAL_B_SPLINE_SURFACE((
    (1.,1.)
    ,(0.707106781187,0.707106781187)
,(1.,1.))) REPRESENTATION_ITEM('') SURFACE() );
#2879 = CARTESIAN_POINT('',(1.21,1.,0.6600001));
#2880 = CARTESIAN_POINT('',(1.21,1.,4.00001E-02));
#2881 = CARTESIAN_POINT('',(1.25,1.,0.6600001));
#2882 = CARTESIAN_POINT('',(1.25,1.,4.00001E-02));
#2883 = CARTESIAN_POINT('',(1.25,0.96,0.6600001));
#2884 = CARTESIAN_POINT('',(1.25,0.96,4.00001E-02));
#2885 = ADVANCED_FACE('',(#2886),#2901,.T.);
#2886 = FACE_BOUND('',#2887,.T.);
#2887 = EDGE_LOOP('',(#2888,#2894,#2895));
#2888 = ORIENTED_EDGE('',*,*,#2889,.F.);
#2889 = EDGE_CURVE('',#2130,#2110,#2890,.T.);
#2890 = ( BOUNDED_CURVE() B_SPLINE_CURVE(2,(#2891,#2892,#2893),
.UNSPECIFIED.,.F.,.F.) B_SPLINE_CURVE_WITH_KNOTS((3,3),(4.712388980385,
6.28318530718),.PIECEWISE_BEZIER_KNOTS.) CURVE() 
GEOMETRIC_REPRESENTATION_ITEM() RATIONAL_B_SPLINE_CURVE((1.,
0.707106781187,1.)) REPRESENTATION_ITEM('') );
#2891 = CARTESIAN_POINT('',(1.25,0.96,0.6600001));
#2892 = CARTESIAN_POINT('',(1.25,0.96,0.7000001));
#2893 = CARTESIAN_POINT('',(1.21,0.96,0.7000001));
#2894 = ORIENTED_EDGE('',*,*,#2865,.T.);
#2895 = ORIENTED_EDGE('',*,*,#2896,.F.);
#2896 = EDGE_CURVE('',#2110,#2175,#2897,.T.);
#2897 = ( BOUNDED_CURVE() B_SPLINE_CURVE(2,(#2898,#2899,#2900),
.UNSPECIFIED.,.F.,.F.) B_SPLINE_CURVE_WITH_KNOTS((3,3),(3.14159265359,
4.712388980385),.PIECEWISE_BEZIER_KNOTS.) CURVE() 
GEOMETRIC_REPRESENTATION_ITEM() RATIONAL_B_SPLINE_CURVE((1.,
0.707106781187,1.)) REPRESENTATION_ITEM('') );
#2898 = CARTESIAN_POINT('',(1.21,0.96,0.7000001));
#2899 = CARTESIAN_POINT('',(1.21,1.,0.7000001));
#2900 = CARTESIAN_POINT('',(1.21,1.,0.6600001));
#2901 = ( BOUNDED_SURFACE() B_SPLINE_SURFACE(2,2,(
    (#2902,#2903,#2904)
    ,(#2905,#2906,#2907)
    ,(#2908,#2909,#2910
)),.UNSPECIFIED.,.F.,.F.,.F.) B_SPLINE_SURFACE_WITH_KNOTS((3,3),(3,3),(
    4.712388980385,6.28318530718),(-1.603019596552E-16,1.570796326795),
.PIECEWISE_BEZIER_KNOTS.) GEOMETRIC_REPRESENTATION_ITEM() 
RATIONAL_B_SPLINE_SURFACE((
    (1.,0.707106781187,1.)
    ,(0.707106781187,0.5,0.707106781187)
,(1.,0.707106781187,1.))) REPRESENTATION_ITEM('') SURFACE() );
#2902 = CARTESIAN_POINT('',(1.21,0.96,0.7000001));
#2903 = CARTESIAN_POINT('',(1.21,1.,0.7000001));
#2904 = CARTESIAN_POINT('',(1.21,1.,0.6600001));
#2905 = CARTESIAN_POINT('',(1.25,0.96,0.7000001));
#2906 = CARTESIAN_POINT('',(1.25,1.,0.7000001));
#2907 = CARTESIAN_POINT('',(1.21,1.,0.6600001));
#2908 = CARTESIAN_POINT('',(1.25,0.96,0.6600001));
#2909 = CARTESIAN_POINT('',(1.25,1.,0.6600001));
#2910 = CARTESIAN_POINT('',(1.21,1.,0.6600001));
#2911 = ADVANCED_FACE('',(#2912),#2927,.T.);
#2912 = FACE_BOUND('',#2913,.T.);
#2913 = EDGE_LOOP('',(#2914,#2920,#2921));
#2914 = ORIENTED_EDGE('',*,*,#2915,.F.);
#2915 = EDGE_CURVE('',#2182,#1967,#2916,.T.);
#2916 = ( BOUNDED_CURVE() B_SPLINE_CURVE(2,(#2917,#2918,#2919),
.UNSPECIFIED.,.F.,.F.) B_SPLINE_CURVE_WITH_KNOTS((3,3),(4.712388980385,
6.28318530718),.PIECEWISE_BEZIER_KNOTS.) CURVE() 
GEOMETRIC_REPRESENTATION_ITEM() RATIONAL_B_SPLINE_CURVE((1.,
0.707106781187,1.)) REPRESENTATION_ITEM('') );
#2917 = CARTESIAN_POINT('',(1.21,1.,4.00001E-02));
#2918 = CARTESIAN_POINT('',(1.21,1.,1.000000001249E-07));
#2919 = CARTESIAN_POINT('',(1.21,0.96,1.00000000111E-07));
#2920 = ORIENTED_EDGE('',*,*,#2872,.T.);
#2921 = ORIENTED_EDGE('',*,*,#2922,.F.);
#2922 = EDGE_CURVE('',#1967,#2146,#2923,.T.);
#2923 = ( BOUNDED_CURVE() B_SPLINE_CURVE(2,(#2924,#2925,#2926),
.UNSPECIFIED.,.F.,.F.) B_SPLINE_CURVE_WITH_KNOTS((3,3),(3.14159265359,
4.712388980385),.PIECEWISE_BEZIER_KNOTS.) CURVE() 
GEOMETRIC_REPRESENTATION_ITEM() RATIONAL_B_SPLINE_CURVE((1.,
0.707106781187,1.)) REPRESENTATION_ITEM('') );
#2924 = CARTESIAN_POINT('',(1.21,0.96,1.00000000111E-07));
#2925 = CARTESIAN_POINT('',(1.25,0.96,1.000000001041E-07));
#2926 = CARTESIAN_POINT('',(1.25,0.96,4.00001E-02));
#2927 = ( BOUNDED_SURFACE() B_SPLINE_SURFACE(2,2,(
    (#2928,#2929,#2930)
    ,(#2931,#2932,#2933)
    ,(#2934,#2935,#2936
)),.UNSPECIFIED.,.F.,.F.,.F.) B_SPLINE_SURFACE_WITH_KNOTS((3,3),(3,3),(
    0.,1.570796326795),(0.,1.570796326795),.PIECEWISE_BEZIER_KNOTS.) 
GEOMETRIC_REPRESENTATION_ITEM() RATIONAL_B_SPLINE_SURFACE((
    (1.,0.707106781187,1.)
    ,(0.707106781187,0.5,0.707106781187)
,(1.,0.707106781187,1.))) REPRESENTATION_ITEM('') SURFACE() );
#2928 = CARTESIAN_POINT('',(1.25,0.96,4.00001E-02));
#2929 = CARTESIAN_POINT('',(1.25,1.,4.00001E-02));
#2930 = CARTESIAN_POINT('',(1.21,1.,4.00001E-02));
#2931 = CARTESIAN_POINT('',(1.25,0.96,1.000000001041E-07));
#2932 = CARTESIAN_POINT('',(1.25,1.,1.000000001041E-07));
#2933 = CARTESIAN_POINT('',(1.21,1.,4.00001E-02));
#2934 = CARTESIAN_POINT('',(1.21,0.96,1.00000000111E-07));
#2935 = CARTESIAN_POINT('',(1.21,1.,1.00000000111E-07));
#2936 = CARTESIAN_POINT('',(1.21,1.,4.00001E-02));
#2937 = ADVANCED_FACE('',(#2938),#2949,.T.);
#2938 = FACE_BOUND('',#2939,.T.);
#2939 = EDGE_LOOP('',(#2940,#2941,#2942,#2948));
#2940 = ORIENTED_EDGE('',*,*,#2896,.T.);
#2941 = ORIENTED_EDGE('',*,*,#2174,.F.);
#2942 = ORIENTED_EDGE('',*,*,#2943,.F.);
#2943 = EDGE_CURVE('',#2094,#2168,#2944,.T.);
#2944 = ( BOUNDED_CURVE() B_SPLINE_CURVE(2,(#2945,#2946,#2947),
.UNSPECIFIED.,.F.,.F.) B_SPLINE_CURVE_WITH_KNOTS((3,3),(1.570796326795,
3.14159265359),.PIECEWISE_BEZIER_KNOTS.) CURVE() 
GEOMETRIC_REPRESENTATION_ITEM() RATIONAL_B_SPLINE_CURVE((1.,
0.707106781187,1.)) REPRESENTATION_ITEM('') );
#2945 = CARTESIAN_POINT('',(0.69,0.96,0.7000001));
#2946 = CARTESIAN_POINT('',(0.69,1.,0.7000001));
#2947 = CARTESIAN_POINT('',(0.69,1.,0.6600001));
#2948 = ORIENTED_EDGE('',*,*,#2116,.F.);
#2949 = ( BOUNDED_SURFACE() B_SPLINE_SURFACE(2,1,(
    (#2950,#2951)
    ,(#2952,#2953)
    ,(#2954,#2955
)),.UNSPECIFIED.,.F.,.F.,.F.) B_SPLINE_SURFACE_WITH_KNOTS((3,3),(2,2),(
    1.570796326795,3.14159265359),(0.69,1.21),.PIECEWISE_BEZIER_KNOTS.) 
GEOMETRIC_REPRESENTATION_ITEM() RATIONAL_B_SPLINE_SURFACE((
    (1.,1.)
    ,(0.707106781187,0.707106781187)
,(1.,1.))) REPRESENTATION_ITEM('') SURFACE() );
#2950 = CARTESIAN_POINT('',(0.69,1.,0.6600001));
#2951 = CARTESIAN_POINT('',(1.21,1.,0.6600001));
#2952 = CARTESIAN_POINT('',(0.69,1.,0.7000001));
#2953 = CARTESIAN_POINT('',(1.21,1.,0.7000001));
#2954 = CARTESIAN_POINT('',(0.69,0.96,0.7000001));
#2955 = CARTESIAN_POINT('',(1.21,0.96,0.7000001));
#2956 = ADVANCED_FACE('',(#2957),#2968,.T.);
#2957 = FACE_BOUND('',#2958,.T.);
#2958 = EDGE_LOOP('',(#2959,#2960,#2961,#2967));
#2959 = ORIENTED_EDGE('',*,*,#2889,.T.);
#2960 = ORIENTED_EDGE('',*,*,#2109,.F.);
#2961 = ORIENTED_EDGE('',*,*,#2962,.F.);
#2962 = EDGE_CURVE('',#2132,#2103,#2963,.T.);
#2963 = ( BOUNDED_CURVE() B_SPLINE_CURVE(2,(#2964,#2965,#2966),
.UNSPECIFIED.,.F.,.F.) B_SPLINE_CURVE_WITH_KNOTS((3,3),(1.570796326795,
3.14159265359),.PIECEWISE_BEZIER_KNOTS.) CURVE() 
GEOMETRIC_REPRESENTATION_ITEM() RATIONAL_B_SPLINE_CURVE((1.,
0.707106781187,1.)) REPRESENTATION_ITEM('') );
#2964 = CARTESIAN_POINT('',(1.25,-0.96,0.6600001));
#2965 = CARTESIAN_POINT('',(1.25,-0.96,0.7000001));
#2966 = CARTESIAN_POINT('',(1.21,-0.96,0.7000001));
#2967 = ORIENTED_EDGE('',*,*,#2129,.F.);
#2968 = ( BOUNDED_SURFACE() B_SPLINE_SURFACE(2,1,(
    (#2969,#2970)
    ,(#2971,#2972)
    ,(#2973,#2974
)),.UNSPECIFIED.,.F.,.F.,.F.) B_SPLINE_SURFACE_WITH_KNOTS((3,3),(2,2),(
    1.570796326795,3.14159265359),(-0.96,0.96),
.PIECEWISE_BEZIER_KNOTS.) GEOMETRIC_REPRESENTATION_ITEM() 
RATIONAL_B_SPLINE_SURFACE((
    (1.,1.)
    ,(0.707106781187,0.707106781187)
,(1.,1.))) REPRESENTATION_ITEM('') SURFACE() );
#2969 = CARTESIAN_POINT('',(1.25,0.96,0.6600001));
#2970 = CARTESIAN_POINT('',(1.25,-0.96,0.6600001));
#2971 = CARTESIAN_POINT('',(1.25,0.96,0.7000001));
#2972 = CARTESIAN_POINT('',(1.25,-0.96,0.7000001));
#2973 = CARTESIAN_POINT('',(1.21,0.96,0.7000001));
#2974 = CARTESIAN_POINT('',(1.21,-0.96,0.7000001));
#2975 = ADVANCED_FACE('',(#2976),#2992,.T.);
#2976 = FACE_BOUND('',#2977,.T.);
#2977 = EDGE_LOOP('',(#2978,#2984,#2985,#2991));
#2978 = ORIENTED_EDGE('',*,*,#2979,.F.);
#2979 = EDGE_CURVE('',#2139,#2254,#2980,.T.);
#2980 = ( BOUNDED_CURVE() B_SPLINE_CURVE(2,(#2981,#2982,#2983),
.UNSPECIFIED.,.F.,.F.) B_SPLINE_CURVE_WITH_KNOTS((3,3),(3.14159265359,
4.712388980385),.PIECEWISE_BEZIER_KNOTS.) CURVE() 
GEOMETRIC_REPRESENTATION_ITEM() RATIONAL_B_SPLINE_CURVE((1.,
0.707106781187,1.)) REPRESENTATION_ITEM('') );
#2981 = CARTESIAN_POINT('',(1.25,-0.96,4.00001E-02));
#2982 = CARTESIAN_POINT('',(1.25,-1.,4.00001E-02));
#2983 = CARTESIAN_POINT('',(1.21,-1.,4.00001E-02));
#2984 = ORIENTED_EDGE('',*,*,#2138,.F.);
#2985 = ORIENTED_EDGE('',*,*,#2986,.F.);
#2986 = EDGE_CURVE('',#2238,#2132,#2987,.T.);
#2987 = ( BOUNDED_CURVE() B_SPLINE_CURVE(2,(#2988,#2989,#2990),
.UNSPECIFIED.,.F.,.F.) B_SPLINE_CURVE_WITH_KNOTS((3,3),(4.712388980385,
6.28318530718),.PIECEWISE_BEZIER_KNOTS.) CURVE() 
GEOMETRIC_REPRESENTATION_ITEM() RATIONAL_B_SPLINE_CURVE((1.,
0.707106781187,1.)) REPRESENTATION_ITEM('') );
#2988 = CARTESIAN_POINT('',(1.21,-1.,0.6600001));
#2989 = CARTESIAN_POINT('',(1.25,-1.,0.6600001));
#2990 = CARTESIAN_POINT('',(1.25,-0.96,0.6600001));
#2991 = ORIENTED_EDGE('',*,*,#2260,.F.);
#2992 = ( BOUNDED_SURFACE() B_SPLINE_SURFACE(2,1,(
    (#2993,#2994)
    ,(#2995,#2996)
    ,(#2997,#2998
)),.UNSPECIFIED.,.F.,.F.,.F.) B_SPLINE_SURFACE_WITH_KNOTS((3,3),(2,2),(
    3.14159265359,4.712388980385),(4.E-02,0.66),
.PIECEWISE_BEZIER_KNOTS.) GEOMETRIC_REPRESENTATION_ITEM() 
RATIONAL_B_SPLINE_SURFACE((
    (1.,1.)
    ,(0.707106781187,0.707106781187)
,(1.,1.))) REPRESENTATION_ITEM('') SURFACE() );
#2993 = CARTESIAN_POINT('',(1.25,-0.96,0.6600001));
#2994 = CARTESIAN_POINT('',(1.25,-0.96,4.00001E-02));
#2995 = CARTESIAN_POINT('',(1.25,-1.,0.6600001));
#2996 = CARTESIAN_POINT('',(1.25,-1.,4.00001E-02));
#2997 = CARTESIAN_POINT('',(1.21,-1.,0.6600001));
#2998 = CARTESIAN_POINT('',(1.21,-1.,4.00001E-02));
#2999 = ADVANCED_FACE('',(#3000),#3011,.T.);
#3000 = FACE_BOUND('',#3001,.T.);
#3001 = EDGE_LOOP('',(#3002,#3003,#3004,#3010));
#3002 = ORIENTED_EDGE('',*,*,#2922,.T.);
#3003 = ORIENTED_EDGE('',*,*,#2145,.F.);
#3004 = ORIENTED_EDGE('',*,*,#3005,.F.);
#3005 = EDGE_CURVE('',#1974,#2139,#3006,.T.);
#3006 = ( BOUNDED_CURVE() B_SPLINE_CURVE(2,(#3007,#3008,#3009),
.UNSPECIFIED.,.F.,.F.) B_SPLINE_CURVE_WITH_KNOTS((3,3),(4.712388980385,
6.28318530718),.PIECEWISE_BEZIER_KNOTS.) CURVE() 
GEOMETRIC_REPRESENTATION_ITEM() RATIONAL_B_SPLINE_CURVE((1.,
0.707106781187,1.)) REPRESENTATION_ITEM('') );
#3007 = CARTESIAN_POINT('',(1.21,-0.96,1.000000000069E-07));
#3008 = CARTESIAN_POINT('',(1.25,-0.96,1.E-07));
#3009 = CARTESIAN_POINT('',(1.25,-0.96,4.00001E-02));
#3010 = ORIENTED_EDGE('',*,*,#1973,.F.);
#3011 = ( BOUNDED_SURFACE() B_SPLINE_SURFACE(2,1,(
    (#3012,#3013)
    ,(#3014,#3015)
    ,(#3016,#3017
)),.UNSPECIFIED.,.F.,.F.,.F.) B_SPLINE_SURFACE_WITH_KNOTS((3,3),(2,2),(
    1.570796326795,3.14159265359),(-1.96,-4.E-02),
.PIECEWISE_BEZIER_KNOTS.) GEOMETRIC_REPRESENTATION_ITEM() 
RATIONAL_B_SPLINE_SURFACE((
    (1.,1.)
    ,(0.707106781187,0.707106781187)
,(1.,1.))) REPRESENTATION_ITEM('') SURFACE() );
#3012 = CARTESIAN_POINT('',(1.25,-0.96,4.00001E-02));
#3013 = CARTESIAN_POINT('',(1.25,0.96,4.00001E-02));
#3014 = CARTESIAN_POINT('',(1.25,-0.96,1.00000000118E-07));
#3015 = CARTESIAN_POINT('',(1.25,0.96,1.00000000118E-07));
#3016 = CARTESIAN_POINT('',(1.21,-0.96,1.00000000111E-07));
#3017 = CARTESIAN_POINT('',(1.21,0.96,1.00000000111E-07));
#3018 = ADVANCED_FACE('',(#3019),#3030,.T.);
#3019 = FACE_BOUND('',#3020,.T.);
#3020 = EDGE_LOOP('',(#3021,#3022,#3023,#3029));
#3021 = ORIENTED_EDGE('',*,*,#2915,.T.);
#3022 = ORIENTED_EDGE('',*,*,#1966,.F.);
#3023 = ORIENTED_EDGE('',*,*,#3024,.F.);
#3024 = EDGE_CURVE('',#2166,#1960,#3025,.T.);
#3025 = ( BOUNDED_CURVE() B_SPLINE_CURVE(2,(#3026,#3027,#3028),
.UNSPECIFIED.,.F.,.F.) B_SPLINE_CURVE_WITH_KNOTS((3,3),(1.570796326795,
3.14159265359),.PIECEWISE_BEZIER_KNOTS.) CURVE() 
GEOMETRIC_REPRESENTATION_ITEM() RATIONAL_B_SPLINE_CURVE((1.,
0.707106781187,1.)) REPRESENTATION_ITEM('') );
#3026 = CARTESIAN_POINT('',(0.69,1.,4.00001E-02));
#3027 = CARTESIAN_POINT('',(0.69,1.,1.00000000118E-07));
#3028 = CARTESIAN_POINT('',(0.69,0.96,1.00000000111E-07));
#3029 = ORIENTED_EDGE('',*,*,#2188,.F.);
#3030 = ( BOUNDED_SURFACE() B_SPLINE_SURFACE(2,1,(
    (#3031,#3032)
    ,(#3033,#3034)
    ,(#3035,#3036
)),.UNSPECIFIED.,.F.,.F.,.F.) B_SPLINE_SURFACE_WITH_KNOTS((3,3),(2,2),(
    1.570796326795,3.14159265359),(-2.46,-1.94),
.PIECEWISE_BEZIER_KNOTS.) GEOMETRIC_REPRESENTATION_ITEM() 
RATIONAL_B_SPLINE_SURFACE((
    (1.,1.)
    ,(0.707106781187,0.707106781187)
,(1.,1.))) REPRESENTATION_ITEM('') SURFACE() );
#3031 = CARTESIAN_POINT('',(1.21,1.,4.00001E-02));
#3032 = CARTESIAN_POINT('',(0.69,1.,4.00001E-02));
#3033 = CARTESIAN_POINT('',(1.21,1.,1.00000000118E-07));
#3034 = CARTESIAN_POINT('',(0.69,1.,1.00000000118E-07));
#3035 = CARTESIAN_POINT('',(1.21,0.96,1.00000000111E-07));
#3036 = CARTESIAN_POINT('',(0.69,0.96,1.00000000111E-07));
#3037 = ADVANCED_FACE('',(#3038),#3054,.T.);
#3038 = FACE_BOUND('',#3039,.T.);
#3039 = EDGE_LOOP('',(#3040,#3046,#3047,#3053));
#3040 = ORIENTED_EDGE('',*,*,#3041,.F.);
#3041 = EDGE_CURVE('',#2168,#2382,#3042,.T.);
#3042 = ( BOUNDED_CURVE() B_SPLINE_CURVE(2,(#3043,#3044,#3045),
.UNSPECIFIED.,.F.,.F.) B_SPLINE_CURVE_WITH_KNOTS((3,3),(1.570796326795,
3.14159265359),.PIECEWISE_BEZIER_KNOTS.) CURVE() 
GEOMETRIC_REPRESENTATION_ITEM() RATIONAL_B_SPLINE_CURVE((1.,
0.707106781187,1.)) REPRESENTATION_ITEM('') );
#3043 = CARTESIAN_POINT('',(0.69,1.,0.6600001));
#3044 = CARTESIAN_POINT('',(0.65,1.,0.6600001));
#3045 = CARTESIAN_POINT('',(0.65,0.96,0.6600001));
#3046 = ORIENTED_EDGE('',*,*,#2165,.F.);
#3047 = ORIENTED_EDGE('',*,*,#3048,.F.);
#3048 = EDGE_CURVE('',#2366,#2166,#3049,.T.);
#3049 = ( BOUNDED_CURVE() B_SPLINE_CURVE(2,(#3050,#3051,#3052),
.UNSPECIFIED.,.F.,.F.) B_SPLINE_CURVE_WITH_KNOTS((3,3),(4.712388980385,
6.28318530718),.PIECEWISE_BEZIER_KNOTS.) CURVE() 
GEOMETRIC_REPRESENTATION_ITEM() RATIONAL_B_SPLINE_CURVE((1.,
0.707106781187,1.)) REPRESENTATION_ITEM('') );
#3050 = CARTESIAN_POINT('',(0.65,0.96,4.00001E-02));
#3051 = CARTESIAN_POINT('',(0.65,1.,4.00001E-02));
#3052 = CARTESIAN_POINT('',(0.69,1.,4.00001E-02));
#3053 = ORIENTED_EDGE('',*,*,#2388,.F.);
#3054 = ( BOUNDED_SURFACE() B_SPLINE_SURFACE(2,1,(
    (#3055,#3056)
    ,(#3057,#3058)
    ,(#3059,#3060
)),.UNSPECIFIED.,.F.,.F.,.F.) B_SPLINE_SURFACE_WITH_KNOTS((3,3),(2,2),(
    1.570796326795,3.14159265359),(-0.66,-4.E-02),
.PIECEWISE_BEZIER_KNOTS.) GEOMETRIC_REPRESENTATION_ITEM() 
RATIONAL_B_SPLINE_SURFACE((
    (1.,1.)
    ,(0.707106781187,0.707106781187)
,(1.,1.))) REPRESENTATION_ITEM('') SURFACE() );
#3055 = CARTESIAN_POINT('',(0.69,1.,4.00001E-02));
#3056 = CARTESIAN_POINT('',(0.69,1.,0.6600001));
#3057 = CARTESIAN_POINT('',(0.65,1.,4.00001E-02));
#3058 = CARTESIAN_POINT('',(0.65,1.,0.6600001));
#3059 = CARTESIAN_POINT('',(0.65,0.96,4.00001E-02));
#3060 = CARTESIAN_POINT('',(0.65,0.96,0.6600001));
#3061 = ADVANCED_FACE('',(#3062),#3072,.T.);
#3062 = FACE_BOUND('',#3063,.T.);
#3063 = EDGE_LOOP('',(#3064,#3065,#3066));
#3064 = ORIENTED_EDGE('',*,*,#2943,.T.);
#3065 = ORIENTED_EDGE('',*,*,#3041,.T.);
#3066 = ORIENTED_EDGE('',*,*,#3067,.F.);
#3067 = EDGE_CURVE('',#2094,#2382,#3068,.T.);
#3068 = ( BOUNDED_CURVE() B_SPLINE_CURVE(2,(#3069,#3070,#3071),
.UNSPECIFIED.,.F.,.F.) B_SPLINE_CURVE_WITH_KNOTS((3,3),(0.,
1.570796326795),.PIECEWISE_BEZIER_KNOTS.) CURVE() 
GEOMETRIC_REPRESENTATION_ITEM() RATIONAL_B_SPLINE_CURVE((1.,
0.707106781187,1.)) REPRESENTATION_ITEM('') );
#3069 = CARTESIAN_POINT('',(0.69,0.96,0.7000001));
#3070 = CARTESIAN_POINT('',(0.65,0.96,0.7000001));
#3071 = CARTESIAN_POINT('',(0.65,0.96,0.6600001));
#3072 = ( BOUNDED_SURFACE() B_SPLINE_SURFACE(2,2,(
    (#3073,#3074,#3075)
    ,(#3076,#3077,#3078)
    ,(#3079,#3080,#3081
)),.UNSPECIFIED.,.F.,.F.,.F.) B_SPLINE_SURFACE_WITH_KNOTS((3,3),(3,3),(
    3.14159265359,4.712388980385),(-2.6645352591E-15,1.570796326795),
.PIECEWISE_BEZIER_KNOTS.) GEOMETRIC_REPRESENTATION_ITEM() 
RATIONAL_B_SPLINE_SURFACE((
    (1.,0.707106781187,1.)
    ,(0.707106781187,0.5,0.707106781187)
,(1.,0.707106781187,1.))) REPRESENTATION_ITEM('') SURFACE() );
#3073 = CARTESIAN_POINT('',(0.65,0.96,0.6600001));
#3074 = CARTESIAN_POINT('',(0.65,1.,0.6600001));
#3075 = CARTESIAN_POINT('',(0.69,1.,0.6600001));
#3076 = CARTESIAN_POINT('',(0.65,0.96,0.7000001));
#3077 = CARTESIAN_POINT('',(0.65,1.,0.7000001));
#3078 = CARTESIAN_POINT('',(0.69,1.,0.6600001));
#3079 = CARTESIAN_POINT('',(0.69,0.96,0.7000001));
#3080 = CARTESIAN_POINT('',(0.69,1.,0.7000001));
#3081 = CARTESIAN_POINT('',(0.69,1.,0.6600001));
#3082 = ADVANCED_FACE('',(#3083),#3093,.T.);
#3083 = FACE_BOUND('',#3084,.T.);
#3084 = EDGE_LOOP('',(#3085,#3086,#3087));
#3085 = ORIENTED_EDGE('',*,*,#2986,.T.);
#3086 = ORIENTED_EDGE('',*,*,#2962,.T.);
#3087 = ORIENTED_EDGE('',*,*,#3088,.F.);
#3088 = EDGE_CURVE('',#2238,#2103,#3089,.T.);
#3089 = ( BOUNDED_CURVE() B_SPLINE_CURVE(2,(#3090,#3091,#3092),
.UNSPECIFIED.,.F.,.F.) B_SPLINE_CURVE_WITH_KNOTS((3,3),(1.570796326795,
3.14159265359),.PIECEWISE_BEZIER_KNOTS.) CURVE() 
GEOMETRIC_REPRESENTATION_ITEM() RATIONAL_B_SPLINE_CURVE((1.,
0.707106781187,1.)) REPRESENTATION_ITEM('') );
#3090 = CARTESIAN_POINT('',(1.21,-1.,0.6600001));
#3091 = CARTESIAN_POINT('',(1.21,-1.,0.7000001));
#3092 = CARTESIAN_POINT('',(1.21,-0.96,0.7000001));
#3093 = ( BOUNDED_SURFACE() B_SPLINE_SURFACE(2,2,(
    (#3094,#3095,#3096)
    ,(#3097,#3098,#3099)
    ,(#3100,#3101,#3102
)),.UNSPECIFIED.,.F.,.F.,.F.) B_SPLINE_SURFACE_WITH_KNOTS((3,3),(3,3),(
    4.712388980385,6.28318530718),(-1.570796326795,1.110223024625E-15),
.PIECEWISE_BEZIER_KNOTS.) GEOMETRIC_REPRESENTATION_ITEM() 
RATIONAL_B_SPLINE_SURFACE((
    (1.,0.707106781187,1.)
    ,(0.707106781187,0.5,0.707106781187)
,(1.,0.707106781187,1.))) REPRESENTATION_ITEM('') SURFACE() );
#3094 = CARTESIAN_POINT('',(1.21,-1.,0.6600001));
#3095 = CARTESIAN_POINT('',(1.21,-1.,0.7000001));
#3096 = CARTESIAN_POINT('',(1.21,-0.96,0.7000001));
#3097 = CARTESIAN_POINT('',(1.21,-1.,0.6600001));
#3098 = CARTESIAN_POINT('',(1.25,-1.,0.7000001));
#3099 = CARTESIAN_POINT('',(1.25,-0.96,0.7000001));
#3100 = CARTESIAN_POINT('',(1.21,-1.,0.6600001));
#3101 = CARTESIAN_POINT('',(1.25,-1.,0.6600001));
#3102 = CARTESIAN_POINT('',(1.25,-0.96,0.6600001));
#3103 = ADVANCED_FACE('',(#3104),#3114,.T.);
#3104 = FACE_BOUND('',#3105,.T.);
#3105 = EDGE_LOOP('',(#3106,#3107,#3108));
#3106 = ORIENTED_EDGE('',*,*,#3005,.T.);
#3107 = ORIENTED_EDGE('',*,*,#2979,.T.);
#3108 = ORIENTED_EDGE('',*,*,#3109,.F.);
#3109 = EDGE_CURVE('',#1974,#2254,#3110,.T.);
#3110 = ( BOUNDED_CURVE() B_SPLINE_CURVE(2,(#3111,#3112,#3113),
.UNSPECIFIED.,.F.,.F.) B_SPLINE_CURVE_WITH_KNOTS((3,3),(0.,
1.570796326795),.PIECEWISE_BEZIER_KNOTS.) CURVE() 
GEOMETRIC_REPRESENTATION_ITEM() RATIONAL_B_SPLINE_CURVE((1.,
0.707106781187,1.)) REPRESENTATION_ITEM('') );
#3111 = CARTESIAN_POINT('',(1.21,-0.96,1.000000001041E-07));
#3112 = CARTESIAN_POINT('',(1.21,-1.,1.000000001041E-07));
#3113 = CARTESIAN_POINT('',(1.21,-1.,4.00001E-02));
#3114 = ( BOUNDED_SURFACE() B_SPLINE_SURFACE(2,2,(
    (#3115,#3116,#3117)
    ,(#3118,#3119,#3120)
    ,(#3121,#3122,#3123
)),.UNSPECIFIED.,.F.,.F.,.F.) B_SPLINE_SURFACE_WITH_KNOTS((3,3),(3,3),(
    0.,1.570796326795),(-1.570796326795,0.),.PIECEWISE_BEZIER_KNOTS.) 
GEOMETRIC_REPRESENTATION_ITEM() RATIONAL_B_SPLINE_SURFACE((
    (1.,0.707106781187,1.)
    ,(0.707106781187,0.5,0.707106781187)
,(1.,0.707106781187,1.))) REPRESENTATION_ITEM('') SURFACE() );
#3115 = CARTESIAN_POINT('',(1.21,-1.,4.00001E-02));
#3116 = CARTESIAN_POINT('',(1.25,-1.,4.00001E-02));
#3117 = CARTESIAN_POINT('',(1.25,-0.96,4.00001E-02));
#3118 = CARTESIAN_POINT('',(1.21,-1.,4.00001E-02));
#3119 = CARTESIAN_POINT('',(1.25,-1.,1.00000000118E-07));
#3120 = CARTESIAN_POINT('',(1.25,-0.96,1.00000000118E-07));
#3121 = CARTESIAN_POINT('',(1.21,-1.,4.00001E-02));
#3122 = CARTESIAN_POINT('',(1.21,-1.,1.00000000111E-07));
#3123 = CARTESIAN_POINT('',(1.21,-0.96,1.00000000111E-07));
#3124 = ADVANCED_FACE('',(#3125),#3135,.T.);
#3125 = FACE_BOUND('',#3126,.T.);
#3126 = EDGE_LOOP('',(#3127,#3128,#3129));
#3127 = ORIENTED_EDGE('',*,*,#3048,.T.);
#3128 = ORIENTED_EDGE('',*,*,#3024,.T.);
#3129 = ORIENTED_EDGE('',*,*,#3130,.F.);
#3130 = EDGE_CURVE('',#2366,#1960,#3131,.T.);
#3131 = ( BOUNDED_CURVE() B_SPLINE_CURVE(2,(#3132,#3133,#3134),
.UNSPECIFIED.,.F.,.F.) B_SPLINE_CURVE_WITH_KNOTS((3,3),(1.570796326795,
3.14159265359),.PIECEWISE_BEZIER_KNOTS.) CURVE() 
GEOMETRIC_REPRESENTATION_ITEM() RATIONAL_B_SPLINE_CURVE((1.,
0.707106781187,1.)) REPRESENTATION_ITEM('') );
#3132 = CARTESIAN_POINT('',(0.65,0.96,4.00001E-02));
#3133 = CARTESIAN_POINT('',(0.65,0.96,1.00000000118E-07));
#3134 = CARTESIAN_POINT('',(0.69,0.96,1.00000000111E-07));
#3135 = ( BOUNDED_SURFACE() B_SPLINE_SURFACE(2,2,(
    (#3136,#3137,#3138)
    ,(#3139,#3140,#3141)
    ,(#3142,#3143,#3144
)),.UNSPECIFIED.,.F.,.F.,.F.) B_SPLINE_SURFACE_WITH_KNOTS((3,3),(3,3),(
    1.570796326795,3.14159265359),(0.,1.570796326795),
.PIECEWISE_BEZIER_KNOTS.) GEOMETRIC_REPRESENTATION_ITEM() 
RATIONAL_B_SPLINE_SURFACE((
    (1.,0.707106781187,1.)
    ,(0.707106781187,0.5,0.707106781187)
,(1.,0.707106781187,1.))) REPRESENTATION_ITEM('') SURFACE() );
#3136 = CARTESIAN_POINT('',(0.69,0.96,1.00000000111E-07));
#3137 = CARTESIAN_POINT('',(0.69,1.,1.00000000111E-07));
#3138 = CARTESIAN_POINT('',(0.69,1.,4.00001E-02));
#3139 = CARTESIAN_POINT('',(0.65,0.96,1.000000000278E-07));
#3140 = CARTESIAN_POINT('',(0.65,1.,1.000000000278E-07));
#3141 = CARTESIAN_POINT('',(0.69,1.,4.00001E-02));
#3142 = CARTESIAN_POINT('',(0.65,0.96,4.00001E-02));
#3143 = CARTESIAN_POINT('',(0.65,1.,4.00001E-02));
#3144 = CARTESIAN_POINT('',(0.69,1.,4.00001E-02));
#3145 = ADVANCED_FACE('',(#3146),#3157,.T.);
#3146 = FACE_BOUND('',#3147,.T.);
#3147 = EDGE_LOOP('',(#3148,#3149,#3150,#3156));
#3148 = ORIENTED_EDGE('',*,*,#3067,.T.);
#3149 = ORIENTED_EDGE('',*,*,#2381,.F.);
#3150 = ORIENTED_EDGE('',*,*,#3151,.F.);
#3151 = EDGE_CURVE('',#2096,#2375,#3152,.T.);
#3152 = ( BOUNDED_CURVE() B_SPLINE_CURVE(2,(#3153,#3154,#3155),
.UNSPECIFIED.,.F.,.F.) B_SPLINE_CURVE_WITH_KNOTS((3,3),(3.14159265359,
4.712388980385),.PIECEWISE_BEZIER_KNOTS.) CURVE() 
GEOMETRIC_REPRESENTATION_ITEM() RATIONAL_B_SPLINE_CURVE((1.,
0.707106781187,1.)) REPRESENTATION_ITEM('') );
#3153 = CARTESIAN_POINT('',(0.69,-0.96,0.7000001));
#3154 = CARTESIAN_POINT('',(0.65,-0.96,0.7000001));
#3155 = CARTESIAN_POINT('',(0.65,-0.96,0.6600001));
#3156 = ORIENTED_EDGE('',*,*,#2093,.F.);
#3157 = ( BOUNDED_SURFACE() B_SPLINE_SURFACE(2,1,(
    (#3158,#3159)
    ,(#3160,#3161)
    ,(#3162,#3163
)),.UNSPECIFIED.,.F.,.F.,.F.) B_SPLINE_SURFACE_WITH_KNOTS((3,3),(2,2),(
    3.14159265359,4.712388980385),(-2.203876949732,-0.283876949732),
.PIECEWISE_BEZIER_KNOTS.) GEOMETRIC_REPRESENTATION_ITEM() 
RATIONAL_B_SPLINE_SURFACE((
    (1.,1.)
    ,(0.707106781187,0.707106781187)
,(1.,1.))) REPRESENTATION_ITEM('') SURFACE() );
#3158 = CARTESIAN_POINT('',(0.69,0.96,0.7000001));
#3159 = CARTESIAN_POINT('',(0.69,-0.96,0.7000001));
#3160 = CARTESIAN_POINT('',(0.65,0.96,0.7000001));
#3161 = CARTESIAN_POINT('',(0.65,-0.96,0.7000001));
#3162 = CARTESIAN_POINT('',(0.65,0.96,0.6600001));
#3163 = CARTESIAN_POINT('',(0.65,-0.96,0.6600001));
#3164 = ADVANCED_FACE('',(#3165),#3176,.T.);
#3165 = FACE_BOUND('',#3166,.T.);
#3166 = EDGE_LOOP('',(#3167,#3168,#3169,#3175));
#3167 = ORIENTED_EDGE('',*,*,#3088,.T.);
#3168 = ORIENTED_EDGE('',*,*,#2102,.F.);
#3169 = ORIENTED_EDGE('',*,*,#3170,.F.);
#3170 = EDGE_CURVE('',#2240,#2096,#3171,.T.);
#3171 = ( BOUNDED_CURVE() B_SPLINE_CURVE(2,(#3172,#3173,#3174),
.UNSPECIFIED.,.F.,.F.) B_SPLINE_CURVE_WITH_KNOTS((3,3),(4.712388980385,
6.28318530718),.PIECEWISE_BEZIER_KNOTS.) CURVE() 
GEOMETRIC_REPRESENTATION_ITEM() RATIONAL_B_SPLINE_CURVE((1.,
0.707106781187,1.)) REPRESENTATION_ITEM('') );
#3172 = CARTESIAN_POINT('',(0.69,-1.,0.6600001));
#3173 = CARTESIAN_POINT('',(0.69,-1.,0.7000001));
#3174 = CARTESIAN_POINT('',(0.69,-0.96,0.7000001));
#3175 = ORIENTED_EDGE('',*,*,#2237,.F.);
#3176 = ( BOUNDED_SURFACE() B_SPLINE_SURFACE(2,1,(
    (#3177,#3178)
    ,(#3179,#3180)
    ,(#3181,#3182
)),.UNSPECIFIED.,.F.,.F.,.F.) B_SPLINE_SURFACE_WITH_KNOTS((3,3),(2,2),(
    4.712388980385,6.28318530718),(-1.21,-0.69),
.PIECEWISE_BEZIER_KNOTS.) GEOMETRIC_REPRESENTATION_ITEM() 
RATIONAL_B_SPLINE_SURFACE((
    (1.,1.)
    ,(0.707106781187,0.707106781187)
,(1.,1.))) REPRESENTATION_ITEM('') SURFACE() );
#3177 = CARTESIAN_POINT('',(1.21,-1.,0.6600001));
#3178 = CARTESIAN_POINT('',(0.69,-1.,0.6600001));
#3179 = CARTESIAN_POINT('',(1.21,-1.,0.7000001));
#3180 = CARTESIAN_POINT('',(0.69,-1.,0.7000001));
#3181 = CARTESIAN_POINT('',(1.21,-0.96,0.7000001));
#3182 = CARTESIAN_POINT('',(0.69,-0.96,0.7000001));
#3183 = ADVANCED_FACE('',(#3184),#3195,.T.);
#3184 = FACE_BOUND('',#3185,.T.);
#3185 = EDGE_LOOP('',(#3186,#3187,#3188,#3194));
#3186 = ORIENTED_EDGE('',*,*,#3109,.T.);
#3187 = ORIENTED_EDGE('',*,*,#2253,.F.);
#3188 = ORIENTED_EDGE('',*,*,#3189,.F.);
#3189 = EDGE_CURVE('',#1958,#2247,#3190,.T.);
#3190 = ( BOUNDED_CURVE() B_SPLINE_CURVE(2,(#3191,#3192,#3193),
.UNSPECIFIED.,.F.,.F.) B_SPLINE_CURVE_WITH_KNOTS((3,3),(4.712388980385,
6.28318530718),.PIECEWISE_BEZIER_KNOTS.) CURVE() 
GEOMETRIC_REPRESENTATION_ITEM() RATIONAL_B_SPLINE_CURVE((1.,
0.707106781187,1.)) REPRESENTATION_ITEM('') );
#3191 = CARTESIAN_POINT('',(0.69,-0.96,1.00000000118E-07));
#3192 = CARTESIAN_POINT('',(0.69,-1.,1.00000000111E-07));
#3193 = CARTESIAN_POINT('',(0.69,-1.,4.00001E-02));
#3194 = ORIENTED_EDGE('',*,*,#1980,.F.);
#3195 = ( BOUNDED_SURFACE() B_SPLINE_SURFACE(2,1,(
    (#3196,#3197)
    ,(#3198,#3199)
    ,(#3200,#3201
)),.UNSPECIFIED.,.F.,.F.,.F.) B_SPLINE_SURFACE_WITH_KNOTS((3,3),(2,2),(
    4.712388980385,6.28318530718),(1.94,2.46),.PIECEWISE_BEZIER_KNOTS.) 
GEOMETRIC_REPRESENTATION_ITEM() RATIONAL_B_SPLINE_SURFACE((
    (1.,1.)
    ,(0.707106781187,0.707106781187)
,(1.,1.))) REPRESENTATION_ITEM('') SURFACE() );
#3196 = CARTESIAN_POINT('',(0.69,-1.,4.00001E-02));
#3197 = CARTESIAN_POINT('',(1.21,-1.,4.00001E-02));
#3198 = CARTESIAN_POINT('',(0.69,-1.,1.00000000118E-07));
#3199 = CARTESIAN_POINT('',(1.21,-1.,1.00000000118E-07));
#3200 = CARTESIAN_POINT('',(0.69,-0.96,1.000000001041E-07));
#3201 = CARTESIAN_POINT('',(1.21,-0.96,1.000000001041E-07));
#3202 = ADVANCED_FACE('',(#3203),#3214,.T.);
#3203 = FACE_BOUND('',#3204,.T.);
#3204 = EDGE_LOOP('',(#3205,#3206,#3207,#3213));
#3205 = ORIENTED_EDGE('',*,*,#3130,.T.);
#3206 = ORIENTED_EDGE('',*,*,#1957,.F.);
#3207 = ORIENTED_EDGE('',*,*,#3208,.F.);
#3208 = EDGE_CURVE('',#2368,#1958,#3209,.T.);
#3209 = ( BOUNDED_CURVE() B_SPLINE_CURVE(2,(#3210,#3211,#3212),
.UNSPECIFIED.,.F.,.F.) B_SPLINE_CURVE_WITH_KNOTS((3,3),(4.712388980385,
6.28318530718),.PIECEWISE_BEZIER_KNOTS.) CURVE() 
GEOMETRIC_REPRESENTATION_ITEM() RATIONAL_B_SPLINE_CURVE((1.,
0.707106781187,1.)) REPRESENTATION_ITEM('') );
#3210 = CARTESIAN_POINT('',(0.65,-0.96,4.00001E-02));
#3211 = CARTESIAN_POINT('',(0.65,-0.96,1.000000001249E-07));
#3212 = CARTESIAN_POINT('',(0.69,-0.96,1.00000000111E-07));
#3213 = ORIENTED_EDGE('',*,*,#2365,.F.);
#3214 = ( BOUNDED_SURFACE() B_SPLINE_SURFACE(2,1,(
    (#3215,#3216)
    ,(#3217,#3218)
    ,(#3219,#3220
)),.UNSPECIFIED.,.F.,.F.,.F.) B_SPLINE_SURFACE_WITH_KNOTS((3,3),(2,2),(
    3.14159265359,4.712388980385),(-0.96,0.96),
.PIECEWISE_BEZIER_KNOTS.) GEOMETRIC_REPRESENTATION_ITEM() 
RATIONAL_B_SPLINE_SURFACE((
    (1.,1.)
    ,(0.707106781187,0.707106781187)
,(1.,1.))) REPRESENTATION_ITEM('') SURFACE() );
#3215 = CARTESIAN_POINT('',(0.69,-0.96,1.00000000111E-07));
#3216 = CARTESIAN_POINT('',(0.69,0.96,1.00000000111E-07));
#3217 = CARTESIAN_POINT('',(0.65,-0.96,1.000000001041E-07));
#3218 = CARTESIAN_POINT('',(0.65,0.96,1.000000001041E-07));
#3219 = CARTESIAN_POINT('',(0.65,-0.96,4.00001E-02));
#3220 = CARTESIAN_POINT('',(0.65,0.96,4.00001E-02));
#3221 = ADVANCED_FACE('',(#3222),#3232,.T.);
#3222 = FACE_BOUND('',#3223,.T.);
#3223 = EDGE_LOOP('',(#3224,#3225,#3226));
#3224 = ORIENTED_EDGE('',*,*,#3170,.T.);
#3225 = ORIENTED_EDGE('',*,*,#3151,.T.);
#3226 = ORIENTED_EDGE('',*,*,#3227,.F.);
#3227 = EDGE_CURVE('',#2240,#2375,#3228,.T.);
#3228 = ( BOUNDED_CURVE() B_SPLINE_CURVE(2,(#3229,#3230,#3231),
.UNSPECIFIED.,.F.,.F.) B_SPLINE_CURVE_WITH_KNOTS((3,3),(1.570796326795,
3.14159265359),.PIECEWISE_BEZIER_KNOTS.) CURVE() 
GEOMETRIC_REPRESENTATION_ITEM() RATIONAL_B_SPLINE_CURVE((1.,
0.707106781187,1.)) REPRESENTATION_ITEM('') );
#3229 = CARTESIAN_POINT('',(0.69,-1.,0.6600001));
#3230 = CARTESIAN_POINT('',(0.65,-1.,0.6600001));
#3231 = CARTESIAN_POINT('',(0.65,-0.96,0.6600001));
#3232 = ( BOUNDED_SURFACE() B_SPLINE_SURFACE(2,2,(
    (#3233,#3234,#3235)
    ,(#3236,#3237,#3238)
    ,(#3239,#3240,#3241
)),.UNSPECIFIED.,.F.,.F.,.F.) B_SPLINE_SURFACE_WITH_KNOTS((3,3),(3,3),(
    3.14159265359,4.712388980385),(-1.570796326795,0.),
.PIECEWISE_BEZIER_KNOTS.) GEOMETRIC_REPRESENTATION_ITEM() 
RATIONAL_B_SPLINE_SURFACE((
    (1.,0.707106781187,1.)
    ,(0.707106781187,0.5,0.707106781187)
,(1.,0.707106781187,1.))) REPRESENTATION_ITEM('') SURFACE() );
#3233 = CARTESIAN_POINT('',(0.69,-1.,0.6600001));
#3234 = CARTESIAN_POINT('',(0.65,-1.,0.6600001));
#3235 = CARTESIAN_POINT('',(0.65,-0.96,0.6600001));
#3236 = CARTESIAN_POINT('',(0.69,-1.,0.6600001));
#3237 = CARTESIAN_POINT('',(0.65,-1.,0.7000001));
#3238 = CARTESIAN_POINT('',(0.65,-0.96,0.7000001));
#3239 = CARTESIAN_POINT('',(0.69,-1.,0.6600001));
#3240 = CARTESIAN_POINT('',(0.69,-1.,0.7000001));
#3241 = CARTESIAN_POINT('',(0.69,-0.96,0.7000001));
#3242 = ADVANCED_FACE('',(#3243),#3253,.T.);
#3243 = FACE_BOUND('',#3244,.T.);
#3244 = EDGE_LOOP('',(#3245,#3246,#3247));
#3245 = ORIENTED_EDGE('',*,*,#3208,.T.);
#3246 = ORIENTED_EDGE('',*,*,#3189,.T.);
#3247 = ORIENTED_EDGE('',*,*,#3248,.F.);
#3248 = EDGE_CURVE('',#2368,#2247,#3249,.T.);
#3249 = ( BOUNDED_CURVE() B_SPLINE_CURVE(2,(#3250,#3251,#3252),
.UNSPECIFIED.,.F.,.F.) B_SPLINE_CURVE_WITH_KNOTS((3,3),(0.,
1.570796326795),.PIECEWISE_BEZIER_KNOTS.) CURVE() 
GEOMETRIC_REPRESENTATION_ITEM() RATIONAL_B_SPLINE_CURVE((1.,
0.707106781187,1.)) REPRESENTATION_ITEM('') );
#3250 = CARTESIAN_POINT('',(0.65,-0.96,4.00001E-02));
#3251 = CARTESIAN_POINT('',(0.65,-1.,4.00001E-02));
#3252 = CARTESIAN_POINT('',(0.69,-1.,4.00001E-02));
#3253 = ( BOUNDED_SURFACE() B_SPLINE_SURFACE(2,2,(
    (#3254,#3255,#3256)
    ,(#3257,#3258,#3259)
    ,(#3260,#3261,#3262
)),.UNSPECIFIED.,.F.,.F.,.F.) B_SPLINE_SURFACE_WITH_KNOTS((3,3),(3,3),(
    1.570796326795,3.14159265359),(-1.570796326795,0.),
.PIECEWISE_BEZIER_KNOTS.) GEOMETRIC_REPRESENTATION_ITEM() 
RATIONAL_B_SPLINE_SURFACE((
    (1.,0.707106781187,1.)
    ,(0.707106781187,0.5,0.707106781187)
,(1.,0.707106781187,1.))) REPRESENTATION_ITEM('') SURFACE() );
#3254 = CARTESIAN_POINT('',(0.69,-1.,4.00001E-02));
#3255 = CARTESIAN_POINT('',(0.69,-1.,1.00000000111E-07));
#3256 = CARTESIAN_POINT('',(0.69,-0.96,1.00000000111E-07));
#3257 = CARTESIAN_POINT('',(0.69,-1.,4.00001E-02));
#3258 = CARTESIAN_POINT('',(0.65,-1.,9.999999828609E-08));
#3259 = CARTESIAN_POINT('',(0.65,-0.96,9.999999828609E-08));
#3260 = CARTESIAN_POINT('',(0.69,-1.,4.00001E-02));
#3261 = CARTESIAN_POINT('',(0.65,-1.,4.00001E-02));
#3262 = CARTESIAN_POINT('',(0.65,-0.96,4.00001E-02));
#3263 = ADVANCED_FACE('',(#3264),#3270,.T.);
#3264 = FACE_BOUND('',#3265,.T.);
#3265 = EDGE_LOOP('',(#3266,#3267,#3268,#3269));
#3266 = ORIENTED_EDGE('',*,*,#3227,.T.);
#3267 = ORIENTED_EDGE('',*,*,#2374,.F.);
#3268 = ORIENTED_EDGE('',*,*,#3248,.T.);
#3269 = ORIENTED_EDGE('',*,*,#2246,.F.);
#3270 = ( BOUNDED_SURFACE() B_SPLINE_SURFACE(2,1,(
    (#3271,#3272)
    ,(#3273,#3274)
    ,(#3275,#3276
)),.UNSPECIFIED.,.F.,.F.,.F.) B_SPLINE_SURFACE_WITH_KNOTS((3,3),(2,2),(
    4.712388980385,6.28318530718),(4.E-02,0.66),
.PIECEWISE_BEZIER_KNOTS.) GEOMETRIC_REPRESENTATION_ITEM() 
RATIONAL_B_SPLINE_SURFACE((
    (1.,1.)
    ,(0.707106781187,0.707106781187)
,(1.,1.))) REPRESENTATION_ITEM('') SURFACE() );
#3271 = CARTESIAN_POINT('',(0.69,-1.,0.6600001));
#3272 = CARTESIAN_POINT('',(0.69,-1.,4.00001E-02));
#3273 = CARTESIAN_POINT('',(0.65,-1.,0.6600001));
#3274 = CARTESIAN_POINT('',(0.65,-1.,4.00001E-02));
#3275 = CARTESIAN_POINT('',(0.65,-0.96,0.6600001));
#3276 = CARTESIAN_POINT('',(0.65,-0.96,4.00001E-02));
#3277 = ADVANCED_FACE('',(#3278),#3300,.T.);
#3278 = FACE_BOUND('',#3279,.T.);
#3279 = EDGE_LOOP('',(#3280,#3281,#3288,#3295));
#3280 = ORIENTED_EDGE('',*,*,#1435,.F.);
#3281 = ORIENTED_EDGE('',*,*,#3282,.F.);
#3282 = EDGE_CURVE('',#3283,#1429,#3285,.T.);
#3283 = VERTEX_POINT('',#3284);
#3284 = CARTESIAN_POINT('',(-0.40641025641,0.1,6.00001E-02));
#3285 = B_SPLINE_CURVE_WITH_KNOTS('',1,(#3286,#3287),.UNSPECIFIED.,.F.,
  .F.,(2,2),(-0.,1.E-02),.PIECEWISE_BEZIER_KNOTS.);
#3286 = CARTESIAN_POINT('',(-0.40641025641,0.1,6.00001E-02));
#3287 = CARTESIAN_POINT('',(-0.40641025641,0.1,5.00001E-02));
#3288 = ORIENTED_EDGE('',*,*,#3289,.T.);
#3289 = EDGE_CURVE('',#3283,#3290,#3292,.T.);
#3290 = VERTEX_POINT('',#3291);
#3291 = CARTESIAN_POINT('',(-0.407692307692,0.1,6.00001E-02));
#3292 = B_SPLINE_CURVE_WITH_KNOTS('',1,(#3293,#3294),.UNSPECIFIED.,.F.,
  .F.,(2,2),(0.,1.282051282051E-03),.PIECEWISE_BEZIER_KNOTS.);
#3293 = CARTESIAN_POINT('',(-0.40641025641,0.1,6.00001E-02));
#3294 = CARTESIAN_POINT('',(-0.407692307692,0.1,6.00001E-02));
#3295 = ORIENTED_EDGE('',*,*,#3296,.T.);
#3296 = EDGE_CURVE('',#3290,#1436,#3297,.T.);
#3297 = B_SPLINE_CURVE_WITH_KNOTS('',1,(#3298,#3299),.UNSPECIFIED.,.F.,
  .F.,(2,2),(-0.,1.E-02),.PIECEWISE_BEZIER_KNOTS.);
#3298 = CARTESIAN_POINT('',(-0.407692307692,0.1,6.00001E-02));
#3299 = CARTESIAN_POINT('',(-0.407692307692,0.1,5.00001E-02));
#3300 = B_SPLINE_SURFACE_WITH_KNOTS('',1,1,(
    (#3301,#3302)
    ,(#3303,#3304)),.UNSPECIFIED.,.F.,.F.,.F.,(2,2),(2,2),(0.,1.E-02),(
    -1.282051282051E-03,0.),.PIECEWISE_BEZIER_KNOTS.);
#3301 = CARTESIAN_POINT('',(-0.407692307692,0.1,6.00001E-02));
#3302 = CARTESIAN_POINT('',(-0.40641025641,0.1,6.00001E-02));
#3303 = CARTESIAN_POINT('',(-0.407692307692,0.1,5.00001E-02));
#3304 = CARTESIAN_POINT('',(-0.40641025641,0.1,5.00001E-02));
#3305 = ADVANCED_FACE('',(#3306),#3322,.T.);
#3306 = FACE_BOUND('',#3307,.T.);
#3307 = EDGE_LOOP('',(#3308,#3309,#3310,#3317));
#3308 = ORIENTED_EDGE('',*,*,#1442,.F.);
#3309 = ORIENTED_EDGE('',*,*,#3296,.F.);
#3310 = ORIENTED_EDGE('',*,*,#3311,.T.);
#3311 = EDGE_CURVE('',#3290,#3312,#3314,.T.);
#3312 = VERTEX_POINT('',#3313);
#3313 = CARTESIAN_POINT('',(-0.453846153846,3.330669073875E-16,
    6.00001E-02));
#3314 = B_SPLINE_CURVE_WITH_KNOTS('',1,(#3315,#3316),.UNSPECIFIED.,.F.,
  .F.,(2,2),(0.,0.110137085102),.PIECEWISE_BEZIER_KNOTS.);
#3315 = CARTESIAN_POINT('',(-0.407692307692,0.1,6.00001E-02));
#3316 = CARTESIAN_POINT('',(-0.453846153846,3.050300687267E-16,
    6.00001E-02));
#3317 = ORIENTED_EDGE('',*,*,#3318,.T.);
#3318 = EDGE_CURVE('',#3312,#1443,#3319,.T.);
#3319 = B_SPLINE_CURVE_WITH_KNOTS('',1,(#3320,#3321),.UNSPECIFIED.,.F.,
  .F.,(2,2),(-0.,1.E-02),.PIECEWISE_BEZIER_KNOTS.);
#3320 = CARTESIAN_POINT('',(-0.453846153846,3.330669073875E-16,
    6.00001E-02));
#3321 = CARTESIAN_POINT('',(-0.453846153846,3.330669073875E-16,
    5.00001E-02));
#3322 = B_SPLINE_SURFACE_WITH_KNOTS('',1,1,(
    (#3323,#3324)
    ,(#3325,#3326
    )),.UNSPECIFIED.,.F.,.F.,.F.,(2,2),(2,2),(-0.110137085102,0.),(
    -1.E-02,0.),.PIECEWISE_BEZIER_KNOTS.);
#3323 = CARTESIAN_POINT('',(-0.453846153846,3.053113317719E-16,
    5.00001E-02));
#3324 = CARTESIAN_POINT('',(-0.453846153846,3.053113317719E-16,
    6.00001E-02));
#3325 = CARTESIAN_POINT('',(-0.407692307692,0.1,5.00001E-02));
#3326 = CARTESIAN_POINT('',(-0.407692307692,0.1,6.00001E-02));
#3327 = ADVANCED_FACE('',(#3328),#3344,.T.);
#3328 = FACE_BOUND('',#3329,.T.);
#3329 = EDGE_LOOP('',(#3330,#3331,#3332,#3339));
#3330 = ORIENTED_EDGE('',*,*,#1449,.F.);
#3331 = ORIENTED_EDGE('',*,*,#3318,.F.);
#3332 = ORIENTED_EDGE('',*,*,#3333,.T.);
#3333 = EDGE_CURVE('',#3312,#3334,#3336,.T.);
#3334 = VERTEX_POINT('',#3335);
#3335 = CARTESIAN_POINT('',(-0.444090544872,3.330669073875E-16,
    6.00001E-02));
#3336 = B_SPLINE_CURVE_WITH_KNOTS('',1,(#3337,#3338),.UNSPECIFIED.,.F.,
  .F.,(2,2),(0.,9.755608974359E-03),.PIECEWISE_BEZIER_KNOTS.);
#3337 = CARTESIAN_POINT('',(-0.453846153846,3.330669073875E-16,
    6.00001E-02));
#3338 = CARTESIAN_POINT('',(-0.444090544872,3.330669073875E-16,
    6.00001E-02));
#3339 = ORIENTED_EDGE('',*,*,#3340,.T.);
#3340 = EDGE_CURVE('',#3334,#1450,#3341,.T.);
#3341 = B_SPLINE_CURVE_WITH_KNOTS('',1,(#3342,#3343),.UNSPECIFIED.,.F.,
  .F.,(2,2),(-0.,1.E-02),.PIECEWISE_BEZIER_KNOTS.);
#3342 = CARTESIAN_POINT('',(-0.444090544872,3.330669073875E-16,
    6.00001E-02));
#3343 = CARTESIAN_POINT('',(-0.444090544872,3.330669073875E-16,
    5.00001E-02));
#3344 = B_SPLINE_SURFACE_WITH_KNOTS('',1,1,(
    (#3345,#3346)
    ,(#3347,#3348
    )),.UNSPECIFIED.,.F.,.F.,.F.,(2,2),(2,2),(-1.E-02,0.),(0.,
    9.755608974359E-03),.PIECEWISE_BEZIER_KNOTS.);
#3345 = CARTESIAN_POINT('',(-0.453846153846,3.330669073875E-16,
    5.00001E-02));
#3346 = CARTESIAN_POINT('',(-0.444090544872,3.330669073875E-16,
    5.00001E-02));
#3347 = CARTESIAN_POINT('',(-0.453846153846,3.330669073875E-16,
    6.00001E-02));
#3348 = CARTESIAN_POINT('',(-0.444090544872,3.330669073875E-16,
    6.00001E-02));
#3349 = ADVANCED_FACE('',(#3350),#3366,.T.);
#3350 = FACE_BOUND('',#3351,.T.);
#3351 = EDGE_LOOP('',(#3352,#3353,#3354,#3361));
#3352 = ORIENTED_EDGE('',*,*,#1456,.F.);
#3353 = ORIENTED_EDGE('',*,*,#3340,.F.);
#3354 = ORIENTED_EDGE('',*,*,#3355,.T.);
#3355 = EDGE_CURVE('',#3334,#3356,#3358,.T.);
#3356 = VERTEX_POINT('',#3357);
#3357 = CARTESIAN_POINT('',(-0.429306891026,3.205128205128E-02,
    6.00001E-02));
#3358 = B_SPLINE_CURVE_WITH_KNOTS('',1,(#3359,#3360),.UNSPECIFIED.,.F.,
  .F.,(2,2),(0.,3.529647435897E-02),.PIECEWISE_BEZIER_KNOTS.);
#3359 = CARTESIAN_POINT('',(-0.444090544872,3.330669073875E-16,
    6.00001E-02));
#3360 = CARTESIAN_POINT('',(-0.429306891026,3.205128205128E-02,
    6.00001E-02));
#3361 = ORIENTED_EDGE('',*,*,#3362,.T.);
#3362 = EDGE_CURVE('',#3356,#1457,#3363,.T.);
#3363 = B_SPLINE_CURVE_WITH_KNOTS('',1,(#3364,#3365),.UNSPECIFIED.,.F.,
  .F.,(2,2),(-0.,1.E-02),.PIECEWISE_BEZIER_KNOTS.);
#3364 = CARTESIAN_POINT('',(-0.429306891026,3.205128205128E-02,
    6.00001E-02));
#3365 = CARTESIAN_POINT('',(-0.429306891026,3.205128205128E-02,
    5.00001E-02));
#3366 = B_SPLINE_SURFACE_WITH_KNOTS('',1,1,(
    (#3367,#3368)
    ,(#3369,#3370
    )),.UNSPECIFIED.,.F.,.F.,.F.,(2,2),(2,2),(-3.529647435897E-02,0.),(
    -1.E-02,0.),.PIECEWISE_BEZIER_KNOTS.);
#3367 = CARTESIAN_POINT('',(-0.429306891026,3.205128205128E-02,
    5.00001E-02));
#3368 = CARTESIAN_POINT('',(-0.429306891026,3.205128205128E-02,
    6.00001E-02));
#3369 = CARTESIAN_POINT('',(-0.444090544872,3.330669073875E-16,
    5.00001E-02));
#3370 = CARTESIAN_POINT('',(-0.444090544872,3.330669073875E-16,
    6.00001E-02));
#3371 = ADVANCED_FACE('',(#3372),#3388,.T.);
#3372 = FACE_BOUND('',#3373,.T.);
#3373 = EDGE_LOOP('',(#3374,#3375,#3376,#3383));
#3374 = ORIENTED_EDGE('',*,*,#1463,.F.);
#3375 = ORIENTED_EDGE('',*,*,#3362,.F.);
#3376 = ORIENTED_EDGE('',*,*,#3377,.T.);
#3377 = EDGE_CURVE('',#3356,#3378,#3380,.T.);
#3378 = VERTEX_POINT('',#3379);
#3379 = CARTESIAN_POINT('',(-0.383974358974,3.205128205128E-02,
    6.00001E-02));
#3380 = B_SPLINE_CURVE_WITH_KNOTS('',1,(#3381,#3382),.UNSPECIFIED.,.F.,
  .F.,(2,2),(0.,4.533253205128E-02),.PIECEWISE_BEZIER_KNOTS.);
#3381 = CARTESIAN_POINT('',(-0.429306891026,3.205128205128E-02,
    6.00001E-02));
#3382 = CARTESIAN_POINT('',(-0.383974358974,3.205128205128E-02,
    6.00001E-02));
#3383 = ORIENTED_EDGE('',*,*,#3384,.T.);
#3384 = EDGE_CURVE('',#3378,#1464,#3385,.T.);
#3385 = B_SPLINE_CURVE_WITH_KNOTS('',1,(#3386,#3387),.UNSPECIFIED.,.F.,
  .F.,(2,2),(-0.,1.E-02),.PIECEWISE_BEZIER_KNOTS.);
#3386 = CARTESIAN_POINT('',(-0.383974358974,3.205128205128E-02,
    6.00001E-02));
#3387 = CARTESIAN_POINT('',(-0.383974358974,3.205128205128E-02,
    5.00001E-02));
#3388 = B_SPLINE_SURFACE_WITH_KNOTS('',1,1,(
    (#3389,#3390)
    ,(#3391,#3392
    )),.UNSPECIFIED.,.F.,.F.,.F.,(2,2),(2,2),(-1.E-02,0.),(0.,
    4.533253205128E-02),.PIECEWISE_BEZIER_KNOTS.);
#3389 = CARTESIAN_POINT('',(-0.429306891026,3.205128205128E-02,
    5.00001E-02));
#3390 = CARTESIAN_POINT('',(-0.383974358974,3.205128205128E-02,
    5.00001E-02));
#3391 = CARTESIAN_POINT('',(-0.429306891026,3.205128205128E-02,
    6.00001E-02));
#3392 = CARTESIAN_POINT('',(-0.383974358974,3.205128205128E-02,
    6.00001E-02));
#3393 = ADVANCED_FACE('',(#3394),#3410,.T.);
#3394 = FACE_BOUND('',#3395,.T.);
#3395 = EDGE_LOOP('',(#3396,#3397,#3398,#3405));
#3396 = ORIENTED_EDGE('',*,*,#1470,.F.);
#3397 = ORIENTED_EDGE('',*,*,#3384,.F.);
#3398 = ORIENTED_EDGE('',*,*,#3399,.T.);
#3399 = EDGE_CURVE('',#3378,#3400,#3402,.T.);
#3400 = VERTEX_POINT('',#3401);
#3401 = CARTESIAN_POINT('',(-0.368770032051,3.330669073875E-16,
    6.00001E-02));
#3402 = B_SPLINE_CURVE_WITH_KNOTS('',1,(#3403,#3404),.UNSPECIFIED.,.F.,
  .F.,(2,2),(0.,3.547472675462E-02),.PIECEWISE_BEZIER_KNOTS.);
#3403 = CARTESIAN_POINT('',(-0.383974358974,3.205128205128E-02,
    6.00001E-02));
#3404 = CARTESIAN_POINT('',(-0.368770032051,3.2625462141E-16,6.00001E-02
    ));
#3405 = ORIENTED_EDGE('',*,*,#3406,.T.);
#3406 = EDGE_CURVE('',#3400,#1471,#3407,.T.);
#3407 = B_SPLINE_CURVE_WITH_KNOTS('',1,(#3408,#3409),.UNSPECIFIED.,.F.,
  .F.,(2,2),(-0.,1.E-02),.PIECEWISE_BEZIER_KNOTS.);
#3408 = CARTESIAN_POINT('',(-0.368770032051,3.330669073875E-16,
    6.00001E-02));
#3409 = CARTESIAN_POINT('',(-0.368770032051,3.330669073875E-16,
    5.00001E-02));
#3410 = B_SPLINE_SURFACE_WITH_KNOTS('',1,1,(
    (#3411,#3412)
    ,(#3413,#3414
    )),.UNSPECIFIED.,.F.,.F.,.F.,(2,2),(2,2),(-3.547472675462E-02,0.),(
    -1.E-02,0.),.PIECEWISE_BEZIER_KNOTS.);
#3411 = CARTESIAN_POINT('',(-0.368770032051,3.261280134836E-16,
    5.00001E-02));
#3412 = CARTESIAN_POINT('',(-0.368770032051,3.261280134836E-16,
    6.00001E-02));
#3413 = CARTESIAN_POINT('',(-0.383974358974,3.205128205128E-02,
    5.00001E-02));
#3414 = CARTESIAN_POINT('',(-0.383974358974,3.205128205128E-02,
    6.00001E-02));
#3415 = ADVANCED_FACE('',(#3416),#3432,.T.);
#3416 = FACE_BOUND('',#3417,.T.);
#3417 = EDGE_LOOP('',(#3418,#3419,#3420,#3427));
#3418 = ORIENTED_EDGE('',*,*,#1477,.F.);
#3419 = ORIENTED_EDGE('',*,*,#3406,.F.);
#3420 = ORIENTED_EDGE('',*,*,#3421,.T.);
#3421 = EDGE_CURVE('',#3400,#3422,#3424,.T.);
#3422 = VERTEX_POINT('',#3423);
#3423 = CARTESIAN_POINT('',(-0.358974358974,3.330669073875E-16,
    6.00001E-02));
#3424 = B_SPLINE_CURVE_WITH_KNOTS('',1,(#3425,#3426),.UNSPECIFIED.,.F.,
  .F.,(2,2),(0.,9.795673076923E-03),.PIECEWISE_BEZIER_KNOTS.);
#3425 = CARTESIAN_POINT('',(-0.368770032051,3.330669073875E-16,
    6.00001E-02));
#3426 = CARTESIAN_POINT('',(-0.358974358974,3.330669073875E-16,
    6.00001E-02));
#3427 = ORIENTED_EDGE('',*,*,#3428,.T.);
#3428 = EDGE_CURVE('',#3422,#1427,#3429,.T.);
#3429 = B_SPLINE_CURVE_WITH_KNOTS('',1,(#3430,#3431),.UNSPECIFIED.,.F.,
  .F.,(2,2),(-0.,1.E-02),.PIECEWISE_BEZIER_KNOTS.);
#3430 = CARTESIAN_POINT('',(-0.358974358974,3.330669073875E-16,
    6.00001E-02));
#3431 = CARTESIAN_POINT('',(-0.358974358974,3.330669073875E-16,
    5.00001E-02));
#3432 = B_SPLINE_SURFACE_WITH_KNOTS('',1,1,(
    (#3433,#3434)
    ,(#3435,#3436
    )),.UNSPECIFIED.,.F.,.F.,.F.,(2,2),(2,2),(-1.E-02,0.),(0.,
    9.795673076923E-03),.PIECEWISE_BEZIER_KNOTS.);
#3433 = CARTESIAN_POINT('',(-0.368770032051,3.330669073875E-16,
    5.00001E-02));
#3434 = CARTESIAN_POINT('',(-0.358974358974,3.330669073875E-16,
    5.00001E-02));
#3435 = CARTESIAN_POINT('',(-0.368770032051,3.330669073875E-16,
    6.00001E-02));
#3436 = CARTESIAN_POINT('',(-0.358974358974,3.330669073875E-16,
    6.00001E-02));
#3437 = ADVANCED_FACE('',(#3438),#3448,.T.);
#3438 = FACE_BOUND('',#3439,.T.);
#3439 = EDGE_LOOP('',(#3440,#3441,#3442,#3447));
#3440 = ORIENTED_EDGE('',*,*,#1426,.F.);
#3441 = ORIENTED_EDGE('',*,*,#3428,.F.);
#3442 = ORIENTED_EDGE('',*,*,#3443,.T.);
#3443 = EDGE_CURVE('',#3422,#3283,#3444,.T.);
#3444 = B_SPLINE_CURVE_WITH_KNOTS('',1,(#3445,#3446),.UNSPECIFIED.,.F.,
  .F.,(2,2),(0.,0.110680460631),.PIECEWISE_BEZIER_KNOTS.);
#3445 = CARTESIAN_POINT('',(-0.358974358974,3.330669073875E-16,
    6.00001E-02));
#3446 = CARTESIAN_POINT('',(-0.40641025641,0.1,6.00001E-02));
#3447 = ORIENTED_EDGE('',*,*,#3282,.T.);
#3448 = B_SPLINE_SURFACE_WITH_KNOTS('',1,1,(
    (#3449,#3450)
    ,(#3451,#3452
    )),.UNSPECIFIED.,.F.,.F.,.F.,(2,2),(2,2),(-0.110680460631,0.),(
    -1.E-02,0.),.PIECEWISE_BEZIER_KNOTS.);
#3449 = CARTESIAN_POINT('',(-0.40641025641,0.1,5.00001E-02));
#3450 = CARTESIAN_POINT('',(-0.40641025641,0.1,6.00001E-02));
#3451 = CARTESIAN_POINT('',(-0.358974358974,3.330669073875E-16,
    5.00001E-02));
#3452 = CARTESIAN_POINT('',(-0.358974358974,3.330669073875E-16,
    6.00001E-02));
#3453 = ADVANCED_FACE('',(#3454,#3477),#3487,.T.);
#3454 = FACE_BOUND('',#3455,.T.);
#3455 = EDGE_LOOP('',(#3456,#3465,#3472));
#3456 = ORIENTED_EDGE('',*,*,#3457,.F.);
#3457 = EDGE_CURVE('',#3458,#3460,#3462,.T.);
#3458 = VERTEX_POINT('',#3459);
#3459 = CARTESIAN_POINT('',(-0.388842147436,4.230769230769E-02,
    6.00001E-02));
#3460 = VERTEX_POINT('',#3461);
#3461 = CARTESIAN_POINT('',(-0.424579326923,4.230769230769E-02,
    6.00001E-02));
#3462 = B_SPLINE_CURVE_WITH_KNOTS('',1,(#3463,#3464),.UNSPECIFIED.,.F.,
  .F.,(2,2),(0.,3.573717948718E-02),.PIECEWISE_BEZIER_KNOTS.);
#3463 = CARTESIAN_POINT('',(-0.388842147436,4.230769230769E-02,
    6.00001E-02));
#3464 = CARTESIAN_POINT('',(-0.424579326923,4.230769230769E-02,
    6.00001E-02));
#3465 = ORIENTED_EDGE('',*,*,#3466,.F.);
#3466 = EDGE_CURVE('',#3467,#3458,#3469,.T.);
#3467 = VERTEX_POINT('',#3468);
#3468 = CARTESIAN_POINT('',(-0.406951121795,8.050881410256E-02,
    6.00001E-02));
#3469 = B_SPLINE_CURVE_WITH_KNOTS('',1,(#3470,#3471),.UNSPECIFIED.,.F.,
  .F.,(2,2),(0.,4.227600570916E-02),.PIECEWISE_BEZIER_KNOTS.);
#3470 = CARTESIAN_POINT('',(-0.406951121795,8.050881410256E-02,
    6.00001E-02));
#3471 = CARTESIAN_POINT('',(-0.388842147436,4.230769230769E-02,
    6.00001E-02));
#3472 = ORIENTED_EDGE('',*,*,#3473,.F.);
#3473 = EDGE_CURVE('',#3460,#3467,#3474,.T.);
#3474 = B_SPLINE_CURVE_WITH_KNOTS('',1,(#3475,#3476),.UNSPECIFIED.,.F.,
  .F.,(2,2),(0.,4.20723106381E-02),.PIECEWISE_BEZIER_KNOTS.);
#3475 = CARTESIAN_POINT('',(-0.424579326923,4.230769230769E-02,
    6.00001E-02));
#3476 = CARTESIAN_POINT('',(-0.406951121795,8.050881410256E-02,
    6.00001E-02));
#3477 = FACE_BOUND('',#3478,.T.);
#3478 = EDGE_LOOP('',(#3479,#3480,#3481,#3482,#3483,#3484,#3485,#3486));
#3479 = ORIENTED_EDGE('',*,*,#3289,.F.);
#3480 = ORIENTED_EDGE('',*,*,#3443,.F.);
#3481 = ORIENTED_EDGE('',*,*,#3421,.F.);
#3482 = ORIENTED_EDGE('',*,*,#3399,.F.);
#3483 = ORIENTED_EDGE('',*,*,#3377,.F.);
#3484 = ORIENTED_EDGE('',*,*,#3355,.F.);
#3485 = ORIENTED_EDGE('',*,*,#3333,.F.);
#3486 = ORIENTED_EDGE('',*,*,#3311,.F.);
#3487 = B_SPLINE_SURFACE_WITH_KNOTS('',1,1,(
    (#3488,#3489)
    ,(#3490,#3491
    )),.UNSPECIFIED.,.F.,.F.,.F.,(2,2),(2,2),(0.358974358974,
    0.453846153846),(-2.803683866083E-17,0.1),.PIECEWISE_BEZIER_KNOTS.);
#3488 = CARTESIAN_POINT('',(-0.358974358974,3.050300687267E-16,
    6.00001E-02));
#3489 = CARTESIAN_POINT('',(-0.358974358974,0.1,6.00001E-02));
#3490 = CARTESIAN_POINT('',(-0.453846153846,3.050300687267E-16,
    6.00001E-02));
#3491 = CARTESIAN_POINT('',(-0.453846153846,0.1,6.00001E-02));
#3492 = ADVANCED_FACE('',(#3493),#3515,.T.);
#3493 = FACE_BOUND('',#3494,.T.);
#3494 = EDGE_LOOP('',(#3495,#3504,#3509,#3510));
#3495 = ORIENTED_EDGE('',*,*,#3496,.F.);
#3496 = EDGE_CURVE('',#3497,#3499,#3501,.T.);
#3497 = VERTEX_POINT('',#3498);
#3498 = CARTESIAN_POINT('',(-0.424579326923,4.230769230769E-02,
    5.00001E-02));
#3499 = VERTEX_POINT('',#3500);
#3500 = CARTESIAN_POINT('',(-0.406951121795,8.050881410256E-02,
    5.00001E-02));
#3501 = B_SPLINE_CURVE_WITH_KNOTS('',1,(#3502,#3503),.UNSPECIFIED.,.F.,
  .F.,(2,2),(0.,4.20723106381E-02),.PIECEWISE_BEZIER_KNOTS.);
#3502 = CARTESIAN_POINT('',(-0.424579326923,4.230769230769E-02,
    5.00001E-02));
#3503 = CARTESIAN_POINT('',(-0.406951121795,8.050881410256E-02,
    5.00001E-02));
#3504 = ORIENTED_EDGE('',*,*,#3505,.F.);
#3505 = EDGE_CURVE('',#3460,#3497,#3506,.T.);
#3506 = B_SPLINE_CURVE_WITH_KNOTS('',1,(#3507,#3508),.UNSPECIFIED.,.F.,
  .F.,(2,2),(-0.,1.E-02),.PIECEWISE_BEZIER_KNOTS.);
#3507 = CARTESIAN_POINT('',(-0.424579326923,4.230769230769E-02,
    6.00001E-02));
#3508 = CARTESIAN_POINT('',(-0.424579326923,4.230769230769E-02,
    5.00001E-02));
#3509 = ORIENTED_EDGE('',*,*,#3473,.T.);
#3510 = ORIENTED_EDGE('',*,*,#3511,.T.);
#3511 = EDGE_CURVE('',#3467,#3499,#3512,.T.);
#3512 = B_SPLINE_CURVE_WITH_KNOTS('',1,(#3513,#3514),.UNSPECIFIED.,.F.,
  .F.,(2,2),(-0.,1.E-02),.PIECEWISE_BEZIER_KNOTS.);
#3513 = CARTESIAN_POINT('',(-0.406951121795,8.050881410256E-02,
    6.00001E-02));
#3514 = CARTESIAN_POINT('',(-0.406951121795,8.050881410256E-02,
    5.00001E-02));
#3515 = B_SPLINE_SURFACE_WITH_KNOTS('',1,1,(
    (#3516,#3517)
    ,(#3518,#3519
    )),.UNSPECIFIED.,.F.,.F.,.F.,(2,2),(2,2),(-4.20723106381E-02,0.),(
    -1.E-02,0.),.PIECEWISE_BEZIER_KNOTS.);
#3516 = CARTESIAN_POINT('',(-0.406951121795,8.050881410256E-02,
    5.00001E-02));
#3517 = CARTESIAN_POINT('',(-0.406951121795,8.050881410256E-02,
    6.00001E-02));
#3518 = CARTESIAN_POINT('',(-0.424579326923,4.230769230769E-02,
    5.00001E-02));
#3519 = CARTESIAN_POINT('',(-0.424579326923,4.230769230769E-02,
    6.00001E-02));
#3520 = ADVANCED_FACE('',(#3521),#3537,.T.);
#3521 = FACE_BOUND('',#3522,.T.);
#3522 = EDGE_LOOP('',(#3523,#3530,#3535,#3536));
#3523 = ORIENTED_EDGE('',*,*,#3524,.F.);
#3524 = EDGE_CURVE('',#3525,#3497,#3527,.T.);
#3525 = VERTEX_POINT('',#3526);
#3526 = CARTESIAN_POINT('',(-0.388842147436,4.230769230769E-02,
    5.00001E-02));
#3527 = B_SPLINE_CURVE_WITH_KNOTS('',1,(#3528,#3529),.UNSPECIFIED.,.F.,
  .F.,(2,2),(0.,3.573717948718E-02),.PIECEWISE_BEZIER_KNOTS.);
#3528 = CARTESIAN_POINT('',(-0.388842147436,4.230769230769E-02,
    5.00001E-02));
#3529 = CARTESIAN_POINT('',(-0.424579326923,4.230769230769E-02,
    5.00001E-02));
#3530 = ORIENTED_EDGE('',*,*,#3531,.F.);
#3531 = EDGE_CURVE('',#3458,#3525,#3532,.T.);
#3532 = B_SPLINE_CURVE_WITH_KNOTS('',1,(#3533,#3534),.UNSPECIFIED.,.F.,
  .F.,(2,2),(-0.,1.E-02),.PIECEWISE_BEZIER_KNOTS.);
#3533 = CARTESIAN_POINT('',(-0.388842147436,4.230769230769E-02,
    6.00001E-02));
#3534 = CARTESIAN_POINT('',(-0.388842147436,4.230769230769E-02,
    5.00001E-02));
#3535 = ORIENTED_EDGE('',*,*,#3457,.T.);
#3536 = ORIENTED_EDGE('',*,*,#3505,.T.);
#3537 = B_SPLINE_SURFACE_WITH_KNOTS('',1,1,(
    (#3538,#3539)
    ,(#3540,#3541)),.UNSPECIFIED.,.F.,.F.,.F.,(2,2),(2,2),(0.,1.E-02),(
    -3.573717948718E-02,0.),.PIECEWISE_BEZIER_KNOTS.);
#3538 = CARTESIAN_POINT('',(-0.424579326923,4.230769230769E-02,
    6.00001E-02));
#3539 = CARTESIAN_POINT('',(-0.388842147436,4.230769230769E-02,
    6.00001E-02));
#3540 = CARTESIAN_POINT('',(-0.424579326923,4.230769230769E-02,
    5.00001E-02));
#3541 = CARTESIAN_POINT('',(-0.388842147436,4.230769230769E-02,
    5.00001E-02));
#3542 = ADVANCED_FACE('',(#3543),#3553,.T.);
#3543 = FACE_BOUND('',#3544,.T.);
#3544 = EDGE_LOOP('',(#3545,#3550,#3551,#3552));
#3545 = ORIENTED_EDGE('',*,*,#3546,.F.);
#3546 = EDGE_CURVE('',#3499,#3525,#3547,.T.);
#3547 = B_SPLINE_CURVE_WITH_KNOTS('',1,(#3548,#3549),.UNSPECIFIED.,.F.,
  .F.,(2,2),(0.,4.227600570916E-02),.PIECEWISE_BEZIER_KNOTS.);
#3548 = CARTESIAN_POINT('',(-0.406951121795,8.050881410256E-02,
    5.00001E-02));
#3549 = CARTESIAN_POINT('',(-0.388842147436,4.230769230769E-02,
    5.00001E-02));
#3550 = ORIENTED_EDGE('',*,*,#3511,.F.);
#3551 = ORIENTED_EDGE('',*,*,#3466,.T.);
#3552 = ORIENTED_EDGE('',*,*,#3531,.T.);
#3553 = B_SPLINE_SURFACE_WITH_KNOTS('',1,1,(
    (#3554,#3555)
    ,(#3556,#3557
    )),.UNSPECIFIED.,.F.,.F.,.F.,(2,2),(2,2),(-4.227600570916E-02,0.),(
    -1.E-02,0.),.PIECEWISE_BEZIER_KNOTS.);
#3554 = CARTESIAN_POINT('',(-0.388842147436,4.230769230769E-02,
    5.00001E-02));
#3555 = CARTESIAN_POINT('',(-0.388842147436,4.230769230769E-02,
    6.00001E-02));
#3556 = CARTESIAN_POINT('',(-0.406951121795,8.050881410256E-02,
    5.00001E-02));
#3557 = CARTESIAN_POINT('',(-0.406951121795,8.050881410256E-02,
    6.00001E-02));
#3558 = ADVANCED_FACE('',(#3559),#3581,.T.);
#3559 = FACE_BOUND('',#3560,.T.);
#3560 = EDGE_LOOP('',(#3561,#3562,#3569,#3576));
#3561 = ORIENTED_EDGE('',*,*,#1540,.F.);
#3562 = ORIENTED_EDGE('',*,*,#3563,.F.);
#3563 = EDGE_CURVE('',#3564,#1509,#3566,.T.);
#3564 = VERTEX_POINT('',#3565);
#3565 = CARTESIAN_POINT('',(-0.295092147436,3.330669073875E-16,
    6.00001E-02));
#3566 = B_SPLINE_CURVE_WITH_KNOTS('',1,(#3567,#3568),.UNSPECIFIED.,.F.,
  .F.,(2,2),(-0.,1.E-02),.PIECEWISE_BEZIER_KNOTS.);
#3567 = CARTESIAN_POINT('',(-0.295092147436,3.330669073875E-16,
    6.00001E-02));
#3568 = CARTESIAN_POINT('',(-0.295092147436,3.330669073875E-16,
    5.00001E-02));
#3569 = ORIENTED_EDGE('',*,*,#3570,.T.);
#3570 = EDGE_CURVE('',#3564,#3571,#3573,.T.);
#3571 = VERTEX_POINT('',#3572);
#3572 = CARTESIAN_POINT('',(-0.264102564103,3.330669073875E-16,
    6.00001E-02));
#3573 = B_SPLINE_CURVE_WITH_KNOTS('',1,(#3574,#3575),.UNSPECIFIED.,.F.,
  .F.,(2,2),(0.,3.098958333333E-02),.PIECEWISE_BEZIER_KNOTS.);
#3574 = CARTESIAN_POINT('',(-0.295092147436,3.330669073875E-16,
    6.00001E-02));
#3575 = CARTESIAN_POINT('',(-0.264102564103,3.330669073875E-16,
    6.00001E-02));
#3576 = ORIENTED_EDGE('',*,*,#3577,.T.);
#3577 = EDGE_CURVE('',#3571,#1541,#3578,.T.);
#3578 = B_SPLINE_CURVE_WITH_KNOTS('',1,(#3579,#3580),.UNSPECIFIED.,.F.,
  .F.,(2,2),(-0.,1.E-02),.PIECEWISE_BEZIER_KNOTS.);
#3579 = CARTESIAN_POINT('',(-0.264102564103,3.330669073875E-16,
    6.00001E-02));
#3580 = CARTESIAN_POINT('',(-0.264102564103,3.330669073875E-16,
    5.00001E-02));
#3581 = B_SPLINE_SURFACE_WITH_KNOTS('',1,1,(
    (#3582,#3583)
    ,(#3584,#3585
    )),.UNSPECIFIED.,.F.,.F.,.F.,(2,2),(2,2),(-1.E-02,0.),(0.,
    3.098958333333E-02),.PIECEWISE_BEZIER_KNOTS.);
#3582 = CARTESIAN_POINT('',(-0.295092147436,3.330669073875E-16,
    5.00001E-02));
#3583 = CARTESIAN_POINT('',(-0.264102564103,3.330669073875E-16,
    5.00001E-02));
#3584 = CARTESIAN_POINT('',(-0.295092147436,3.330669073875E-16,
    6.00001E-02));
#3585 = CARTESIAN_POINT('',(-0.264102564103,3.330669073875E-16,
    6.00001E-02));
#3586 = ADVANCED_FACE('',(#3587),#3603,.T.);
#3587 = FACE_BOUND('',#3588,.T.);
#3588 = EDGE_LOOP('',(#3589,#3590,#3591,#3598));
#3589 = ORIENTED_EDGE('',*,*,#1547,.F.);
#3590 = ORIENTED_EDGE('',*,*,#3577,.F.);
#3591 = ORIENTED_EDGE('',*,*,#3592,.T.);
#3592 = EDGE_CURVE('',#3571,#3593,#3595,.T.);
#3593 = VERTEX_POINT('',#3594);
#3594 = CARTESIAN_POINT('',(-0.264102564103,0.1,6.00001E-02));
#3595 = B_SPLINE_CURVE_WITH_KNOTS('',1,(#3596,#3597),.UNSPECIFIED.,.F.,
  .F.,(2,2),(0.,0.1),.PIECEWISE_BEZIER_KNOTS.);
#3596 = CARTESIAN_POINT('',(-0.264102564103,3.330669073875E-16,
    6.00001E-02));
#3597 = CARTESIAN_POINT('',(-0.264102564103,0.1,6.00001E-02));
#3598 = ORIENTED_EDGE('',*,*,#3599,.T.);
#3599 = EDGE_CURVE('',#3593,#1548,#3600,.T.);
#3600 = B_SPLINE_CURVE_WITH_KNOTS('',1,(#3601,#3602),.UNSPECIFIED.,.F.,
  .F.,(2,2),(-0.,1.E-02),.PIECEWISE_BEZIER_KNOTS.);
#3601 = CARTESIAN_POINT('',(-0.264102564103,0.1,6.00001E-02));
#3602 = CARTESIAN_POINT('',(-0.264102564103,0.1,5.00001E-02));
#3603 = B_SPLINE_SURFACE_WITH_KNOTS('',1,1,(
    (#3604,#3605)
    ,(#3606,#3607
    )),.UNSPECIFIED.,.F.,.F.,.F.,(2,2),(2,2),(-1.E-02,0.),(0.,0.1),
  .PIECEWISE_BEZIER_KNOTS.);
#3604 = CARTESIAN_POINT('',(-0.264102564103,3.330669073875E-16,
    5.00001E-02));
#3605 = CARTESIAN_POINT('',(-0.264102564103,0.1,5.00001E-02));
#3606 = CARTESIAN_POINT('',(-0.264102564103,3.330669073875E-16,
    6.00001E-02));
#3607 = CARTESIAN_POINT('',(-0.264102564103,0.1,6.00001E-02));
#3608 = ADVANCED_FACE('',(#3609),#3625,.T.);
#3609 = FACE_BOUND('',#3610,.T.);
#3610 = EDGE_LOOP('',(#3611,#3612,#3613,#3620));
#3611 = ORIENTED_EDGE('',*,*,#1554,.F.);
#3612 = ORIENTED_EDGE('',*,*,#3599,.F.);
#3613 = ORIENTED_EDGE('',*,*,#3614,.T.);
#3614 = EDGE_CURVE('',#3593,#3615,#3617,.T.);
#3615 = VERTEX_POINT('',#3616);
#3616 = CARTESIAN_POINT('',(-0.284294871795,0.1,6.00001E-02));
#3617 = B_SPLINE_CURVE_WITH_KNOTS('',1,(#3618,#3619),.UNSPECIFIED.,.F.,
  .F.,(2,2),(0.,2.019230769231E-02),.PIECEWISE_BEZIER_KNOTS.);
#3618 = CARTESIAN_POINT('',(-0.264102564103,0.1,6.00001E-02));
#3619 = CARTESIAN_POINT('',(-0.284294871795,0.1,6.00001E-02));
#3620 = ORIENTED_EDGE('',*,*,#3621,.T.);
#3621 = EDGE_CURVE('',#3615,#1555,#3622,.T.);
#3622 = B_SPLINE_CURVE_WITH_KNOTS('',1,(#3623,#3624),.UNSPECIFIED.,.F.,
  .F.,(2,2),(-0.,1.E-02),.PIECEWISE_BEZIER_KNOTS.);
#3623 = CARTESIAN_POINT('',(-0.284294871795,0.1,6.00001E-02));
#3624 = CARTESIAN_POINT('',(-0.284294871795,0.1,5.00001E-02));
#3625 = B_SPLINE_SURFACE_WITH_KNOTS('',1,1,(
    (#3626,#3627)
    ,(#3628,#3629)),.UNSPECIFIED.,.F.,.F.,.F.,(2,2),(2,2),(0.,1.E-02),(
    -2.019230769231E-02,0.),.PIECEWISE_BEZIER_KNOTS.);
#3626 = CARTESIAN_POINT('',(-0.284294871795,0.1,6.00001E-02));
#3627 = CARTESIAN_POINT('',(-0.264102564103,0.1,6.00001E-02));
#3628 = CARTESIAN_POINT('',(-0.284294871795,0.1,5.00001E-02));
#3629 = CARTESIAN_POINT('',(-0.264102564103,0.1,5.00001E-02));
#3630 = ADVANCED_FACE('',(#3631),#3656,.T.);
#3631 = FACE_BOUND('',#3632,.T.);
#3632 = EDGE_LOOP('',(#3633,#3634,#3635,#3651));
#3633 = ORIENTED_EDGE('',*,*,#1561,.F.);
#3634 = ORIENTED_EDGE('',*,*,#3621,.F.);
#3635 = ORIENTED_EDGE('',*,*,#3636,.T.);
#3636 = EDGE_CURVE('',#3615,#3637,#3639,.T.);
#3637 = VERTEX_POINT('',#3638);
#3638 = CARTESIAN_POINT('',(-0.316025641026,9.639423076923E-02,
    6.00001E-02));
#3639 = B_SPLINE_CURVE_WITH_KNOTS('',3,(#3640,#3641,#3642,#3643,#3644,
    #3645,#3646,#3647,#3648,#3649,#3650),.UNSPECIFIED.,.F.,.F.,(4,1,1,1,
    1,1,1,1,4),(0.,0.164289216475,0.31740591123,0.458843611641,
    0.589366542305,0.707831318778,0.815770030699,0.912879902902,1.),
  .UNSPECIFIED.);
#3640 = CARTESIAN_POINT('',(-0.284294871795,0.1,6.00001E-02));
#3641 = CARTESIAN_POINT('',(-0.286051128601,9.998735514297E-02,
    6.00001E-02));
#3642 = CARTESIAN_POINT('',(-0.28944420761,9.9962925345E-02,6.00001E-02)
  );
#3643 = CARTESIAN_POINT('',(-0.294347420394,9.980802845526E-02,
    6.00001E-02));
#3644 = CARTESIAN_POINT('',(-0.298884099322,9.953401514531E-02,
    6.00001E-02));
#3645 = CARTESIAN_POINT('',(-0.303039323867,9.913488582718E-02,
    6.00001E-02));
#3646 = CARTESIAN_POINT('',(-0.306824501352,9.864479915228E-02,
    6.00001E-02));
#3647 = CARTESIAN_POINT('',(-0.310229033013,9.80305018853E-02,
    6.00001E-02));
#3648 = CARTESIAN_POINT('',(-0.31327052281,9.73051255886E-02,6.00001E-02
    ));
#3649 = CARTESIAN_POINT('',(-0.315141078255,9.668668415302E-02,
    6.00001E-02));
#3650 = CARTESIAN_POINT('',(-0.316025641026,9.639423076923E-02,
    6.00001E-02));
#3651 = ORIENTED_EDGE('',*,*,#3652,.T.);
#3652 = EDGE_CURVE('',#3637,#1562,#3653,.T.);
#3653 = B_SPLINE_CURVE_WITH_KNOTS('',1,(#3654,#3655),.UNSPECIFIED.,.F.,
  .F.,(2,2),(-0.,1.E-02),.PIECEWISE_BEZIER_KNOTS.);
#3654 = CARTESIAN_POINT('',(-0.316025641026,9.639423076923E-02,
    6.00001E-02));
#3655 = CARTESIAN_POINT('',(-0.316025641026,9.639423076923E-02,
    5.00001E-02));
#3656 = B_SPLINE_SURFACE_WITH_KNOTS('',3,1,(
    (#3657,#3658)
    ,(#3659,#3660)
    ,(#3661,#3662)
    ,(#3663,#3664)
    ,(#3665,#3666)
    ,(#3667,#3668)
    ,(#3669,#3670)
    ,(#3671,#3672)
    ,(#3673,#3674)
    ,(#3675,#3676)
    ,(#3677,#3678
  )),.UNSPECIFIED.,.F.,.F.,.F.,(4,1,1,1,1,1,1,1,4),(2,2),(0.,
    0.164289216475,0.31740591123,0.458843611641,0.589366542305,
    0.707831318778,0.815770030699,0.912879902902,1.),(0.,1.),
  .UNSPECIFIED.);
#3657 = CARTESIAN_POINT('',(-0.284294871795,0.1,6.00001E-02));
#3658 = CARTESIAN_POINT('',(-0.284294871795,0.1,5.00001E-02));
#3659 = CARTESIAN_POINT('',(-0.286051128601,9.998735514297E-02,
    6.00001E-02));
#3660 = CARTESIAN_POINT('',(-0.286051128601,9.998735514297E-02,
    5.00001E-02));
#3661 = CARTESIAN_POINT('',(-0.28944420761,9.9962925345E-02,6.00001E-02)
  );
#3662 = CARTESIAN_POINT('',(-0.28944420761,9.9962925345E-02,5.00001E-02)
  );
#3663 = CARTESIAN_POINT('',(-0.294347420394,9.980802845526E-02,
    6.00001E-02));
#3664 = CARTESIAN_POINT('',(-0.294347420394,9.980802845526E-02,
    5.00001E-02));
#3665 = CARTESIAN_POINT('',(-0.298884099322,9.953401514531E-02,
    6.00001E-02));
#3666 = CARTESIAN_POINT('',(-0.298884099322,9.953401514531E-02,
    5.00001E-02));
#3667 = CARTESIAN_POINT('',(-0.303039323867,9.913488582718E-02,
    6.00001E-02));
#3668 = CARTESIAN_POINT('',(-0.303039323867,9.913488582718E-02,
    5.00001E-02));
#3669 = CARTESIAN_POINT('',(-0.306824501352,9.864479915228E-02,
    6.00001E-02));
#3670 = CARTESIAN_POINT('',(-0.306824501352,9.864479915228E-02,
    5.00001E-02));
#3671 = CARTESIAN_POINT('',(-0.310229033013,9.80305018853E-02,
    6.00001E-02));
#3672 = CARTESIAN_POINT('',(-0.310229033013,9.80305018853E-02,
    5.00001E-02));
#3673 = CARTESIAN_POINT('',(-0.31327052281,9.73051255886E-02,6.00001E-02
    ));
#3674 = CARTESIAN_POINT('',(-0.31327052281,9.73051255886E-02,5.00001E-02
    ));
#3675 = CARTESIAN_POINT('',(-0.315141078255,9.668668415302E-02,
    6.00001E-02));
#3676 = CARTESIAN_POINT('',(-0.315141078255,9.668668415302E-02,
    5.00001E-02));
#3677 = CARTESIAN_POINT('',(-0.316025641026,9.639423076923E-02,
    6.00001E-02));
#3678 = CARTESIAN_POINT('',(-0.316025641026,9.639423076923E-02,
    5.00001E-02));
#3679 = ADVANCED_FACE('',(#3680),#3713,.T.);
#3680 = FACE_BOUND('',#3681,.T.);
#3681 = EDGE_LOOP('',(#3682,#3683,#3684,#3708));
#3682 = ORIENTED_EDGE('',*,*,#1577,.F.);
#3683 = ORIENTED_EDGE('',*,*,#3652,.F.);
#3684 = ORIENTED_EDGE('',*,*,#3685,.T.);
#3685 = EDGE_CURVE('',#3637,#3686,#3688,.T.);
#3686 = VERTEX_POINT('',#3687);
#3687 = CARTESIAN_POINT('',(-0.346153846154,4.873798076923E-02,
    6.00001E-02));
#3688 = B_SPLINE_CURVE_WITH_KNOTS('',3,(#3689,#3690,#3691,#3692,#3693,
    #3694,#3695,#3696,#3697,#3698,#3699,#3700,#3701,#3702,#3703,#3704,
    #3705,#3706,#3707),.UNSPECIFIED.,.F.,.F.,(4,1,1,1,1,1,1,1,1,1,1,1,1,
    1,1,1,4),(0.,6.154496601632E-02,0.121694296402,0.181154855453,
    0.239875388912,0.29870194245,0.357647423709,0.417604842849,
    0.478494040728,0.540407050637,0.602344993873,0.665004327923,
    0.728559308823,0.793650542027,0.86053426759,0.929235960562,1.),
  .UNSPECIFIED.);
#3689 = CARTESIAN_POINT('',(-0.316025641026,9.639423076923E-02,
    6.00001E-02));
#3690 = CARTESIAN_POINT('',(-0.317182633577,9.595335346512E-02,
    6.00001E-02));
#3691 = CARTESIAN_POINT('',(-0.319470381928,9.508159649138E-02,
    6.00001E-02));
#3692 = CARTESIAN_POINT('',(-0.322727728287,9.3437130739E-02,6.00001E-02
    ));
#3693 = CARTESIAN_POINT('',(-0.325794167229,9.157389926045E-02,
    6.00001E-02));
#3694 = CARTESIAN_POINT('',(-0.328686142797,8.948944604065E-02,
    6.00001E-02));
#3695 = CARTESIAN_POINT('',(-0.33133759498,8.712475036976E-02,
    6.00001E-02));
#3696 = CARTESIAN_POINT('',(-0.333852106315,8.458026220902E-02,
    6.00001E-02));
#3697 = CARTESIAN_POINT('',(-0.33612681271,8.176345248861E-02,
    6.00001E-02));
#3698 = CARTESIAN_POINT('',(-0.338209906882,7.87327385462E-02,
    6.00001E-02));
#3699 = CARTESIAN_POINT('',(-0.340088068581,7.552382276853E-02,
    6.00001E-02));
#3700 = CARTESIAN_POINT('',(-0.341720615948,7.214281966299E-02,
    6.00001E-02));
#3701 = CARTESIAN_POINT('',(-0.343076444329,6.86068994327E-02,
    6.00001E-02));
#3702 = CARTESIAN_POINT('',(-0.344201965089,6.492589520439E-02,
    6.00001E-02));
#3703 = CARTESIAN_POINT('',(-0.345089006733,6.109171298119E-02,
    6.00001E-02));
#3704 = CARTESIAN_POINT('',(-0.345694204782,5.709988823661E-02,
    6.00001E-02));
#3705 = CARTESIAN_POINT('',(-0.346093375921,5.296619711108E-02,
    6.00001E-02));
#3706 = CARTESIAN_POINT('',(-0.346133491673,5.016121243303E-02,
    6.00001E-02));
#3707 = CARTESIAN_POINT('',(-0.346153846154,4.873798076923E-02,
    6.00001E-02));
#3708 = ORIENTED_EDGE('',*,*,#3709,.T.);
#3709 = EDGE_CURVE('',#3686,#1507,#3710,.T.);
#3710 = B_SPLINE_CURVE_WITH_KNOTS('',1,(#3711,#3712),.UNSPECIFIED.,.F.,
  .F.,(2,2),(-0.,1.E-02),.PIECEWISE_BEZIER_KNOTS.);
#3711 = CARTESIAN_POINT('',(-0.346153846154,4.873798076923E-02,
    6.00001E-02));
#3712 = CARTESIAN_POINT('',(-0.346153846154,4.873798076923E-02,
    5.00001E-02));
#3713 = B_SPLINE_SURFACE_WITH_KNOTS('',3,1,(
    (#3714,#3715)
    ,(#3716,#3717)
    ,(#3718,#3719)
    ,(#3720,#3721)
    ,(#3722,#3723)
    ,(#3724,#3725)
    ,(#3726,#3727)
    ,(#3728,#3729)
    ,(#3730,#3731)
    ,(#3732,#3733)
    ,(#3734,#3735)
    ,(#3736,#3737)
    ,(#3738,#3739)
    ,(#3740,#3741)
    ,(#3742,#3743)
    ,(#3744,#3745)
    ,(#3746,#3747)
    ,(#3748,#3749)
    ,(#3750,#3751
    )),.UNSPECIFIED.,.F.,.F.,.F.,(4,1,1,1,1,1,1,1,1,1,1,1,1,1,1,1,4),(2,
    2),(0.,6.154496601632E-02,0.121694296402,0.181154855453,
    0.239875388912,0.29870194245,0.357647423709,0.417604842849,
    0.478494040728,0.540407050637,0.602344993873,0.665004327923,
    0.728559308823,0.793650542027,0.86053426759,0.929235960562,1.),(0.,
    1.),.UNSPECIFIED.);
#3714 = CARTESIAN_POINT('',(-0.316025641026,9.639423076923E-02,
    6.00001E-02));
#3715 = CARTESIAN_POINT('',(-0.316025641026,9.639423076923E-02,
    5.00001E-02));
#3716 = CARTESIAN_POINT('',(-0.317182633577,9.595335346512E-02,
    6.00001E-02));
#3717 = CARTESIAN_POINT('',(-0.317182633577,9.595335346512E-02,
    5.00001E-02));
#3718 = CARTESIAN_POINT('',(-0.319470381928,9.508159649138E-02,
    6.00001E-02));
#3719 = CARTESIAN_POINT('',(-0.319470381928,9.508159649138E-02,
    5.00001E-02));
#3720 = CARTESIAN_POINT('',(-0.322727728287,9.3437130739E-02,6.00001E-02
    ));
#3721 = CARTESIAN_POINT('',(-0.322727728287,9.3437130739E-02,5.00001E-02
    ));
#3722 = CARTESIAN_POINT('',(-0.325794167229,9.157389926045E-02,
    6.00001E-02));
#3723 = CARTESIAN_POINT('',(-0.325794167229,9.157389926045E-02,
    5.00001E-02));
#3724 = CARTESIAN_POINT('',(-0.328686142797,8.948944604065E-02,
    6.00001E-02));
#3725 = CARTESIAN_POINT('',(-0.328686142797,8.948944604065E-02,
    5.00001E-02));
#3726 = CARTESIAN_POINT('',(-0.33133759498,8.712475036976E-02,
    6.00001E-02));
#3727 = CARTESIAN_POINT('',(-0.33133759498,8.712475036976E-02,
    5.00001E-02));
#3728 = CARTESIAN_POINT('',(-0.333852106315,8.458026220902E-02,
    6.00001E-02));
#3729 = CARTESIAN_POINT('',(-0.333852106315,8.458026220902E-02,
    5.00001E-02));
#3730 = CARTESIAN_POINT('',(-0.33612681271,8.176345248861E-02,
    6.00001E-02));
#3731 = CARTESIAN_POINT('',(-0.33612681271,8.176345248861E-02,
    5.00001E-02));
#3732 = CARTESIAN_POINT('',(-0.338209906882,7.87327385462E-02,
    6.00001E-02));
#3733 = CARTESIAN_POINT('',(-0.338209906882,7.87327385462E-02,
    5.00001E-02));
#3734 = CARTESIAN_POINT('',(-0.340088068581,7.552382276853E-02,
    6.00001E-02));
#3735 = CARTESIAN_POINT('',(-0.340088068581,7.552382276853E-02,
    5.00001E-02));
#3736 = CARTESIAN_POINT('',(-0.341720615948,7.214281966299E-02,
    6.00001E-02));
#3737 = CARTESIAN_POINT('',(-0.341720615948,7.214281966299E-02,
    5.00001E-02));
#3738 = CARTESIAN_POINT('',(-0.343076444329,6.86068994327E-02,
    6.00001E-02));
#3739 = CARTESIAN_POINT('',(-0.343076444329,6.86068994327E-02,
    5.00001E-02));
#3740 = CARTESIAN_POINT('',(-0.344201965089,6.492589520439E-02,
    6.00001E-02));
#3741 = CARTESIAN_POINT('',(-0.344201965089,6.492589520439E-02,
    5.00001E-02));
#3742 = CARTESIAN_POINT('',(-0.345089006733,6.109171298119E-02,
    6.00001E-02));
#3743 = CARTESIAN_POINT('',(-0.345089006733,6.109171298119E-02,
    5.00001E-02));
#3744 = CARTESIAN_POINT('',(-0.345694204782,5.709988823661E-02,
    6.00001E-02));
#3745 = CARTESIAN_POINT('',(-0.345694204782,5.709988823661E-02,
    5.00001E-02));
#3746 = CARTESIAN_POINT('',(-0.346093375921,5.296619711108E-02,
    6.00001E-02));
#3747 = CARTESIAN_POINT('',(-0.346093375921,5.296619711108E-02,
    5.00001E-02));
#3748 = CARTESIAN_POINT('',(-0.346133491673,5.016121243303E-02,
    6.00001E-02));
#3749 = CARTESIAN_POINT('',(-0.346133491673,5.016121243303E-02,
    5.00001E-02));
#3750 = CARTESIAN_POINT('',(-0.346153846154,4.873798076923E-02,
    6.00001E-02));
#3751 = CARTESIAN_POINT('',(-0.346153846154,4.873798076923E-02,
    5.00001E-02));
#3752 = ADVANCED_FACE('',(#3753),#3788,.T.);
#3753 = FACE_BOUND('',#3754,.T.);
#3754 = EDGE_LOOP('',(#3755,#3756,#3757,#3787));
#3755 = ORIENTED_EDGE('',*,*,#1506,.F.);
#3756 = ORIENTED_EDGE('',*,*,#3709,.F.);
#3757 = ORIENTED_EDGE('',*,*,#3758,.T.);
#3758 = EDGE_CURVE('',#3686,#3564,#3759,.T.);
#3759 = B_SPLINE_CURVE_WITH_KNOTS('',3,(#3760,#3761,#3762,#3763,#3764,
    #3765,#3766,#3767,#3768,#3769,#3770,#3771,#3772,#3773,#3774,#3775,
    #3776,#3777,#3778,#3779,#3780,#3781,#3782,#3783,#3784,#3785,#3786),
  .UNSPECIFIED.,.F.,.F.,(4,1,1,1,1,1,1,1,1,1,1,1,1,1,1,1,1,1,1,1,1,1,1,1
    ,4),(0.,4.608068338725E-02,9.080679960762E-02,0.134295270529,
    0.177024385666,0.218822733683,0.260244116327,0.301079867113,
    0.341613894285,0.381583418552,0.42011959133,0.458074618542,
    0.494738487608,0.531194622894,0.56693369845,0.602712650738,
    0.638326606128,0.674853248855,0.713467370784,0.754441803848,
    0.797815360712,0.843989456208,0.89307156988,0.944963346178,1.),
  .UNSPECIFIED.);
#3760 = CARTESIAN_POINT('',(-0.346153846154,4.873798076923E-02,
    6.00001E-02));
#3761 = CARTESIAN_POINT('',(-0.346135875654,4.75019453839E-02,
    6.00001E-02));
#3762 = CARTESIAN_POINT('',(-0.346100462908,4.50662085568E-02,
    6.00001E-02));
#3763 = CARTESIAN_POINT('',(-0.345782482455,4.147646868229E-02,
    6.00001E-02));
#3764 = CARTESIAN_POINT('',(-0.345320301882,3.799322378673E-02,
    6.00001E-02));
#3765 = CARTESIAN_POINT('',(-0.344604753373,3.463306092837E-02,
    6.00001E-02));
#3766 = CARTESIAN_POINT('',(-0.343736110132,3.136654041735E-02,
    6.00001E-02));
#3767 = CARTESIAN_POINT('',(-0.342622848666,2.822847629321E-02,
    6.00001E-02));
#3768 = CARTESIAN_POINT('',(-0.341347548775,2.519008174085E-02,
    6.00001E-02));
#3769 = CARTESIAN_POINT('',(-0.339860409388,2.229243957204E-02,
    6.00001E-02));
#3770 = CARTESIAN_POINT('',(-0.338227798388,1.954720036243E-02,
    6.00001E-02));
#3771 = CARTESIAN_POINT('',(-0.336475748582,1.695932813045E-02,
    6.00001E-02));
#3772 = CARTESIAN_POINT('',(-0.334606128714,1.456575036442E-02,
    6.00001E-02));
#3773 = CARTESIAN_POINT('',(-0.33260111063,1.235921859193E-02,
    6.00001E-02));
#3774 = CARTESIAN_POINT('',(-0.330486604446,1.034305920924E-02,
    6.00001E-02));
#3775 = CARTESIAN_POINT('',(-0.32824876643,8.500430199324E-03,
    6.00001E-02));
#3776 = CARTESIAN_POINT('',(-0.325881822122,6.867385775094E-03,
    6.00001E-02));
#3777 = CARTESIAN_POINT('',(-0.3233963729,5.379754111726E-03,6.00001E-02
    ));
#3778 = CARTESIAN_POINT('',(-0.320719912066,4.082029668347E-03,
    6.00001E-02));
#3779 = CARTESIAN_POINT('',(-0.317801744461,2.984029388243E-03,
    6.00001E-02));
#3780 = CARTESIAN_POINT('',(-0.31462942509,2.074126091927E-03,
    6.00001E-02));
#3781 = CARTESIAN_POINT('',(-0.311210740606,1.314957640612E-03,
    6.00001E-02));
#3782 = CARTESIAN_POINT('',(-0.307539784099,7.127489936145E-04,
    6.00001E-02));
#3783 = CARTESIAN_POINT('',(-0.303612956504,3.091377811084E-04,
    6.00001E-02));
#3784 = CARTESIAN_POINT('',(-0.299436291085,3.61968470136E-05,
    6.00001E-02));
#3785 = CARTESIAN_POINT('',(-0.296568312078,1.229989384179E-05,
    6.00001E-02));
#3786 = CARTESIAN_POINT('',(-0.295092147436,3.330669073875E-16,
    6.00001E-02));
#3787 = ORIENTED_EDGE('',*,*,#3563,.T.);
#3788 = B_SPLINE_SURFACE_WITH_KNOTS('',3,1,(
    (#3789,#3790)
    ,(#3791,#3792)
    ,(#3793,#3794)
    ,(#3795,#3796)
    ,(#3797,#3798)
    ,(#3799,#3800)
    ,(#3801,#3802)
    ,(#3803,#3804)
    ,(#3805,#3806)
    ,(#3807,#3808)
    ,(#3809,#3810)
    ,(#3811,#3812)
    ,(#3813,#3814)
    ,(#3815,#3816)
    ,(#3817,#3818)
    ,(#3819,#3820)
    ,(#3821,#3822)
    ,(#3823,#3824)
    ,(#3825,#3826)
    ,(#3827,#3828)
    ,(#3829,#3830)
    ,(#3831,#3832)
    ,(#3833,#3834)
    ,(#3835,#3836)
    ,(#3837,#3838)
    ,(#3839,#3840)
    ,(#3841,#3842
    )),.UNSPECIFIED.,.F.,.F.,.F.,(4,1,1,1,1,1,1,1,1,1,1,1,1,1,1,1,1,1,1,
    1,1,1,1,1,4),(2,2),(0.,4.608068338725E-02,9.080679960762E-02,
    0.134295270529,0.177024385666,0.218822733683,0.260244116327,
    0.301079867113,0.341613894285,0.381583418552,0.42011959133,
    0.458074618542,0.494738487608,0.531194622894,0.56693369845,
    0.602712650738,0.638326606128,0.674853248855,0.713467370784,
    0.754441803848,0.797815360712,0.843989456208,0.89307156988,
    0.944963346178,1.),(0.,1.),.UNSPECIFIED.);
#3789 = CARTESIAN_POINT('',(-0.346153846154,4.873798076923E-02,
    6.00001E-02));
#3790 = CARTESIAN_POINT('',(-0.346153846154,4.873798076923E-02,
    5.00001E-02));
#3791 = CARTESIAN_POINT('',(-0.346135875654,4.75019453839E-02,
    6.00001E-02));
#3792 = CARTESIAN_POINT('',(-0.346135875654,4.75019453839E-02,
    5.00001E-02));
#3793 = CARTESIAN_POINT('',(-0.346100462908,4.50662085568E-02,
    6.00001E-02));
#3794 = CARTESIAN_POINT('',(-0.346100462908,4.50662085568E-02,
    5.00001E-02));
#3795 = CARTESIAN_POINT('',(-0.345782482455,4.147646868229E-02,
    6.00001E-02));
#3796 = CARTESIAN_POINT('',(-0.345782482455,4.147646868229E-02,
    5.00001E-02));
#3797 = CARTESIAN_POINT('',(-0.345320301882,3.799322378673E-02,
    6.00001E-02));
#3798 = CARTESIAN_POINT('',(-0.345320301882,3.799322378673E-02,
    5.00001E-02));
#3799 = CARTESIAN_POINT('',(-0.344604753373,3.463306092837E-02,
    6.00001E-02));
#3800 = CARTESIAN_POINT('',(-0.344604753373,3.463306092837E-02,
    5.00001E-02));
#3801 = CARTESIAN_POINT('',(-0.343736110132,3.136654041735E-02,
    6.00001E-02));
#3802 = CARTESIAN_POINT('',(-0.343736110132,3.136654041735E-02,
    5.00001E-02));
#3803 = CARTESIAN_POINT('',(-0.342622848666,2.822847629321E-02,
    6.00001E-02));
#3804 = CARTESIAN_POINT('',(-0.342622848666,2.822847629321E-02,
    5.00001E-02));
#3805 = CARTESIAN_POINT('',(-0.341347548775,2.519008174085E-02,
    6.00001E-02));
#3806 = CARTESIAN_POINT('',(-0.341347548775,2.519008174085E-02,
    5.00001E-02));
#3807 = CARTESIAN_POINT('',(-0.339860409388,2.229243957204E-02,
    6.00001E-02));
#3808 = CARTESIAN_POINT('',(-0.339860409388,2.229243957204E-02,
    5.00001E-02));
#3809 = CARTESIAN_POINT('',(-0.338227798388,1.954720036243E-02,
    6.00001E-02));
#3810 = CARTESIAN_POINT('',(-0.338227798388,1.954720036243E-02,
    5.00001E-02));
#3811 = CARTESIAN_POINT('',(-0.336475748582,1.695932813045E-02,
    6.00001E-02));
#3812 = CARTESIAN_POINT('',(-0.336475748582,1.695932813045E-02,
    5.00001E-02));
#3813 = CARTESIAN_POINT('',(-0.334606128714,1.456575036442E-02,
    6.00001E-02));
#3814 = CARTESIAN_POINT('',(-0.334606128714,1.456575036442E-02,
    5.00001E-02));
#3815 = CARTESIAN_POINT('',(-0.33260111063,1.235921859193E-02,
    6.00001E-02));
#3816 = CARTESIAN_POINT('',(-0.33260111063,1.235921859193E-02,
    5.00001E-02));
#3817 = CARTESIAN_POINT('',(-0.330486604446,1.034305920924E-02,
    6.00001E-02));
#3818 = CARTESIAN_POINT('',(-0.330486604446,1.034305920924E-02,
    5.00001E-02));
#3819 = CARTESIAN_POINT('',(-0.32824876643,8.500430199324E-03,
    6.00001E-02));
#3820 = CARTESIAN_POINT('',(-0.32824876643,8.500430199324E-03,
    5.00001E-02));
#3821 = CARTESIAN_POINT('',(-0.325881822122,6.867385775094E-03,
    6.00001E-02));
#3822 = CARTESIAN_POINT('',(-0.325881822122,6.867385775094E-03,
    5.00001E-02));
#3823 = CARTESIAN_POINT('',(-0.3233963729,5.379754111726E-03,6.00001E-02
    ));
#3824 = CARTESIAN_POINT('',(-0.3233963729,5.379754111726E-03,5.00001E-02
    ));
#3825 = CARTESIAN_POINT('',(-0.320719912066,4.082029668347E-03,
    6.00001E-02));
#3826 = CARTESIAN_POINT('',(-0.320719912066,4.082029668347E-03,
    5.00001E-02));
#3827 = CARTESIAN_POINT('',(-0.317801744461,2.984029388243E-03,
    6.00001E-02));
#3828 = CARTESIAN_POINT('',(-0.317801744461,2.984029388243E-03,
    5.00001E-02));
#3829 = CARTESIAN_POINT('',(-0.31462942509,2.074126091927E-03,
    6.00001E-02));
#3830 = CARTESIAN_POINT('',(-0.31462942509,2.074126091927E-03,
    5.00001E-02));
#3831 = CARTESIAN_POINT('',(-0.311210740606,1.314957640612E-03,
    6.00001E-02));
#3832 = CARTESIAN_POINT('',(-0.311210740606,1.314957640612E-03,
    5.00001E-02));
#3833 = CARTESIAN_POINT('',(-0.307539784099,7.127489936145E-04,
    6.00001E-02));
#3834 = CARTESIAN_POINT('',(-0.307539784099,7.127489936145E-04,
    5.00001E-02));
#3835 = CARTESIAN_POINT('',(-0.303612956504,3.091377811084E-04,
    6.00001E-02));
#3836 = CARTESIAN_POINT('',(-0.303612956504,3.091377811084E-04,
    5.00001E-02));
#3837 = CARTESIAN_POINT('',(-0.299436291085,3.61968470136E-05,
    6.00001E-02));
#3838 = CARTESIAN_POINT('',(-0.299436291085,3.61968470136E-05,
    5.00001E-02));
#3839 = CARTESIAN_POINT('',(-0.296568312078,1.229989384179E-05,
    6.00001E-02));
#3840 = CARTESIAN_POINT('',(-0.296568312078,1.229989384179E-05,
    5.00001E-02));
#3841 = CARTESIAN_POINT('',(-0.295092147436,3.330669073875E-16,
    6.00001E-02));
#3842 = CARTESIAN_POINT('',(-0.295092147436,3.330669073875E-16,
    5.00001E-02));
#3843 = ADVANCED_FACE('',(#3844,#3947),#3955,.T.);
#3844 = FACE_BOUND('',#3845,.T.);
#3845 = EDGE_LOOP('',(#3846,#3855,#3871,#3895,#3919,#3935,#3942));
#3846 = ORIENTED_EDGE('',*,*,#3847,.F.);
#3847 = EDGE_CURVE('',#3848,#3850,#3852,.T.);
#3848 = VERTEX_POINT('',#3849);
#3849 = CARTESIAN_POINT('',(-0.280108173077,8.974358974359E-02,
    6.00001E-02));
#3850 = VERTEX_POINT('',#3851);
#3851 = CARTESIAN_POINT('',(-0.273076923077,8.974358974359E-02,
    6.00001E-02));
#3852 = B_SPLINE_CURVE_WITH_KNOTS('',1,(#3853,#3854),.UNSPECIFIED.,.F.,
  .F.,(2,2),(0.,7.03125E-03),.PIECEWISE_BEZIER_KNOTS.);
#3853 = CARTESIAN_POINT('',(-0.280108173077,8.974358974359E-02,
    6.00001E-02));
#3854 = CARTESIAN_POINT('',(-0.273076923077,8.974358974359E-02,
    6.00001E-02));
#3855 = ORIENTED_EDGE('',*,*,#3856,.F.);
#3856 = EDGE_CURVE('',#3857,#3848,#3859,.T.);
#3857 = VERTEX_POINT('',#3858);
#3858 = CARTESIAN_POINT('',(-0.310837339744,8.69391025641E-02,
    6.00001E-02));
#3859 = B_SPLINE_CURVE_WITH_KNOTS('',3,(#3860,#3861,#3862,#3863,#3864,
    #3865,#3866,#3867,#3868,#3869,#3870),.UNSPECIFIED.,.F.,.F.,(4,1,1,1,
    1,1,1,1,4),(0.,8.431861695858E-02,0.179284514214,0.286582527647,
    0.405111483434,0.535592873419,0.678190209993,0.83297583976,1.),
  .UNSPECIFIED.);
#3860 = CARTESIAN_POINT('',(-0.310837339744,8.69391025641E-02,
    6.00001E-02));
#3861 = CARTESIAN_POINT('',(-0.309998735562,8.717100050328E-02,
    6.00001E-02));
#3862 = CARTESIAN_POINT('',(-0.308215632982,8.766407914799E-02,
    6.00001E-02));
#3863 = CARTESIAN_POINT('',(-0.30530593401,8.820194693432E-02,
    6.00001E-02));
#3864 = CARTESIAN_POINT('',(-0.302031215455,8.867636119194E-02,
    6.00001E-02));
#3865 = CARTESIAN_POINT('',(-0.29837693828,8.907801945901E-02,
    6.00001E-02));
#3866 = CARTESIAN_POINT('',(-0.29434726802,8.936622864021E-02,
    6.00001E-02));
#3867 = CARTESIAN_POINT('',(-0.289939105506,8.95825519147E-02,
    6.00001E-02));
#3868 = CARTESIAN_POINT('',(-0.285150545376,8.972845569991E-02,
    6.00001E-02));
#3869 = CARTESIAN_POINT('',(-0.281831044409,8.973841876286E-02,
    6.00001E-02));
#3870 = CARTESIAN_POINT('',(-0.280108173077,8.974358974359E-02,
    6.00001E-02));
#3871 = ORIENTED_EDGE('',*,*,#3872,.F.);
#3872 = EDGE_CURVE('',#3873,#3857,#3875,.T.);
#3873 = VERTEX_POINT('',#3874);
#3874 = CARTESIAN_POINT('',(-0.337179487179,4.875801282051E-02,
    6.00001E-02));
#3875 = B_SPLINE_CURVE_WITH_KNOTS('',3,(#3876,#3877,#3878,#3879,#3880,
    #3881,#3882,#3883,#3884,#3885,#3886,#3887,#3888,#3889,#3890,#3891,
    #3892,#3893,#3894),.UNSPECIFIED.,.F.,.F.,(4,1,1,1,1,1,1,1,1,1,1,1,1,
    1,1,1,4),(0.,7.015117599728E-02,0.13781260619,0.203226247181,
    0.267174055294,0.330024003408,0.391794271787,0.453084398997,
    0.514333907646,0.574999992818,0.634865482622,0.69411631519,
    0.75344162178,0.813125800304,0.874079685637,0.936007013274,1.),
  .UNSPECIFIED.);
#3876 = CARTESIAN_POINT('',(-0.337179487179,4.875801282051E-02,
    6.00001E-02));
#3877 = CARTESIAN_POINT('',(-0.337164821826,4.992754082901E-02,
    6.00001E-02));
#3878 = CARTESIAN_POINT('',(-0.33713601161,5.22250889538E-02,6.00001E-02
    ));
#3879 = CARTESIAN_POINT('',(-0.336773888455,5.559625167588E-02,
    6.00001E-02));
#3880 = CARTESIAN_POINT('',(-0.336244701155,5.88385559766E-02,
    6.00001E-02));
#3881 = CARTESIAN_POINT('',(-0.335479452983,6.195221870213E-02,
    6.00001E-02));
#3882 = CARTESIAN_POINT('',(-0.334504285015,6.494331447857E-02,
    6.00001E-02));
#3883 = CARTESIAN_POINT('',(-0.333287295251,6.779530048417E-02,
    6.00001E-02));
#3884 = CARTESIAN_POINT('',(-0.331896820415,7.053829673768E-02,
    6.00001E-02));
#3885 = CARTESIAN_POINT('',(-0.330242439362,7.310899290151E-02,
    6.00001E-02));
#3886 = CARTESIAN_POINT('',(-0.328430565266,7.554022459092E-02,
    6.00001E-02));
#3887 = CARTESIAN_POINT('',(-0.326419768714,7.776750789332E-02,
    6.00001E-02));
#3888 = CARTESIAN_POINT('',(-0.324241996184,7.979591647267E-02,
    6.00001E-02));
#3889 = CARTESIAN_POINT('',(-0.321921000486,8.165703969155E-02,
    6.00001E-02));
#3890 = CARTESIAN_POINT('',(-0.319391369079,8.32760018598E-02,
    6.00001E-02));
#3891 = CARTESIAN_POINT('',(-0.316712692199,8.472419274786E-02,
    6.00001E-02));
#3892 = CARTESIAN_POINT('',(-0.313845673022,8.595321821469E-02,
    6.00001E-02));
#3893 = CARTESIAN_POINT('',(-0.31185102457,8.660690000786E-02,
    6.00001E-02));
#3894 = CARTESIAN_POINT('',(-0.310837339744,8.69391025641E-02,
    6.00001E-02));
#3895 = ORIENTED_EDGE('',*,*,#3896,.F.);
#3896 = EDGE_CURVE('',#3897,#3873,#3899,.T.);
#3897 = VERTEX_POINT('',#3898);
#3898 = CARTESIAN_POINT('',(-0.313141025641,1.280048076923E-02,
    6.00001E-02));
#3899 = B_SPLINE_CURVE_WITH_KNOTS('',3,(#3900,#3901,#3902,#3903,#3904,
    #3905,#3906,#3907,#3908,#3909,#3910,#3911,#3912,#3913,#3914,#3915,
    #3916,#3917,#3918),.UNSPECIFIED.,.F.,.F.,(4,1,1,1,1,1,1,1,1,1,1,1,1,
    1,1,1,4),(0.,6.241450026328E-02,0.123338231473,0.183124537692,
    0.241782994639,0.300578882551,0.359680074897,0.41888164085,
    0.479530664458,0.54085053576,0.602303395898,0.664463211946,
    0.727805722667,0.792894814781,0.859672328303,0.928464400733,1.),
  .UNSPECIFIED.);
#3900 = CARTESIAN_POINT('',(-0.313141025641,1.280048076923E-02,
    6.00001E-02));
#3901 = CARTESIAN_POINT('',(-0.314053835986,1.312195386188E-02,
    6.00001E-02));
#3902 = CARTESIAN_POINT('',(-0.31585765422,1.375722166898E-02,
    6.00001E-02));
#3903 = CARTESIAN_POINT('',(-0.318454256654,1.491601198863E-02,
    6.00001E-02));
#3904 = CARTESIAN_POINT('',(-0.320875885359,1.62886425529E-02,
    6.00001E-02));
#3905 = CARTESIAN_POINT('',(-0.323164743224,1.781442180956E-02,
    6.00001E-02));
#3906 = CARTESIAN_POINT('',(-0.325288361951,1.954716472433E-02,
    6.00001E-02));
#3907 = CARTESIAN_POINT('',(-0.327271908131,2.144919297587E-02,
    6.00001E-02));
#3908 = CARTESIAN_POINT('',(-0.32911138817,2.353018654935E-02,
    6.00001E-02));
#3909 = CARTESIAN_POINT('',(-0.33078779697,2.5787562594E-02,6.00001E-02)
  );
#3910 = CARTESIAN_POINT('',(-0.332288034228,2.820727104087E-02,
    6.00001E-02));
#3911 = CARTESIAN_POINT('',(-0.333587212211,3.07655234315E-02,
    6.00001E-02));
#3912 = CARTESIAN_POINT('',(-0.334725827399,3.343428943779E-02,
    6.00001E-02));
#3913 = CARTESIAN_POINT('',(-0.335619501474,3.625455111361E-02,
    6.00001E-02));
#3914 = CARTESIAN_POINT('',(-0.336319946736,3.920109563978E-02,
    6.00001E-02));
#3915 = CARTESIAN_POINT('',(-0.336816080678,4.22741303044E-02,
    6.00001E-02));
#3916 = CARTESIAN_POINT('',(-0.337125072805,4.547308121458E-02,
    6.00001E-02));
#3917 = CARTESIAN_POINT('',(-0.337161114175,4.764885619364E-02,
    6.00001E-02));
#3918 = CARTESIAN_POINT('',(-0.337179487179,4.875801282051E-02,
    6.00001E-02));
#3919 = ORIENTED_EDGE('',*,*,#3920,.F.);
#3920 = EDGE_CURVE('',#3921,#3897,#3923,.T.);
#3921 = VERTEX_POINT('',#3922);
#3922 = CARTESIAN_POINT('',(-0.284555288462,1.025641025641E-02,
    6.000010000001E-02));
#3923 = B_SPLINE_CURVE_WITH_KNOTS('',3,(#3924,#3925,#3926,#3927,#3928,
    #3929,#3930,#3931,#3932,#3933,#3934),.UNSPECIFIED.,.F.,.F.,(4,1,1,1,
    1,1,1,1,4),(0.,0.171900664613,0.330627932096,0.475548835881,
    0.606746190312,0.725023803467,0.829742386958,0.921322820344,1.),
  .UNSPECIFIED.);
#3924 = CARTESIAN_POINT('',(-0.284555288462,1.025641025641E-02,
    6.000010000001E-02));
#3925 = CARTESIAN_POINT('',(-0.286204670483,1.026349872424E-02,
    6.00001E-02));
#3926 = CARTESIAN_POINT('',(-0.289377036152,1.027713244384E-02,
    6.00001E-02));
#3927 = CARTESIAN_POINT('',(-0.293938693217,1.039676681908E-02,
    6.00001E-02));
#3928 = CARTESIAN_POINT('',(-0.298106675973,1.059225074774E-02,
    6.00001E-02));
#3929 = CARTESIAN_POINT('',(-0.301881576242,1.086582439942E-02,
    6.00001E-02));
#3930 = CARTESIAN_POINT('',(-0.30526126265,1.122778483337E-02,
    6.00001E-02));
#3931 = CARTESIAN_POINT('',(-0.308252798361,1.16313534833E-02,
    6.00001E-02));
#3932 = CARTESIAN_POINT('',(-0.31084637717,1.213413779062E-02,
    6.00001E-02));
#3933 = CARTESIAN_POINT('',(-0.312415789654,1.258987948818E-02,
    6.00001E-02));
#3934 = CARTESIAN_POINT('',(-0.313141025641,1.280048076923E-02,
    6.00001E-02));
#3935 = ORIENTED_EDGE('',*,*,#3936,.F.);
#3936 = EDGE_CURVE('',#3937,#3921,#3939,.T.);
#3937 = VERTEX_POINT('',#3938);
#3938 = CARTESIAN_POINT('',(-0.273076923077,1.025641025641E-02,
    6.00001E-02));
#3939 = B_SPLINE_CURVE_WITH_KNOTS('',1,(#3940,#3941),.UNSPECIFIED.,.F.,
  .F.,(2,2),(0.,1.147836538462E-02),.PIECEWISE_BEZIER_KNOTS.);
#3940 = CARTESIAN_POINT('',(-0.273076923077,1.025641025641E-02,
    6.00001E-02));
#3941 = CARTESIAN_POINT('',(-0.284555288462,1.025641025641E-02,
    6.00001E-02));
#3942 = ORIENTED_EDGE('',*,*,#3943,.F.);
#3943 = EDGE_CURVE('',#3850,#3937,#3944,.T.);
#3944 = B_SPLINE_CURVE_WITH_KNOTS('',1,(#3945,#3946),.UNSPECIFIED.,.F.,
  .F.,(2,2),(0.,7.948717948718E-02),.PIECEWISE_BEZIER_KNOTS.);
#3945 = CARTESIAN_POINT('',(-0.273076923077,8.974358974359E-02,
    6.00001E-02));
#3946 = CARTESIAN_POINT('',(-0.273076923077,1.025641025641E-02,
    6.00001E-02));
#3947 = FACE_BOUND('',#3948,.T.);
#3948 = EDGE_LOOP('',(#3949,#3950,#3951,#3952,#3953,#3954));
#3949 = ORIENTED_EDGE('',*,*,#3570,.F.);
#3950 = ORIENTED_EDGE('',*,*,#3758,.F.);
#3951 = ORIENTED_EDGE('',*,*,#3685,.F.);
#3952 = ORIENTED_EDGE('',*,*,#3636,.F.);
#3953 = ORIENTED_EDGE('',*,*,#3614,.F.);
#3954 = ORIENTED_EDGE('',*,*,#3592,.F.);
#3955 = B_SPLINE_SURFACE_WITH_KNOTS('',1,1,(
    (#3956,#3957)
    ,(#3958,#3959
    )),.UNSPECIFIED.,.F.,.F.,.F.,(2,2),(2,2),(-9.938828926127E-02,
    6.117107387317E-04),(-4.584020388489E-02,3.621107816639E-02),
  .PIECEWISE_BEZIER_KNOTS.);
#3956 = CARTESIAN_POINT('',(-0.346153846154,3.330669073875E-16,
    6.000010000001E-02));
#3957 = CARTESIAN_POINT('',(-0.264102564103,3.330669073875E-16,
    6.000010000001E-02));
#3958 = CARTESIAN_POINT('',(-0.346153846154,0.1,6.00001E-02));
#3959 = CARTESIAN_POINT('',(-0.264102564103,0.1,6.00001E-02));
#3960 = ADVANCED_FACE('',(#3961),#3983,.T.);
#3961 = FACE_BOUND('',#3962,.T.);
#3962 = EDGE_LOOP('',(#3963,#3972,#3977,#3978));
#3963 = ORIENTED_EDGE('',*,*,#3964,.F.);
#3964 = EDGE_CURVE('',#3965,#3967,#3969,.T.);
#3965 = VERTEX_POINT('',#3966);
#3966 = CARTESIAN_POINT('',(-0.273076923077,8.974358974359E-02,
    5.00001E-02));
#3967 = VERTEX_POINT('',#3968);
#3968 = CARTESIAN_POINT('',(-0.273076923077,1.025641025641E-02,
    5.000010000001E-02));
#3969 = B_SPLINE_CURVE_WITH_KNOTS('',1,(#3970,#3971),.UNSPECIFIED.,.F.,
  .F.,(2,2),(0.,7.948717948718E-02),.PIECEWISE_BEZIER_KNOTS.);
#3970 = CARTESIAN_POINT('',(-0.273076923077,8.974358974359E-02,
    5.00001E-02));
#3971 = CARTESIAN_POINT('',(-0.273076923077,1.025641025641E-02,
    5.00001E-02));
#3972 = ORIENTED_EDGE('',*,*,#3973,.F.);
#3973 = EDGE_CURVE('',#3850,#3965,#3974,.T.);
#3974 = B_SPLINE_CURVE_WITH_KNOTS('',1,(#3975,#3976),.UNSPECIFIED.,.F.,
  .F.,(2,2),(-0.,1.E-02),.PIECEWISE_BEZIER_KNOTS.);
#3975 = CARTESIAN_POINT('',(-0.273076923077,8.974358974359E-02,
    6.00001E-02));
#3976 = CARTESIAN_POINT('',(-0.273076923077,8.974358974359E-02,
    5.00001E-02));
#3977 = ORIENTED_EDGE('',*,*,#3943,.T.);
#3978 = ORIENTED_EDGE('',*,*,#3979,.T.);
#3979 = EDGE_CURVE('',#3937,#3967,#3980,.T.);
#3980 = B_SPLINE_CURVE_WITH_KNOTS('',1,(#3981,#3982),.UNSPECIFIED.,.F.,
  .F.,(2,2),(-0.,9.999999999995E-03),.PIECEWISE_BEZIER_KNOTS.);
#3981 = CARTESIAN_POINT('',(-0.273076923077,1.025641025641E-02,
    6.00001E-02));
#3982 = CARTESIAN_POINT('',(-0.273076923077,1.025641025641E-02,
    5.000010000001E-02));
#3983 = B_SPLINE_SURFACE_WITH_KNOTS('',1,1,(
    (#3984,#3985)
    ,(#3986,#3987)),.UNSPECIFIED.,.F.,.F.,.F.,(2,2),(2,2),(0.,1.E-02),(
    -7.948717948718E-02,0.),.PIECEWISE_BEZIER_KNOTS.);
#3984 = CARTESIAN_POINT('',(-0.273076923077,1.025641025641E-02,
    6.00001E-02));
#3985 = CARTESIAN_POINT('',(-0.273076923077,8.974358974359E-02,
    6.00001E-02));
#3986 = CARTESIAN_POINT('',(-0.273076923077,1.025641025641E-02,
    5.00001E-02));
#3987 = CARTESIAN_POINT('',(-0.273076923077,8.974358974359E-02,
    5.00001E-02));
#3988 = ADVANCED_FACE('',(#3989),#4005,.T.);
#3989 = FACE_BOUND('',#3990,.T.);
#3990 = EDGE_LOOP('',(#3991,#3998,#4003,#4004));
#3991 = ORIENTED_EDGE('',*,*,#3992,.F.);
#3992 = EDGE_CURVE('',#3993,#3965,#3995,.T.);
#3993 = VERTEX_POINT('',#3994);
#3994 = CARTESIAN_POINT('',(-0.280108173077,8.974358974359E-02,
    5.00001E-02));
#3995 = B_SPLINE_CURVE_WITH_KNOTS('',1,(#3996,#3997),.UNSPECIFIED.,.F.,
  .F.,(2,2),(0.,7.03125E-03),.PIECEWISE_BEZIER_KNOTS.);
#3996 = CARTESIAN_POINT('',(-0.280108173077,8.974358974359E-02,
    5.00001E-02));
#3997 = CARTESIAN_POINT('',(-0.273076923077,8.974358974359E-02,
    5.00001E-02));
#3998 = ORIENTED_EDGE('',*,*,#3999,.F.);
#3999 = EDGE_CURVE('',#3848,#3993,#4000,.T.);
#4000 = B_SPLINE_CURVE_WITH_KNOTS('',1,(#4001,#4002),.UNSPECIFIED.,.F.,
  .F.,(2,2),(-0.,1.E-02),.PIECEWISE_BEZIER_KNOTS.);
#4001 = CARTESIAN_POINT('',(-0.280108173077,8.974358974359E-02,
    6.00001E-02));
#4002 = CARTESIAN_POINT('',(-0.280108173077,8.974358974359E-02,
    5.00001E-02));
#4003 = ORIENTED_EDGE('',*,*,#3847,.T.);
#4004 = ORIENTED_EDGE('',*,*,#3973,.T.);
#4005 = B_SPLINE_SURFACE_WITH_KNOTS('',1,1,(
    (#4006,#4007)
    ,(#4008,#4009
    )),.UNSPECIFIED.,.F.,.F.,.F.,(2,2),(2,2),(-1.E-02,0.),(0.,
    7.03125E-03),.PIECEWISE_BEZIER_KNOTS.);
#4006 = CARTESIAN_POINT('',(-0.280108173077,8.974358974359E-02,
    5.00001E-02));
#4007 = CARTESIAN_POINT('',(-0.273076923077,8.974358974359E-02,
    5.00001E-02));
#4008 = CARTESIAN_POINT('',(-0.280108173077,8.974358974359E-02,
    6.00001E-02));
#4009 = CARTESIAN_POINT('',(-0.273076923077,8.974358974359E-02,
    6.00001E-02));
#4010 = ADVANCED_FACE('',(#4011),#4036,.T.);
#4011 = FACE_BOUND('',#4012,.T.);
#4012 = EDGE_LOOP('',(#4013,#4029,#4034,#4035));
#4013 = ORIENTED_EDGE('',*,*,#4014,.F.);
#4014 = EDGE_CURVE('',#4015,#3993,#4017,.T.);
#4015 = VERTEX_POINT('',#4016);
#4016 = CARTESIAN_POINT('',(-0.310837339744,8.69391025641E-02,
    5.00001E-02));
#4017 = B_SPLINE_CURVE_WITH_KNOTS('',3,(#4018,#4019,#4020,#4021,#4022,
    #4023,#4024,#4025,#4026,#4027,#4028),.UNSPECIFIED.,.F.,.F.,(4,1,1,1,
    1,1,1,1,4),(0.,8.431861695858E-02,0.179284514214,0.286582527647,
    0.405111483434,0.535592873419,0.678190209993,0.83297583976,1.),
  .UNSPECIFIED.);
#4018 = CARTESIAN_POINT('',(-0.310837339744,8.69391025641E-02,
    5.00001E-02));
#4019 = CARTESIAN_POINT('',(-0.309998735562,8.717100050328E-02,
    5.00001E-02));
#4020 = CARTESIAN_POINT('',(-0.308215632982,8.766407914799E-02,
    5.00001E-02));
#4021 = CARTESIAN_POINT('',(-0.30530593401,8.820194693432E-02,
    5.00001E-02));
#4022 = CARTESIAN_POINT('',(-0.302031215455,8.867636119194E-02,
    5.00001E-02));
#4023 = CARTESIAN_POINT('',(-0.29837693828,8.907801945901E-02,
    5.00001E-02));
#4024 = CARTESIAN_POINT('',(-0.29434726802,8.936622864021E-02,
    5.00001E-02));
#4025 = CARTESIAN_POINT('',(-0.289939105506,8.95825519147E-02,
    5.00001E-02));
#4026 = CARTESIAN_POINT('',(-0.285150545376,8.972845569991E-02,
    5.00001E-02));
#4027 = CARTESIAN_POINT('',(-0.281831044409,8.973841876286E-02,
    5.00001E-02));
#4028 = CARTESIAN_POINT('',(-0.280108173077,8.974358974359E-02,
    5.00001E-02));
#4029 = ORIENTED_EDGE('',*,*,#4030,.F.);
#4030 = EDGE_CURVE('',#3857,#4015,#4031,.T.);
#4031 = B_SPLINE_CURVE_WITH_KNOTS('',1,(#4032,#4033),.UNSPECIFIED.,.F.,
  .F.,(2,2),(-0.,1.E-02),.PIECEWISE_BEZIER_KNOTS.);
#4032 = CARTESIAN_POINT('',(-0.310837339744,8.69391025641E-02,
    6.00001E-02));
#4033 = CARTESIAN_POINT('',(-0.310837339744,8.69391025641E-02,
    5.00001E-02));
#4034 = ORIENTED_EDGE('',*,*,#3856,.T.);
#4035 = ORIENTED_EDGE('',*,*,#3999,.T.);
#4036 = B_SPLINE_SURFACE_WITH_KNOTS('',3,1,(
    (#4037,#4038)
    ,(#4039,#4040)
    ,(#4041,#4042)
    ,(#4043,#4044)
    ,(#4045,#4046)
    ,(#4047,#4048)
    ,(#4049,#4050)
    ,(#4051,#4052)
    ,(#4053,#4054)
    ,(#4055,#4056)
    ,(#4057,#4058
  )),.UNSPECIFIED.,.F.,.F.,.F.,(4,1,1,1,1,1,1,1,4),(2,2),(0.,
    8.431861695858E-02,0.179284514214,0.286582527647,0.405111483434,
    0.535592873419,0.678190209993,0.83297583976,1.),(0.,1.),
  .UNSPECIFIED.);
#4037 = CARTESIAN_POINT('',(-0.310837339744,8.69391025641E-02,
    6.00001E-02));
#4038 = CARTESIAN_POINT('',(-0.310837339744,8.69391025641E-02,
    5.00001E-02));
#4039 = CARTESIAN_POINT('',(-0.309998735562,8.717100050328E-02,
    6.00001E-02));
#4040 = CARTESIAN_POINT('',(-0.309998735562,8.717100050328E-02,
    5.00001E-02));
#4041 = CARTESIAN_POINT('',(-0.308215632982,8.766407914799E-02,
    6.00001E-02));
#4042 = CARTESIAN_POINT('',(-0.308215632982,8.766407914799E-02,
    5.00001E-02));
#4043 = CARTESIAN_POINT('',(-0.30530593401,8.820194693432E-02,
    6.00001E-02));
#4044 = CARTESIAN_POINT('',(-0.30530593401,8.820194693432E-02,
    5.00001E-02));
#4045 = CARTESIAN_POINT('',(-0.302031215455,8.867636119194E-02,
    6.00001E-02));
#4046 = CARTESIAN_POINT('',(-0.302031215455,8.867636119194E-02,
    5.00001E-02));
#4047 = CARTESIAN_POINT('',(-0.29837693828,8.907801945901E-02,
    6.00001E-02));
#4048 = CARTESIAN_POINT('',(-0.29837693828,8.907801945901E-02,
    5.00001E-02));
#4049 = CARTESIAN_POINT('',(-0.29434726802,8.936622864021E-02,
    6.00001E-02));
#4050 = CARTESIAN_POINT('',(-0.29434726802,8.936622864021E-02,
    5.00001E-02));
#4051 = CARTESIAN_POINT('',(-0.289939105506,8.95825519147E-02,
    6.00001E-02));
#4052 = CARTESIAN_POINT('',(-0.289939105506,8.95825519147E-02,
    5.00001E-02));
#4053 = CARTESIAN_POINT('',(-0.285150545376,8.972845569991E-02,
    6.00001E-02));
#4054 = CARTESIAN_POINT('',(-0.285150545376,8.972845569991E-02,
    5.00001E-02));
#4055 = CARTESIAN_POINT('',(-0.281831044409,8.973841876286E-02,
    6.00001E-02));
#4056 = CARTESIAN_POINT('',(-0.281831044409,8.973841876286E-02,
    5.00001E-02));
#4057 = CARTESIAN_POINT('',(-0.280108173077,8.974358974359E-02,
    6.00001E-02));
#4058 = CARTESIAN_POINT('',(-0.280108173077,8.974358974359E-02,
    5.00001E-02));
#4059 = ADVANCED_FACE('',(#4060),#4093,.T.);
#4060 = FACE_BOUND('',#4061,.T.);
#4061 = EDGE_LOOP('',(#4062,#4086,#4091,#4092));
#4062 = ORIENTED_EDGE('',*,*,#4063,.F.);
#4063 = EDGE_CURVE('',#4064,#4015,#4066,.T.);
#4064 = VERTEX_POINT('',#4065);
#4065 = CARTESIAN_POINT('',(-0.337179487179,4.875801282051E-02,
    5.00001E-02));
#4066 = B_SPLINE_CURVE_WITH_KNOTS('',3,(#4067,#4068,#4069,#4070,#4071,
    #4072,#4073,#4074,#4075,#4076,#4077,#4078,#4079,#4080,#4081,#4082,
    #4083,#4084,#4085),.UNSPECIFIED.,.F.,.F.,(4,1,1,1,1,1,1,1,1,1,1,1,1,
    1,1,1,4),(0.,7.015117599728E-02,0.13781260619,0.203226247181,
    0.267174055294,0.330024003408,0.391794271787,0.453084398997,
    0.514333907646,0.574999992818,0.634865482622,0.69411631519,
    0.75344162178,0.813125800304,0.874079685637,0.936007013274,1.),
  .UNSPECIFIED.);
#4067 = CARTESIAN_POINT('',(-0.337179487179,4.875801282051E-02,
    5.00001E-02));
#4068 = CARTESIAN_POINT('',(-0.337164821826,4.992754082901E-02,
    5.00001E-02));
#4069 = CARTESIAN_POINT('',(-0.33713601161,5.22250889538E-02,5.00001E-02
    ));
#4070 = CARTESIAN_POINT('',(-0.336773888455,5.559625167588E-02,
    5.00001E-02));
#4071 = CARTESIAN_POINT('',(-0.336244701155,5.88385559766E-02,
    5.00001E-02));
#4072 = CARTESIAN_POINT('',(-0.335479452983,6.195221870213E-02,
    5.00001E-02));
#4073 = CARTESIAN_POINT('',(-0.334504285015,6.494331447857E-02,
    5.00001E-02));
#4074 = CARTESIAN_POINT('',(-0.333287295251,6.779530048417E-02,
    5.00001E-02));
#4075 = CARTESIAN_POINT('',(-0.331896820415,7.053829673768E-02,
    5.00001E-02));
#4076 = CARTESIAN_POINT('',(-0.330242439362,7.310899290151E-02,
    5.00001E-02));
#4077 = CARTESIAN_POINT('',(-0.328430565266,7.554022459092E-02,
    5.00001E-02));
#4078 = CARTESIAN_POINT('',(-0.326419768714,7.776750789332E-02,
    5.00001E-02));
#4079 = CARTESIAN_POINT('',(-0.324241996184,7.979591647267E-02,
    5.00001E-02));
#4080 = CARTESIAN_POINT('',(-0.321921000486,8.165703969155E-02,
    5.00001E-02));
#4081 = CARTESIAN_POINT('',(-0.319391369079,8.32760018598E-02,
    5.00001E-02));
#4082 = CARTESIAN_POINT('',(-0.316712692199,8.472419274786E-02,
    5.00001E-02));
#4083 = CARTESIAN_POINT('',(-0.313845673022,8.595321821469E-02,
    5.00001E-02));
#4084 = CARTESIAN_POINT('',(-0.31185102457,8.660690000786E-02,
    5.00001E-02));
#4085 = CARTESIAN_POINT('',(-0.310837339744,8.69391025641E-02,
    5.00001E-02));
#4086 = ORIENTED_EDGE('',*,*,#4087,.F.);
#4087 = EDGE_CURVE('',#3873,#4064,#4088,.T.);
#4088 = B_SPLINE_CURVE_WITH_KNOTS('',1,(#4089,#4090),.UNSPECIFIED.,.F.,
  .F.,(2,2),(-0.,1.E-02),.PIECEWISE_BEZIER_KNOTS.);
#4089 = CARTESIAN_POINT('',(-0.337179487179,4.875801282051E-02,
    6.00001E-02));
#4090 = CARTESIAN_POINT('',(-0.337179487179,4.875801282051E-02,
    5.00001E-02));
#4091 = ORIENTED_EDGE('',*,*,#3872,.T.);
#4092 = ORIENTED_EDGE('',*,*,#4030,.T.);
#4093 = B_SPLINE_SURFACE_WITH_KNOTS('',3,1,(
    (#4094,#4095)
    ,(#4096,#4097)
    ,(#4098,#4099)
    ,(#4100,#4101)
    ,(#4102,#4103)
    ,(#4104,#4105)
    ,(#4106,#4107)
    ,(#4108,#4109)
    ,(#4110,#4111)
    ,(#4112,#4113)
    ,(#4114,#4115)
    ,(#4116,#4117)
    ,(#4118,#4119)
    ,(#4120,#4121)
    ,(#4122,#4123)
    ,(#4124,#4125)
    ,(#4126,#4127)
    ,(#4128,#4129)
    ,(#4130,#4131
    )),.UNSPECIFIED.,.F.,.F.,.F.,(4,1,1,1,1,1,1,1,1,1,1,1,1,1,1,1,4),(2,
    2),(0.,7.015117599728E-02,0.13781260619,0.203226247181,
    0.267174055294,0.330024003408,0.391794271787,0.453084398997,
    0.514333907646,0.574999992818,0.634865482622,0.69411631519,
    0.75344162178,0.813125800304,0.874079685637,0.936007013274,1.),(0.,
    1.),.UNSPECIFIED.);
#4094 = CARTESIAN_POINT('',(-0.337179487179,4.875801282051E-02,
    6.00001E-02));
#4095 = CARTESIAN_POINT('',(-0.337179487179,4.875801282051E-02,
    5.00001E-02));
#4096 = CARTESIAN_POINT('',(-0.337164821826,4.992754082901E-02,
    6.00001E-02));
#4097 = CARTESIAN_POINT('',(-0.337164821826,4.992754082901E-02,
    5.00001E-02));
#4098 = CARTESIAN_POINT('',(-0.33713601161,5.22250889538E-02,6.00001E-02
    ));
#4099 = CARTESIAN_POINT('',(-0.33713601161,5.22250889538E-02,5.00001E-02
    ));
#4100 = CARTESIAN_POINT('',(-0.336773888455,5.559625167588E-02,
    6.00001E-02));
#4101 = CARTESIAN_POINT('',(-0.336773888455,5.559625167588E-02,
    5.00001E-02));
#4102 = CARTESIAN_POINT('',(-0.336244701155,5.88385559766E-02,
    6.00001E-02));
#4103 = CARTESIAN_POINT('',(-0.336244701155,5.88385559766E-02,
    5.00001E-02));
#4104 = CARTESIAN_POINT('',(-0.335479452983,6.195221870213E-02,
    6.00001E-02));
#4105 = CARTESIAN_POINT('',(-0.335479452983,6.195221870213E-02,
    5.00001E-02));
#4106 = CARTESIAN_POINT('',(-0.334504285015,6.494331447857E-02,
    6.00001E-02));
#4107 = CARTESIAN_POINT('',(-0.334504285015,6.494331447857E-02,
    5.00001E-02));
#4108 = CARTESIAN_POINT('',(-0.333287295251,6.779530048417E-02,
    6.00001E-02));
#4109 = CARTESIAN_POINT('',(-0.333287295251,6.779530048417E-02,
    5.00001E-02));
#4110 = CARTESIAN_POINT('',(-0.331896820415,7.053829673768E-02,
    6.00001E-02));
#4111 = CARTESIAN_POINT('',(-0.331896820415,7.053829673768E-02,
    5.00001E-02));
#4112 = CARTESIAN_POINT('',(-0.330242439362,7.310899290151E-02,
    6.00001E-02));
#4113 = CARTESIAN_POINT('',(-0.330242439362,7.310899290151E-02,
    5.00001E-02));
#4114 = CARTESIAN_POINT('',(-0.328430565266,7.554022459092E-02,
    6.00001E-02));
#4115 = CARTESIAN_POINT('',(-0.328430565266,7.554022459092E-02,
    5.00001E-02));
#4116 = CARTESIAN_POINT('',(-0.326419768714,7.776750789332E-02,
    6.00001E-02));
#4117 = CARTESIAN_POINT('',(-0.326419768714,7.776750789332E-02,
    5.00001E-02));
#4118 = CARTESIAN_POINT('',(-0.324241996184,7.979591647267E-02,
    6.00001E-02));
#4119 = CARTESIAN_POINT('',(-0.324241996184,7.979591647267E-02,
    5.00001E-02));
#4120 = CARTESIAN_POINT('',(-0.321921000486,8.165703969155E-02,
    6.00001E-02));
#4121 = CARTESIAN_POINT('',(-0.321921000486,8.165703969155E-02,
    5.00001E-02));
#4122 = CARTESIAN_POINT('',(-0.319391369079,8.32760018598E-02,
    6.00001E-02));
#4123 = CARTESIAN_POINT('',(-0.319391369079,8.32760018598E-02,
    5.00001E-02));
#4124 = CARTESIAN_POINT('',(-0.316712692199,8.472419274786E-02,
    6.00001E-02));
#4125 = CARTESIAN_POINT('',(-0.316712692199,8.472419274786E-02,
    5.00001E-02));
#4126 = CARTESIAN_POINT('',(-0.313845673022,8.595321821469E-02,
    6.00001E-02));
#4127 = CARTESIAN_POINT('',(-0.313845673022,8.595321821469E-02,
    5.00001E-02));
#4128 = CARTESIAN_POINT('',(-0.31185102457,8.660690000786E-02,
    6.00001E-02));
#4129 = CARTESIAN_POINT('',(-0.31185102457,8.660690000786E-02,
    5.00001E-02));
#4130 = CARTESIAN_POINT('',(-0.310837339744,8.69391025641E-02,
    6.00001E-02));
#4131 = CARTESIAN_POINT('',(-0.310837339744,8.69391025641E-02,
    5.00001E-02));
#4132 = ADVANCED_FACE('',(#4133),#4166,.T.);
#4133 = FACE_BOUND('',#4134,.T.);
#4134 = EDGE_LOOP('',(#4135,#4159,#4164,#4165));
#4135 = ORIENTED_EDGE('',*,*,#4136,.F.);
#4136 = EDGE_CURVE('',#4137,#4064,#4139,.T.);
#4137 = VERTEX_POINT('',#4138);
#4138 = CARTESIAN_POINT('',(-0.313141025641,1.280048076923E-02,
    5.00001E-02));
#4139 = B_SPLINE_CURVE_WITH_KNOTS('',3,(#4140,#4141,#4142,#4143,#4144,
    #4145,#4146,#4147,#4148,#4149,#4150,#4151,#4152,#4153,#4154,#4155,
    #4156,#4157,#4158),.UNSPECIFIED.,.F.,.F.,(4,1,1,1,1,1,1,1,1,1,1,1,1,
    1,1,1,4),(0.,6.241450026328E-02,0.123338231473,0.183124537692,
    0.241782994639,0.300578882551,0.359680074897,0.41888164085,
    0.479530664458,0.54085053576,0.602303395898,0.664463211946,
    0.727805722667,0.792894814781,0.859672328303,0.928464400733,1.),
  .UNSPECIFIED.);
#4140 = CARTESIAN_POINT('',(-0.313141025641,1.280048076923E-02,
    5.00001E-02));
#4141 = CARTESIAN_POINT('',(-0.314053835986,1.312195386188E-02,
    5.00001E-02));
#4142 = CARTESIAN_POINT('',(-0.31585765422,1.375722166898E-02,
    5.00001E-02));
#4143 = CARTESIAN_POINT('',(-0.318454256654,1.491601198863E-02,
    5.00001E-02));
#4144 = CARTESIAN_POINT('',(-0.320875885359,1.62886425529E-02,
    5.00001E-02));
#4145 = CARTESIAN_POINT('',(-0.323164743224,1.781442180956E-02,
    5.00001E-02));
#4146 = CARTESIAN_POINT('',(-0.325288361951,1.954716472433E-02,
    5.00001E-02));
#4147 = CARTESIAN_POINT('',(-0.327271908131,2.144919297587E-02,
    5.00001E-02));
#4148 = CARTESIAN_POINT('',(-0.32911138817,2.353018654935E-02,
    5.00001E-02));
#4149 = CARTESIAN_POINT('',(-0.33078779697,2.5787562594E-02,5.00001E-02)
  );
#4150 = CARTESIAN_POINT('',(-0.332288034228,2.820727104087E-02,
    5.00001E-02));
#4151 = CARTESIAN_POINT('',(-0.333587212211,3.07655234315E-02,
    5.00001E-02));
#4152 = CARTESIAN_POINT('',(-0.334725827399,3.343428943779E-02,
    5.00001E-02));
#4153 = CARTESIAN_POINT('',(-0.335619501474,3.625455111361E-02,
    5.00001E-02));
#4154 = CARTESIAN_POINT('',(-0.336319946736,3.920109563978E-02,
    5.00001E-02));
#4155 = CARTESIAN_POINT('',(-0.336816080678,4.22741303044E-02,
    5.00001E-02));
#4156 = CARTESIAN_POINT('',(-0.337125072805,4.547308121458E-02,
    5.00001E-02));
#4157 = CARTESIAN_POINT('',(-0.337161114175,4.764885619364E-02,
    5.00001E-02));
#4158 = CARTESIAN_POINT('',(-0.337179487179,4.875801282051E-02,
    5.00001E-02));
#4159 = ORIENTED_EDGE('',*,*,#4160,.F.);
#4160 = EDGE_CURVE('',#3897,#4137,#4161,.T.);
#4161 = B_SPLINE_CURVE_WITH_KNOTS('',1,(#4162,#4163),.UNSPECIFIED.,.F.,
  .F.,(2,2),(-0.,1.E-02),.PIECEWISE_BEZIER_KNOTS.);
#4162 = CARTESIAN_POINT('',(-0.313141025641,1.280048076923E-02,
    6.00001E-02));
#4163 = CARTESIAN_POINT('',(-0.313141025641,1.280048076923E-02,
    5.00001E-02));
#4164 = ORIENTED_EDGE('',*,*,#3896,.T.);
#4165 = ORIENTED_EDGE('',*,*,#4087,.T.);
#4166 = B_SPLINE_SURFACE_WITH_KNOTS('',3,1,(
    (#4167,#4168)
    ,(#4169,#4170)
    ,(#4171,#4172)
    ,(#4173,#4174)
    ,(#4175,#4176)
    ,(#4177,#4178)
    ,(#4179,#4180)
    ,(#4181,#4182)
    ,(#4183,#4184)
    ,(#4185,#4186)
    ,(#4187,#4188)
    ,(#4189,#4190)
    ,(#4191,#4192)
    ,(#4193,#4194)
    ,(#4195,#4196)
    ,(#4197,#4198)
    ,(#4199,#4200)
    ,(#4201,#4202)
    ,(#4203,#4204
    )),.UNSPECIFIED.,.F.,.F.,.F.,(4,1,1,1,1,1,1,1,1,1,1,1,1,1,1,1,4),(2,
    2),(0.,6.241450026328E-02,0.123338231473,0.183124537692,
    0.241782994639,0.300578882551,0.359680074897,0.41888164085,
    0.479530664458,0.54085053576,0.602303395898,0.664463211946,
    0.727805722667,0.792894814781,0.859672328303,0.928464400733,1.),(0.,
    1.),.UNSPECIFIED.);
#4167 = CARTESIAN_POINT('',(-0.313141025641,1.280048076923E-02,
    6.00001E-02));
#4168 = CARTESIAN_POINT('',(-0.313141025641,1.280048076923E-02,
    5.00001E-02));
#4169 = CARTESIAN_POINT('',(-0.314053835986,1.312195386188E-02,
    6.00001E-02));
#4170 = CARTESIAN_POINT('',(-0.314053835986,1.312195386188E-02,
    5.00001E-02));
#4171 = CARTESIAN_POINT('',(-0.31585765422,1.375722166898E-02,
    6.00001E-02));
#4172 = CARTESIAN_POINT('',(-0.31585765422,1.375722166898E-02,
    5.00001E-02));
#4173 = CARTESIAN_POINT('',(-0.318454256654,1.491601198863E-02,
    6.00001E-02));
#4174 = CARTESIAN_POINT('',(-0.318454256654,1.491601198863E-02,
    5.00001E-02));
#4175 = CARTESIAN_POINT('',(-0.320875885359,1.62886425529E-02,
    6.00001E-02));
#4176 = CARTESIAN_POINT('',(-0.320875885359,1.62886425529E-02,
    5.00001E-02));
#4177 = CARTESIAN_POINT('',(-0.323164743224,1.781442180956E-02,
    6.00001E-02));
#4178 = CARTESIAN_POINT('',(-0.323164743224,1.781442180956E-02,
    5.00001E-02));
#4179 = CARTESIAN_POINT('',(-0.325288361951,1.954716472433E-02,
    6.00001E-02));
#4180 = CARTESIAN_POINT('',(-0.325288361951,1.954716472433E-02,
    5.00001E-02));
#4181 = CARTESIAN_POINT('',(-0.327271908131,2.144919297587E-02,
    6.00001E-02));
#4182 = CARTESIAN_POINT('',(-0.327271908131,2.144919297587E-02,
    5.00001E-02));
#4183 = CARTESIAN_POINT('',(-0.32911138817,2.353018654935E-02,
    6.00001E-02));
#4184 = CARTESIAN_POINT('',(-0.32911138817,2.353018654935E-02,
    5.00001E-02));
#4185 = CARTESIAN_POINT('',(-0.33078779697,2.5787562594E-02,6.00001E-02)
  );
#4186 = CARTESIAN_POINT('',(-0.33078779697,2.5787562594E-02,5.00001E-02)
  );
#4187 = CARTESIAN_POINT('',(-0.332288034228,2.820727104087E-02,
    6.00001E-02));
#4188 = CARTESIAN_POINT('',(-0.332288034228,2.820727104087E-02,
    5.00001E-02));
#4189 = CARTESIAN_POINT('',(-0.333587212211,3.07655234315E-02,
    6.00001E-02));
#4190 = CARTESIAN_POINT('',(-0.333587212211,3.07655234315E-02,
    5.00001E-02));
#4191 = CARTESIAN_POINT('',(-0.334725827399,3.343428943779E-02,
    6.00001E-02));
#4192 = CARTESIAN_POINT('',(-0.334725827399,3.343428943779E-02,
    5.00001E-02));
#4193 = CARTESIAN_POINT('',(-0.335619501474,3.625455111361E-02,
    6.00001E-02));
#4194 = CARTESIAN_POINT('',(-0.335619501474,3.625455111361E-02,
    5.00001E-02));
#4195 = CARTESIAN_POINT('',(-0.336319946736,3.920109563978E-02,
    6.00001E-02));
#4196 = CARTESIAN_POINT('',(-0.336319946736,3.920109563978E-02,
    5.00001E-02));
#4197 = CARTESIAN_POINT('',(-0.336816080678,4.22741303044E-02,
    6.00001E-02));
#4198 = CARTESIAN_POINT('',(-0.336816080678,4.22741303044E-02,
    5.00001E-02));
#4199 = CARTESIAN_POINT('',(-0.337125072805,4.547308121458E-02,
    6.00001E-02));
#4200 = CARTESIAN_POINT('',(-0.337125072805,4.547308121458E-02,
    5.00001E-02));
#4201 = CARTESIAN_POINT('',(-0.337161114175,4.764885619364E-02,
    6.00001E-02));
#4202 = CARTESIAN_POINT('',(-0.337161114175,4.764885619364E-02,
    5.00001E-02));
#4203 = CARTESIAN_POINT('',(-0.337179487179,4.875801282051E-02,
    6.00001E-02));
#4204 = CARTESIAN_POINT('',(-0.337179487179,4.875801282051E-02,
    5.00001E-02));
#4205 = ADVANCED_FACE('',(#4206),#4231,.T.);
#4206 = FACE_BOUND('',#4207,.T.);
#4207 = EDGE_LOOP('',(#4208,#4224,#4229,#4230));
#4208 = ORIENTED_EDGE('',*,*,#4209,.F.);
#4209 = EDGE_CURVE('',#4210,#4137,#4212,.T.);
#4210 = VERTEX_POINT('',#4211);
#4211 = CARTESIAN_POINT('',(-0.284555288462,1.025641025641E-02,
    5.00001E-02));
#4212 = B_SPLINE_CURVE_WITH_KNOTS('',3,(#4213,#4214,#4215,#4216,#4217,
    #4218,#4219,#4220,#4221,#4222,#4223),.UNSPECIFIED.,.F.,.F.,(4,1,1,1,
    1,1,1,1,4),(0.,0.171900664613,0.330627932096,0.475548835881,
    0.606746190312,0.725023803467,0.829742386958,0.921322820344,1.),
  .UNSPECIFIED.);
#4213 = CARTESIAN_POINT('',(-0.284555288462,1.025641025641E-02,
    5.00001E-02));
#4214 = CARTESIAN_POINT('',(-0.286204670483,1.026349872424E-02,
    5.00001E-02));
#4215 = CARTESIAN_POINT('',(-0.289377036152,1.027713244384E-02,
    5.00001E-02));
#4216 = CARTESIAN_POINT('',(-0.293938693217,1.039676681908E-02,
    5.00001E-02));
#4217 = CARTESIAN_POINT('',(-0.298106675973,1.059225074774E-02,
    5.00001E-02));
#4218 = CARTESIAN_POINT('',(-0.301881576242,1.086582439942E-02,
    5.00001E-02));
#4219 = CARTESIAN_POINT('',(-0.30526126265,1.122778483337E-02,
    5.00001E-02));
#4220 = CARTESIAN_POINT('',(-0.308252798361,1.16313534833E-02,
    5.00001E-02));
#4221 = CARTESIAN_POINT('',(-0.31084637717,1.213413779062E-02,
    5.00001E-02));
#4222 = CARTESIAN_POINT('',(-0.312415789654,1.258987948818E-02,
    5.00001E-02));
#4223 = CARTESIAN_POINT('',(-0.313141025641,1.280048076923E-02,
    5.00001E-02));
#4224 = ORIENTED_EDGE('',*,*,#4225,.F.);
#4225 = EDGE_CURVE('',#3921,#4210,#4226,.T.);
#4226 = B_SPLINE_CURVE_WITH_KNOTS('',1,(#4227,#4228),.UNSPECIFIED.,.F.,
  .F.,(2,2),(-5.044575868141E-15,1.E-02),.PIECEWISE_BEZIER_KNOTS.);
#4227 = CARTESIAN_POINT('',(-0.284555288462,1.025641025641E-02,
    6.000010000001E-02));
#4228 = CARTESIAN_POINT('',(-0.284555288462,1.025641025641E-02,
    5.00001E-02));
#4229 = ORIENTED_EDGE('',*,*,#3920,.T.);
#4230 = ORIENTED_EDGE('',*,*,#4160,.T.);
#4231 = B_SPLINE_SURFACE_WITH_KNOTS('',3,1,(
    (#4232,#4233)
    ,(#4234,#4235)
    ,(#4236,#4237)
    ,(#4238,#4239)
    ,(#4240,#4241)
    ,(#4242,#4243)
    ,(#4244,#4245)
    ,(#4246,#4247)
    ,(#4248,#4249)
    ,(#4250,#4251)
    ,(#4252,#4253
  )),.UNSPECIFIED.,.F.,.F.,.F.,(4,1,1,1,1,1,1,1,4),(2,2),(0.,
    0.171900664613,0.330627932096,0.475548835881,0.606746190312,
    0.725023803467,0.829742386958,0.921322820344,1.),(0.,1.),
  .UNSPECIFIED.);
#4232 = CARTESIAN_POINT('',(-0.284555288462,1.025641025641E-02,
    6.000010000001E-02));
#4233 = CARTESIAN_POINT('',(-0.284555288462,1.025641025641E-02,
    5.00001E-02));
#4234 = CARTESIAN_POINT('',(-0.286204670483,1.026349872424E-02,
    6.000010000001E-02));
#4235 = CARTESIAN_POINT('',(-0.286204670483,1.026349872424E-02,
    5.00001E-02));
#4236 = CARTESIAN_POINT('',(-0.289377036152,1.027713244384E-02,
    6.000010000001E-02));
#4237 = CARTESIAN_POINT('',(-0.289377036152,1.027713244384E-02,
    5.00001E-02));
#4238 = CARTESIAN_POINT('',(-0.293938693217,1.039676681908E-02,
    6.000010000001E-02));
#4239 = CARTESIAN_POINT('',(-0.293938693217,1.039676681908E-02,
    5.00001E-02));
#4240 = CARTESIAN_POINT('',(-0.298106675973,1.059225074774E-02,
    6.000010000001E-02));
#4241 = CARTESIAN_POINT('',(-0.298106675973,1.059225074774E-02,
    5.00001E-02));
#4242 = CARTESIAN_POINT('',(-0.301881576242,1.086582439942E-02,
    6.000010000001E-02));
#4243 = CARTESIAN_POINT('',(-0.301881576242,1.086582439942E-02,
    5.00001E-02));
#4244 = CARTESIAN_POINT('',(-0.30526126265,1.122778483337E-02,
    6.000010000001E-02));
#4245 = CARTESIAN_POINT('',(-0.30526126265,1.122778483337E-02,
    5.00001E-02));
#4246 = CARTESIAN_POINT('',(-0.308252798361,1.16313534833E-02,
    6.000010000001E-02));
#4247 = CARTESIAN_POINT('',(-0.308252798361,1.16313534833E-02,
    5.00001E-02));
#4248 = CARTESIAN_POINT('',(-0.31084637717,1.213413779062E-02,
    6.000010000001E-02));
#4249 = CARTESIAN_POINT('',(-0.31084637717,1.213413779062E-02,
    5.00001E-02));
#4250 = CARTESIAN_POINT('',(-0.312415789654,1.258987948818E-02,
    6.000010000001E-02));
#4251 = CARTESIAN_POINT('',(-0.312415789654,1.258987948818E-02,
    5.00001E-02));
#4252 = CARTESIAN_POINT('',(-0.313141025641,1.280048076923E-02,
    6.000010000001E-02));
#4253 = CARTESIAN_POINT('',(-0.313141025641,1.280048076923E-02,
    5.00001E-02));
#4254 = ADVANCED_FACE('',(#4255),#4265,.T.);
#4255 = FACE_BOUND('',#4256,.T.);
#4256 = EDGE_LOOP('',(#4257,#4262,#4263,#4264));
#4257 = ORIENTED_EDGE('',*,*,#4258,.F.);
#4258 = EDGE_CURVE('',#3967,#4210,#4259,.T.);
#4259 = B_SPLINE_CURVE_WITH_KNOTS('',1,(#4260,#4261),.UNSPECIFIED.,.F.,
  .F.,(2,2),(0.,1.147836538462E-02),.PIECEWISE_BEZIER_KNOTS.);
#4260 = CARTESIAN_POINT('',(-0.273076923077,1.025641025641E-02,
    5.00001E-02));
#4261 = CARTESIAN_POINT('',(-0.284555288462,1.025641025641E-02,
    5.00001E-02));
#4262 = ORIENTED_EDGE('',*,*,#3979,.F.);
#4263 = ORIENTED_EDGE('',*,*,#3936,.T.);
#4264 = ORIENTED_EDGE('',*,*,#4225,.T.);
#4265 = B_SPLINE_SURFACE_WITH_KNOTS('',1,1,(
    (#4266,#4267)
    ,(#4268,#4269
    )),.UNSPECIFIED.,.F.,.F.,.F.,(2,2),(2,2),(-5.044575868141E-15,1.E-02
    ),(-1.147836538462E-02,0.),.PIECEWISE_BEZIER_KNOTS.);
#4266 = CARTESIAN_POINT('',(-0.284555288462,1.025641025641E-02,
    6.000010000001E-02));
#4267 = CARTESIAN_POINT('',(-0.273076923077,1.025641025641E-02,
    6.000010000001E-02));
#4268 = CARTESIAN_POINT('',(-0.284555288462,1.025641025641E-02,
    5.00001E-02));
#4269 = CARTESIAN_POINT('',(-0.273076923077,1.025641025641E-02,
    5.00001E-02));
#4270 = ADVANCED_FACE('',(#4271),#4293,.T.);
#4271 = FACE_BOUND('',#4272,.T.);
#4272 = EDGE_LOOP('',(#4273,#4274,#4281,#4288));
#4273 = ORIENTED_EDGE('',*,*,#1610,.F.);
#4274 = ORIENTED_EDGE('',*,*,#4275,.F.);
#4275 = EDGE_CURVE('',#4276,#1604,#4278,.T.);
#4276 = VERTEX_POINT('',#4277);
#4277 = CARTESIAN_POINT('',(-0.189743589744,3.330669073875E-16,
    6.00001E-02));
#4278 = B_SPLINE_CURVE_WITH_KNOTS('',1,(#4279,#4280),.UNSPECIFIED.,.F.,
  .F.,(2,2),(-0.,1.E-02),.PIECEWISE_BEZIER_KNOTS.);
#4279 = CARTESIAN_POINT('',(-0.189743589744,3.330669073875E-16,
    6.00001E-02));
#4280 = CARTESIAN_POINT('',(-0.189743589744,3.330669073875E-16,
    5.00001E-02));
#4281 = ORIENTED_EDGE('',*,*,#4282,.T.);
#4282 = EDGE_CURVE('',#4276,#4283,#4285,.T.);
#4283 = VERTEX_POINT('',#4284);
#4284 = CARTESIAN_POINT('',(-0.189743589744,0.1,6.00001E-02));
#4285 = B_SPLINE_CURVE_WITH_KNOTS('',1,(#4286,#4287),.UNSPECIFIED.,.F.,
  .F.,(2,2),(0.,0.1),.PIECEWISE_BEZIER_KNOTS.);
#4286 = CARTESIAN_POINT('',(-0.189743589744,3.330669073875E-16,
    6.00001E-02));
#4287 = CARTESIAN_POINT('',(-0.189743589744,0.1,6.00001E-02));
#4288 = ORIENTED_EDGE('',*,*,#4289,.T.);
#4289 = EDGE_CURVE('',#4283,#1611,#4290,.T.);
#4290 = B_SPLINE_CURVE_WITH_KNOTS('',1,(#4291,#4292),.UNSPECIFIED.,.F.,
  .F.,(2,2),(-0.,1.E-02),.PIECEWISE_BEZIER_KNOTS.);
#4291 = CARTESIAN_POINT('',(-0.189743589744,0.1,6.00001E-02));
#4292 = CARTESIAN_POINT('',(-0.189743589744,0.1,5.00001E-02));
#4293 = B_SPLINE_SURFACE_WITH_KNOTS('',1,1,(
    (#4294,#4295)
    ,(#4296,#4297
    )),.UNSPECIFIED.,.F.,.F.,.F.,(2,2),(2,2),(-1.E-02,0.),(0.,0.1),
  .PIECEWISE_BEZIER_KNOTS.);
#4294 = CARTESIAN_POINT('',(-0.189743589744,3.330669073875E-16,
    5.00001E-02));
#4295 = CARTESIAN_POINT('',(-0.189743589744,0.1,5.00001E-02));
#4296 = CARTESIAN_POINT('',(-0.189743589744,3.330669073875E-16,
    6.00001E-02));
#4297 = CARTESIAN_POINT('',(-0.189743589744,0.1,6.00001E-02));
#4298 = ADVANCED_FACE('',(#4299),#4315,.T.);
#4299 = FACE_BOUND('',#4300,.T.);
#4300 = EDGE_LOOP('',(#4301,#4302,#4303,#4310));
#4301 = ORIENTED_EDGE('',*,*,#1617,.F.);
#4302 = ORIENTED_EDGE('',*,*,#4289,.F.);
#4303 = ORIENTED_EDGE('',*,*,#4304,.T.);
#4304 = EDGE_CURVE('',#4283,#4305,#4307,.T.);
#4305 = VERTEX_POINT('',#4306);
#4306 = CARTESIAN_POINT('',(-0.246153846154,0.1,6.00001E-02));
#4307 = B_SPLINE_CURVE_WITH_KNOTS('',1,(#4308,#4309),.UNSPECIFIED.,.F.,
  .F.,(2,2),(0.,5.641025641026E-02),.PIECEWISE_BEZIER_KNOTS.);
#4308 = CARTESIAN_POINT('',(-0.189743589744,0.1,6.00001E-02));
#4309 = CARTESIAN_POINT('',(-0.246153846154,0.1,6.00001E-02));
#4310 = ORIENTED_EDGE('',*,*,#4311,.T.);
#4311 = EDGE_CURVE('',#4305,#1618,#4312,.T.);
#4312 = B_SPLINE_CURVE_WITH_KNOTS('',1,(#4313,#4314),.UNSPECIFIED.,.F.,
  .F.,(2,2),(-0.,1.E-02),.PIECEWISE_BEZIER_KNOTS.);
#4313 = CARTESIAN_POINT('',(-0.246153846154,0.1,6.00001E-02));
#4314 = CARTESIAN_POINT('',(-0.246153846154,0.1,5.00001E-02));
#4315 = B_SPLINE_SURFACE_WITH_KNOTS('',1,1,(
    (#4316,#4317)
    ,(#4318,#4319)),.UNSPECIFIED.,.F.,.F.,.F.,(2,2),(2,2),(0.,1.E-02),(
    -5.641025641026E-02,0.),.PIECEWISE_BEZIER_KNOTS.);
#4316 = CARTESIAN_POINT('',(-0.246153846154,0.1,6.00001E-02));
#4317 = CARTESIAN_POINT('',(-0.189743589744,0.1,6.00001E-02));
#4318 = CARTESIAN_POINT('',(-0.246153846154,0.1,5.00001E-02));
#4319 = CARTESIAN_POINT('',(-0.189743589744,0.1,5.00001E-02));
#4320 = ADVANCED_FACE('',(#4321),#4337,.T.);
#4321 = FACE_BOUND('',#4322,.T.);
#4322 = EDGE_LOOP('',(#4323,#4324,#4325,#4332));
#4323 = ORIENTED_EDGE('',*,*,#1624,.F.);
#4324 = ORIENTED_EDGE('',*,*,#4311,.F.);
#4325 = ORIENTED_EDGE('',*,*,#4326,.T.);
#4326 = EDGE_CURVE('',#4305,#4327,#4329,.T.);
#4327 = VERTEX_POINT('',#4328);
#4328 = CARTESIAN_POINT('',(-0.246153846154,8.974358974359E-02,
    6.00001E-02));
#4329 = B_SPLINE_CURVE_WITH_KNOTS('',1,(#4330,#4331),.UNSPECIFIED.,.F.,
  .F.,(2,2),(0.,1.025641025641E-02),.PIECEWISE_BEZIER_KNOTS.);
#4330 = CARTESIAN_POINT('',(-0.246153846154,0.1,6.00001E-02));
#4331 = CARTESIAN_POINT('',(-0.246153846154,8.974358974359E-02,
    6.00001E-02));
#4332 = ORIENTED_EDGE('',*,*,#4333,.T.);
#4333 = EDGE_CURVE('',#4327,#1625,#4334,.T.);
#4334 = B_SPLINE_CURVE_WITH_KNOTS('',1,(#4335,#4336),.UNSPECIFIED.,.F.,
  .F.,(2,2),(-0.,1.E-02),.PIECEWISE_BEZIER_KNOTS.);
#4335 = CARTESIAN_POINT('',(-0.246153846154,8.974358974359E-02,
    6.00001E-02));
#4336 = CARTESIAN_POINT('',(-0.246153846154,8.974358974359E-02,
    5.00001E-02));
#4337 = B_SPLINE_SURFACE_WITH_KNOTS('',1,1,(
    (#4338,#4339)
    ,(#4340,#4341)),.UNSPECIFIED.,.F.,.F.,.F.,(2,2),(2,2),(0.,1.E-02),(
    -1.025641025641E-02,0.),.PIECEWISE_BEZIER_KNOTS.);
#4338 = CARTESIAN_POINT('',(-0.246153846154,8.974358974359E-02,
    6.00001E-02));
#4339 = CARTESIAN_POINT('',(-0.246153846154,0.1,6.00001E-02));
#4340 = CARTESIAN_POINT('',(-0.246153846154,8.974358974359E-02,
    5.00001E-02));
#4341 = CARTESIAN_POINT('',(-0.246153846154,0.1,5.00001E-02));
#4342 = ADVANCED_FACE('',(#4343),#4359,.T.);
#4343 = FACE_BOUND('',#4344,.T.);
#4344 = EDGE_LOOP('',(#4345,#4346,#4347,#4354));
#4345 = ORIENTED_EDGE('',*,*,#1631,.F.);
#4346 = ORIENTED_EDGE('',*,*,#4333,.F.);
#4347 = ORIENTED_EDGE('',*,*,#4348,.T.);
#4348 = EDGE_CURVE('',#4327,#4349,#4351,.T.);
#4349 = VERTEX_POINT('',#4350);
#4350 = CARTESIAN_POINT('',(-0.198717948718,8.974358974359E-02,
    6.00001E-02));
#4351 = B_SPLINE_CURVE_WITH_KNOTS('',1,(#4352,#4353),.UNSPECIFIED.,.F.,
  .F.,(2,2),(0.,4.74358974359E-02),.PIECEWISE_BEZIER_KNOTS.);
#4352 = CARTESIAN_POINT('',(-0.246153846154,8.974358974359E-02,
    6.00001E-02));
#4353 = CARTESIAN_POINT('',(-0.198717948718,8.974358974359E-02,
    6.00001E-02));
#4354 = ORIENTED_EDGE('',*,*,#4355,.T.);
#4355 = EDGE_CURVE('',#4349,#1632,#4356,.T.);
#4356 = B_SPLINE_CURVE_WITH_KNOTS('',1,(#4357,#4358),.UNSPECIFIED.,.F.,
  .F.,(2,2),(-0.,1.E-02),.PIECEWISE_BEZIER_KNOTS.);
#4357 = CARTESIAN_POINT('',(-0.198717948718,8.974358974359E-02,
    6.00001E-02));
#4358 = CARTESIAN_POINT('',(-0.198717948718,8.974358974359E-02,
    5.00001E-02));
#4359 = B_SPLINE_SURFACE_WITH_KNOTS('',1,1,(
    (#4360,#4361)
    ,(#4362,#4363
    )),.UNSPECIFIED.,.F.,.F.,.F.,(2,2),(2,2),(-1.E-02,0.),(0.,
    4.74358974359E-02),.PIECEWISE_BEZIER_KNOTS.);
#4360 = CARTESIAN_POINT('',(-0.246153846154,8.974358974359E-02,
    5.00001E-02));
#4361 = CARTESIAN_POINT('',(-0.198717948718,8.974358974359E-02,
    5.00001E-02));
#4362 = CARTESIAN_POINT('',(-0.246153846154,8.974358974359E-02,
    6.00001E-02));
#4363 = CARTESIAN_POINT('',(-0.198717948718,8.974358974359E-02,
    6.00001E-02));
#4364 = ADVANCED_FACE('',(#4365),#4381,.T.);
#4365 = FACE_BOUND('',#4366,.T.);
#4366 = EDGE_LOOP('',(#4367,#4368,#4369,#4376));
#4367 = ORIENTED_EDGE('',*,*,#1638,.F.);
#4368 = ORIENTED_EDGE('',*,*,#4355,.F.);
#4369 = ORIENTED_EDGE('',*,*,#4370,.T.);
#4370 = EDGE_CURVE('',#4349,#4371,#4373,.T.);
#4371 = VERTEX_POINT('',#4372);
#4372 = CARTESIAN_POINT('',(-0.198717948718,5.897435897436E-02,
    6.00001E-02));
#4373 = B_SPLINE_CURVE_WITH_KNOTS('',1,(#4374,#4375),.UNSPECIFIED.,.F.,
  .F.,(2,2),(0.,3.076923076923E-02),.PIECEWISE_BEZIER_KNOTS.);
#4374 = CARTESIAN_POINT('',(-0.198717948718,8.974358974359E-02,
    6.00001E-02));
#4375 = CARTESIAN_POINT('',(-0.198717948718,5.897435897436E-02,
    6.00001E-02));
#4376 = ORIENTED_EDGE('',*,*,#4377,.T.);
#4377 = EDGE_CURVE('',#4371,#1639,#4378,.T.);
#4378 = B_SPLINE_CURVE_WITH_KNOTS('',1,(#4379,#4380),.UNSPECIFIED.,.F.,
  .F.,(2,2),(-0.,1.E-02),.PIECEWISE_BEZIER_KNOTS.);
#4379 = CARTESIAN_POINT('',(-0.198717948718,5.897435897436E-02,
    6.00001E-02));
#4380 = CARTESIAN_POINT('',(-0.198717948718,5.897435897436E-02,
    5.00001E-02));
#4381 = B_SPLINE_SURFACE_WITH_KNOTS('',1,1,(
    (#4382,#4383)
    ,(#4384,#4385)),.UNSPECIFIED.,.F.,.F.,.F.,(2,2),(2,2),(0.,1.E-02),(
    -3.076923076923E-02,0.),.PIECEWISE_BEZIER_KNOTS.);
#4382 = CARTESIAN_POINT('',(-0.198717948718,5.897435897436E-02,
    6.00001E-02));
#4383 = CARTESIAN_POINT('',(-0.198717948718,8.974358974359E-02,
    6.00001E-02));
#4384 = CARTESIAN_POINT('',(-0.198717948718,5.897435897436E-02,
    5.00001E-02));
#4385 = CARTESIAN_POINT('',(-0.198717948718,8.974358974359E-02,
    5.00001E-02));
#4386 = ADVANCED_FACE('',(#4387),#4403,.T.);
#4387 = FACE_BOUND('',#4388,.T.);
#4388 = EDGE_LOOP('',(#4389,#4390,#4391,#4398));
#4389 = ORIENTED_EDGE('',*,*,#1645,.F.);
#4390 = ORIENTED_EDGE('',*,*,#4377,.F.);
#4391 = ORIENTED_EDGE('',*,*,#4392,.T.);
#4392 = EDGE_CURVE('',#4371,#4393,#4395,.T.);
#4393 = VERTEX_POINT('',#4394);
#4394 = CARTESIAN_POINT('',(-0.246153846154,5.897435897436E-02,
    6.00001E-02));
#4395 = B_SPLINE_CURVE_WITH_KNOTS('',1,(#4396,#4397),.UNSPECIFIED.,.F.,
  .F.,(2,2),(0.,4.74358974359E-02),.PIECEWISE_BEZIER_KNOTS.);
#4396 = CARTESIAN_POINT('',(-0.198717948718,5.897435897436E-02,
    6.00001E-02));
#4397 = CARTESIAN_POINT('',(-0.246153846154,5.897435897436E-02,
    6.00001E-02));
#4398 = ORIENTED_EDGE('',*,*,#4399,.T.);
#4399 = EDGE_CURVE('',#4393,#1646,#4400,.T.);
#4400 = B_SPLINE_CURVE_WITH_KNOTS('',1,(#4401,#4402),.UNSPECIFIED.,.F.,
  .F.,(2,2),(-0.,1.E-02),.PIECEWISE_BEZIER_KNOTS.);
#4401 = CARTESIAN_POINT('',(-0.246153846154,5.897435897436E-02,
    6.00001E-02));
#4402 = CARTESIAN_POINT('',(-0.246153846154,5.897435897436E-02,
    5.00001E-02));
#4403 = B_SPLINE_SURFACE_WITH_KNOTS('',1,1,(
    (#4404,#4405)
    ,(#4406,#4407
    )),.UNSPECIFIED.,.F.,.F.,.F.,(2,2),(2,2),(0.,1.E-02),(
    -4.74358974359E-02,0.),.PIECEWISE_BEZIER_KNOTS.);
#4404 = CARTESIAN_POINT('',(-0.246153846154,5.897435897436E-02,
    6.00001E-02));
#4405 = CARTESIAN_POINT('',(-0.198717948718,5.897435897436E-02,
    6.00001E-02));
#4406 = CARTESIAN_POINT('',(-0.246153846154,5.897435897436E-02,
    5.00001E-02));
#4407 = CARTESIAN_POINT('',(-0.198717948718,5.897435897436E-02,
    5.00001E-02));
#4408 = ADVANCED_FACE('',(#4409),#4425,.T.);
#4409 = FACE_BOUND('',#4410,.T.);
#4410 = EDGE_LOOP('',(#4411,#4412,#4413,#4420));
#4411 = ORIENTED_EDGE('',*,*,#1652,.F.);
#4412 = ORIENTED_EDGE('',*,*,#4399,.F.);
#4413 = ORIENTED_EDGE('',*,*,#4414,.T.);
#4414 = EDGE_CURVE('',#4393,#4415,#4417,.T.);
#4415 = VERTEX_POINT('',#4416);
#4416 = CARTESIAN_POINT('',(-0.246153846154,4.871794871795E-02,
    6.00001E-02));
#4417 = B_SPLINE_CURVE_WITH_KNOTS('',1,(#4418,#4419),.UNSPECIFIED.,.F.,
  .F.,(2,2),(0.,1.025641025641E-02),.PIECEWISE_BEZIER_KNOTS.);
#4418 = CARTESIAN_POINT('',(-0.246153846154,5.897435897436E-02,
    6.00001E-02));
#4419 = CARTESIAN_POINT('',(-0.246153846154,4.871794871795E-02,
    6.00001E-02));
#4420 = ORIENTED_EDGE('',*,*,#4421,.T.);
#4421 = EDGE_CURVE('',#4415,#1653,#4422,.T.);
#4422 = B_SPLINE_CURVE_WITH_KNOTS('',1,(#4423,#4424),.UNSPECIFIED.,.F.,
  .F.,(2,2),(-0.,1.E-02),.PIECEWISE_BEZIER_KNOTS.);
#4423 = CARTESIAN_POINT('',(-0.246153846154,4.871794871795E-02,
    6.00001E-02));
#4424 = CARTESIAN_POINT('',(-0.246153846154,4.871794871795E-02,
    5.00001E-02));
#4425 = B_SPLINE_SURFACE_WITH_KNOTS('',1,1,(
    (#4426,#4427)
    ,(#4428,#4429)),.UNSPECIFIED.,.F.,.F.,.F.,(2,2),(2,2),(0.,1.E-02),(
    -1.025641025641E-02,0.),.PIECEWISE_BEZIER_KNOTS.);
#4426 = CARTESIAN_POINT('',(-0.246153846154,4.871794871795E-02,
    6.00001E-02));
#4427 = CARTESIAN_POINT('',(-0.246153846154,5.897435897436E-02,
    6.00001E-02));
#4428 = CARTESIAN_POINT('',(-0.246153846154,4.871794871795E-02,
    5.00001E-02));
#4429 = CARTESIAN_POINT('',(-0.246153846154,5.897435897436E-02,
    5.00001E-02));
#4430 = ADVANCED_FACE('',(#4431),#4447,.T.);
#4431 = FACE_BOUND('',#4432,.T.);
#4432 = EDGE_LOOP('',(#4433,#4434,#4435,#4442));
#4433 = ORIENTED_EDGE('',*,*,#1659,.F.);
#4434 = ORIENTED_EDGE('',*,*,#4421,.F.);
#4435 = ORIENTED_EDGE('',*,*,#4436,.T.);
#4436 = EDGE_CURVE('',#4415,#4437,#4439,.T.);
#4437 = VERTEX_POINT('',#4438);
#4438 = CARTESIAN_POINT('',(-0.198717948718,4.871794871795E-02,
    6.00001E-02));
#4439 = B_SPLINE_CURVE_WITH_KNOTS('',1,(#4440,#4441),.UNSPECIFIED.,.F.,
  .F.,(2,2),(0.,4.74358974359E-02),.PIECEWISE_BEZIER_KNOTS.);
#4440 = CARTESIAN_POINT('',(-0.246153846154,4.871794871795E-02,
    6.00001E-02));
#4441 = CARTESIAN_POINT('',(-0.198717948718,4.871794871795E-02,
    6.00001E-02));
#4442 = ORIENTED_EDGE('',*,*,#4443,.T.);
#4443 = EDGE_CURVE('',#4437,#1660,#4444,.T.);
#4444 = B_SPLINE_CURVE_WITH_KNOTS('',1,(#4445,#4446),.UNSPECIFIED.,.F.,
  .F.,(2,2),(-0.,1.E-02),.PIECEWISE_BEZIER_KNOTS.);
#4445 = CARTESIAN_POINT('',(-0.198717948718,4.871794871795E-02,
    6.00001E-02));
#4446 = CARTESIAN_POINT('',(-0.198717948718,4.871794871795E-02,
    5.00001E-02));
#4447 = B_SPLINE_SURFACE_WITH_KNOTS('',1,1,(
    (#4448,#4449)
    ,(#4450,#4451
    )),.UNSPECIFIED.,.F.,.F.,.F.,(2,2),(2,2),(-1.E-02,0.),(0.,
    4.74358974359E-02),.PIECEWISE_BEZIER_KNOTS.);
#4448 = CARTESIAN_POINT('',(-0.246153846154,4.871794871795E-02,
    5.00001E-02));
#4449 = CARTESIAN_POINT('',(-0.198717948718,4.871794871795E-02,
    5.00001E-02));
#4450 = CARTESIAN_POINT('',(-0.246153846154,4.871794871795E-02,
    6.00001E-02));
#4451 = CARTESIAN_POINT('',(-0.198717948718,4.871794871795E-02,
    6.00001E-02));
#4452 = ADVANCED_FACE('',(#4453),#4469,.T.);
#4453 = FACE_BOUND('',#4454,.T.);
#4454 = EDGE_LOOP('',(#4455,#4456,#4457,#4464));
#4455 = ORIENTED_EDGE('',*,*,#1666,.F.);
#4456 = ORIENTED_EDGE('',*,*,#4443,.F.);
#4457 = ORIENTED_EDGE('',*,*,#4458,.T.);
#4458 = EDGE_CURVE('',#4437,#4459,#4461,.T.);
#4459 = VERTEX_POINT('',#4460);
#4460 = CARTESIAN_POINT('',(-0.198717948718,1.025641025641E-02,
    6.00001E-02));
#4461 = B_SPLINE_CURVE_WITH_KNOTS('',1,(#4462,#4463),.UNSPECIFIED.,.F.,
  .F.,(2,2),(0.,3.846153846154E-02),.PIECEWISE_BEZIER_KNOTS.);
#4462 = CARTESIAN_POINT('',(-0.198717948718,4.871794871795E-02,
    6.00001E-02));
#4463 = CARTESIAN_POINT('',(-0.198717948718,1.025641025641E-02,
    6.00001E-02));
#4464 = ORIENTED_EDGE('',*,*,#4465,.T.);
#4465 = EDGE_CURVE('',#4459,#1667,#4466,.T.);
#4466 = B_SPLINE_CURVE_WITH_KNOTS('',1,(#4467,#4468),.UNSPECIFIED.,.F.,
  .F.,(2,2),(-0.,1.E-02),.PIECEWISE_BEZIER_KNOTS.);
#4467 = CARTESIAN_POINT('',(-0.198717948718,1.025641025641E-02,
    6.00001E-02));
#4468 = CARTESIAN_POINT('',(-0.198717948718,1.025641025641E-02,
    5.00001E-02));
#4469 = B_SPLINE_SURFACE_WITH_KNOTS('',1,1,(
    (#4470,#4471)
    ,(#4472,#4473)),.UNSPECIFIED.,.F.,.F.,.F.,(2,2),(2,2),(0.,1.E-02),(
    -3.846153846154E-02,0.),.PIECEWISE_BEZIER_KNOTS.);
#4470 = CARTESIAN_POINT('',(-0.198717948718,1.025641025641E-02,
    6.00001E-02));
#4471 = CARTESIAN_POINT('',(-0.198717948718,4.871794871795E-02,
    6.00001E-02));
#4472 = CARTESIAN_POINT('',(-0.198717948718,1.025641025641E-02,
    5.00001E-02));
#4473 = CARTESIAN_POINT('',(-0.198717948718,4.871794871795E-02,
    5.00001E-02));
#4474 = ADVANCED_FACE('',(#4475),#4491,.T.);
#4475 = FACE_BOUND('',#4476,.T.);
#4476 = EDGE_LOOP('',(#4477,#4478,#4479,#4486));
#4477 = ORIENTED_EDGE('',*,*,#1673,.F.);
#4478 = ORIENTED_EDGE('',*,*,#4465,.F.);
#4479 = ORIENTED_EDGE('',*,*,#4480,.T.);
#4480 = EDGE_CURVE('',#4459,#4481,#4483,.T.);
#4481 = VERTEX_POINT('',#4482);
#4482 = CARTESIAN_POINT('',(-0.246153846154,1.025641025641E-02,
    6.00001E-02));
#4483 = B_SPLINE_CURVE_WITH_KNOTS('',1,(#4484,#4485),.UNSPECIFIED.,.F.,
  .F.,(2,2),(0.,4.74358974359E-02),.PIECEWISE_BEZIER_KNOTS.);
#4484 = CARTESIAN_POINT('',(-0.198717948718,1.025641025641E-02,
    6.00001E-02));
#4485 = CARTESIAN_POINT('',(-0.246153846154,1.025641025641E-02,
    6.00001E-02));
#4486 = ORIENTED_EDGE('',*,*,#4487,.T.);
#4487 = EDGE_CURVE('',#4481,#1674,#4488,.T.);
#4488 = B_SPLINE_CURVE_WITH_KNOTS('',1,(#4489,#4490),.UNSPECIFIED.,.F.,
  .F.,(2,2),(-0.,1.E-02),.PIECEWISE_BEZIER_KNOTS.);
#4489 = CARTESIAN_POINT('',(-0.246153846154,1.025641025641E-02,
    6.00001E-02));
#4490 = CARTESIAN_POINT('',(-0.246153846154,1.025641025641E-02,
    5.00001E-02));
#4491 = B_SPLINE_SURFACE_WITH_KNOTS('',1,1,(
    (#4492,#4493)
    ,(#4494,#4495
    )),.UNSPECIFIED.,.F.,.F.,.F.,(2,2),(2,2),(0.,1.E-02),(
    -4.74358974359E-02,0.),.PIECEWISE_BEZIER_KNOTS.);
#4492 = CARTESIAN_POINT('',(-0.246153846154,1.025641025641E-02,
    6.00001E-02));
#4493 = CARTESIAN_POINT('',(-0.198717948718,1.025641025641E-02,
    6.00001E-02));
#4494 = CARTESIAN_POINT('',(-0.246153846154,1.025641025641E-02,
    5.00001E-02));
#4495 = CARTESIAN_POINT('',(-0.198717948718,1.025641025641E-02,
    5.00001E-02));
#4496 = ADVANCED_FACE('',(#4497),#4513,.T.);
#4497 = FACE_BOUND('',#4498,.T.);
#4498 = EDGE_LOOP('',(#4499,#4500,#4501,#4508));
#4499 = ORIENTED_EDGE('',*,*,#1680,.F.);
#4500 = ORIENTED_EDGE('',*,*,#4487,.F.);
#4501 = ORIENTED_EDGE('',*,*,#4502,.T.);
#4502 = EDGE_CURVE('',#4481,#4503,#4505,.T.);
#4503 = VERTEX_POINT('',#4504);
#4504 = CARTESIAN_POINT('',(-0.246153846154,3.330669073875E-16,
    6.00001E-02));
#4505 = B_SPLINE_CURVE_WITH_KNOTS('',1,(#4506,#4507),.UNSPECIFIED.,.F.,
  .F.,(2,2),(0.,1.025641025641E-02),.PIECEWISE_BEZIER_KNOTS.);
#4506 = CARTESIAN_POINT('',(-0.246153846154,1.025641025641E-02,
    6.00001E-02));
#4507 = CARTESIAN_POINT('',(-0.246153846154,3.330669073875E-16,
    6.00001E-02));
#4508 = ORIENTED_EDGE('',*,*,#4509,.T.);
#4509 = EDGE_CURVE('',#4503,#1602,#4510,.T.);
#4510 = B_SPLINE_CURVE_WITH_KNOTS('',1,(#4511,#4512),.UNSPECIFIED.,.F.,
  .F.,(2,2),(-0.,1.E-02),.PIECEWISE_BEZIER_KNOTS.);
#4511 = CARTESIAN_POINT('',(-0.246153846154,3.330669073875E-16,
    6.00001E-02));
#4512 = CARTESIAN_POINT('',(-0.246153846154,3.330669073875E-16,
    5.00001E-02));
#4513 = B_SPLINE_SURFACE_WITH_KNOTS('',1,1,(
    (#4514,#4515)
    ,(#4516,#4517)),.UNSPECIFIED.,.F.,.F.,.F.,(2,2),(2,2),(0.,1.E-02),(
    -1.025641025641E-02,0.),.PIECEWISE_BEZIER_KNOTS.);
#4514 = CARTESIAN_POINT('',(-0.246153846154,3.330669073875E-16,
    6.00001E-02));
#4515 = CARTESIAN_POINT('',(-0.246153846154,1.025641025641E-02,
    6.00001E-02));
#4516 = CARTESIAN_POINT('',(-0.246153846154,3.330669073875E-16,
    5.00001E-02));
#4517 = CARTESIAN_POINT('',(-0.246153846154,1.025641025641E-02,
    5.00001E-02));
#4518 = ADVANCED_FACE('',(#4519),#4529,.T.);
#4519 = FACE_BOUND('',#4520,.T.);
#4520 = EDGE_LOOP('',(#4521,#4522,#4523,#4528));
#4521 = ORIENTED_EDGE('',*,*,#1601,.F.);
#4522 = ORIENTED_EDGE('',*,*,#4509,.F.);
#4523 = ORIENTED_EDGE('',*,*,#4524,.T.);
#4524 = EDGE_CURVE('',#4503,#4276,#4525,.T.);
#4525 = B_SPLINE_CURVE_WITH_KNOTS('',1,(#4526,#4527),.UNSPECIFIED.,.F.,
  .F.,(2,2),(0.,5.641025641026E-02),.PIECEWISE_BEZIER_KNOTS.);
#4526 = CARTESIAN_POINT('',(-0.246153846154,3.330669073875E-16,
    6.00001E-02));
#4527 = CARTESIAN_POINT('',(-0.189743589744,3.330669073875E-16,
    6.00001E-02));
#4528 = ORIENTED_EDGE('',*,*,#4275,.T.);
#4529 = B_SPLINE_SURFACE_WITH_KNOTS('',1,1,(
    (#4530,#4531)
    ,(#4532,#4533
    )),.UNSPECIFIED.,.F.,.F.,.F.,(2,2),(2,2),(-1.E-02,0.),(0.,
    5.641025641026E-02),.PIECEWISE_BEZIER_KNOTS.);
#4530 = CARTESIAN_POINT('',(-0.246153846154,3.330669073875E-16,
    5.00001E-02));
#4531 = CARTESIAN_POINT('',(-0.189743589744,3.330669073875E-16,
    5.00001E-02));
#4532 = CARTESIAN_POINT('',(-0.246153846154,3.330669073875E-16,
    6.00001E-02));
#4533 = CARTESIAN_POINT('',(-0.189743589744,3.330669073875E-16,
    6.00001E-02));
#4534 = ADVANCED_FACE('',(#4535),#4549,.F.);
#4535 = FACE_BOUND('',#4536,.T.);
#4536 = EDGE_LOOP('',(#4537,#4538,#4539,#4540,#4541,#4542,#4543,#4544,
    #4545,#4546,#4547,#4548));
#4537 = ORIENTED_EDGE('',*,*,#4282,.F.);
#4538 = ORIENTED_EDGE('',*,*,#4524,.F.);
#4539 = ORIENTED_EDGE('',*,*,#4502,.F.);
#4540 = ORIENTED_EDGE('',*,*,#4480,.F.);
#4541 = ORIENTED_EDGE('',*,*,#4458,.F.);
#4542 = ORIENTED_EDGE('',*,*,#4436,.F.);
#4543 = ORIENTED_EDGE('',*,*,#4414,.F.);
#4544 = ORIENTED_EDGE('',*,*,#4392,.F.);
#4545 = ORIENTED_EDGE('',*,*,#4370,.F.);
#4546 = ORIENTED_EDGE('',*,*,#4348,.F.);
#4547 = ORIENTED_EDGE('',*,*,#4326,.F.);
#4548 = ORIENTED_EDGE('',*,*,#4304,.F.);
#4549 = B_SPLINE_SURFACE_WITH_KNOTS('',1,1,(
    (#4550,#4551)
    ,(#4552,#4553
    )),.UNSPECIFIED.,.F.,.F.,.F.,(2,2),(2,2),(-0.246153846154,
    -0.189743589744),(0.,0.1),.PIECEWISE_BEZIER_KNOTS.);
#4550 = CARTESIAN_POINT('',(-0.246153846154,3.330669073875E-16,
    6.00001E-02));
#4551 = CARTESIAN_POINT('',(-0.246153846154,0.1,6.00001E-02));
#4552 = CARTESIAN_POINT('',(-0.189743589744,3.330669073875E-16,
    6.00001E-02));
#4553 = CARTESIAN_POINT('',(-0.189743589744,0.1,6.00001E-02));
#4554 = ADVANCED_FACE('',(#4555),#4594,.T.);
#4555 = FACE_BOUND('',#4556,.T.);
#4556 = EDGE_LOOP('',(#4557,#4558,#4565,#4589));
#4557 = ORIENTED_EDGE('',*,*,#1713,.F.);
#4558 = ORIENTED_EDGE('',*,*,#4559,.F.);
#4559 = EDGE_CURVE('',#4560,#1690,#4562,.T.);
#4560 = VERTEX_POINT('',#4561);
#4561 = CARTESIAN_POINT('',(-0.125600961538,0.102564102564,6.00001E-02)
  );
#4562 = B_SPLINE_CURVE_WITH_KNOTS('',1,(#4563,#4564),.UNSPECIFIED.,.F.,
  .F.,(2,2),(-0.,1.E-02),.PIECEWISE_BEZIER_KNOTS.);
#4563 = CARTESIAN_POINT('',(-0.125600961538,0.102564102564,6.00001E-02)
  );
#4564 = CARTESIAN_POINT('',(-0.125600961538,0.102564102564,5.00001E-02)
  );
#4565 = ORIENTED_EDGE('',*,*,#4566,.T.);
#4566 = EDGE_CURVE('',#4560,#4567,#4569,.T.);
#4567 = VERTEX_POINT('',#4568);
#4568 = CARTESIAN_POINT('',(-0.169230769231,8.165064102564E-02,
    6.00001E-02));
#4569 = B_SPLINE_CURVE_WITH_KNOTS('',3,(#4570,#4571,#4572,#4573,#4574,
    #4575,#4576,#4577,#4578,#4579,#4580,#4581,#4582,#4583,#4584,#4585,
    #4586,#4587,#4588),.UNSPECIFIED.,.F.,.F.,(4,1,1,1,1,1,1,1,1,1,1,1,1,
    1,1,1,4),(0.,6.85475367089E-02,0.135682945623,0.201214989526,
    0.265682234755,0.329266834817,0.392395427844,0.455069761652,
    0.517126850065,0.578790035287,0.639739863344,0.700191503666,
    0.759806242597,0.819628319275,0.879354791046,0.939511607765,1.),
  .UNSPECIFIED.);
#4570 = CARTESIAN_POINT('',(-0.125600961538,0.102564102564,6.00001E-02)
  );
#4571 = CARTESIAN_POINT('',(-0.126749946451,0.102550327187,6.00001E-02)
  );
#4572 = CARTESIAN_POINT('',(-0.129024246374,0.102523060216,6.00001E-02)
  );
#4573 = CARTESIAN_POINT('',(-0.132388607871,0.102257170441,6.00001E-02)
  );
#4574 = CARTESIAN_POINT('',(-0.135664102927,0.101813924549,6.00001E-02)
  );
#4575 = CARTESIAN_POINT('',(-0.138852988128,0.101210608269,6.00001E-02)
  );
#4576 = CARTESIAN_POINT('',(-0.141970777162,0.100461827655,6.00001E-02)
  );
#4577 = CARTESIAN_POINT('',(-0.144993641187,9.948639056052E-02,
    6.00001E-02));
#4578 = CARTESIAN_POINT('',(-0.147939317955,9.837106109436E-02,
    6.00001E-02));
#4579 = CARTESIAN_POINT('',(-0.150789229617,9.708653349613E-02,
    6.00001E-02));
#4580 = CARTESIAN_POINT('',(-0.153529702478,9.564462659879E-02,
    6.00001E-02));
#4581 = CARTESIAN_POINT('',(-0.156159883007,9.40613230689E-02,
    6.00001E-02));
#4582 = CARTESIAN_POINT('',(-0.15865887897,9.233858576877E-02,
    6.00001E-02));
#4583 = CARTESIAN_POINT('',(-0.16104427464,9.049106647135E-02,
    6.00001E-02));
#4584 = CARTESIAN_POINT('',(-0.163276166385,8.847967906291E-02,
    6.00001E-02));
#4585 = CARTESIAN_POINT('',(-0.165417922914,8.635974774938E-02,
    6.00001E-02));
#4586 = CARTESIAN_POINT('',(-0.167396810862,8.407020991631E-02,
    6.00001E-02));
#4587 = CARTESIAN_POINT('',(-0.168618330719,8.245864037606E-02,
    6.00001E-02));
#4588 = CARTESIAN_POINT('',(-0.169230769231,8.165064102564E-02,
    6.00001E-02));
#4589 = ORIENTED_EDGE('',*,*,#4590,.T.);
#4590 = EDGE_CURVE('',#4567,#1714,#4591,.T.);
#4591 = B_SPLINE_CURVE_WITH_KNOTS('',1,(#4592,#4593),.UNSPECIFIED.,.F.,
  .F.,(2,2),(-0.,1.E-02),.PIECEWISE_BEZIER_KNOTS.);
#4592 = CARTESIAN_POINT('',(-0.169230769231,8.165064102564E-02,
    6.00001E-02));
#4593 = CARTESIAN_POINT('',(-0.169230769231,8.165064102564E-02,
    5.00001E-02));
#4594 = B_SPLINE_SURFACE_WITH_KNOTS('',3,1,(
    (#4595,#4596)
    ,(#4597,#4598)
    ,(#4599,#4600)
    ,(#4601,#4602)
    ,(#4603,#4604)
    ,(#4605,#4606)
    ,(#4607,#4608)
    ,(#4609,#4610)
    ,(#4611,#4612)
    ,(#4613,#4614)
    ,(#4615,#4616)
    ,(#4617,#4618)
    ,(#4619,#4620)
    ,(#4621,#4622)
    ,(#4623,#4624)
    ,(#4625,#4626)
    ,(#4627,#4628)
    ,(#4629,#4630)
    ,(#4631,#4632
    )),.UNSPECIFIED.,.F.,.F.,.F.,(4,1,1,1,1,1,1,1,1,1,1,1,1,1,1,1,4),(2,
    2),(0.,6.85475367089E-02,0.135682945623,0.201214989526,
    0.265682234755,0.329266834817,0.392395427844,0.455069761652,
    0.517126850065,0.578790035287,0.639739863344,0.700191503666,
    0.759806242597,0.819628319275,0.879354791046,0.939511607765,1.),(0.,
    1.),.UNSPECIFIED.);
#4595 = CARTESIAN_POINT('',(-0.125600961538,0.102564102564,6.00001E-02)
  );
#4596 = CARTESIAN_POINT('',(-0.125600961538,0.102564102564,5.00001E-02)
  );
#4597 = CARTESIAN_POINT('',(-0.126749946451,0.102550327187,6.00001E-02)
  );
#4598 = CARTESIAN_POINT('',(-0.126749946451,0.102550327187,5.00001E-02)
  );
#4599 = CARTESIAN_POINT('',(-0.129024246374,0.102523060216,6.00001E-02)
  );
#4600 = CARTESIAN_POINT('',(-0.129024246374,0.102523060216,5.00001E-02)
  );
#4601 = CARTESIAN_POINT('',(-0.132388607871,0.102257170441,6.00001E-02)
  );
#4602 = CARTESIAN_POINT('',(-0.132388607871,0.102257170441,5.00001E-02)
  );
#4603 = CARTESIAN_POINT('',(-0.135664102927,0.101813924549,6.00001E-02)
  );
#4604 = CARTESIAN_POINT('',(-0.135664102927,0.101813924549,5.00001E-02)
  );
#4605 = CARTESIAN_POINT('',(-0.138852988128,0.101210608269,6.00001E-02)
  );
#4606 = CARTESIAN_POINT('',(-0.138852988128,0.101210608269,5.00001E-02)
  );
#4607 = CARTESIAN_POINT('',(-0.141970777162,0.100461827655,6.00001E-02)
  );
#4608 = CARTESIAN_POINT('',(-0.141970777162,0.100461827655,5.00001E-02)
  );
#4609 = CARTESIAN_POINT('',(-0.144993641187,9.948639056052E-02,
    6.00001E-02));
#4610 = CARTESIAN_POINT('',(-0.144993641187,9.948639056052E-02,
    5.00001E-02));
#4611 = CARTESIAN_POINT('',(-0.147939317955,9.837106109436E-02,
    6.00001E-02));
#4612 = CARTESIAN_POINT('',(-0.147939317955,9.837106109436E-02,
    5.00001E-02));
#4613 = CARTESIAN_POINT('',(-0.150789229617,9.708653349613E-02,
    6.00001E-02));
#4614 = CARTESIAN_POINT('',(-0.150789229617,9.708653349613E-02,
    5.00001E-02));
#4615 = CARTESIAN_POINT('',(-0.153529702478,9.564462659879E-02,
    6.00001E-02));
#4616 = CARTESIAN_POINT('',(-0.153529702478,9.564462659879E-02,
    5.00001E-02));
#4617 = CARTESIAN_POINT('',(-0.156159883007,9.40613230689E-02,
    6.00001E-02));
#4618 = CARTESIAN_POINT('',(-0.156159883007,9.40613230689E-02,
    5.00001E-02));
#4619 = CARTESIAN_POINT('',(-0.15865887897,9.233858576877E-02,
    6.00001E-02));
#4620 = CARTESIAN_POINT('',(-0.15865887897,9.233858576877E-02,
    5.00001E-02));
#4621 = CARTESIAN_POINT('',(-0.16104427464,9.049106647135E-02,
    6.00001E-02));
#4622 = CARTESIAN_POINT('',(-0.16104427464,9.049106647135E-02,
    5.00001E-02));
#4623 = CARTESIAN_POINT('',(-0.163276166385,8.847967906291E-02,
    6.00001E-02));
#4624 = CARTESIAN_POINT('',(-0.163276166385,8.847967906291E-02,
    5.00001E-02));
#4625 = CARTESIAN_POINT('',(-0.165417922914,8.635974774938E-02,
    6.00001E-02));
#4626 = CARTESIAN_POINT('',(-0.165417922914,8.635974774938E-02,
    5.00001E-02));
#4627 = CARTESIAN_POINT('',(-0.167396810862,8.407020991631E-02,
    6.00001E-02));
#4628 = CARTESIAN_POINT('',(-0.167396810862,8.407020991631E-02,
    5.00001E-02));
#4629 = CARTESIAN_POINT('',(-0.168618330719,8.245864037606E-02,
    6.00001E-02));
#4630 = CARTESIAN_POINT('',(-0.168618330719,8.245864037606E-02,
    5.00001E-02));
#4631 = CARTESIAN_POINT('',(-0.169230769231,8.165064102564E-02,
    6.00001E-02));
#4632 = CARTESIAN_POINT('',(-0.169230769231,8.165064102564E-02,
    5.00001E-02));
#4633 = ADVANCED_FACE('',(#4634),#4650,.T.);
#4634 = FACE_BOUND('',#4635,.T.);
#4635 = EDGE_LOOP('',(#4636,#4637,#4638,#4645));
#4636 = ORIENTED_EDGE('',*,*,#1737,.F.);
#4637 = ORIENTED_EDGE('',*,*,#4590,.F.);
#4638 = ORIENTED_EDGE('',*,*,#4639,.T.);
#4639 = EDGE_CURVE('',#4567,#4640,#4642,.T.);
#4640 = VERTEX_POINT('',#4641);
#4641 = CARTESIAN_POINT('',(-0.161378205128,7.564102564103E-02,
    6.00001E-02));
#4642 = B_SPLINE_CURVE_WITH_KNOTS('',1,(#4643,#4644),.UNSPECIFIED.,.F.,
  .F.,(2,2),(0.,9.888288024521E-03),.PIECEWISE_BEZIER_KNOTS.);
#4643 = CARTESIAN_POINT('',(-0.169230769231,8.165064102564E-02,
    6.00001E-02));
#4644 = CARTESIAN_POINT('',(-0.161378205128,7.564102564103E-02,
    6.00001E-02));
#4645 = ORIENTED_EDGE('',*,*,#4646,.T.);
#4646 = EDGE_CURVE('',#4640,#1738,#4647,.T.);
#4647 = B_SPLINE_CURVE_WITH_KNOTS('',1,(#4648,#4649),.UNSPECIFIED.,.F.,
  .F.,(2,2),(-0.,1.E-02),.PIECEWISE_BEZIER_KNOTS.);
#4648 = CARTESIAN_POINT('',(-0.161378205128,7.564102564103E-02,
    6.00001E-02));
#4649 = CARTESIAN_POINT('',(-0.161378205128,7.564102564103E-02,
    5.00001E-02));
#4650 = B_SPLINE_SURFACE_WITH_KNOTS('',1,1,(
    (#4651,#4652)
    ,(#4653,#4654
    )),.UNSPECIFIED.,.F.,.F.,.F.,(2,2),(2,2),(-9.888288024521E-03,0.),(
    -1.E-02,0.),.PIECEWISE_BEZIER_KNOTS.);
#4651 = CARTESIAN_POINT('',(-0.161378205128,7.564102564103E-02,
    5.00001E-02));
#4652 = CARTESIAN_POINT('',(-0.161378205128,7.564102564103E-02,
    6.00001E-02));
#4653 = CARTESIAN_POINT('',(-0.169230769231,8.165064102564E-02,
    5.00001E-02));
#4654 = CARTESIAN_POINT('',(-0.169230769231,8.165064102564E-02,
    6.00001E-02));
#4655 = ADVANCED_FACE('',(#4656),#4685,.T.);
#4656 = FACE_BOUND('',#4657,.T.);
#4657 = EDGE_LOOP('',(#4658,#4659,#4660,#4680));
#4658 = ORIENTED_EDGE('',*,*,#1744,.F.);
#4659 = ORIENTED_EDGE('',*,*,#4646,.F.);
#4660 = ORIENTED_EDGE('',*,*,#4661,.T.);
#4661 = EDGE_CURVE('',#4640,#4662,#4664,.T.);
#4662 = VERTEX_POINT('',#4663);
#4663 = CARTESIAN_POINT('',(-0.125040064103,9.230769230769E-02,
    6.00001E-02));
#4664 = B_SPLINE_CURVE_WITH_KNOTS('',3,(#4665,#4666,#4667,#4668,#4669,
    #4670,#4671,#4672,#4673,#4674,#4675,#4676,#4677,#4678,#4679),
  .UNSPECIFIED.,.F.,.F.,(4,1,1,1,1,1,1,1,1,1,1,1,4),(0.,
    6.316325936347E-02,0.125474941031,0.187121219816,0.248294346114,
    0.309294856255,0.369850066067,0.430973375547,0.492455989673,
    0.616147966292,0.740843698467,0.86818264867,1.),.UNSPECIFIED.);
#4665 = CARTESIAN_POINT('',(-0.161378205128,7.564102564103E-02,
    6.00001E-02));
#4666 = CARTESIAN_POINT('',(-0.160818036889,7.630862477906E-02,
    6.00001E-02));
#4667 = CARTESIAN_POINT('',(-0.159705252694,7.763482237115E-02,
    6.00001E-02));
#4668 = CARTESIAN_POINT('',(-0.157914989765,7.949709507044E-02,
    6.00001E-02));
#4669 = CARTESIAN_POINT('',(-0.15604922854,8.124181682537E-02,
    6.00001E-02));
#4670 = CARTESIAN_POINT('',(-0.154108682219,8.287729910048E-02,
    6.00001E-02));
#4671 = CARTESIAN_POINT('',(-0.152058421662,8.434634955005E-02,
    6.00001E-02));
#4672 = CARTESIAN_POINT('',(-0.149948113129,8.572552391984E-02,
    6.00001E-02));
#4673 = CARTESIAN_POINT('',(-0.147742454695,8.696174500392E-02,
    6.00001E-02));
#4674 = CARTESIAN_POINT('',(-0.144692405133,8.846068746437E-02,
    6.00001E-02));
#4675 = CARTESIAN_POINT('',(-0.140702466611,9.002486332186E-02,
    6.00001E-02));
#4676 = CARTESIAN_POINT('',(-0.135679756923,9.133638421616E-02,
    6.00001E-02));
#4677 = CARTESIAN_POINT('',(-0.130436582681,9.217127494999E-02,
    6.00001E-02));
#4678 = CARTESIAN_POINT('',(-0.126859508406,9.226169899168E-02,
    6.00001E-02));
#4679 = CARTESIAN_POINT('',(-0.125040064103,9.230769230769E-02,
    6.00001E-02));
#4680 = ORIENTED_EDGE('',*,*,#4681,.T.);
#4681 = EDGE_CURVE('',#4662,#1745,#4682,.T.);
#4682 = B_SPLINE_CURVE_WITH_KNOTS('',1,(#4683,#4684),.UNSPECIFIED.,.F.,
  .F.,(2,2),(-0.,1.E-02),.PIECEWISE_BEZIER_KNOTS.);
#4683 = CARTESIAN_POINT('',(-0.125040064103,9.230769230769E-02,
    6.00001E-02));
#4684 = CARTESIAN_POINT('',(-0.125040064103,9.230769230769E-02,
    5.00001E-02));
#4685 = B_SPLINE_SURFACE_WITH_KNOTS('',3,1,(
    (#4686,#4687)
    ,(#4688,#4689)
    ,(#4690,#4691)
    ,(#4692,#4693)
    ,(#4694,#4695)
    ,(#4696,#4697)
    ,(#4698,#4699)
    ,(#4700,#4701)
    ,(#4702,#4703)
    ,(#4704,#4705)
    ,(#4706,#4707)
    ,(#4708,#4709)
    ,(#4710,#4711)
    ,(#4712,#4713)
    ,(#4714,#4715
    )),.UNSPECIFIED.,.F.,.F.,.F.,(4,1,1,1,1,1,1,1,1,1,1,1,4),(2,2),(0.,
    6.316325936347E-02,0.125474941031,0.187121219816,0.248294346114,
    0.309294856255,0.369850066067,0.430973375547,0.492455989673,
    0.616147966292,0.740843698467,0.86818264867,1.),(0.,1.),
  .UNSPECIFIED.);
#4686 = CARTESIAN_POINT('',(-0.161378205128,7.564102564103E-02,
    6.00001E-02));
#4687 = CARTESIAN_POINT('',(-0.161378205128,7.564102564103E-02,
    5.00001E-02));
#4688 = CARTESIAN_POINT('',(-0.160818036889,7.630862477906E-02,
    6.00001E-02));
#4689 = CARTESIAN_POINT('',(-0.160818036889,7.630862477906E-02,
    5.00001E-02));
#4690 = CARTESIAN_POINT('',(-0.159705252694,7.763482237115E-02,
    6.00001E-02));
#4691 = CARTESIAN_POINT('',(-0.159705252694,7.763482237115E-02,
    5.00001E-02));
#4692 = CARTESIAN_POINT('',(-0.157914989765,7.949709507044E-02,
    6.00001E-02));
#4693 = CARTESIAN_POINT('',(-0.157914989765,7.949709507044E-02,
    5.00001E-02));
#4694 = CARTESIAN_POINT('',(-0.15604922854,8.124181682537E-02,
    6.00001E-02));
#4695 = CARTESIAN_POINT('',(-0.15604922854,8.124181682537E-02,
    5.00001E-02));
#4696 = CARTESIAN_POINT('',(-0.154108682219,8.287729910048E-02,
    6.00001E-02));
#4697 = CARTESIAN_POINT('',(-0.154108682219,8.287729910048E-02,
    5.00001E-02));
#4698 = CARTESIAN_POINT('',(-0.152058421662,8.434634955005E-02,
    6.00001E-02));
#4699 = CARTESIAN_POINT('',(-0.152058421662,8.434634955005E-02,
    5.00001E-02));
#4700 = CARTESIAN_POINT('',(-0.149948113129,8.572552391984E-02,
    6.00001E-02));
#4701 = CARTESIAN_POINT('',(-0.149948113129,8.572552391984E-02,
    5.00001E-02));
#4702 = CARTESIAN_POINT('',(-0.147742454695,8.696174500392E-02,
    6.00001E-02));
#4703 = CARTESIAN_POINT('',(-0.147742454695,8.696174500392E-02,
    5.00001E-02));
#4704 = CARTESIAN_POINT('',(-0.144692405133,8.846068746437E-02,
    6.00001E-02));
#4705 = CARTESIAN_POINT('',(-0.144692405133,8.846068746437E-02,
    5.00001E-02));
#4706 = CARTESIAN_POINT('',(-0.140702466611,9.002486332186E-02,
    6.00001E-02));
#4707 = CARTESIAN_POINT('',(-0.140702466611,9.002486332186E-02,
    5.00001E-02));
#4708 = CARTESIAN_POINT('',(-0.135679756923,9.133638421616E-02,
    6.00001E-02));
#4709 = CARTESIAN_POINT('',(-0.135679756923,9.133638421616E-02,
    5.00001E-02));
#4710 = CARTESIAN_POINT('',(-0.130436582681,9.217127494999E-02,
    6.00001E-02));
#4711 = CARTESIAN_POINT('',(-0.130436582681,9.217127494999E-02,
    5.00001E-02));
#4712 = CARTESIAN_POINT('',(-0.126859508406,9.226169899168E-02,
    6.00001E-02));
#4713 = CARTESIAN_POINT('',(-0.126859508406,9.226169899168E-02,
    5.00001E-02));
#4714 = CARTESIAN_POINT('',(-0.125040064103,9.230769230769E-02,
    6.00001E-02));
#4715 = CARTESIAN_POINT('',(-0.125040064103,9.230769230769E-02,
    5.00001E-02));
#4716 = ADVANCED_FACE('',(#4717),#4758,.T.);
#4717 = FACE_BOUND('',#4718,.T.);
#4718 = EDGE_LOOP('',(#4719,#4720,#4721,#4753));
#4719 = ORIENTED_EDGE('',*,*,#1764,.F.);
#4720 = ORIENTED_EDGE('',*,*,#4681,.F.);
#4721 = ORIENTED_EDGE('',*,*,#4722,.T.);
#4722 = EDGE_CURVE('',#4662,#4723,#4725,.T.);
#4723 = VERTEX_POINT('',#4724);
#4724 = CARTESIAN_POINT('',(-8.076923076923E-02,4.989983974359E-02,
    6.00001E-02));
#4725 = B_SPLINE_CURVE_WITH_KNOTS('',3,(#4726,#4727,#4728,#4729,#4730,
    #4731,#4732,#4733,#4734,#4735,#4736,#4737,#4738,#4739,#4740,#4741,
    #4742,#4743,#4744,#4745,#4746,#4747,#4748,#4749,#4750,#4751,#4752),
  .UNSPECIFIED.,.F.,.F.,(4,1,1,1,1,1,1,1,1,1,1,1,1,1,1,1,1,1,1,1,1,1,1,1
    ,4),(0.,4.395490890619E-02,8.75018747976E-02,0.130462626731,
    0.172752020567,0.21540306738,0.257649829743,0.300152748957,
    0.343121489502,0.385925163206,0.427685727403,0.468817950487,
    0.509491800155,0.549883031073,0.589980022967,0.630405230007,
    0.670868626083,0.711383943838,0.751627258064,0.791775576865,
    0.832458918804,0.873319045017,0.914542955626,0.95692355821,1.),
  .UNSPECIFIED.);
#4726 = CARTESIAN_POINT('',(-0.125040064103,9.230769230769E-02,
    6.00001E-02));
#4727 = CARTESIAN_POINT('',(-0.124037684121,9.22961505217E-02,
    6.00001E-02));
#4728 = CARTESIAN_POINT('',(-0.122042227191,9.227317406837E-02,
    6.00001E-02));
#4729 = CARTESIAN_POINT('',(-0.119080842234,9.197005620537E-02,
    6.00001E-02));
#4730 = CARTESIAN_POINT('',(-0.116174755058,9.154402163267E-02,
    6.00001E-02));
#4731 = CARTESIAN_POINT('',(-0.113325856024,9.091186954057E-02,
    6.00001E-02));
#4732 = CARTESIAN_POINT('',(-0.110537771494,9.011265185264E-02,
    6.00001E-02));
#4733 = CARTESIAN_POINT('',(-0.107792274292,8.915764002625E-02,
    6.00001E-02));
#4734 = CARTESIAN_POINT('',(-0.105129114298,8.797607317311E-02,
    6.00001E-02));
#4735 = CARTESIAN_POINT('',(-0.102511450349,8.667012288862E-02,
    6.00001E-02));
#4736 = CARTESIAN_POINT('',(-0.100003472892,8.519505303882E-02,
    6.00001E-02));
#4737 = CARTESIAN_POINT('',(-9.763047152683E-02,8.358610012791E-02,
    6.00001E-02));
#4738 = CARTESIAN_POINT('',(-9.54011010148E-02,8.186126880106E-02,
    6.00001E-02));
#4739 = CARTESIAN_POINT('',(-9.331359781099E-02,8.001409433313E-02,
    6.00001E-02));
#4740 = CARTESIAN_POINT('',(-9.136582785855E-02,7.80528954624E-02,
    6.00001E-02));
#4741 = CARTESIAN_POINT('',(-8.957190469269E-02,7.5956771417E-02,
    6.00001E-02));
#4742 = CARTESIAN_POINT('',(-8.793803582796E-02,7.373242360222E-02,
    6.00001E-02));
#4743 = CARTESIAN_POINT('',(-8.643183511186E-02,7.140918338626E-02,
    6.00001E-02));
#4744 = CARTESIAN_POINT('',(-8.508289987316E-02,6.899381791098E-02,
    6.00001E-02));
#4745 = CARTESIAN_POINT('',(-8.39534747477E-02,6.647738732702E-02,
    6.00001E-02));
#4746 = CARTESIAN_POINT('',(-8.295332839897E-02,6.390298438328E-02,
    6.00001E-02));
#4747 = CARTESIAN_POINT('',(-8.216192146623E-02,6.124152264532E-02,
    6.00001E-02));
#4748 = CARTESIAN_POINT('',(-8.153550669962E-02,5.851172933551E-02,
    6.00001E-02));
#4749 = CARTESIAN_POINT('',(-8.110328774895E-02,5.570627825122E-02,
    6.00001E-02));
#4750 = CARTESIAN_POINT('',(-8.08036171434E-02,5.283103026273E-02,
    6.00001E-02));
#4751 = CARTESIAN_POINT('',(-8.078075494623E-02,5.088219275946E-02,
    6.00001E-02));
#4752 = CARTESIAN_POINT('',(-8.076923076923E-02,4.989983974359E-02,
    6.00001E-02));
#4753 = ORIENTED_EDGE('',*,*,#4754,.T.);
#4754 = EDGE_CURVE('',#4723,#1765,#4755,.T.);
#4755 = B_SPLINE_CURVE_WITH_KNOTS('',1,(#4756,#4757),.UNSPECIFIED.,.F.,
  .F.,(2,2),(-0.,1.E-02),.PIECEWISE_BEZIER_KNOTS.);
#4756 = CARTESIAN_POINT('',(-8.076923076923E-02,4.989983974359E-02,
    6.00001E-02));
#4757 = CARTESIAN_POINT('',(-8.076923076923E-02,4.989983974359E-02,
    5.00001E-02));
#4758 = B_SPLINE_SURFACE_WITH_KNOTS('',3,1,(
    (#4759,#4760)
    ,(#4761,#4762)
    ,(#4763,#4764)
    ,(#4765,#4766)
    ,(#4767,#4768)
    ,(#4769,#4770)
    ,(#4771,#4772)
    ,(#4773,#4774)
    ,(#4775,#4776)
    ,(#4777,#4778)
    ,(#4779,#4780)
    ,(#4781,#4782)
    ,(#4783,#4784)
    ,(#4785,#4786)
    ,(#4787,#4788)
    ,(#4789,#4790)
    ,(#4791,#4792)
    ,(#4793,#4794)
    ,(#4795,#4796)
    ,(#4797,#4798)
    ,(#4799,#4800)
    ,(#4801,#4802)
    ,(#4803,#4804)
    ,(#4805,#4806)
    ,(#4807,#4808)
    ,(#4809,#4810)
    ,(#4811,#4812
    )),.UNSPECIFIED.,.F.,.F.,.F.,(4,1,1,1,1,1,1,1,1,1,1,1,1,1,1,1,1,1,1,
    1,1,1,1,1,4),(2,2),(0.,4.395490890619E-02,8.75018747976E-02,
    0.130462626731,0.172752020567,0.21540306738,0.257649829743,
    0.300152748957,0.343121489502,0.385925163206,0.427685727403,
    0.468817950487,0.509491800155,0.549883031073,0.589980022967,
    0.630405230007,0.670868626083,0.711383943838,0.751627258064,
    0.791775576865,0.832458918804,0.873319045017,0.914542955626,
    0.95692355821,1.),(0.,1.),.UNSPECIFIED.);
#4759 = CARTESIAN_POINT('',(-0.125040064103,9.230769230769E-02,
    6.00001E-02));
#4760 = CARTESIAN_POINT('',(-0.125040064103,9.230769230769E-02,
    5.00001E-02));
#4761 = CARTESIAN_POINT('',(-0.124037684121,9.22961505217E-02,
    6.00001E-02));
#4762 = CARTESIAN_POINT('',(-0.124037684121,9.22961505217E-02,
    5.00001E-02));
#4763 = CARTESIAN_POINT('',(-0.122042227191,9.227317406837E-02,
    6.00001E-02));
#4764 = CARTESIAN_POINT('',(-0.122042227191,9.227317406837E-02,
    5.00001E-02));
#4765 = CARTESIAN_POINT('',(-0.119080842234,9.197005620537E-02,
    6.00001E-02));
#4766 = CARTESIAN_POINT('',(-0.119080842234,9.197005620537E-02,
    5.00001E-02));
#4767 = CARTESIAN_POINT('',(-0.116174755058,9.154402163267E-02,
    6.00001E-02));
#4768 = CARTESIAN_POINT('',(-0.116174755058,9.154402163267E-02,
    5.00001E-02));
#4769 = CARTESIAN_POINT('',(-0.113325856024,9.091186954057E-02,
    6.00001E-02));
#4770 = CARTESIAN_POINT('',(-0.113325856024,9.091186954057E-02,
    5.00001E-02));
#4771 = CARTESIAN_POINT('',(-0.110537771494,9.011265185264E-02,
    6.00001E-02));
#4772 = CARTESIAN_POINT('',(-0.110537771494,9.011265185264E-02,
    5.00001E-02));
#4773 = CARTESIAN_POINT('',(-0.107792274292,8.915764002625E-02,
    6.00001E-02));
#4774 = CARTESIAN_POINT('',(-0.107792274292,8.915764002625E-02,
    5.00001E-02));
#4775 = CARTESIAN_POINT('',(-0.105129114298,8.797607317311E-02,
    6.00001E-02));
#4776 = CARTESIAN_POINT('',(-0.105129114298,8.797607317311E-02,
    5.00001E-02));
#4777 = CARTESIAN_POINT('',(-0.102511450349,8.667012288862E-02,
    6.00001E-02));
#4778 = CARTESIAN_POINT('',(-0.102511450349,8.667012288862E-02,
    5.00001E-02));
#4779 = CARTESIAN_POINT('',(-0.100003472892,8.519505303882E-02,
    6.00001E-02));
#4780 = CARTESIAN_POINT('',(-0.100003472892,8.519505303882E-02,
    5.00001E-02));
#4781 = CARTESIAN_POINT('',(-9.763047152683E-02,8.358610012791E-02,
    6.00001E-02));
#4782 = CARTESIAN_POINT('',(-9.763047152683E-02,8.358610012791E-02,
    5.00001E-02));
#4783 = CARTESIAN_POINT('',(-9.54011010148E-02,8.186126880106E-02,
    6.00001E-02));
#4784 = CARTESIAN_POINT('',(-9.54011010148E-02,8.186126880106E-02,
    5.00001E-02));
#4785 = CARTESIAN_POINT('',(-9.331359781099E-02,8.001409433313E-02,
    6.00001E-02));
#4786 = CARTESIAN_POINT('',(-9.331359781099E-02,8.001409433313E-02,
    5.00001E-02));
#4787 = CARTESIAN_POINT('',(-9.136582785855E-02,7.80528954624E-02,
    6.00001E-02));
#4788 = CARTESIAN_POINT('',(-9.136582785855E-02,7.80528954624E-02,
    5.00001E-02));
#4789 = CARTESIAN_POINT('',(-8.957190469269E-02,7.5956771417E-02,
    6.00001E-02));
#4790 = CARTESIAN_POINT('',(-8.957190469269E-02,7.5956771417E-02,
    5.00001E-02));
#4791 = CARTESIAN_POINT('',(-8.793803582796E-02,7.373242360222E-02,
    6.00001E-02));
#4792 = CARTESIAN_POINT('',(-8.793803582796E-02,7.373242360222E-02,
    5.00001E-02));
#4793 = CARTESIAN_POINT('',(-8.643183511186E-02,7.140918338626E-02,
    6.00001E-02));
#4794 = CARTESIAN_POINT('',(-8.643183511186E-02,7.140918338626E-02,
    5.00001E-02));
#4795 = CARTESIAN_POINT('',(-8.508289987316E-02,6.899381791098E-02,
    6.00001E-02));
#4796 = CARTESIAN_POINT('',(-8.508289987316E-02,6.899381791098E-02,
    5.00001E-02));
#4797 = CARTESIAN_POINT('',(-8.39534747477E-02,6.647738732702E-02,
    6.00001E-02));
#4798 = CARTESIAN_POINT('',(-8.39534747477E-02,6.647738732702E-02,
    5.00001E-02));
#4799 = CARTESIAN_POINT('',(-8.295332839897E-02,6.390298438328E-02,
    6.00001E-02));
#4800 = CARTESIAN_POINT('',(-8.295332839897E-02,6.390298438328E-02,
    5.00001E-02));
#4801 = CARTESIAN_POINT('',(-8.216192146623E-02,6.124152264532E-02,
    6.00001E-02));
#4802 = CARTESIAN_POINT('',(-8.216192146623E-02,6.124152264532E-02,
    5.00001E-02));
#4803 = CARTESIAN_POINT('',(-8.153550669962E-02,5.851172933551E-02,
    6.00001E-02));
#4804 = CARTESIAN_POINT('',(-8.153550669962E-02,5.851172933551E-02,
    5.00001E-02));
#4805 = CARTESIAN_POINT('',(-8.110328774895E-02,5.570627825122E-02,
    6.00001E-02));
#4806 = CARTESIAN_POINT('',(-8.110328774895E-02,5.570627825122E-02,
    5.00001E-02));
#4807 = CARTESIAN_POINT('',(-8.08036171434E-02,5.283103026273E-02,
    6.00001E-02));
#4808 = CARTESIAN_POINT('',(-8.08036171434E-02,5.283103026273E-02,
    5.00001E-02));
#4809 = CARTESIAN_POINT('',(-8.078075494623E-02,5.088219275946E-02,
    6.00001E-02));
#4810 = CARTESIAN_POINT('',(-8.078075494623E-02,5.088219275946E-02,
    5.00001E-02));
#4811 = CARTESIAN_POINT('',(-8.076923076923E-02,4.989983974359E-02,
    6.00001E-02));
#4812 = CARTESIAN_POINT('',(-8.076923076923E-02,4.989983974359E-02,
    5.00001E-02));
#4813 = ADVANCED_FACE('',(#4814),#4847,.T.);
#4814 = FACE_BOUND('',#4815,.T.);
#4815 = EDGE_LOOP('',(#4816,#4817,#4818,#4842));
#4816 = ORIENTED_EDGE('',*,*,#1796,.F.);
#4817 = ORIENTED_EDGE('',*,*,#4754,.F.);
#4818 = ORIENTED_EDGE('',*,*,#4819,.T.);
#4819 = EDGE_CURVE('',#4723,#4820,#4822,.T.);
#4820 = VERTEX_POINT('',#4821);
#4821 = CARTESIAN_POINT('',(-0.125661057692,7.692307692308E-03,
    6.00001E-02));
#4822 = B_SPLINE_CURVE_WITH_KNOTS('',3,(#4823,#4824,#4825,#4826,#4827,
    #4828,#4829,#4830,#4831,#4832,#4833,#4834,#4835,#4836,#4837,#4838,
    #4839,#4840,#4841),.UNSPECIFIED.,.F.,.F.,(4,1,1,1,1,1,1,1,1,1,1,1,1,
    1,1,1,4),(0.,6.432321657984E-02,0.126290103704,0.186726469216,
    0.246146432335,0.305575642646,0.365429385618,0.426326308948,
    0.488839906401,0.551724971814,0.613918596466,0.675483765768,
    0.737333897099,0.800229044395,0.864502298123,0.931040739156,1.),
  .UNSPECIFIED.);
#4823 = CARTESIAN_POINT('',(-8.076923076923E-02,4.989983974359E-02,
    6.00001E-02));
#4824 = CARTESIAN_POINT('',(-8.080528274134E-02,4.842180203151E-02,
    6.00001E-02));
#4825 = CARTESIAN_POINT('',(-8.087606600653E-02,4.551987103581E-02,
    6.00001E-02));
#4826 = CARTESIAN_POINT('',(-8.150601840883E-02,4.126928216321E-02,
    6.00001E-02));
#4827 = CARTESIAN_POINT('',(-8.246330673136E-02,3.719726291234E-02,
    6.00001E-02));
#4828 = CARTESIAN_POINT('',(-8.389803750095E-02,3.332926741774E-02,
    6.00001E-02));
#4829 = CARTESIAN_POINT('',(-8.566715323125E-02,2.961760004466E-02,
    6.00001E-02));
#4830 = CARTESIAN_POINT('',(-8.790259927426E-02,2.61250613759E-02,
    6.00001E-02));
#4831 = CARTESIAN_POINT('',(-9.049164319895E-02,2.279887381843E-02,
    6.00001E-02));
#4832 = CARTESIAN_POINT('',(-9.347091232641E-02,1.97176467399E-02,
    6.00001E-02));
#4833 = CARTESIAN_POINT('',(-9.67396499261E-02,1.690296887424E-02,
    6.00001E-02));
#4834 = CARTESIAN_POINT('',(-0.100246733115,1.442438083106E-02,
    6.00001E-02));
#4835 = CARTESIAN_POINT('',(-0.103983427051,1.235824133202E-02,
    6.00001E-02));
#4836 = CARTESIAN_POINT('',(-0.107908473628,1.063892857442E-02,
    6.00001E-02));
#4837 = CARTESIAN_POINT('',(-0.112052076883,9.317307784257E-03,
    6.00001E-02));
#4838 = CARTESIAN_POINT('',(-0.116406785523,8.386904255592E-03,
    6.00001E-02));
#4839 = CARTESIAN_POINT('',(-0.120963128245,7.779984811546E-03,
    6.00001E-02));
#4840 = CARTESIAN_POINT('',(-0.12407653967,7.721879438142E-03,
    6.00001E-02));
#4841 = CARTESIAN_POINT('',(-0.125661057692,7.692307692308E-03,
    6.00001E-02));
#4842 = ORIENTED_EDGE('',*,*,#4843,.T.);
#4843 = EDGE_CURVE('',#4820,#1797,#4844,.T.);
#4844 = B_SPLINE_CURVE_WITH_KNOTS('',1,(#4845,#4846),.UNSPECIFIED.,.F.,
  .F.,(2,2),(-0.,1.E-02),.PIECEWISE_BEZIER_KNOTS.);
#4845 = CARTESIAN_POINT('',(-0.125661057692,7.692307692308E-03,
    6.00001E-02));
#4846 = CARTESIAN_POINT('',(-0.125661057692,7.692307692308E-03,
    5.00001E-02));
#4847 = B_SPLINE_SURFACE_WITH_KNOTS('',3,1,(
    (#4848,#4849)
    ,(#4850,#4851)
    ,(#4852,#4853)
    ,(#4854,#4855)
    ,(#4856,#4857)
    ,(#4858,#4859)
    ,(#4860,#4861)
    ,(#4862,#4863)
    ,(#4864,#4865)
    ,(#4866,#4867)
    ,(#4868,#4869)
    ,(#4870,#4871)
    ,(#4872,#4873)
    ,(#4874,#4875)
    ,(#4876,#4877)
    ,(#4878,#4879)
    ,(#4880,#4881)
    ,(#4882,#4883)
    ,(#4884,#4885
    )),.UNSPECIFIED.,.F.,.F.,.F.,(4,1,1,1,1,1,1,1,1,1,1,1,1,1,1,1,4),(2,
    2),(0.,6.432321657984E-02,0.126290103704,0.186726469216,
    0.246146432335,0.305575642646,0.365429385618,0.426326308948,
    0.488839906401,0.551724971814,0.613918596466,0.675483765768,
    0.737333897099,0.800229044395,0.864502298123,0.931040739156,1.),(0.,
    1.),.UNSPECIFIED.);
#4848 = CARTESIAN_POINT('',(-8.076923076923E-02,4.989983974359E-02,
    6.00001E-02));
#4849 = CARTESIAN_POINT('',(-8.076923076923E-02,4.989983974359E-02,
    5.00001E-02));
#4850 = CARTESIAN_POINT('',(-8.080528274134E-02,4.842180203151E-02,
    6.00001E-02));
#4851 = CARTESIAN_POINT('',(-8.080528274134E-02,4.842180203151E-02,
    5.00001E-02));
#4852 = CARTESIAN_POINT('',(-8.087606600653E-02,4.551987103581E-02,
    6.00001E-02));
#4853 = CARTESIAN_POINT('',(-8.087606600653E-02,4.551987103581E-02,
    5.00001E-02));
#4854 = CARTESIAN_POINT('',(-8.150601840883E-02,4.126928216321E-02,
    6.00001E-02));
#4855 = CARTESIAN_POINT('',(-8.150601840883E-02,4.126928216321E-02,
    5.00001E-02));
#4856 = CARTESIAN_POINT('',(-8.246330673136E-02,3.719726291234E-02,
    6.00001E-02));
#4857 = CARTESIAN_POINT('',(-8.246330673136E-02,3.719726291234E-02,
    5.00001E-02));
#4858 = CARTESIAN_POINT('',(-8.389803750095E-02,3.332926741774E-02,
    6.00001E-02));
#4859 = CARTESIAN_POINT('',(-8.389803750095E-02,3.332926741774E-02,
    5.00001E-02));
#4860 = CARTESIAN_POINT('',(-8.566715323125E-02,2.961760004466E-02,
    6.00001E-02));
#4861 = CARTESIAN_POINT('',(-8.566715323125E-02,2.961760004466E-02,
    5.00001E-02));
#4862 = CARTESIAN_POINT('',(-8.790259927426E-02,2.61250613759E-02,
    6.00001E-02));
#4863 = CARTESIAN_POINT('',(-8.790259927426E-02,2.61250613759E-02,
    5.00001E-02));
#4864 = CARTESIAN_POINT('',(-9.049164319895E-02,2.279887381843E-02,
    6.00001E-02));
#4865 = CARTESIAN_POINT('',(-9.049164319895E-02,2.279887381843E-02,
    5.00001E-02));
#4866 = CARTESIAN_POINT('',(-9.347091232641E-02,1.97176467399E-02,
    6.00001E-02));
#4867 = CARTESIAN_POINT('',(-9.347091232641E-02,1.97176467399E-02,
    5.00001E-02));
#4868 = CARTESIAN_POINT('',(-9.67396499261E-02,1.690296887424E-02,
    6.00001E-02));
#4869 = CARTESIAN_POINT('',(-9.67396499261E-02,1.690296887424E-02,
    5.00001E-02));
#4870 = CARTESIAN_POINT('',(-0.100246733115,1.442438083106E-02,
    6.00001E-02));
#4871 = CARTESIAN_POINT('',(-0.100246733115,1.442438083106E-02,
    5.00001E-02));
#4872 = CARTESIAN_POINT('',(-0.103983427051,1.235824133202E-02,
    6.00001E-02));
#4873 = CARTESIAN_POINT('',(-0.103983427051,1.235824133202E-02,
    5.00001E-02));
#4874 = CARTESIAN_POINT('',(-0.107908473628,1.063892857442E-02,
    6.00001E-02));
#4875 = CARTESIAN_POINT('',(-0.107908473628,1.063892857442E-02,
    5.00001E-02));
#4876 = CARTESIAN_POINT('',(-0.112052076883,9.317307784257E-03,
    6.00001E-02));
#4877 = CARTESIAN_POINT('',(-0.112052076883,9.317307784257E-03,
    5.00001E-02));
#4878 = CARTESIAN_POINT('',(-0.116406785523,8.386904255592E-03,
    6.00001E-02));
#4879 = CARTESIAN_POINT('',(-0.116406785523,8.386904255592E-03,
    5.00001E-02));
#4880 = CARTESIAN_POINT('',(-0.120963128245,7.779984811546E-03,
    6.00001E-02));
#4881 = CARTESIAN_POINT('',(-0.120963128245,7.779984811546E-03,
    5.00001E-02));
#4882 = CARTESIAN_POINT('',(-0.12407653967,7.721879438142E-03,
    6.00001E-02));
#4883 = CARTESIAN_POINT('',(-0.12407653967,7.721879438142E-03,
    5.00001E-02));
#4884 = CARTESIAN_POINT('',(-0.125661057692,7.692307692308E-03,
    6.00001E-02));
#4885 = CARTESIAN_POINT('',(-0.125661057692,7.692307692308E-03,
    5.00001E-02));
#4886 = ADVANCED_FACE('',(#4887),#4912,.T.);
#4887 = FACE_BOUND('',#4888,.T.);
#4888 = EDGE_LOOP('',(#4889,#4890,#4891,#4907));
#4889 = ORIENTED_EDGE('',*,*,#1820,.F.);
#4890 = ORIENTED_EDGE('',*,*,#4843,.F.);
#4891 = ORIENTED_EDGE('',*,*,#4892,.T.);
#4892 = EDGE_CURVE('',#4820,#4893,#4895,.T.);
#4893 = VERTEX_POINT('',#4894);
#4894 = CARTESIAN_POINT('',(-0.161378205128,2.435897435897E-02,
    6.00001E-02));
#4895 = B_SPLINE_CURVE_WITH_KNOTS('',3,(#4896,#4897,#4898,#4899,#4900,
    #4901,#4902,#4903,#4904,#4905,#4906),.UNSPECIFIED.,.F.,.F.,(4,1,1,1,
    1,1,1,1,4),(0.,0.128515189512,0.252948636353,0.374754734006,
    0.495939753867,0.61718064143,0.740909469278,0.867811148186,1.),
  .UNSPECIFIED.);
#4896 = CARTESIAN_POINT('',(-0.125661057692,7.692307692308E-03,
    6.00001E-02));
#4897 = CARTESIAN_POINT('',(-0.127406848806,7.740558542334E-03,
    6.00001E-02));
#4898 = CARTESIAN_POINT('',(-0.130842983347,7.83552775775E-03,
    6.00001E-02));
#4899 = CARTESIAN_POINT('',(-0.135882069814,8.640077732689E-03,
    6.00001E-02));
#4900 = CARTESIAN_POINT('',(-0.140705948832,9.944589670832E-03,
    6.00001E-02));
#4901 = CARTESIAN_POINT('',(-0.145314879876,1.177024459424E-02,
    6.00001E-02));
#4902 = CARTESIAN_POINT('',(-0.149695869767,1.414353853432E-02,
    6.00001E-02));
#4903 = CARTESIAN_POINT('',(-0.153855774348,1.702062074596E-02,
    6.00001E-02));
#4904 = CARTESIAN_POINT('',(-0.157798104934,2.042885882483E-02,
    6.00001E-02));
#4905 = CARTESIAN_POINT('',(-0.160168712997,2.303123391789E-02,
    6.00001E-02));
#4906 = CARTESIAN_POINT('',(-0.161378205128,2.435897435897E-02,
    6.00001E-02));
#4907 = ORIENTED_EDGE('',*,*,#4908,.T.);
#4908 = EDGE_CURVE('',#4893,#1821,#4909,.T.);
#4909 = B_SPLINE_CURVE_WITH_KNOTS('',1,(#4910,#4911),.UNSPECIFIED.,.F.,
  .F.,(2,2),(-0.,1.E-02),.PIECEWISE_BEZIER_KNOTS.);
#4910 = CARTESIAN_POINT('',(-0.161378205128,2.435897435897E-02,
    6.00001E-02));
#4911 = CARTESIAN_POINT('',(-0.161378205128,2.435897435897E-02,
    5.00001E-02));
#4912 = B_SPLINE_SURFACE_WITH_KNOTS('',3,1,(
    (#4913,#4914)
    ,(#4915,#4916)
    ,(#4917,#4918)
    ,(#4919,#4920)
    ,(#4921,#4922)
    ,(#4923,#4924)
    ,(#4925,#4926)
    ,(#4927,#4928)
    ,(#4929,#4930)
    ,(#4931,#4932)
    ,(#4933,#4934
  )),.UNSPECIFIED.,.F.,.F.,.F.,(4,1,1,1,1,1,1,1,4),(2,2),(0.,
    0.128515189512,0.252948636353,0.374754734006,0.495939753867,
    0.61718064143,0.740909469278,0.867811148186,1.),(0.,1.),
  .UNSPECIFIED.);
#4913 = CARTESIAN_POINT('',(-0.125661057692,7.692307692308E-03,
    6.00001E-02));
#4914 = CARTESIAN_POINT('',(-0.125661057692,7.692307692308E-03,
    5.00001E-02));
#4915 = CARTESIAN_POINT('',(-0.127406848806,7.740558542334E-03,
    6.00001E-02));
#4916 = CARTESIAN_POINT('',(-0.127406848806,7.740558542334E-03,
    5.00001E-02));
#4917 = CARTESIAN_POINT('',(-0.130842983347,7.83552775775E-03,
    6.00001E-02));
#4918 = CARTESIAN_POINT('',(-0.130842983347,7.83552775775E-03,
    5.00001E-02));
#4919 = CARTESIAN_POINT('',(-0.135882069814,8.640077732689E-03,
    6.00001E-02));
#4920 = CARTESIAN_POINT('',(-0.135882069814,8.640077732689E-03,
    5.00001E-02));
#4921 = CARTESIAN_POINT('',(-0.140705948832,9.944589670832E-03,
    6.00001E-02));
#4922 = CARTESIAN_POINT('',(-0.140705948832,9.944589670832E-03,
    5.00001E-02));
#4923 = CARTESIAN_POINT('',(-0.145314879876,1.177024459424E-02,
    6.00001E-02));
#4924 = CARTESIAN_POINT('',(-0.145314879876,1.177024459424E-02,
    5.00001E-02));
#4925 = CARTESIAN_POINT('',(-0.149695869767,1.414353853432E-02,
    6.00001E-02));
#4926 = CARTESIAN_POINT('',(-0.149695869767,1.414353853432E-02,
    5.00001E-02));
#4927 = CARTESIAN_POINT('',(-0.153855774348,1.702062074596E-02,
    6.00001E-02));
#4928 = CARTESIAN_POINT('',(-0.153855774348,1.702062074596E-02,
    5.00001E-02));
#4929 = CARTESIAN_POINT('',(-0.157798104934,2.042885882483E-02,
    6.00001E-02));
#4930 = CARTESIAN_POINT('',(-0.157798104934,2.042885882483E-02,
    5.00001E-02));
#4931 = CARTESIAN_POINT('',(-0.160168712997,2.303123391789E-02,
    6.00001E-02));
#4932 = CARTESIAN_POINT('',(-0.160168712997,2.303123391789E-02,
    5.00001E-02));
#4933 = CARTESIAN_POINT('',(-0.161378205128,2.435897435897E-02,
    6.00001E-02));
#4934 = CARTESIAN_POINT('',(-0.161378205128,2.435897435897E-02,
    5.00001E-02));
#4935 = ADVANCED_FACE('',(#4936),#4952,.T.);
#4936 = FACE_BOUND('',#4937,.T.);
#4937 = EDGE_LOOP('',(#4938,#4939,#4940,#4947));
#4938 = ORIENTED_EDGE('',*,*,#1836,.F.);
#4939 = ORIENTED_EDGE('',*,*,#4908,.F.);
#4940 = ORIENTED_EDGE('',*,*,#4941,.T.);
#4941 = EDGE_CURVE('',#4893,#4942,#4944,.T.);
#4942 = VERTEX_POINT('',#4943);
#4943 = CARTESIAN_POINT('',(-0.169230769231,1.840945512821E-02,
    6.00001E-02));
#4944 = B_SPLINE_CURVE_WITH_KNOTS('',1,(#4945,#4946),.UNSPECIFIED.,.F.,
  .F.,(2,2),(0.,9.851880128289E-03),.PIECEWISE_BEZIER_KNOTS.);
#4945 = CARTESIAN_POINT('',(-0.161378205128,2.435897435897E-02,
    6.00001E-02));
#4946 = CARTESIAN_POINT('',(-0.169230769231,1.840945512821E-02,
    6.00001E-02));
#4947 = ORIENTED_EDGE('',*,*,#4948,.T.);
#4948 = EDGE_CURVE('',#4942,#1837,#4949,.T.);
#4949 = B_SPLINE_CURVE_WITH_KNOTS('',1,(#4950,#4951),.UNSPECIFIED.,.F.,
  .F.,(2,2),(-0.,1.E-02),.PIECEWISE_BEZIER_KNOTS.);
#4950 = CARTESIAN_POINT('',(-0.169230769231,1.840945512821E-02,
    6.00001E-02));
#4951 = CARTESIAN_POINT('',(-0.169230769231,1.840945512821E-02,
    5.00001E-02));
#4952 = B_SPLINE_SURFACE_WITH_KNOTS('',1,1,(
    (#4953,#4954)
    ,(#4955,#4956
    )),.UNSPECIFIED.,.F.,.F.,.F.,(2,2),(2,2),(-9.851880128289E-03,0.),(
    -1.E-02,0.),.PIECEWISE_BEZIER_KNOTS.);
#4953 = CARTESIAN_POINT('',(-0.169230769231,1.840945512821E-02,
    5.00001E-02));
#4954 = CARTESIAN_POINT('',(-0.169230769231,1.840945512821E-02,
    6.00001E-02));
#4955 = CARTESIAN_POINT('',(-0.161378205128,2.435897435897E-02,
    5.00001E-02));
#4956 = CARTESIAN_POINT('',(-0.161378205128,2.435897435897E-02,
    6.00001E-02));
#4957 = ADVANCED_FACE('',(#4958),#4991,.T.);
#4958 = FACE_BOUND('',#4959,.T.);
#4959 = EDGE_LOOP('',(#4960,#4961,#4962,#4986));
#4960 = ORIENTED_EDGE('',*,*,#1843,.F.);
#4961 = ORIENTED_EDGE('',*,*,#4948,.F.);
#4962 = ORIENTED_EDGE('',*,*,#4963,.T.);
#4963 = EDGE_CURVE('',#4942,#4964,#4966,.T.);
#4964 = VERTEX_POINT('',#4965);
#4965 = CARTESIAN_POINT('',(-0.125721153846,-2.564102564102E-03,
    6.00001E-02));
#4966 = B_SPLINE_CURVE_WITH_KNOTS('',3,(#4967,#4968,#4969,#4970,#4971,
    #4972,#4973,#4974,#4975,#4976,#4977,#4978,#4979,#4980,#4981,#4982,
    #4983,#4984,#4985),.UNSPECIFIED.,.F.,.F.,(4,1,1,1,1,1,1,1,1,1,1,1,1,
    1,1,1,4),(0.,6.167423887743E-02,0.123053061635,0.183475000732,
    0.243726500511,0.304278916512,0.364862920961,0.425946203969,
    0.487391229965,0.549220384075,0.611143588693,0.67352853031,
    0.736961456657,0.800785282873,0.866012595642,0.932100747791,1.),
  .UNSPECIFIED.);
#4967 = CARTESIAN_POINT('',(-0.169230769231,1.840945512821E-02,
    6.00001E-02));
#4968 = CARTESIAN_POINT('',(-0.168598823234,1.759407078754E-02,
    6.00001E-02));
#4969 = CARTESIAN_POINT('',(-0.167337958227,1.596720775114E-02,
    6.00001E-02));
#4970 = CARTESIAN_POINT('',(-0.165296300598,1.367373033045E-02,
    6.00001E-02));
#4971 = CARTESIAN_POINT('',(-0.163145520673,1.151647217333E-02,
    6.00001E-02));
#4972 = CARTESIAN_POINT('',(-0.160869643244,9.512825852545E-03,
    6.00001E-02));
#4973 = CARTESIAN_POINT('',(-0.158494849199,7.622698263835E-03,
    6.00001E-02));
#4974 = CARTESIAN_POINT('',(-0.155978497417,5.899788798815E-03,
    6.00001E-02));
#4975 = CARTESIAN_POINT('',(-0.153353667917,4.32004924789E-03,
    6.00001E-02));
#4976 = CARTESIAN_POINT('',(-0.150629254234,2.873565690402E-03,
    6.00001E-02));
#4977 = CARTESIAN_POINT('',(-0.147808151011,1.590215775416E-03,
    6.00001E-02));
#4978 = CARTESIAN_POINT('',(-0.144893738584,4.915366956447E-04,
    6.00001E-02));
#4979 = CARTESIAN_POINT('',(-0.141898579284,-4.548887195705E-04,
    6.00001E-02));
#4980 = CARTESIAN_POINT('',(-0.138822536187,-1.23351548311E-03,
    6.00001E-02));
#4981 = CARTESIAN_POINT('',(-0.135659228849,-1.841260736637E-03,
    6.00001E-02));
#4982 = CARTESIAN_POINT('',(-0.132420072446,-2.247537160773E-03,
    6.00001E-02));
#4983 = CARTESIAN_POINT('',(-0.129098076011,-2.525877573197E-03,
    6.00001E-02));
#4984 = CARTESIAN_POINT('',(-0.126856892551,-2.551246596589E-03,
    6.00001E-02));
#4985 = CARTESIAN_POINT('',(-0.125721153846,-2.564102564102E-03,
    6.00001E-02));
#4986 = ORIENTED_EDGE('',*,*,#4987,.T.);
#4987 = EDGE_CURVE('',#4964,#1844,#4988,.T.);
#4988 = B_SPLINE_CURVE_WITH_KNOTS('',1,(#4989,#4990),.UNSPECIFIED.,.F.,
  .F.,(2,2),(-0.,1.E-02),.PIECEWISE_BEZIER_KNOTS.);
#4989 = CARTESIAN_POINT('',(-0.125721153846,-2.564102564102E-03,
    6.00001E-02));
#4990 = CARTESIAN_POINT('',(-0.125721153846,-2.564102564102E-03,
    5.00001E-02));
#4991 = B_SPLINE_SURFACE_WITH_KNOTS('',3,1,(
    (#4992,#4993)
    ,(#4994,#4995)
    ,(#4996,#4997)
    ,(#4998,#4999)
    ,(#5000,#5001)
    ,(#5002,#5003)
    ,(#5004,#5005)
    ,(#5006,#5007)
    ,(#5008,#5009)
    ,(#5010,#5011)
    ,(#5012,#5013)
    ,(#5014,#5015)
    ,(#5016,#5017)
    ,(#5018,#5019)
    ,(#5020,#5021)
    ,(#5022,#5023)
    ,(#5024,#5025)
    ,(#5026,#5027)
    ,(#5028,#5029
    )),.UNSPECIFIED.,.F.,.F.,.F.,(4,1,1,1,1,1,1,1,1,1,1,1,1,1,1,1,4),(2,
    2),(0.,6.167423887743E-02,0.123053061635,0.183475000732,
    0.243726500511,0.304278916512,0.364862920961,0.425946203969,
    0.487391229965,0.549220384075,0.611143588693,0.67352853031,
    0.736961456657,0.800785282873,0.866012595642,0.932100747791,1.),(0.,
    1.),.UNSPECIFIED.);
#4992 = CARTESIAN_POINT('',(-0.169230769231,1.840945512821E-02,
    6.00001E-02));
#4993 = CARTESIAN_POINT('',(-0.169230769231,1.840945512821E-02,
    5.00001E-02));
#4994 = CARTESIAN_POINT('',(-0.168598823234,1.759407078754E-02,
    6.00001E-02));
#4995 = CARTESIAN_POINT('',(-0.168598823234,1.759407078754E-02,
    5.00001E-02));
#4996 = CARTESIAN_POINT('',(-0.167337958227,1.596720775114E-02,
    6.00001E-02));
#4997 = CARTESIAN_POINT('',(-0.167337958227,1.596720775114E-02,
    5.00001E-02));
#4998 = CARTESIAN_POINT('',(-0.165296300598,1.367373033045E-02,
    6.00001E-02));
#4999 = CARTESIAN_POINT('',(-0.165296300598,1.367373033045E-02,
    5.00001E-02));
#5000 = CARTESIAN_POINT('',(-0.163145520673,1.151647217333E-02,
    6.00001E-02));
#5001 = CARTESIAN_POINT('',(-0.163145520673,1.151647217333E-02,
    5.00001E-02));
#5002 = CARTESIAN_POINT('',(-0.160869643244,9.512825852545E-03,
    6.00001E-02));
#5003 = CARTESIAN_POINT('',(-0.160869643244,9.512825852545E-03,
    5.00001E-02));
#5004 = CARTESIAN_POINT('',(-0.158494849199,7.622698263835E-03,
    6.00001E-02));
#5005 = CARTESIAN_POINT('',(-0.158494849199,7.622698263835E-03,
    5.00001E-02));
#5006 = CARTESIAN_POINT('',(-0.155978497417,5.899788798815E-03,
    6.00001E-02));
#5007 = CARTESIAN_POINT('',(-0.155978497417,5.899788798815E-03,
    5.00001E-02));
#5008 = CARTESIAN_POINT('',(-0.153353667917,4.32004924789E-03,
    6.00001E-02));
#5009 = CARTESIAN_POINT('',(-0.153353667917,4.32004924789E-03,
    5.00001E-02));
#5010 = CARTESIAN_POINT('',(-0.150629254234,2.873565690402E-03,
    6.00001E-02));
#5011 = CARTESIAN_POINT('',(-0.150629254234,2.873565690402E-03,
    5.00001E-02));
#5012 = CARTESIAN_POINT('',(-0.147808151011,1.590215775416E-03,
    6.00001E-02));
#5013 = CARTESIAN_POINT('',(-0.147808151011,1.590215775416E-03,
    5.00001E-02));
#5014 = CARTESIAN_POINT('',(-0.144893738584,4.915366956447E-04,
    6.00001E-02));
#5015 = CARTESIAN_POINT('',(-0.144893738584,4.915366956447E-04,
    5.00001E-02));
#5016 = CARTESIAN_POINT('',(-0.141898579284,-4.548887195705E-04,
    6.00001E-02));
#5017 = CARTESIAN_POINT('',(-0.141898579284,-4.548887195705E-04,
    5.00001E-02));
#5018 = CARTESIAN_POINT('',(-0.138822536187,-1.23351548311E-03,
    6.00001E-02));
#5019 = CARTESIAN_POINT('',(-0.138822536187,-1.23351548311E-03,
    5.00001E-02));
#5020 = CARTESIAN_POINT('',(-0.135659228849,-1.841260736637E-03,
    6.00001E-02));
#5021 = CARTESIAN_POINT('',(-0.135659228849,-1.841260736637E-03,
    5.00001E-02));
#5022 = CARTESIAN_POINT('',(-0.132420072446,-2.247537160773E-03,
    6.00001E-02));
#5023 = CARTESIAN_POINT('',(-0.132420072446,-2.247537160773E-03,
    5.00001E-02));
#5024 = CARTESIAN_POINT('',(-0.129098076011,-2.525877573197E-03,
    6.00001E-02));
#5025 = CARTESIAN_POINT('',(-0.129098076011,-2.525877573197E-03,
    5.00001E-02));
#5026 = CARTESIAN_POINT('',(-0.126856892551,-2.551246596589E-03,
    6.00001E-02));
#5027 = CARTESIAN_POINT('',(-0.126856892551,-2.551246596589E-03,
    5.00001E-02));
#5028 = CARTESIAN_POINT('',(-0.125721153846,-2.564102564102E-03,
    6.00001E-02));
#5029 = CARTESIAN_POINT('',(-0.125721153846,-2.564102564102E-03,
    5.00001E-02));
#5030 = ADVANCED_FACE('',(#5031),#5064,.T.);
#5031 = FACE_BOUND('',#5032,.T.);
#5032 = EDGE_LOOP('',(#5033,#5034,#5035,#5059));
#5033 = ORIENTED_EDGE('',*,*,#1867,.F.);
#5034 = ORIENTED_EDGE('',*,*,#4987,.F.);
#5035 = ORIENTED_EDGE('',*,*,#5036,.T.);
#5036 = EDGE_CURVE('',#4964,#5037,#5039,.T.);
#5037 = VERTEX_POINT('',#5038);
#5038 = CARTESIAN_POINT('',(-8.447516025641E-02,1.492387820513E-02,
    6.00001E-02));
#5039 = B_SPLINE_CURVE_WITH_KNOTS('',3,(#5040,#5041,#5042,#5043,#5044,
    #5045,#5046,#5047,#5048,#5049,#5050,#5051,#5052,#5053,#5054,#5055,
    #5056,#5057,#5058),.UNSPECIFIED.,.F.,.F.,(4,1,1,1,1,1,1,1,1,1,1,1,1,
    1,1,1,4),(0.,6.966280089908E-02,0.137749562258,0.203916743518,
    0.268779862329,0.332413706477,0.394753540447,0.456180031659,
    0.516995649197,0.577395937966,0.637198343509,0.696999184261,
    0.756756194226,0.816553905273,0.876947996598,0.938131787921,1.),
  .UNSPECIFIED.);
#5040 = CARTESIAN_POINT('',(-0.125721153846,-2.564102564102E-03,
    6.00001E-02));
#5041 = CARTESIAN_POINT('',(-0.124645620502,-2.556617062508E-03,
    6.00001E-02));
#5042 = CARTESIAN_POINT('',(-0.122518886499,-2.541815410055E-03,
    6.00001E-02));
#5043 = CARTESIAN_POINT('',(-0.119378922167,-2.302039198313E-03,
    6.00001E-02));
#5044 = CARTESIAN_POINT('',(-0.116322077001,-1.974903858028E-03,
    6.00001E-02));
#5045 = CARTESIAN_POINT('',(-0.113357087691,-1.482328684771E-03,
    6.00001E-02));
#5046 = CARTESIAN_POINT('',(-0.110467774118,-9.010618260887E-04,
    6.00001E-02));
#5047 = CARTESIAN_POINT('',(-0.107680328847,-1.218830653681E-04,
    6.00001E-02));
#5048 = CARTESIAN_POINT('',(-0.104967322837,7.509502659502E-04,
    6.00001E-02));
#5049 = CARTESIAN_POINT('',(-0.10233965596,1.776807030085E-03,
    6.00001E-02));
#5050 = CARTESIAN_POINT('',(-9.979509310834E-02,2.934412245439E-03,
    6.00001E-02));
#5051 = CARTESIAN_POINT('',(-9.734184135497E-02,4.242742499757E-03,
    6.00001E-02));
#5052 = CARTESIAN_POINT('',(-9.498102900072E-02,5.690795775793E-03,
    6.00001E-02));
#5053 = CARTESIAN_POINT('',(-9.268944554771E-02,7.246653216469E-03,
    6.00001E-02));
#5054 = CARTESIAN_POINT('',(-9.050094315699E-02,8.960290412767E-03,
    6.00001E-02));
#5055 = CARTESIAN_POINT('',(-8.83965567185E-02,1.080790854144E-02,
    6.00001E-02));
#5056 = CARTESIAN_POINT('',(-8.636448596899E-02,1.27832802772E-02,
    6.00001E-02));
#5057 = CARTESIAN_POINT('',(-8.51072663978E-02,1.420770465841E-02,
    6.00001E-02));
#5058 = CARTESIAN_POINT('',(-8.447516025641E-02,1.492387820513E-02,
    6.00001E-02));
#5059 = ORIENTED_EDGE('',*,*,#5060,.T.);
#5060 = EDGE_CURVE('',#5037,#1868,#5061,.T.);
#5061 = B_SPLINE_CURVE_WITH_KNOTS('',1,(#5062,#5063),.UNSPECIFIED.,.F.,
  .F.,(2,2),(-0.,1.E-02),.PIECEWISE_BEZIER_KNOTS.);
#5062 = CARTESIAN_POINT('',(-8.447516025641E-02,1.492387820513E-02,
    6.00001E-02));
#5063 = CARTESIAN_POINT('',(-8.447516025641E-02,1.492387820513E-02,
    5.00001E-02));
#5064 = B_SPLINE_SURFACE_WITH_KNOTS('',3,1,(
    (#5065,#5066)
    ,(#5067,#5068)
    ,(#5069,#5070)
    ,(#5071,#5072)
    ,(#5073,#5074)
    ,(#5075,#5076)
    ,(#5077,#5078)
    ,(#5079,#5080)
    ,(#5081,#5082)
    ,(#5083,#5084)
    ,(#5085,#5086)
    ,(#5087,#5088)
    ,(#5089,#5090)
    ,(#5091,#5092)
    ,(#5093,#5094)
    ,(#5095,#5096)
    ,(#5097,#5098)
    ,(#5099,#5100)
    ,(#5101,#5102
    )),.UNSPECIFIED.,.F.,.F.,.F.,(4,1,1,1,1,1,1,1,1,1,1,1,1,1,1,1,4),(2,
    2),(0.,6.966280089908E-02,0.137749562258,0.203916743518,
    0.268779862329,0.332413706477,0.394753540447,0.456180031659,
    0.516995649197,0.577395937966,0.637198343509,0.696999184261,
    0.756756194226,0.816553905273,0.876947996598,0.938131787921,1.),(0.,
    1.),.UNSPECIFIED.);
#5065 = CARTESIAN_POINT('',(-0.125721153846,-2.564102564102E-03,
    6.00001E-02));
#5066 = CARTESIAN_POINT('',(-0.125721153846,-2.564102564102E-03,
    5.00001E-02));
#5067 = CARTESIAN_POINT('',(-0.124645620502,-2.556617062508E-03,
    6.00001E-02));
#5068 = CARTESIAN_POINT('',(-0.124645620502,-2.556617062508E-03,
    5.00001E-02));
#5069 = CARTESIAN_POINT('',(-0.122518886499,-2.541815410055E-03,
    6.00001E-02));
#5070 = CARTESIAN_POINT('',(-0.122518886499,-2.541815410055E-03,
    5.00001E-02));
#5071 = CARTESIAN_POINT('',(-0.119378922167,-2.302039198313E-03,
    6.00001E-02));
#5072 = CARTESIAN_POINT('',(-0.119378922167,-2.302039198313E-03,
    5.00001E-02));
#5073 = CARTESIAN_POINT('',(-0.116322077001,-1.974903858028E-03,
    6.00001E-02));
#5074 = CARTESIAN_POINT('',(-0.116322077001,-1.974903858028E-03,
    5.00001E-02));
#5075 = CARTESIAN_POINT('',(-0.113357087691,-1.482328684771E-03,
    6.00001E-02));
#5076 = CARTESIAN_POINT('',(-0.113357087691,-1.482328684771E-03,
    5.00001E-02));
#5077 = CARTESIAN_POINT('',(-0.110467774118,-9.010618260887E-04,
    6.00001E-02));
#5078 = CARTESIAN_POINT('',(-0.110467774118,-9.010618260887E-04,
    5.00001E-02));
#5079 = CARTESIAN_POINT('',(-0.107680328847,-1.218830653681E-04,
    6.00001E-02));
#5080 = CARTESIAN_POINT('',(-0.107680328847,-1.218830653681E-04,
    5.00001E-02));
#5081 = CARTESIAN_POINT('',(-0.104967322837,7.509502659502E-04,
    6.00001E-02));
#5082 = CARTESIAN_POINT('',(-0.104967322837,7.509502659502E-04,
    5.00001E-02));
#5083 = CARTESIAN_POINT('',(-0.10233965596,1.776807030085E-03,
    6.00001E-02));
#5084 = CARTESIAN_POINT('',(-0.10233965596,1.776807030085E-03,
    5.00001E-02));
#5085 = CARTESIAN_POINT('',(-9.979509310834E-02,2.934412245439E-03,
    6.00001E-02));
#5086 = CARTESIAN_POINT('',(-9.979509310834E-02,2.934412245439E-03,
    5.00001E-02));
#5087 = CARTESIAN_POINT('',(-9.734184135497E-02,4.242742499757E-03,
    6.00001E-02));
#5088 = CARTESIAN_POINT('',(-9.734184135497E-02,4.242742499757E-03,
    5.00001E-02));
#5089 = CARTESIAN_POINT('',(-9.498102900072E-02,5.690795775793E-03,
    6.00001E-02));
#5090 = CARTESIAN_POINT('',(-9.498102900072E-02,5.690795775793E-03,
    5.00001E-02));
#5091 = CARTESIAN_POINT('',(-9.268944554771E-02,7.246653216469E-03,
    6.00001E-02));
#5092 = CARTESIAN_POINT('',(-9.268944554771E-02,7.246653216469E-03,
    5.00001E-02));
#5093 = CARTESIAN_POINT('',(-9.050094315699E-02,8.960290412767E-03,
    6.00001E-02));
#5094 = CARTESIAN_POINT('',(-9.050094315699E-02,8.960290412767E-03,
    5.00001E-02));
#5095 = CARTESIAN_POINT('',(-8.83965567185E-02,1.080790854144E-02,
    6.00001E-02));
#5096 = CARTESIAN_POINT('',(-8.83965567185E-02,1.080790854144E-02,
    5.00001E-02));
#5097 = CARTESIAN_POINT('',(-8.636448596899E-02,1.27832802772E-02,
    6.00001E-02));
#5098 = CARTESIAN_POINT('',(-8.636448596899E-02,1.27832802772E-02,
    5.00001E-02));
#5099 = CARTESIAN_POINT('',(-8.51072663978E-02,1.420770465841E-02,
    6.00001E-02));
#5100 = CARTESIAN_POINT('',(-8.51072663978E-02,1.420770465841E-02,
    5.00001E-02));
#5101 = CARTESIAN_POINT('',(-8.447516025641E-02,1.492387820513E-02,
    6.00001E-02));
#5102 = CARTESIAN_POINT('',(-8.447516025641E-02,1.492387820513E-02,
    5.00001E-02));
#5103 = ADVANCED_FACE('',(#5104),#5129,.T.);
#5104 = FACE_BOUND('',#5105,.T.);
#5105 = EDGE_LOOP('',(#5106,#5107,#5108,#5124));
#5106 = ORIENTED_EDGE('',*,*,#1891,.F.);
#5107 = ORIENTED_EDGE('',*,*,#5060,.F.);
#5108 = ORIENTED_EDGE('',*,*,#5109,.T.);
#5109 = EDGE_CURVE('',#5037,#5110,#5112,.T.);
#5110 = VERTEX_POINT('',#5111);
#5111 = CARTESIAN_POINT('',(-7.179487179487E-02,5.058092948718E-02,
    6.00001E-02));
#5112 = B_SPLINE_CURVE_WITH_KNOTS('',3,(#5113,#5114,#5115,#5116,#5117,
    #5118,#5119,#5120,#5121,#5122,#5123),.UNSPECIFIED.,.F.,.F.,(4,1,1,1,
    1,1,1,1,4),(0.,0.124328509594,0.247156016361,0.368779749291,
    0.490733862402,0.613613771848,0.738957575722,0.867310575191,1.),
  .UNSPECIFIED.);
#5113 = CARTESIAN_POINT('',(-8.447516025641E-02,1.492387820513E-02,
    6.00001E-02));
#5114 = CARTESIAN_POINT('',(-8.346271329927E-02,1.616791217419E-02,
    6.00001E-02));
#5115 = CARTESIAN_POINT('',(-8.145004253277E-02,1.864096104299E-02,
    6.00001E-02));
#5116 = CARTESIAN_POINT('',(-7.887502300273E-02,2.264913193609E-02,
    6.00001E-02));
#5117 = CARTESIAN_POINT('',(-7.667080713961E-02,2.683393790397E-02,
    6.00001E-02));
#5118 = CARTESIAN_POINT('',(-7.488863797452E-02,3.12173644405E-02,
    6.00001E-02));
#5119 = CARTESIAN_POINT('',(-7.349541702724E-02,3.578957550451E-02,
    6.00001E-02));
#5120 = CARTESIAN_POINT('',(-7.253024002497E-02,4.055287591624E-02,
    6.00001E-02));
#5121 = CARTESIAN_POINT('',(-7.19030513256E-02,4.550281712202E-02,
    6.00001E-02));
#5122 = CARTESIAN_POINT('',(-7.1831328789E-02,4.88695825123E-02,
    6.00001E-02));
#5123 = CARTESIAN_POINT('',(-7.179487179487E-02,5.058092948718E-02,
    6.00001E-02));
#5124 = ORIENTED_EDGE('',*,*,#5125,.T.);
#5125 = EDGE_CURVE('',#5110,#1688,#5126,.T.);
#5126 = B_SPLINE_CURVE_WITH_KNOTS('',1,(#5127,#5128),.UNSPECIFIED.,.F.,
  .F.,(2,2),(-0.,1.E-02),.PIECEWISE_BEZIER_KNOTS.);
#5127 = CARTESIAN_POINT('',(-7.179487179487E-02,5.058092948718E-02,
    6.00001E-02));
#5128 = CARTESIAN_POINT('',(-7.179487179487E-02,5.058092948718E-02,
    5.00001E-02));
#5129 = B_SPLINE_SURFACE_WITH_KNOTS('',3,1,(
    (#5130,#5131)
    ,(#5132,#5133)
    ,(#5134,#5135)
    ,(#5136,#5137)
    ,(#5138,#5139)
    ,(#5140,#5141)
    ,(#5142,#5143)
    ,(#5144,#5145)
    ,(#5146,#5147)
    ,(#5148,#5149)
    ,(#5150,#5151
  )),.UNSPECIFIED.,.F.,.F.,.F.,(4,1,1,1,1,1,1,1,4),(2,2),(0.,
    0.124328509594,0.247156016361,0.368779749291,0.490733862402,
    0.613613771848,0.738957575722,0.867310575191,1.),(0.,1.),
  .UNSPECIFIED.);
#5130 = CARTESIAN_POINT('',(-8.447516025641E-02,1.492387820513E-02,
    6.00001E-02));
#5131 = CARTESIAN_POINT('',(-8.447516025641E-02,1.492387820513E-02,
    5.00001E-02));
#5132 = CARTESIAN_POINT('',(-8.346271329927E-02,1.616791217419E-02,
    6.00001E-02));
#5133 = CARTESIAN_POINT('',(-8.346271329927E-02,1.616791217419E-02,
    5.00001E-02));
#5134 = CARTESIAN_POINT('',(-8.145004253277E-02,1.864096104299E-02,
    6.00001E-02));
#5135 = CARTESIAN_POINT('',(-8.145004253277E-02,1.864096104299E-02,
    5.00001E-02));
#5136 = CARTESIAN_POINT('',(-7.887502300273E-02,2.264913193609E-02,
    6.00001E-02));
#5137 = CARTESIAN_POINT('',(-7.887502300273E-02,2.264913193609E-02,
    5.00001E-02));
#5138 = CARTESIAN_POINT('',(-7.667080713961E-02,2.683393790397E-02,
    6.00001E-02));
#5139 = CARTESIAN_POINT('',(-7.667080713961E-02,2.683393790397E-02,
    5.00001E-02));
#5140 = CARTESIAN_POINT('',(-7.488863797452E-02,3.12173644405E-02,
    6.00001E-02));
#5141 = CARTESIAN_POINT('',(-7.488863797452E-02,3.12173644405E-02,
    5.00001E-02));
#5142 = CARTESIAN_POINT('',(-7.349541702724E-02,3.578957550451E-02,
    6.00001E-02));
#5143 = CARTESIAN_POINT('',(-7.349541702724E-02,3.578957550451E-02,
    5.00001E-02));
#5144 = CARTESIAN_POINT('',(-7.253024002497E-02,4.055287591624E-02,
    6.00001E-02));
#5145 = CARTESIAN_POINT('',(-7.253024002497E-02,4.055287591624E-02,
    5.00001E-02));
#5146 = CARTESIAN_POINT('',(-7.19030513256E-02,4.550281712202E-02,
    6.00001E-02));
#5147 = CARTESIAN_POINT('',(-7.19030513256E-02,4.550281712202E-02,
    5.00001E-02));
#5148 = CARTESIAN_POINT('',(-7.1831328789E-02,4.88695825123E-02,
    6.00001E-02));
#5149 = CARTESIAN_POINT('',(-7.1831328789E-02,4.88695825123E-02,
    5.00001E-02));
#5150 = CARTESIAN_POINT('',(-7.179487179487E-02,5.058092948718E-02,
    6.00001E-02));
#5151 = CARTESIAN_POINT('',(-7.179487179487E-02,5.058092948718E-02,
    5.00001E-02));
#5152 = ADVANCED_FACE('',(#5153),#5180,.T.);
#5153 = FACE_BOUND('',#5154,.T.);
#5154 = EDGE_LOOP('',(#5155,#5156,#5157,#5179));
#5155 = ORIENTED_EDGE('',*,*,#1687,.F.);
#5156 = ORIENTED_EDGE('',*,*,#5125,.F.);
#5157 = ORIENTED_EDGE('',*,*,#5158,.T.);
#5158 = EDGE_CURVE('',#5110,#4560,#5159,.T.);
#5159 = B_SPLINE_CURVE_WITH_KNOTS('',3,(#5160,#5161,#5162,#5163,#5164,
    #5165,#5166,#5167,#5168,#5169,#5170,#5171,#5172,#5173,#5174,#5175,
    #5176,#5177,#5178),.UNSPECIFIED.,.F.,.F.,(4,1,1,1,1,1,1,1,1,1,1,1,1,
    1,1,1,4),(0.,6.455784592972E-02,0.12701353155,0.187954810202,
    0.24801391279,0.307747681849,0.368234514697,0.429469843943,
    0.492743436747,0.556257768706,0.618216785543,0.679655475588,
    0.741245545621,0.803415264706,0.866815461544,0.932328311949,1.),
  .UNSPECIFIED.);
#5160 = CARTESIAN_POINT('',(-7.179487179487E-02,5.058092948718E-02,
    6.00001E-02));
#5161 = CARTESIAN_POINT('',(-7.18393058965E-02,5.237965673122E-02,
    6.00001E-02));
#5162 = CARTESIAN_POINT('',(-7.192672721746E-02,5.591854029013E-02,
    6.00001E-02));
#5163 = CARTESIAN_POINT('',(-7.266946423094E-02,6.111208181268E-02,
    6.00001E-02));
#5164 = CARTESIAN_POINT('',(-7.386428697927E-02,6.608783606563E-02,
    6.00001E-02));
#5165 = CARTESIAN_POINT('',(-7.556134093912E-02,7.083651448243E-02,
    6.00001E-02));
#5166 = CARTESIAN_POINT('',(-7.771292240499E-02,7.538309391763E-02,
    6.00001E-02));
#5167 = CARTESIAN_POINT('',(-8.037082565755E-02,7.969284262754E-02,
    6.00001E-02));
#5168 = CARTESIAN_POINT('',(-8.350417257816E-02,8.379332261772E-02,
    6.00001E-02));
#5169 = CARTESIAN_POINT('',(-8.708838879769E-02,8.762231551194E-02,
    6.00001E-02));
#5170 = CARTESIAN_POINT('',(-9.101888409197E-02,9.112343987257E-02,
    6.00001E-02));
#5171 = CARTESIAN_POINT('',(-9.522799306023E-02,9.420361712253E-02,
    6.00001E-02));
#5172 = CARTESIAN_POINT('',(-9.970747725945E-02,9.67669747225E-02,
    6.00001E-02));
#5173 = CARTESIAN_POINT('',(-0.104407987307,9.890972222039E-02,
    6.00001E-02));
#5174 = CARTESIAN_POINT('',(-0.109364721066,0.100556706881,6.00001E-02)
  );
#5175 = CARTESIAN_POINT('',(-0.114567103041,0.101709655072,6.00001E-02)
  );
#5176 = CARTESIAN_POINT('',(-0.120005357749,0.102427286966,6.00001E-02)
  );
#5177 = CARTESIAN_POINT('',(-0.123715712768,0.102518007192,6.00001E-02)
  );
#5178 = CARTESIAN_POINT('',(-0.125600961538,0.102564102564,6.00001E-02)
  );
#5179 = ORIENTED_EDGE('',*,*,#4559,.T.);
#5180 = B_SPLINE_SURFACE_WITH_KNOTS('',3,1,(
    (#5181,#5182)
    ,(#5183,#5184)
    ,(#5185,#5186)
    ,(#5187,#5188)
    ,(#5189,#5190)
    ,(#5191,#5192)
    ,(#5193,#5194)
    ,(#5195,#5196)
    ,(#5197,#5198)
    ,(#5199,#5200)
    ,(#5201,#5202)
    ,(#5203,#5204)
    ,(#5205,#5206)
    ,(#5207,#5208)
    ,(#5209,#5210)
    ,(#5211,#5212)
    ,(#5213,#5214)
    ,(#5215,#5216)
    ,(#5217,#5218
    )),.UNSPECIFIED.,.F.,.F.,.F.,(4,1,1,1,1,1,1,1,1,1,1,1,1,1,1,1,4),(2,
    2),(0.,6.455784592972E-02,0.12701353155,0.187954810202,0.24801391279
    ,0.307747681849,0.368234514697,0.429469843943,0.492743436747,
    0.556257768706,0.618216785543,0.679655475588,0.741245545621,
    0.803415264706,0.866815461544,0.932328311949,1.),(0.,1.),
  .UNSPECIFIED.);
#5181 = CARTESIAN_POINT('',(-7.179487179487E-02,5.058092948718E-02,
    6.00001E-02));
#5182 = CARTESIAN_POINT('',(-7.179487179487E-02,5.058092948718E-02,
    5.00001E-02));
#5183 = CARTESIAN_POINT('',(-7.18393058965E-02,5.237965673122E-02,
    6.00001E-02));
#5184 = CARTESIAN_POINT('',(-7.18393058965E-02,5.237965673122E-02,
    5.00001E-02));
#5185 = CARTESIAN_POINT('',(-7.192672721746E-02,5.591854029013E-02,
    6.00001E-02));
#5186 = CARTESIAN_POINT('',(-7.192672721746E-02,5.591854029013E-02,
    5.00001E-02));
#5187 = CARTESIAN_POINT('',(-7.266946423094E-02,6.111208181268E-02,
    6.00001E-02));
#5188 = CARTESIAN_POINT('',(-7.266946423094E-02,6.111208181268E-02,
    5.00001E-02));
#5189 = CARTESIAN_POINT('',(-7.386428697927E-02,6.608783606563E-02,
    6.00001E-02));
#5190 = CARTESIAN_POINT('',(-7.386428697927E-02,6.608783606563E-02,
    5.00001E-02));
#5191 = CARTESIAN_POINT('',(-7.556134093912E-02,7.083651448243E-02,
    6.00001E-02));
#5192 = CARTESIAN_POINT('',(-7.556134093912E-02,7.083651448243E-02,
    5.00001E-02));
#5193 = CARTESIAN_POINT('',(-7.771292240499E-02,7.538309391763E-02,
    6.00001E-02));
#5194 = CARTESIAN_POINT('',(-7.771292240499E-02,7.538309391763E-02,
    5.00001E-02));
#5195 = CARTESIAN_POINT('',(-8.037082565755E-02,7.969284262754E-02,
    6.00001E-02));
#5196 = CARTESIAN_POINT('',(-8.037082565755E-02,7.969284262754E-02,
    5.00001E-02));
#5197 = CARTESIAN_POINT('',(-8.350417257816E-02,8.379332261772E-02,
    6.00001E-02));
#5198 = CARTESIAN_POINT('',(-8.350417257816E-02,8.379332261772E-02,
    5.00001E-02));
#5199 = CARTESIAN_POINT('',(-8.708838879769E-02,8.762231551194E-02,
    6.00001E-02));
#5200 = CARTESIAN_POINT('',(-8.708838879769E-02,8.762231551194E-02,
    5.00001E-02));
#5201 = CARTESIAN_POINT('',(-9.101888409197E-02,9.112343987257E-02,
    6.00001E-02));
#5202 = CARTESIAN_POINT('',(-9.101888409197E-02,9.112343987257E-02,
    5.00001E-02));
#5203 = CARTESIAN_POINT('',(-9.522799306023E-02,9.420361712253E-02,
    6.00001E-02));
#5204 = CARTESIAN_POINT('',(-9.522799306023E-02,9.420361712253E-02,
    5.00001E-02));
#5205 = CARTESIAN_POINT('',(-9.970747725945E-02,9.67669747225E-02,
    6.00001E-02));
#5206 = CARTESIAN_POINT('',(-9.970747725945E-02,9.67669747225E-02,
    5.00001E-02));
#5207 = CARTESIAN_POINT('',(-0.104407987307,9.890972222039E-02,
    6.00001E-02));
#5208 = CARTESIAN_POINT('',(-0.104407987307,9.890972222039E-02,
    5.00001E-02));
#5209 = CARTESIAN_POINT('',(-0.109364721066,0.100556706881,6.00001E-02)
  );
#5210 = CARTESIAN_POINT('',(-0.109364721066,0.100556706881,5.00001E-02)
  );
#5211 = CARTESIAN_POINT('',(-0.114567103041,0.101709655072,6.00001E-02)
  );
#5212 = CARTESIAN_POINT('',(-0.114567103041,0.101709655072,5.00001E-02)
  );
#5213 = CARTESIAN_POINT('',(-0.120005357749,0.102427286966,6.00001E-02)
  );
#5214 = CARTESIAN_POINT('',(-0.120005357749,0.102427286966,5.00001E-02)
  );
#5215 = CARTESIAN_POINT('',(-0.123715712768,0.102518007192,6.00001E-02)
  );
#5216 = CARTESIAN_POINT('',(-0.123715712768,0.102518007192,5.00001E-02)
  );
#5217 = CARTESIAN_POINT('',(-0.125600961538,0.102564102564,6.00001E-02)
  );
#5218 = CARTESIAN_POINT('',(-0.125600961538,0.102564102564,5.00001E-02)
  );
#5219 = ADVANCED_FACE('',(#5220),#5233,.T.);
#5220 = FACE_BOUND('',#5221,.T.);
#5221 = EDGE_LOOP('',(#5222,#5223,#5224,#5225,#5226,#5227,#5228,#5229,
    #5230,#5231,#5232));
#5222 = ORIENTED_EDGE('',*,*,#4566,.F.);
#5223 = ORIENTED_EDGE('',*,*,#5158,.F.);
#5224 = ORIENTED_EDGE('',*,*,#5109,.F.);
#5225 = ORIENTED_EDGE('',*,*,#5036,.F.);
#5226 = ORIENTED_EDGE('',*,*,#4963,.F.);
#5227 = ORIENTED_EDGE('',*,*,#4941,.F.);
#5228 = ORIENTED_EDGE('',*,*,#4892,.F.);
#5229 = ORIENTED_EDGE('',*,*,#4819,.F.);
#5230 = ORIENTED_EDGE('',*,*,#4722,.F.);
#5231 = ORIENTED_EDGE('',*,*,#4661,.F.);
#5232 = ORIENTED_EDGE('',*,*,#4639,.F.);
#5233 = B_SPLINE_SURFACE_WITH_KNOTS('',1,1,(
    (#5234,#5235)
    ,(#5236,#5237
    )),.UNSPECIFIED.,.F.,.F.,.F.,(2,2),(2,2),(-9.999056005916E-02,
    5.137645069049E-03),(-1.922667619463E-02,7.820922124127E-02),
  .PIECEWISE_BEZIER_KNOTS.);
#5234 = CARTESIAN_POINT('',(-0.169230769231,-2.564102564102E-03,
    6.000010000001E-02));
#5235 = CARTESIAN_POINT('',(-7.179487179487E-02,-2.564102564102E-03,
    6.000010000002E-02));
#5236 = CARTESIAN_POINT('',(-0.169230769231,0.102564102564,6.00001E-02)
  );
#5237 = CARTESIAN_POINT('',(-7.179487179487E-02,0.102564102564,
    6.00001E-02));
#5238 = ADVANCED_FACE('',(#5239),#5261,.T.);
#5239 = FACE_BOUND('',#5240,.T.);
#5240 = EDGE_LOOP('',(#5241,#5242,#5249,#5256));
#5241 = ORIENTED_EDGE('',*,*,#1916,.F.);
#5242 = ORIENTED_EDGE('',*,*,#5243,.F.);
#5243 = EDGE_CURVE('',#5244,#1910,#5246,.T.);
#5244 = VERTEX_POINT('',#5245);
#5245 = CARTESIAN_POINT('',(-1.282051282051E-02,3.330669073875E-16,
    6.00001E-02));
#5246 = B_SPLINE_CURVE_WITH_KNOTS('',1,(#5247,#5248),.UNSPECIFIED.,.F.,
  .F.,(2,2),(-0.,1.E-02),.PIECEWISE_BEZIER_KNOTS.);
#5247 = CARTESIAN_POINT('',(-1.282051282051E-02,3.330669073875E-16,
    6.00001E-02));
#5248 = CARTESIAN_POINT('',(-1.282051282051E-02,3.330669073875E-16,
    5.00001E-02));
#5249 = ORIENTED_EDGE('',*,*,#5250,.T.);
#5250 = EDGE_CURVE('',#5244,#5251,#5253,.T.);
#5251 = VERTEX_POINT('',#5252);
#5252 = CARTESIAN_POINT('',(-1.282051282051E-02,0.1,6.00001E-02));
#5253 = B_SPLINE_CURVE_WITH_KNOTS('',1,(#5254,#5255),.UNSPECIFIED.,.F.,
  .F.,(2,2),(0.,0.1),.PIECEWISE_BEZIER_KNOTS.);
#5254 = CARTESIAN_POINT('',(-1.282051282051E-02,3.330669073875E-16,
    6.00001E-02));
#5255 = CARTESIAN_POINT('',(-1.282051282051E-02,0.1,6.00001E-02));
#5256 = ORIENTED_EDGE('',*,*,#5257,.T.);
#5257 = EDGE_CURVE('',#5251,#1917,#5258,.T.);
#5258 = B_SPLINE_CURVE_WITH_KNOTS('',1,(#5259,#5260),.UNSPECIFIED.,.F.,
  .F.,(2,2),(-0.,1.E-02),.PIECEWISE_BEZIER_KNOTS.);
#5259 = CARTESIAN_POINT('',(-1.282051282051E-02,0.1,6.00001E-02));
#5260 = CARTESIAN_POINT('',(-1.282051282051E-02,0.1,5.00001E-02));
#5261 = B_SPLINE_SURFACE_WITH_KNOTS('',1,1,(
    (#5262,#5263)
    ,(#5264,#5265
    )),.UNSPECIFIED.,.F.,.F.,.F.,(2,2),(2,2),(-1.E-02,0.),(0.,0.1),
  .PIECEWISE_BEZIER_KNOTS.);
#5262 = CARTESIAN_POINT('',(-1.282051282051E-02,3.330669073875E-16,
    5.00001E-02));
#5263 = CARTESIAN_POINT('',(-1.282051282051E-02,0.1,5.00001E-02));
#5264 = CARTESIAN_POINT('',(-1.282051282051E-02,3.330669073875E-16,
    6.00001E-02));
#5265 = CARTESIAN_POINT('',(-1.282051282051E-02,0.1,6.00001E-02));
#5266 = ADVANCED_FACE('',(#5267),#5283,.T.);
#5267 = FACE_BOUND('',#5268,.T.);
#5268 = EDGE_LOOP('',(#5269,#5270,#5271,#5278));
#5269 = ORIENTED_EDGE('',*,*,#1923,.F.);
#5270 = ORIENTED_EDGE('',*,*,#5257,.F.);
#5271 = ORIENTED_EDGE('',*,*,#5272,.T.);
#5272 = EDGE_CURVE('',#5251,#5273,#5275,.T.);
#5273 = VERTEX_POINT('',#5274);
#5274 = CARTESIAN_POINT('',(-2.179487179487E-02,0.1,6.00001E-02));
#5275 = B_SPLINE_CURVE_WITH_KNOTS('',1,(#5276,#5277),.UNSPECIFIED.,.F.,
  .F.,(2,2),(0.,8.974358974359E-03),.PIECEWISE_BEZIER_KNOTS.);
#5276 = CARTESIAN_POINT('',(-1.282051282051E-02,0.1,6.00001E-02));
#5277 = CARTESIAN_POINT('',(-2.179487179487E-02,0.1,6.00001E-02));
#5278 = ORIENTED_EDGE('',*,*,#5279,.T.);
#5279 = EDGE_CURVE('',#5273,#1924,#5280,.T.);
#5280 = B_SPLINE_CURVE_WITH_KNOTS('',1,(#5281,#5282),.UNSPECIFIED.,.F.,
  .F.,(2,2),(-0.,1.E-02),.PIECEWISE_BEZIER_KNOTS.);
#5281 = CARTESIAN_POINT('',(-2.179487179487E-02,0.1,6.00001E-02));
#5282 = CARTESIAN_POINT('',(-2.179487179487E-02,0.1,5.00001E-02));
#5283 = B_SPLINE_SURFACE_WITH_KNOTS('',1,1,(
    (#5284,#5285)
    ,(#5286,#5287)),.UNSPECIFIED.,.F.,.F.,.F.,(2,2),(2,2),(0.,1.E-02),(
    -8.974358974359E-03,0.),.PIECEWISE_BEZIER_KNOTS.);
#5284 = CARTESIAN_POINT('',(-2.179487179487E-02,0.1,6.00001E-02));
#5285 = CARTESIAN_POINT('',(-1.282051282051E-02,0.1,6.00001E-02));
#5286 = CARTESIAN_POINT('',(-2.179487179487E-02,0.1,5.00001E-02));
#5287 = CARTESIAN_POINT('',(-1.282051282051E-02,0.1,5.00001E-02));
#5288 = ADVANCED_FACE('',(#5289),#5305,.T.);
#5289 = FACE_BOUND('',#5290,.T.);
#5290 = EDGE_LOOP('',(#5291,#5292,#5293,#5300));
#5291 = ORIENTED_EDGE('',*,*,#1930,.F.);
#5292 = ORIENTED_EDGE('',*,*,#5279,.F.);
#5293 = ORIENTED_EDGE('',*,*,#5294,.T.);
#5294 = EDGE_CURVE('',#5273,#5295,#5297,.T.);
#5295 = VERTEX_POINT('',#5296);
#5296 = CARTESIAN_POINT('',(-2.179487179487E-02,1.025641025641E-02,
    6.00001E-02));
#5297 = B_SPLINE_CURVE_WITH_KNOTS('',1,(#5298,#5299),.UNSPECIFIED.,.F.,
  .F.,(2,2),(0.,8.974358974359E-02),.PIECEWISE_BEZIER_KNOTS.);
#5298 = CARTESIAN_POINT('',(-2.179487179487E-02,0.1,6.00001E-02));
#5299 = CARTESIAN_POINT('',(-2.179487179487E-02,1.025641025641E-02,
    6.00001E-02));
#5300 = ORIENTED_EDGE('',*,*,#5301,.T.);
#5301 = EDGE_CURVE('',#5295,#1931,#5302,.T.);
#5302 = B_SPLINE_CURVE_WITH_KNOTS('',1,(#5303,#5304),.UNSPECIFIED.,.F.,
  .F.,(2,2),(-0.,1.E-02),.PIECEWISE_BEZIER_KNOTS.);
#5303 = CARTESIAN_POINT('',(-2.179487179487E-02,1.025641025641E-02,
    6.00001E-02));
#5304 = CARTESIAN_POINT('',(-2.179487179487E-02,1.025641025641E-02,
    5.00001E-02));
#5305 = B_SPLINE_SURFACE_WITH_KNOTS('',1,1,(
    (#5306,#5307)
    ,(#5308,#5309)),.UNSPECIFIED.,.F.,.F.,.F.,(2,2),(2,2),(0.,1.E-02),(
    -8.974358974359E-02,0.),.PIECEWISE_BEZIER_KNOTS.);
#5306 = CARTESIAN_POINT('',(-2.179487179487E-02,1.025641025641E-02,
    6.00001E-02));
#5307 = CARTESIAN_POINT('',(-2.179487179487E-02,0.1,6.00001E-02));
#5308 = CARTESIAN_POINT('',(-2.179487179487E-02,1.025641025641E-02,
    5.00001E-02));
#5309 = CARTESIAN_POINT('',(-2.179487179487E-02,0.1,5.00001E-02));
#5310 = ADVANCED_FACE('',(#5311),#5327,.T.);
#5311 = FACE_BOUND('',#5312,.T.);
#5312 = EDGE_LOOP('',(#5313,#5314,#5315,#5322));
#5313 = ORIENTED_EDGE('',*,*,#1937,.F.);
#5314 = ORIENTED_EDGE('',*,*,#5301,.F.);
#5315 = ORIENTED_EDGE('',*,*,#5316,.T.);
#5316 = EDGE_CURVE('',#5295,#5317,#5319,.T.);
#5317 = VERTEX_POINT('',#5318);
#5318 = CARTESIAN_POINT('',(-6.025641025641E-02,1.025641025641E-02,
    6.00001E-02));
#5319 = B_SPLINE_CURVE_WITH_KNOTS('',1,(#5320,#5321),.UNSPECIFIED.,.F.,
  .F.,(2,2),(0.,3.846153846154E-02),.PIECEWISE_BEZIER_KNOTS.);
#5320 = CARTESIAN_POINT('',(-2.179487179487E-02,1.025641025641E-02,
    6.00001E-02));
#5321 = CARTESIAN_POINT('',(-6.025641025641E-02,1.025641025641E-02,
    6.00001E-02));
#5322 = ORIENTED_EDGE('',*,*,#5323,.T.);
#5323 = EDGE_CURVE('',#5317,#1938,#5324,.T.);
#5324 = B_SPLINE_CURVE_WITH_KNOTS('',1,(#5325,#5326),.UNSPECIFIED.,.F.,
  .F.,(2,2),(-0.,1.E-02),.PIECEWISE_BEZIER_KNOTS.);
#5325 = CARTESIAN_POINT('',(-6.025641025641E-02,1.025641025641E-02,
    6.00001E-02));
#5326 = CARTESIAN_POINT('',(-6.025641025641E-02,1.025641025641E-02,
    5.00001E-02));
#5327 = B_SPLINE_SURFACE_WITH_KNOTS('',1,1,(
    (#5328,#5329)
    ,(#5330,#5331)),.UNSPECIFIED.,.F.,.F.,.F.,(2,2),(2,2),(0.,1.E-02),(
    -3.846153846154E-02,0.),.PIECEWISE_BEZIER_KNOTS.);
#5328 = CARTESIAN_POINT('',(-6.025641025641E-02,1.025641025641E-02,
    6.00001E-02));
#5329 = CARTESIAN_POINT('',(-2.179487179487E-02,1.025641025641E-02,
    6.00001E-02));
#5330 = CARTESIAN_POINT('',(-6.025641025641E-02,1.025641025641E-02,
    5.00001E-02));
#5331 = CARTESIAN_POINT('',(-2.179487179487E-02,1.025641025641E-02,
    5.00001E-02));
#5332 = ADVANCED_FACE('',(#5333),#5349,.T.);
#5333 = FACE_BOUND('',#5334,.T.);
#5334 = EDGE_LOOP('',(#5335,#5336,#5337,#5344));
#5335 = ORIENTED_EDGE('',*,*,#1944,.F.);
#5336 = ORIENTED_EDGE('',*,*,#5323,.F.);
#5337 = ORIENTED_EDGE('',*,*,#5338,.T.);
#5338 = EDGE_CURVE('',#5317,#5339,#5341,.T.);
#5339 = VERTEX_POINT('',#5340);
#5340 = CARTESIAN_POINT('',(-6.025641025641E-02,3.330669073875E-16,
    6.00001E-02));
#5341 = B_SPLINE_CURVE_WITH_KNOTS('',1,(#5342,#5343),.UNSPECIFIED.,.F.,
  .F.,(2,2),(0.,1.025641025641E-02),.PIECEWISE_BEZIER_KNOTS.);
#5342 = CARTESIAN_POINT('',(-6.025641025641E-02,1.025641025641E-02,
    6.00001E-02));
#5343 = CARTESIAN_POINT('',(-6.025641025641E-02,3.330669073875E-16,
    6.00001E-02));
#5344 = ORIENTED_EDGE('',*,*,#5345,.T.);
#5345 = EDGE_CURVE('',#5339,#1908,#5346,.T.);
#5346 = B_SPLINE_CURVE_WITH_KNOTS('',1,(#5347,#5348),.UNSPECIFIED.,.F.,
  .F.,(2,2),(-0.,1.E-02),.PIECEWISE_BEZIER_KNOTS.);
#5347 = CARTESIAN_POINT('',(-6.025641025641E-02,3.330669073875E-16,
    6.00001E-02));
#5348 = CARTESIAN_POINT('',(-6.025641025641E-02,3.330669073875E-16,
    5.00001E-02));
#5349 = B_SPLINE_SURFACE_WITH_KNOTS('',1,1,(
    (#5350,#5351)
    ,(#5352,#5353)),.UNSPECIFIED.,.F.,.F.,.F.,(2,2),(2,2),(0.,1.E-02),(
    -1.025641025641E-02,0.),.PIECEWISE_BEZIER_KNOTS.);
#5350 = CARTESIAN_POINT('',(-6.025641025641E-02,3.330669073875E-16,
    6.00001E-02));
#5351 = CARTESIAN_POINT('',(-6.025641025641E-02,1.025641025641E-02,
    6.00001E-02));
#5352 = CARTESIAN_POINT('',(-6.025641025641E-02,3.330669073875E-16,
    5.00001E-02));
#5353 = CARTESIAN_POINT('',(-6.025641025641E-02,1.025641025641E-02,
    5.00001E-02));
#5354 = ADVANCED_FACE('',(#5355),#5365,.T.);
#5355 = FACE_BOUND('',#5356,.T.);
#5356 = EDGE_LOOP('',(#5357,#5358,#5359,#5364));
#5357 = ORIENTED_EDGE('',*,*,#1907,.F.);
#5358 = ORIENTED_EDGE('',*,*,#5345,.F.);
#5359 = ORIENTED_EDGE('',*,*,#5360,.T.);
#5360 = EDGE_CURVE('',#5339,#5244,#5361,.T.);
#5361 = B_SPLINE_CURVE_WITH_KNOTS('',1,(#5362,#5363),.UNSPECIFIED.,.F.,
  .F.,(2,2),(0.,4.74358974359E-02),.PIECEWISE_BEZIER_KNOTS.);
#5362 = CARTESIAN_POINT('',(-6.025641025641E-02,3.330669073875E-16,
    6.00001E-02));
#5363 = CARTESIAN_POINT('',(-1.282051282051E-02,3.330669073875E-16,
    6.00001E-02));
#5364 = ORIENTED_EDGE('',*,*,#5243,.T.);
#5365 = B_SPLINE_SURFACE_WITH_KNOTS('',1,1,(
    (#5366,#5367)
    ,(#5368,#5369
    )),.UNSPECIFIED.,.F.,.F.,.F.,(2,2),(2,2),(-1.E-02,0.),(0.,
    4.74358974359E-02),.PIECEWISE_BEZIER_KNOTS.);
#5366 = CARTESIAN_POINT('',(-6.025641025641E-02,3.330669073875E-16,
    5.00001E-02));
#5367 = CARTESIAN_POINT('',(-1.282051282051E-02,3.330669073875E-16,
    5.00001E-02));
#5368 = CARTESIAN_POINT('',(-6.025641025641E-02,3.330669073875E-16,
    6.00001E-02));
#5369 = CARTESIAN_POINT('',(-1.282051282051E-02,3.330669073875E-16,
    6.00001E-02));
#5370 = ADVANCED_FACE('',(#5371),#5379,.F.);
#5371 = FACE_BOUND('',#5372,.T.);
#5372 = EDGE_LOOP('',(#5373,#5374,#5375,#5376,#5377,#5378));
#5373 = ORIENTED_EDGE('',*,*,#5250,.F.);
#5374 = ORIENTED_EDGE('',*,*,#5360,.F.);
#5375 = ORIENTED_EDGE('',*,*,#5338,.F.);
#5376 = ORIENTED_EDGE('',*,*,#5316,.F.);
#5377 = ORIENTED_EDGE('',*,*,#5294,.F.);
#5378 = ORIENTED_EDGE('',*,*,#5272,.F.);
#5379 = B_SPLINE_SURFACE_WITH_KNOTS('',1,1,(
    (#5380,#5381)
    ,(#5382,#5383
    )),.UNSPECIFIED.,.F.,.F.,.F.,(2,2),(2,2),(-6.025641025641E-02,
    -1.282051282051E-02),(0.,0.1),.PIECEWISE_BEZIER_KNOTS.);
#5380 = CARTESIAN_POINT('',(-6.025641025641E-02,3.330669073875E-16,
    6.00001E-02));
#5381 = CARTESIAN_POINT('',(-6.025641025641E-02,0.1,6.00001E-02));
#5382 = CARTESIAN_POINT('',(-1.282051282051E-02,3.330669073875E-16,
    6.00001E-02));
#5383 = CARTESIAN_POINT('',(-1.282051282051E-02,0.1,6.00001E-02));
#5384 = ADVANCED_FACE('',(#5385),#5390,.T.);
#5385 = FACE_BOUND('',#5386,.T.);
#5386 = EDGE_LOOP('',(#5387,#5388,#5389));
#5387 = ORIENTED_EDGE('',*,*,#3524,.T.);
#5388 = ORIENTED_EDGE('',*,*,#3496,.T.);
#5389 = ORIENTED_EDGE('',*,*,#3546,.T.);
#5390 = B_SPLINE_SURFACE_WITH_KNOTS('',1,1,(
    (#5391,#5392)
    ,(#5393,#5394
    )),.UNSPECIFIED.,.F.,.F.,.F.,(2,2),(2,2),(0.388842147436,
    0.424579326923),(4.230769230769E-02,8.050881410256E-02),
  .PIECEWISE_BEZIER_KNOTS.);
#5391 = CARTESIAN_POINT('',(-0.388842147436,4.230769230769E-02,
    5.00001E-02));
#5392 = CARTESIAN_POINT('',(-0.388842147436,8.050881410256E-02,
    5.00001E-02));
#5393 = CARTESIAN_POINT('',(-0.424579326923,4.230769230769E-02,
    5.00001E-02));
#5394 = CARTESIAN_POINT('',(-0.424579326923,8.050881410256E-02,
    5.00001E-02));
#5395 = ADVANCED_FACE('',(#5396),#5405,.T.);
#5396 = FACE_BOUND('',#5397,.T.);
#5397 = EDGE_LOOP('',(#5398,#5399,#5400,#5401,#5402,#5403,#5404));
#5398 = ORIENTED_EDGE('',*,*,#3992,.T.);
#5399 = ORIENTED_EDGE('',*,*,#3964,.T.);
#5400 = ORIENTED_EDGE('',*,*,#4258,.T.);
#5401 = ORIENTED_EDGE('',*,*,#4209,.T.);
#5402 = ORIENTED_EDGE('',*,*,#4136,.T.);
#5403 = ORIENTED_EDGE('',*,*,#4063,.T.);
#5404 = ORIENTED_EDGE('',*,*,#4014,.T.);
#5405 = B_SPLINE_SURFACE_WITH_KNOTS('',1,1,(
    (#5406,#5407)
    ,(#5408,#5409
    )),.UNSPECIFIED.,.F.,.F.,.F.,(2,2),(2,2),(0.273076923077,
    0.337179487179),(1.025641025641E-02,8.974358974359E-02),
  .PIECEWISE_BEZIER_KNOTS.);
#5406 = CARTESIAN_POINT('',(-0.273076923077,1.025641025641E-02,
    5.00001E-02));
#5407 = CARTESIAN_POINT('',(-0.273076923077,8.974358974359E-02,
    5.00001E-02));
#5408 = CARTESIAN_POINT('',(-0.337179487179,1.025641025641E-02,
    5.00001E-02));
#5409 = CARTESIAN_POINT('',(-0.337179487179,8.974358974359E-02,
    5.00001E-02));
#5410 = ADVANCED_FACE('',(#5411),#5433,.F.);
#5411 = FACE_BOUND('',#5412,.T.);
#5412 = EDGE_LOOP('',(#5413,#5414,#5421,#5428));
#5413 = ORIENTED_EDGE('',*,*,#494,.T.);
#5414 = ORIENTED_EDGE('',*,*,#5415,.F.);
#5415 = EDGE_CURVE('',#5416,#497,#5418,.T.);
#5416 = VERTEX_POINT('',#5417);
#5417 = CARTESIAN_POINT('',(-5.100032517613E-02,0.96,0.389622270094));
#5418 = B_SPLINE_CURVE_WITH_KNOTS('',1,(#5419,#5420),.UNSPECIFIED.,.F.,
  .F.,(2,2),(-0.,1.E-02),.PIECEWISE_BEZIER_KNOTS.);
#5419 = CARTESIAN_POINT('',(-5.100032517613E-02,0.96,0.389622270094));
#5420 = CARTESIAN_POINT('',(-5.100032517613E-02,0.95,0.389622270094));
#5421 = ORIENTED_EDGE('',*,*,#5422,.F.);
#5422 = EDGE_CURVE('',#5423,#5416,#5425,.T.);
#5423 = VERTEX_POINT('',#5424);
#5424 = CARTESIAN_POINT('',(-5.100032517613E-02,0.96,0.382666289634));
#5425 = B_SPLINE_CURVE_WITH_KNOTS('',1,(#5426,#5427),.UNSPECIFIED.,.F.,
  .F.,(2,2),(-6.955980460135E-03,0.),.PIECEWISE_BEZIER_KNOTS.);
#5426 = CARTESIAN_POINT('',(-5.100032517613E-02,0.96,0.382666289634));
#5427 = CARTESIAN_POINT('',(-5.100032517613E-02,0.96,0.389622270094));
#5428 = ORIENTED_EDGE('',*,*,#5429,.T.);
#5429 = EDGE_CURVE('',#5423,#495,#5430,.T.);
#5430 = B_SPLINE_CURVE_WITH_KNOTS('',1,(#5431,#5432),.UNSPECIFIED.,.F.,
  .F.,(2,2),(-0.,1.E-02),.PIECEWISE_BEZIER_KNOTS.);
#5431 = CARTESIAN_POINT('',(-5.100032517613E-02,0.96,0.382666289634));
#5432 = CARTESIAN_POINT('',(-5.100032517613E-02,0.95,0.382666289634));
#5433 = B_SPLINE_SURFACE_WITH_KNOTS('',1,1,(
    (#5434,#5435)
    ,(#5436,#5437
    )),.UNSPECIFIED.,.F.,.F.,.F.,(2,2),(2,2),(0.,6.955980460135E-03),(
    -1.E-02,0.),.PIECEWISE_BEZIER_KNOTS.);
#5434 = CARTESIAN_POINT('',(-5.100032517613E-02,0.95,0.389622270094));
#5435 = CARTESIAN_POINT('',(-5.100032517613E-02,0.96,0.389622270094));
#5436 = CARTESIAN_POINT('',(-5.100032517613E-02,0.95,0.382666289634));
#5437 = CARTESIAN_POINT('',(-5.100032517613E-02,0.96,0.382666289634));
#5438 = ADVANCED_FACE('',(#5439),#5455,.F.);
#5439 = FACE_BOUND('',#5440,.T.);
#5440 = EDGE_LOOP('',(#5441,#5442,#5449,#5454));
#5441 = ORIENTED_EDGE('',*,*,#531,.T.);
#5442 = ORIENTED_EDGE('',*,*,#5443,.F.);
#5443 = EDGE_CURVE('',#5444,#525,#5446,.T.);
#5444 = VERTEX_POINT('',#5445);
#5445 = CARTESIAN_POINT('',(-2.670118267163E-02,0.96,0.389622270094));
#5446 = B_SPLINE_CURVE_WITH_KNOTS('',1,(#5447,#5448),.UNSPECIFIED.,.F.,
  .F.,(2,2),(-0.,1.E-02),.PIECEWISE_BEZIER_KNOTS.);
#5447 = CARTESIAN_POINT('',(-2.670118267163E-02,0.96,0.389622270094));
#5448 = CARTESIAN_POINT('',(-2.670118267163E-02,0.95,0.389622270094));
#5449 = ORIENTED_EDGE('',*,*,#5450,.F.);
#5450 = EDGE_CURVE('',#5416,#5444,#5451,.T.);
#5451 = B_SPLINE_CURVE_WITH_KNOTS('',1,(#5452,#5453),.UNSPECIFIED.,.F.,
  .F.,(2,2),(-2.42991425045E-02,0.),.PIECEWISE_BEZIER_KNOTS.);
#5452 = CARTESIAN_POINT('',(-5.100032517613E-02,0.96,0.389622270094));
#5453 = CARTESIAN_POINT('',(-2.670118267163E-02,0.96,0.389622270094));
#5454 = ORIENTED_EDGE('',*,*,#5415,.T.);
#5455 = B_SPLINE_SURFACE_WITH_KNOTS('',1,1,(
    (#5456,#5457)
    ,(#5458,#5459
    )),.UNSPECIFIED.,.F.,.F.,.F.,(2,2),(2,2),(-1.040834085586E-17,
    2.42991425045E-02),(-1.E-02,0.),.PIECEWISE_BEZIER_KNOTS.);
#5456 = CARTESIAN_POINT('',(-2.670118267163E-02,0.95,0.389622270094));
#5457 = CARTESIAN_POINT('',(-2.670118267163E-02,0.96,0.389622270094));
#5458 = CARTESIAN_POINT('',(-5.100032517613E-02,0.95,0.389622270094));
#5459 = CARTESIAN_POINT('',(-5.100032517613E-02,0.96,0.389622270094));
#5460 = ADVANCED_FACE('',(#5461),#5477,.F.);
#5461 = FACE_BOUND('',#5462,.T.);
#5462 = EDGE_LOOP('',(#5463,#5464,#5471,#5476));
#5463 = ORIENTED_EDGE('',*,*,#524,.T.);
#5464 = ORIENTED_EDGE('',*,*,#5465,.F.);
#5465 = EDGE_CURVE('',#5466,#518,#5468,.T.);
#5466 = VERTEX_POINT('',#5467);
#5467 = CARTESIAN_POINT('',(-2.670118267163E-02,0.96,0.443679284163));
#5468 = B_SPLINE_CURVE_WITH_KNOTS('',1,(#5469,#5470),.UNSPECIFIED.,.F.,
  .F.,(2,2),(-0.,1.E-02),.PIECEWISE_BEZIER_KNOTS.);
#5469 = CARTESIAN_POINT('',(-2.670118267163E-02,0.96,0.443679284163));
#5470 = CARTESIAN_POINT('',(-2.670118267163E-02,0.95,0.443679284163));
#5471 = ORIENTED_EDGE('',*,*,#5472,.F.);
#5472 = EDGE_CURVE('',#5444,#5466,#5473,.T.);
#5473 = B_SPLINE_CURVE_WITH_KNOTS('',1,(#5474,#5475),.UNSPECIFIED.,.F.,
  .F.,(2,2),(-5.405701406927E-02,0.),.PIECEWISE_BEZIER_KNOTS.);
#5474 = CARTESIAN_POINT('',(-2.670118267163E-02,0.96,0.389622270094));
#5475 = CARTESIAN_POINT('',(-2.670118267163E-02,0.96,0.443679284163));
#5476 = ORIENTED_EDGE('',*,*,#5443,.T.);
#5477 = B_SPLINE_SURFACE_WITH_KNOTS('',1,1,(
    (#5478,#5479)
    ,(#5480,#5481
    )),.UNSPECIFIED.,.F.,.F.,.F.,(2,2),(2,2),(-3.885780586188E-16,
    5.405701406927E-02),(-1.E-02,0.),.PIECEWISE_BEZIER_KNOTS.);
#5478 = CARTESIAN_POINT('',(-2.670118267163E-02,0.95,0.443679284163));
#5479 = CARTESIAN_POINT('',(-2.670118267163E-02,0.96,0.443679284163));
#5480 = CARTESIAN_POINT('',(-2.670118267163E-02,0.95,0.389622270094));
#5481 = CARTESIAN_POINT('',(-2.670118267163E-02,0.96,0.389622270094));
#5482 = ADVANCED_FACE('',(#5483),#5499,.F.);
#5483 = FACE_BOUND('',#5484,.T.);
#5484 = EDGE_LOOP('',(#5485,#5486,#5493,#5498));
#5485 = ORIENTED_EDGE('',*,*,#517,.T.);
#5486 = ORIENTED_EDGE('',*,*,#5487,.F.);
#5487 = EDGE_CURVE('',#5488,#511,#5490,.T.);
#5488 = VERTEX_POINT('',#5489);
#5489 = CARTESIAN_POINT('',(-1.882501645556E-02,0.96,0.443679284163));
#5490 = B_SPLINE_CURVE_WITH_KNOTS('',1,(#5491,#5492),.UNSPECIFIED.,.F.,
  .F.,(2,2),(-0.,1.E-02),.PIECEWISE_BEZIER_KNOTS.);
#5491 = CARTESIAN_POINT('',(-1.882501645556E-02,0.96,0.443679284163));
#5492 = CARTESIAN_POINT('',(-1.882501645556E-02,0.95,0.443679284163));
#5493 = ORIENTED_EDGE('',*,*,#5494,.F.);
#5494 = EDGE_CURVE('',#5466,#5488,#5495,.T.);
#5495 = B_SPLINE_CURVE_WITH_KNOTS('',1,(#5496,#5497),.UNSPECIFIED.,.F.,
  .F.,(2,2),(-7.876166216068E-03,0.),.PIECEWISE_BEZIER_KNOTS.);
#5496 = CARTESIAN_POINT('',(-2.670118267163E-02,0.96,0.443679284163));
#5497 = CARTESIAN_POINT('',(-1.882501645556E-02,0.96,0.443679284163));
#5498 = ORIENTED_EDGE('',*,*,#5465,.T.);
#5499 = B_SPLINE_SURFACE_WITH_KNOTS('',1,1,(
    (#5500,#5501)
    ,(#5502,#5503
    )),.UNSPECIFIED.,.F.,.F.,.F.,(2,2),(2,2),(0.,7.876166216068E-03),(
    -1.E-02,0.),.PIECEWISE_BEZIER_KNOTS.);
#5500 = CARTESIAN_POINT('',(-1.882501645556E-02,0.95,0.443679284163));
#5501 = CARTESIAN_POINT('',(-1.882501645556E-02,0.96,0.443679284163));
#5502 = CARTESIAN_POINT('',(-2.670118267163E-02,0.95,0.443679284163));
#5503 = CARTESIAN_POINT('',(-2.670118267163E-02,0.96,0.443679284163));
#5504 = ADVANCED_FACE('',(#5505),#5521,.F.);
#5505 = FACE_BOUND('',#5506,.T.);
#5506 = EDGE_LOOP('',(#5507,#5508,#5515,#5520));
#5507 = ORIENTED_EDGE('',*,*,#510,.T.);
#5508 = ORIENTED_EDGE('',*,*,#5509,.F.);
#5509 = EDGE_CURVE('',#5510,#504,#5512,.T.);
#5510 = VERTEX_POINT('',#5511);
#5511 = CARTESIAN_POINT('',(-1.882501645556E-02,0.96,0.382666289634));
#5512 = B_SPLINE_CURVE_WITH_KNOTS('',1,(#5513,#5514),.UNSPECIFIED.,.F.,
  .F.,(2,2),(-0.,1.E-02),.PIECEWISE_BEZIER_KNOTS.);
#5513 = CARTESIAN_POINT('',(-1.882501645556E-02,0.96,0.382666289634));
#5514 = CARTESIAN_POINT('',(-1.882501645556E-02,0.95,0.382666289634));
#5515 = ORIENTED_EDGE('',*,*,#5516,.F.);
#5516 = EDGE_CURVE('',#5488,#5510,#5517,.T.);
#5517 = B_SPLINE_CURVE_WITH_KNOTS('',1,(#5518,#5519),.UNSPECIFIED.,.F.,
  .F.,(2,2),(-6.10129945294E-02,-0.),.PIECEWISE_BEZIER_KNOTS.);
#5518 = CARTESIAN_POINT('',(-1.882501645556E-02,0.96,0.443679284163));
#5519 = CARTESIAN_POINT('',(-1.882501645556E-02,0.96,0.382666289634));
#5520 = ORIENTED_EDGE('',*,*,#5487,.T.);
#5521 = B_SPLINE_SURFACE_WITH_KNOTS('',1,1,(
    (#5522,#5523)
    ,(#5524,#5525
    )),.UNSPECIFIED.,.F.,.F.,.F.,(2,2),(2,2),(0.,6.10129945294E-02),(
    -1.E-02,0.),.PIECEWISE_BEZIER_KNOTS.);
#5522 = CARTESIAN_POINT('',(-1.882501645556E-02,0.95,0.382666289634));
#5523 = CARTESIAN_POINT('',(-1.882501645556E-02,0.96,0.382666289634));
#5524 = CARTESIAN_POINT('',(-1.882501645556E-02,0.95,0.443679284163));
#5525 = CARTESIAN_POINT('',(-1.882501645556E-02,0.96,0.443679284163));
#5526 = ADVANCED_FACE('',(#5527),#5537,.F.);
#5527 = FACE_BOUND('',#5528,.T.);
#5528 = EDGE_LOOP('',(#5529,#5530,#5531,#5536));
#5529 = ORIENTED_EDGE('',*,*,#503,.T.);
#5530 = ORIENTED_EDGE('',*,*,#5429,.F.);
#5531 = ORIENTED_EDGE('',*,*,#5532,.F.);
#5532 = EDGE_CURVE('',#5510,#5423,#5533,.T.);
#5533 = B_SPLINE_CURVE_WITH_KNOTS('',1,(#5534,#5535),.UNSPECIFIED.,.F.,
  .F.,(2,2),(-3.217530872057E-02,0.),.PIECEWISE_BEZIER_KNOTS.);
#5534 = CARTESIAN_POINT('',(-1.882501645556E-02,0.96,0.382666289634));
#5535 = CARTESIAN_POINT('',(-5.100032517613E-02,0.96,0.382666289634));
#5536 = ORIENTED_EDGE('',*,*,#5509,.T.);
#5537 = B_SPLINE_SURFACE_WITH_KNOTS('',1,1,(
    (#5538,#5539)
    ,(#5540,#5541
    )),.UNSPECIFIED.,.F.,.F.,.F.,(2,2),(2,2),(0.,3.217530872057E-02),(
    -1.E-02,0.),.PIECEWISE_BEZIER_KNOTS.);
#5538 = CARTESIAN_POINT('',(-5.100032517613E-02,0.95,0.382666289634));
#5539 = CARTESIAN_POINT('',(-5.100032517613E-02,0.96,0.382666289634));
#5540 = CARTESIAN_POINT('',(-1.882501645556E-02,0.95,0.382666289634));
#5541 = CARTESIAN_POINT('',(-1.882501645556E-02,0.96,0.382666289634));
#5542 = ADVANCED_FACE('',(#5543),#5551,.F.);
#5543 = FACE_BOUND('',#5544,.T.);
#5544 = EDGE_LOOP('',(#5545,#5546,#5547,#5548,#5549,#5550));
#5545 = ORIENTED_EDGE('',*,*,#5422,.T.);
#5546 = ORIENTED_EDGE('',*,*,#5450,.T.);
#5547 = ORIENTED_EDGE('',*,*,#5472,.T.);
#5548 = ORIENTED_EDGE('',*,*,#5494,.T.);
#5549 = ORIENTED_EDGE('',*,*,#5516,.T.);
#5550 = ORIENTED_EDGE('',*,*,#5532,.T.);
#5551 = B_SPLINE_SURFACE_WITH_KNOTS('',1,1,(
    (#5552,#5553)
    ,(#5554,#5555
    )),.UNSPECIFIED.,.F.,.F.,.F.,(2,2),(2,2),(-0.443679184163,
    -0.382666189634),(-5.100032517613E-02,-1.882501645556E-02),
  .PIECEWISE_BEZIER_KNOTS.);
#5552 = CARTESIAN_POINT('',(-5.100032517613E-02,0.96,0.443679284163));
#5553 = CARTESIAN_POINT('',(-1.882501645556E-02,0.96,0.443679284163));
#5554 = CARTESIAN_POINT('',(-5.100032517613E-02,0.96,0.382666289634));
#5555 = CARTESIAN_POINT('',(-1.882501645556E-02,0.96,0.382666289634));
#5556 = ADVANCED_FACE('',(#5557),#5581,.F.);
#5557 = FACE_BOUND('',#5558,.F.);
#5558 = EDGE_LOOP('',(#5559,#5566,#5575,#5580));
#5559 = ORIENTED_EDGE('',*,*,#5560,.F.);
#5560 = EDGE_CURVE('',#5561,#341,#5563,.T.);
#5561 = VERTEX_POINT('',#5562);
#5562 = CARTESIAN_POINT('',(-8.228664087801E-02,0.96,0.381636929296));
#5563 = B_SPLINE_CURVE_WITH_KNOTS('',1,(#5564,#5565),.UNSPECIFIED.,.F.,
  .F.,(2,2),(-0.,1.E-02),.PIECEWISE_BEZIER_KNOTS.);
#5564 = CARTESIAN_POINT('',(-8.228664087801E-02,0.96,0.381636929296));
#5565 = CARTESIAN_POINT('',(-8.228664087801E-02,0.95,0.381636929296));
#5566 = ORIENTED_EDGE('',*,*,#5567,.T.);
#5567 = EDGE_CURVE('',#5561,#5568,#5570,.T.);
#5568 = VERTEX_POINT('',#5569);
#5569 = CARTESIAN_POINT('',(-9.917750822867E-02,0.96,0.38519290137));
#5570 = B_SPLINE_CURVE_WITH_KNOTS('',3,(#5571,#5572,#5573,#5574),
  .UNSPECIFIED.,.F.,.F.,(4,4),(0.,1.),.PIECEWISE_BEZIER_KNOTS.);
#5571 = CARTESIAN_POINT('',(-8.228664087801E-02,0.96,0.381636929296));
#5572 = CARTESIAN_POINT('',(-8.905546491321E-02,0.96,0.381636929296));
#5573 = CARTESIAN_POINT('',(-9.46857540301E-02,0.96,0.382822253321));
#5574 = CARTESIAN_POINT('',(-9.917750822867E-02,0.96,0.38519290137));
#5575 = ORIENTED_EDGE('',*,*,#5576,.T.);
#5576 = EDGE_CURVE('',#5568,#343,#5577,.T.);
#5577 = B_SPLINE_CURVE_WITH_KNOTS('',1,(#5578,#5579),.UNSPECIFIED.,.F.,
  .F.,(2,2),(-0.,1.E-02),.PIECEWISE_BEZIER_KNOTS.);
#5578 = CARTESIAN_POINT('',(-9.917750822867E-02,0.96,0.38519290137));
#5579 = CARTESIAN_POINT('',(-9.917750822867E-02,0.95,0.38519290137));
#5580 = ORIENTED_EDGE('',*,*,#340,.F.);
#5581 = B_SPLINE_SURFACE_WITH_KNOTS('',3,1,(
    (#5582,#5583)
    ,(#5584,#5585)
    ,(#5586,#5587)
    ,(#5588,#5589
    )),.UNSPECIFIED.,.F.,.F.,.F.,(4,4),(2,2),(0.,1.),(0.,1.),
  .PIECEWISE_BEZIER_KNOTS.);
#5582 = CARTESIAN_POINT('',(-8.228664087801E-02,0.96,0.381636929296));
#5583 = CARTESIAN_POINT('',(-8.228664087801E-02,0.95,0.381636929296));
#5584 = CARTESIAN_POINT('',(-8.905546491321E-02,0.96,0.381636929296));
#5585 = CARTESIAN_POINT('',(-8.905546491321E-02,0.95,0.381636929296));
#5586 = CARTESIAN_POINT('',(-9.46857540301E-02,0.96,0.382822253321));
#5587 = CARTESIAN_POINT('',(-9.46857540301E-02,0.95,0.382822253321));
#5588 = CARTESIAN_POINT('',(-9.917750822867E-02,0.96,0.38519290137));
#5589 = CARTESIAN_POINT('',(-9.917750822867E-02,0.95,0.38519290137));
#5590 = ADVANCED_FACE('',(#5591),#5607,.F.);
#5591 = FACE_BOUND('',#5592,.T.);
#5592 = EDGE_LOOP('',(#5593,#5594,#5601,#5606));
#5593 = ORIENTED_EDGE('',*,*,#457,.T.);
#5594 = ORIENTED_EDGE('',*,*,#5595,.F.);
#5595 = EDGE_CURVE('',#5596,#449,#5598,.T.);
#5596 = VERTEX_POINT('',#5597);
#5597 = CARTESIAN_POINT('',(-9.917750822867E-02,0.96,0.392741543843));
#5598 = B_SPLINE_CURVE_WITH_KNOTS('',1,(#5599,#5600),.UNSPECIFIED.,.F.,
  .F.,(2,2),(-0.,1.E-02),.PIECEWISE_BEZIER_KNOTS.);
#5599 = CARTESIAN_POINT('',(-9.917750822867E-02,0.96,0.392741543843));
#5600 = CARTESIAN_POINT('',(-9.917750822867E-02,0.95,0.392741543843));
#5601 = ORIENTED_EDGE('',*,*,#5602,.F.);
#5602 = EDGE_CURVE('',#5568,#5596,#5603,.T.);
#5603 = B_SPLINE_CURVE_WITH_KNOTS('',1,(#5604,#5605),.UNSPECIFIED.,.F.,
  .F.,(2,2),(-7.548642472592E-03,0.),.PIECEWISE_BEZIER_KNOTS.);
#5604 = CARTESIAN_POINT('',(-9.917750822867E-02,0.96,0.38519290137));
#5605 = CARTESIAN_POINT('',(-9.917750822867E-02,0.96,0.392741543843));
#5606 = ORIENTED_EDGE('',*,*,#5576,.T.);
#5607 = B_SPLINE_SURFACE_WITH_KNOTS('',1,1,(
    (#5608,#5609)
    ,(#5610,#5611
    )),.UNSPECIFIED.,.F.,.F.,.F.,(2,2),(2,2),(-0.,7.548642472592E-03),(
    -1.E-02,0.),.PIECEWISE_BEZIER_KNOTS.);
#5608 = CARTESIAN_POINT('',(-9.917750822867E-02,0.95,0.392741543843));
#5609 = CARTESIAN_POINT('',(-9.917750822867E-02,0.96,0.392741543843));
#5610 = CARTESIAN_POINT('',(-9.917750822867E-02,0.95,0.38519290137));
#5611 = CARTESIAN_POINT('',(-9.917750822867E-02,0.96,0.38519290137));
#5612 = ADVANCED_FACE('',(#5613),#5631,.F.);
#5613 = FACE_BOUND('',#5614,.F.);
#5614 = EDGE_LOOP('',(#5615,#5616,#5625,#5630));
#5615 = ORIENTED_EDGE('',*,*,#5595,.F.);
#5616 = ORIENTED_EDGE('',*,*,#5617,.T.);
#5617 = EDGE_CURVE('',#5596,#5618,#5620,.T.);
#5618 = VERTEX_POINT('',#5619);
#5619 = CARTESIAN_POINT('',(-8.342517579633E-02,0.96,0.388655295231));
#5620 = B_SPLINE_CURVE_WITH_KNOTS('',3,(#5621,#5622,#5623,#5624),
  .UNSPECIFIED.,.F.,.F.,(4,4),(12.,13.),.PIECEWISE_BEZIER_KNOTS.);
#5621 = CARTESIAN_POINT('',(-9.917750822867E-02,0.96,0.392741543843));
#5622 = CARTESIAN_POINT('',(-9.471694676755E-02,0.96,0.390027775681));
#5623 = CARTESIAN_POINT('',(-8.946097050053E-02,0.96,0.388655295231));
#5624 = CARTESIAN_POINT('',(-8.342517579633E-02,0.96,0.388655295231));
#5625 = ORIENTED_EDGE('',*,*,#5626,.T.);
#5626 = EDGE_CURVE('',#5618,#440,#5627,.T.);
#5627 = B_SPLINE_CURVE_WITH_KNOTS('',1,(#5628,#5629),.UNSPECIFIED.,.F.,
  .F.,(2,2),(-0.,1.E-02),.PIECEWISE_BEZIER_KNOTS.);
#5628 = CARTESIAN_POINT('',(-8.342517579633E-02,0.96,0.388655295231));
#5629 = CARTESIAN_POINT('',(-8.342517579633E-02,0.95,0.388655295231));
#5630 = ORIENTED_EDGE('',*,*,#448,.F.);
#5631 = B_SPLINE_SURFACE_WITH_KNOTS('',3,1,(
    (#5632,#5633)
    ,(#5634,#5635)
    ,(#5636,#5637)
    ,(#5638,#5639
    )),.UNSPECIFIED.,.F.,.F.,.F.,(4,4),(2,2),(12.,13.),(0.,1.),
  .PIECEWISE_BEZIER_KNOTS.);
#5632 = CARTESIAN_POINT('',(-9.917750822867E-02,0.96,0.392741543843));
#5633 = CARTESIAN_POINT('',(-9.917750822867E-02,0.95,0.392741543843));
#5634 = CARTESIAN_POINT('',(-9.471694676755E-02,0.96,0.390027775681));
#5635 = CARTESIAN_POINT('',(-9.471694676755E-02,0.95,0.390027775681));
#5636 = CARTESIAN_POINT('',(-8.946097050053E-02,0.96,0.388655295231));
#5637 = CARTESIAN_POINT('',(-8.946097050053E-02,0.95,0.388655295231));
#5638 = CARTESIAN_POINT('',(-8.342517579633E-02,0.96,0.388655295231));
#5639 = CARTESIAN_POINT('',(-8.342517579633E-02,0.95,0.388655295231));
#5640 = ADVANCED_FACE('',(#5641),#5659,.F.);
#5641 = FACE_BOUND('',#5642,.F.);
#5642 = EDGE_LOOP('',(#5643,#5644,#5653,#5658));
#5643 = ORIENTED_EDGE('',*,*,#5626,.F.);
#5644 = ORIENTED_EDGE('',*,*,#5645,.T.);
#5645 = EDGE_CURVE('',#5618,#5646,#5648,.T.);
#5646 = VERTEX_POINT('',#5647);
#5647 = CARTESIAN_POINT('',(-6.775082520783E-02,0.96,0.395080999154));
#5648 = B_SPLINE_CURVE_WITH_KNOTS('',3,(#5649,#5650,#5651,#5652),
  .UNSPECIFIED.,.F.,.F.,(4,4),(11.,12.),.PIECEWISE_BEZIER_KNOTS.);
#5649 = CARTESIAN_POINT('',(-8.342517579633E-02,0.96,0.388655295231));
#5650 = CARTESIAN_POINT('',(-7.696827913608E-02,0.96,0.388655295231));
#5651 = CARTESIAN_POINT('',(-7.174349560651E-02,0.96,0.390807594118));
#5652 = CARTESIAN_POINT('',(-6.775082520783E-02,0.96,0.395080999154));
#5653 = ORIENTED_EDGE('',*,*,#5654,.T.);
#5654 = EDGE_CURVE('',#5646,#431,#5655,.T.);
#5655 = B_SPLINE_CURVE_WITH_KNOTS('',1,(#5656,#5657),.UNSPECIFIED.,.F.,
  .F.,(2,2),(-0.,1.E-02),.PIECEWISE_BEZIER_KNOTS.);
#5656 = CARTESIAN_POINT('',(-6.775082520783E-02,0.96,0.395080999154));
#5657 = CARTESIAN_POINT('',(-6.775082520783E-02,0.95,0.395080999154));
#5658 = ORIENTED_EDGE('',*,*,#439,.F.);
#5659 = B_SPLINE_SURFACE_WITH_KNOTS('',3,1,(
    (#5660,#5661)
    ,(#5662,#5663)
    ,(#5664,#5665)
    ,(#5666,#5667
    )),.UNSPECIFIED.,.F.,.F.,.F.,(4,4),(2,2),(11.,12.),(0.,1.),
  .PIECEWISE_BEZIER_KNOTS.);
#5660 = CARTESIAN_POINT('',(-8.342517579633E-02,0.96,0.388655295231));
#5661 = CARTESIAN_POINT('',(-8.342517579633E-02,0.95,0.388655295231));
#5662 = CARTESIAN_POINT('',(-7.696827913608E-02,0.96,0.388655295231));
#5663 = CARTESIAN_POINT('',(-7.696827913608E-02,0.95,0.388655295231));
#5664 = CARTESIAN_POINT('',(-7.174349560651E-02,0.96,0.390807594118));
#5665 = CARTESIAN_POINT('',(-7.174349560651E-02,0.95,0.390807594118));
#5666 = CARTESIAN_POINT('',(-6.775082520783E-02,0.96,0.395080999154));
#5667 = CARTESIAN_POINT('',(-6.775082520783E-02,0.95,0.395080999154));
#5668 = ADVANCED_FACE('',(#5669),#5687,.F.);
#5669 = FACE_BOUND('',#5670,.F.);
#5670 = EDGE_LOOP('',(#5671,#5672,#5681,#5686));
#5671 = ORIENTED_EDGE('',*,*,#5654,.F.);
#5672 = ORIENTED_EDGE('',*,*,#5673,.T.);
#5673 = EDGE_CURVE('',#5646,#5674,#5676,.T.);
#5674 = VERTEX_POINT('',#5675);
#5675 = CARTESIAN_POINT('',(-6.176181961001E-02,0.96,0.412486546674));
#5676 = B_SPLINE_CURVE_WITH_KNOTS('',3,(#5677,#5678,#5679,#5680),
  .UNSPECIFIED.,.F.,.F.,(4,4),(10.,11.),.PIECEWISE_BEZIER_KNOTS.);
#5677 = CARTESIAN_POINT('',(-6.775082520783E-02,0.96,0.395080999154));
#5678 = CARTESIAN_POINT('',(-6.375815480915E-02,0.96,0.399385596928));
#5679 = CARTESIAN_POINT('',(-6.176181961001E-02,0.96,0.405187446101));
#5680 = CARTESIAN_POINT('',(-6.176181961001E-02,0.96,0.412486546674));
#5681 = ORIENTED_EDGE('',*,*,#5682,.T.);
#5682 = EDGE_CURVE('',#5674,#422,#5683,.T.);
#5683 = B_SPLINE_CURVE_WITH_KNOTS('',1,(#5684,#5685),.UNSPECIFIED.,.F.,
  .F.,(2,2),(-0.,1.E-02),.PIECEWISE_BEZIER_KNOTS.);
#5684 = CARTESIAN_POINT('',(-6.176181961001E-02,0.96,0.412486546674));
#5685 = CARTESIAN_POINT('',(-6.176181961001E-02,0.95,0.412486546674));
#5686 = ORIENTED_EDGE('',*,*,#430,.F.);
#5687 = B_SPLINE_SURFACE_WITH_KNOTS('',3,1,(
    (#5688,#5689)
    ,(#5690,#5691)
    ,(#5692,#5693)
    ,(#5694,#5695
    )),.UNSPECIFIED.,.F.,.F.,.F.,(4,4),(2,2),(10.,11.),(0.,1.),
  .PIECEWISE_BEZIER_KNOTS.);
#5688 = CARTESIAN_POINT('',(-6.775082520783E-02,0.96,0.395080999154));
#5689 = CARTESIAN_POINT('',(-6.775082520783E-02,0.95,0.395080999154));
#5690 = CARTESIAN_POINT('',(-6.375815480915E-02,0.96,0.399385596928));
#5691 = CARTESIAN_POINT('',(-6.375815480915E-02,0.95,0.399385596928));
#5692 = CARTESIAN_POINT('',(-6.176181961001E-02,0.96,0.405187446101));
#5693 = CARTESIAN_POINT('',(-6.176181961001E-02,0.95,0.405187446101));
#5694 = CARTESIAN_POINT('',(-6.176181961001E-02,0.96,0.412486546674));
#5695 = CARTESIAN_POINT('',(-6.176181961001E-02,0.95,0.412486546674));
#5696 = ADVANCED_FACE('',(#5697),#5715,.F.);
#5697 = FACE_BOUND('',#5698,.F.);
#5698 = EDGE_LOOP('',(#5699,#5700,#5709,#5714));
#5699 = ORIENTED_EDGE('',*,*,#5682,.F.);
#5700 = ORIENTED_EDGE('',*,*,#5701,.T.);
#5701 = EDGE_CURVE('',#5674,#5702,#5704,.T.);
#5702 = VERTEX_POINT('',#5703);
#5703 = CARTESIAN_POINT('',(-6.817192716408E-02,0.96,0.430827876317));
#5704 = B_SPLINE_CURVE_WITH_KNOTS('',3,(#5705,#5706,#5707,#5708),
  .UNSPECIFIED.,.F.,.F.,(4,4),(9.,10.),.PIECEWISE_BEZIER_KNOTS.);
#5705 = CARTESIAN_POINT('',(-6.176181961001E-02,0.96,0.412486546674));
#5706 = CARTESIAN_POINT('',(-6.176181961001E-02,0.96,0.420159960096));
#5707 = CARTESIAN_POINT('',(-6.38985221279E-02,0.96,0.426273736644));
#5708 = CARTESIAN_POINT('',(-6.817192716408E-02,0.96,0.430827876317));
#5709 = ORIENTED_EDGE('',*,*,#5710,.T.);
#5710 = EDGE_CURVE('',#5702,#413,#5711,.T.);
#5711 = B_SPLINE_CURVE_WITH_KNOTS('',1,(#5712,#5713),.UNSPECIFIED.,.F.,
  .F.,(2,2),(-0.,1.E-02),.PIECEWISE_BEZIER_KNOTS.);
#5712 = CARTESIAN_POINT('',(-6.817192716408E-02,0.96,0.430827876317));
#5713 = CARTESIAN_POINT('',(-6.817192716408E-02,0.95,0.430827876317));
#5714 = ORIENTED_EDGE('',*,*,#421,.F.);
#5715 = B_SPLINE_SURFACE_WITH_KNOTS('',3,1,(
    (#5716,#5717)
    ,(#5718,#5719)
    ,(#5720,#5721)
    ,(#5722,#5723
    )),.UNSPECIFIED.,.F.,.F.,.F.,(4,4),(2,2),(9.,10.),(0.,1.),
  .PIECEWISE_BEZIER_KNOTS.);
#5716 = CARTESIAN_POINT('',(-6.176181961001E-02,0.96,0.412486546674));
#5717 = CARTESIAN_POINT('',(-6.176181961001E-02,0.95,0.412486546674));
#5718 = CARTESIAN_POINT('',(-6.176181961001E-02,0.96,0.420159960096));
#5719 = CARTESIAN_POINT('',(-6.176181961001E-02,0.95,0.420159960096));
#5720 = CARTESIAN_POINT('',(-6.38985221279E-02,0.96,0.426273736644));
#5721 = CARTESIAN_POINT('',(-6.38985221279E-02,0.95,0.426273736644));
#5722 = CARTESIAN_POINT('',(-6.817192716408E-02,0.96,0.430827876317));
#5723 = CARTESIAN_POINT('',(-6.817192716408E-02,0.95,0.430827876317));
#5724 = ADVANCED_FACE('',(#5725),#5743,.F.);
#5725 = FACE_BOUND('',#5726,.F.);
#5726 = EDGE_LOOP('',(#5727,#5728,#5737,#5742));
#5727 = ORIENTED_EDGE('',*,*,#5710,.F.);
#5728 = ORIENTED_EDGE('',*,*,#5729,.T.);
#5729 = EDGE_CURVE('',#5702,#5730,#5732,.T.);
#5730 = VERTEX_POINT('',#5731);
#5731 = CARTESIAN_POINT('',(-8.479765624596E-02,0.96,0.437596700352));
#5732 = B_SPLINE_CURVE_WITH_KNOTS('',3,(#5733,#5734,#5735,#5736),
  .UNSPECIFIED.,.F.,.F.,(4,4),(8.,9.),.PIECEWISE_BEZIER_KNOTS.);
#5733 = CARTESIAN_POINT('',(-6.817192716408E-02,0.96,0.430827876317));
#5734 = CARTESIAN_POINT('',(-7.246092856878E-02,0.96,0.435350823253));
#5735 = CARTESIAN_POINT('',(-7.799763947331E-02,0.96,0.437596700352));
#5736 = CARTESIAN_POINT('',(-8.479765624596E-02,0.96,0.437596700352));
#5737 = ORIENTED_EDGE('',*,*,#5738,.T.);
#5738 = EDGE_CURVE('',#5730,#404,#5739,.T.);
#5739 = B_SPLINE_CURVE_WITH_KNOTS('',1,(#5740,#5741),.UNSPECIFIED.,.F.,
  .F.,(2,2),(-0.,1.E-02),.PIECEWISE_BEZIER_KNOTS.);
#5740 = CARTESIAN_POINT('',(-8.479765624596E-02,0.96,0.437596700352));
#5741 = CARTESIAN_POINT('',(-8.479765624596E-02,0.95,0.437596700352));
#5742 = ORIENTED_EDGE('',*,*,#412,.F.);
#5743 = B_SPLINE_SURFACE_WITH_KNOTS('',3,1,(
    (#5744,#5745)
    ,(#5746,#5747)
    ,(#5748,#5749)
    ,(#5750,#5751
    )),.UNSPECIFIED.,.F.,.F.,.F.,(4,4),(2,2),(8.,9.),(0.,1.),
  .PIECEWISE_BEZIER_KNOTS.);
#5744 = CARTESIAN_POINT('',(-6.817192716408E-02,0.96,0.430827876317));
#5745 = CARTESIAN_POINT('',(-6.817192716408E-02,0.95,0.430827876317));
#5746 = CARTESIAN_POINT('',(-7.246092856878E-02,0.96,0.435350823253));
#5747 = CARTESIAN_POINT('',(-7.246092856878E-02,0.95,0.435350823253));
#5748 = CARTESIAN_POINT('',(-7.799763947331E-02,0.96,0.437596700352));
#5749 = CARTESIAN_POINT('',(-7.799763947331E-02,0.95,0.437596700352));
#5750 = CARTESIAN_POINT('',(-8.479765624596E-02,0.96,0.437596700352));
#5751 = CARTESIAN_POINT('',(-8.479765624596E-02,0.95,0.437596700352));
#5752 = ADVANCED_FACE('',(#5753),#5771,.F.);
#5753 = FACE_BOUND('',#5754,.F.);
#5754 = EDGE_LOOP('',(#5755,#5756,#5765,#5770));
#5755 = ORIENTED_EDGE('',*,*,#5738,.F.);
#5756 = ORIENTED_EDGE('',*,*,#5757,.T.);
#5757 = EDGE_CURVE('',#5730,#5758,#5760,.T.);
#5758 = VERTEX_POINT('',#5759);
#5759 = CARTESIAN_POINT('',(-9.917750822867E-02,0.96,0.433978342804));
#5760 = B_SPLINE_CURVE_WITH_KNOTS('',3,(#5761,#5762,#5763,#5764),
  .UNSPECIFIED.,.F.,.F.,(4,4),(7.,8.),.PIECEWISE_BEZIER_KNOTS.);
#5761 = CARTESIAN_POINT('',(-8.479765624596E-02,0.96,0.437596700352));
#5762 = CARTESIAN_POINT('',(-9.002243977532E-02,0.96,0.437596700352));
#5763 = CARTESIAN_POINT('',(-9.481052498012E-02,0.96,0.436411376328));
#5764 = CARTESIAN_POINT('',(-9.917750822867E-02,0.96,0.433978342804));
#5765 = ORIENTED_EDGE('',*,*,#5766,.T.);
#5766 = EDGE_CURVE('',#5758,#397,#5767,.T.);
#5767 = B_SPLINE_CURVE_WITH_KNOTS('',1,(#5768,#5769),.UNSPECIFIED.,.F.,
  .F.,(2,2),(-0.,1.E-02),.PIECEWISE_BEZIER_KNOTS.);
#5768 = CARTESIAN_POINT('',(-9.917750822867E-02,0.96,0.433978342804));
#5769 = CARTESIAN_POINT('',(-9.917750822867E-02,0.95,0.433978342804));
#5770 = ORIENTED_EDGE('',*,*,#403,.F.);
#5771 = B_SPLINE_SURFACE_WITH_KNOTS('',3,1,(
    (#5772,#5773)
    ,(#5774,#5775)
    ,(#5776,#5777)
    ,(#5778,#5779
    )),.UNSPECIFIED.,.F.,.F.,.F.,(4,4),(2,2),(7.,8.),(0.,1.),
  .PIECEWISE_BEZIER_KNOTS.);
#5772 = CARTESIAN_POINT('',(-8.479765624596E-02,0.96,0.437596700352));
#5773 = CARTESIAN_POINT('',(-8.479765624596E-02,0.95,0.437596700352));
#5774 = CARTESIAN_POINT('',(-9.002243977532E-02,0.96,0.437596700352));
#5775 = CARTESIAN_POINT('',(-9.002243977532E-02,0.95,0.437596700352));
#5776 = CARTESIAN_POINT('',(-9.481052498012E-02,0.96,0.436411376328));
#5777 = CARTESIAN_POINT('',(-9.481052498012E-02,0.95,0.436411376328));
#5778 = CARTESIAN_POINT('',(-9.917750822867E-02,0.96,0.433978342804));
#5779 = CARTESIAN_POINT('',(-9.917750822867E-02,0.95,0.433978342804));
#5780 = ADVANCED_FACE('',(#5781),#5797,.F.);
#5781 = FACE_BOUND('',#5782,.T.);
#5782 = EDGE_LOOP('',(#5783,#5784,#5791,#5796));
#5783 = ORIENTED_EDGE('',*,*,#396,.T.);
#5784 = ORIENTED_EDGE('',*,*,#5785,.F.);
#5785 = EDGE_CURVE('',#5786,#388,#5788,.T.);
#5786 = VERTEX_POINT('',#5787);
#5787 = CARTESIAN_POINT('',(-9.917750822867E-02,0.96,0.442213225501));
#5788 = B_SPLINE_CURVE_WITH_KNOTS('',1,(#5789,#5790),.UNSPECIFIED.,.F.,
  .F.,(2,2),(-0.,1.E-02),.PIECEWISE_BEZIER_KNOTS.);
#5789 = CARTESIAN_POINT('',(-9.917750822867E-02,0.96,0.442213225501));
#5790 = CARTESIAN_POINT('',(-9.917750822867E-02,0.95,0.442213225501));
#5791 = ORIENTED_EDGE('',*,*,#5792,.F.);
#5792 = EDGE_CURVE('',#5758,#5786,#5793,.T.);
#5793 = B_SPLINE_CURVE_WITH_KNOTS('',1,(#5794,#5795),.UNSPECIFIED.,.F.,
  .F.,(2,2),(-8.234882696995E-03,0.),.PIECEWISE_BEZIER_KNOTS.);
#5794 = CARTESIAN_POINT('',(-9.917750822867E-02,0.96,0.433978342804));
#5795 = CARTESIAN_POINT('',(-9.917750822867E-02,0.96,0.442213225501));
#5796 = ORIENTED_EDGE('',*,*,#5766,.T.);
#5797 = B_SPLINE_SURFACE_WITH_KNOTS('',1,1,(
    (#5798,#5799)
    ,(#5800,#5801
    )),.UNSPECIFIED.,.F.,.F.,.F.,(2,2),(2,2),(0.,8.234882696995E-03),(
    -1.E-02,0.),.PIECEWISE_BEZIER_KNOTS.);
#5798 = CARTESIAN_POINT('',(-9.917750822867E-02,0.95,0.442213225501));
#5799 = CARTESIAN_POINT('',(-9.917750822867E-02,0.96,0.442213225501));
#5800 = CARTESIAN_POINT('',(-9.917750822867E-02,0.95,0.433978342804));
#5801 = CARTESIAN_POINT('',(-9.917750822867E-02,0.96,0.433978342804));
#5802 = ADVANCED_FACE('',(#5803),#5821,.F.);
#5803 = FACE_BOUND('',#5804,.F.);
#5804 = EDGE_LOOP('',(#5805,#5806,#5815,#5820));
#5805 = ORIENTED_EDGE('',*,*,#5785,.F.);
#5806 = ORIENTED_EDGE('',*,*,#5807,.T.);
#5807 = EDGE_CURVE('',#5786,#5808,#5810,.T.);
#5808 = VERTEX_POINT('',#5809);
#5809 = CARTESIAN_POINT('',(-8.471967440212E-02,0.96,0.4447086445));
#5810 = B_SPLINE_CURVE_WITH_KNOTS('',3,(#5811,#5812,#5813,#5814),
  .UNSPECIFIED.,.F.,.F.,(4,4),(5.,6.),.PIECEWISE_BEZIER_KNOTS.);
#5811 = CARTESIAN_POINT('',(-9.917750822867E-02,0.96,0.442213225501));
#5812 = CARTESIAN_POINT('',(-9.537199425492E-02,0.96,0.443866440588));
#5813 = CARTESIAN_POINT('',(-9.055271631267E-02,0.96,0.4447086445));
#5814 = CARTESIAN_POINT('',(-8.471967440212E-02,0.96,0.4447086445));
#5815 = ORIENTED_EDGE('',*,*,#5816,.T.);
#5816 = EDGE_CURVE('',#5808,#379,#5817,.T.);
#5817 = B_SPLINE_CURVE_WITH_KNOTS('',1,(#5818,#5819),.UNSPECIFIED.,.F.,
  .F.,(2,2),(-0.,1.E-02),.PIECEWISE_BEZIER_KNOTS.);
#5818 = CARTESIAN_POINT('',(-8.471967440212E-02,0.96,0.4447086445));
#5819 = CARTESIAN_POINT('',(-8.471967440212E-02,0.95,0.4447086445));
#5820 = ORIENTED_EDGE('',*,*,#387,.F.);
#5821 = B_SPLINE_SURFACE_WITH_KNOTS('',3,1,(
    (#5822,#5823)
    ,(#5824,#5825)
    ,(#5826,#5827)
    ,(#5828,#5829
    )),.UNSPECIFIED.,.F.,.F.,.F.,(4,4),(2,2),(5.,6.),(0.,1.),
  .PIECEWISE_BEZIER_KNOTS.);
#5822 = CARTESIAN_POINT('',(-9.917750822867E-02,0.96,0.442213225501));
#5823 = CARTESIAN_POINT('',(-9.917750822867E-02,0.95,0.442213225501));
#5824 = CARTESIAN_POINT('',(-9.537199425492E-02,0.96,0.443866440588));
#5825 = CARTESIAN_POINT('',(-9.537199425492E-02,0.95,0.443866440588));
#5826 = CARTESIAN_POINT('',(-9.055271631267E-02,0.96,0.4447086445));
#5827 = CARTESIAN_POINT('',(-9.055271631267E-02,0.95,0.4447086445));
#5828 = CARTESIAN_POINT('',(-8.471967440212E-02,0.96,0.4447086445));
#5829 = CARTESIAN_POINT('',(-8.471967440212E-02,0.95,0.4447086445));
#5830 = ADVANCED_FACE('',(#5831),#5849,.F.);
#5831 = FACE_BOUND('',#5832,.F.);
#5832 = EDGE_LOOP('',(#5833,#5834,#5843,#5848));
#5833 = ORIENTED_EDGE('',*,*,#5816,.F.);
#5834 = ORIENTED_EDGE('',*,*,#5835,.T.);
#5835 = EDGE_CURVE('',#5808,#5836,#5838,.T.);
#5836 = VERTEX_POINT('',#5837);
#5837 = CARTESIAN_POINT('',(-6.230769251587E-02,0.96,0.435725136103));
#5838 = B_SPLINE_CURVE_WITH_KNOTS('',3,(#5839,#5840,#5841,#5842),
  .UNSPECIFIED.,.F.,.F.,(4,4),(4.,5.),.PIECEWISE_BEZIER_KNOTS.);
#5839 = CARTESIAN_POINT('',(-8.471967440212E-02,0.96,0.4447086445));
#5840 = CARTESIAN_POINT('',(-7.565818416156E-02,0.96,0.4447086445));
#5841 = CARTESIAN_POINT('',(-6.818752353281E-02,0.96,0.441714141701));
#5842 = CARTESIAN_POINT('',(-6.230769251587E-02,0.96,0.435725136103));
#5843 = ORIENTED_EDGE('',*,*,#5844,.T.);
#5844 = EDGE_CURVE('',#5836,#370,#5845,.T.);
#5845 = B_SPLINE_CURVE_WITH_KNOTS('',1,(#5846,#5847),.UNSPECIFIED.,.F.,
  .F.,(2,2),(-0.,1.E-02),.PIECEWISE_BEZIER_KNOTS.);
#5846 = CARTESIAN_POINT('',(-6.230769251587E-02,0.96,0.435725136103));
#5847 = CARTESIAN_POINT('',(-6.230769251587E-02,0.95,0.435725136103));
#5848 = ORIENTED_EDGE('',*,*,#378,.F.);
#5849 = B_SPLINE_SURFACE_WITH_KNOTS('',3,1,(
    (#5850,#5851)
    ,(#5852,#5853)
    ,(#5854,#5855)
    ,(#5856,#5857
    )),.UNSPECIFIED.,.F.,.F.,.F.,(4,4),(2,2),(4.,5.),(0.,1.),
  .PIECEWISE_BEZIER_KNOTS.);
#5850 = CARTESIAN_POINT('',(-8.471967440212E-02,0.96,0.4447086445));
#5851 = CARTESIAN_POINT('',(-8.471967440212E-02,0.95,0.4447086445));
#5852 = CARTESIAN_POINT('',(-7.565818416156E-02,0.96,0.4447086445));
#5853 = CARTESIAN_POINT('',(-7.565818416156E-02,0.95,0.4447086445));
#5854 = CARTESIAN_POINT('',(-6.818752353281E-02,0.96,0.441714141701));
#5855 = CARTESIAN_POINT('',(-6.818752353281E-02,0.95,0.441714141701));
#5856 = CARTESIAN_POINT('',(-6.230769251587E-02,0.96,0.435725136103));
#5857 = CARTESIAN_POINT('',(-6.230769251587E-02,0.95,0.435725136103));
#5858 = ADVANCED_FACE('',(#5859),#5877,.F.);
#5859 = FACE_BOUND('',#5860,.F.);
#5860 = EDGE_LOOP('',(#5861,#5862,#5871,#5876));
#5861 = ORIENTED_EDGE('',*,*,#5844,.F.);
#5862 = ORIENTED_EDGE('',*,*,#5863,.T.);
#5863 = EDGE_CURVE('',#5836,#5864,#5866,.T.);
#5864 = VERTEX_POINT('',#5865);
#5865 = CARTESIAN_POINT('',(-5.349574417515E-02,0.96,0.412018655611));
#5866 = B_SPLINE_CURVE_WITH_KNOTS('',3,(#5867,#5868,#5869,#5870),
  .UNSPECIFIED.,.F.,.F.,(4,4),(3.,4.),.PIECEWISE_BEZIER_KNOTS.);
#5867 = CARTESIAN_POINT('',(-6.230769251587E-02,0.96,0.435725136103));
#5868 = CARTESIAN_POINT('',(-5.642786149915E-02,0.96,0.429736130505));
#5869 = CARTESIAN_POINT('',(-5.349574417515E-02,0.96,0.42184436792));
#5870 = CARTESIAN_POINT('',(-5.349574417515E-02,0.96,0.412018655611));
#5871 = ORIENTED_EDGE('',*,*,#5872,.T.);
#5872 = EDGE_CURVE('',#5864,#361,#5873,.T.);
#5873 = B_SPLINE_CURVE_WITH_KNOTS('',1,(#5874,#5875),.UNSPECIFIED.,.F.,
  .F.,(2,2),(-0.,1.E-02),.PIECEWISE_BEZIER_KNOTS.);
#5874 = CARTESIAN_POINT('',(-5.349574417515E-02,0.96,0.412018655611));
#5875 = CARTESIAN_POINT('',(-5.349574417515E-02,0.95,0.412018655611));
#5876 = ORIENTED_EDGE('',*,*,#369,.F.);
#5877 = B_SPLINE_SURFACE_WITH_KNOTS('',3,1,(
    (#5878,#5879)
    ,(#5880,#5881)
    ,(#5882,#5883)
    ,(#5884,#5885
    )),.UNSPECIFIED.,.F.,.F.,.F.,(4,4),(2,2),(3.,4.),(0.,1.),
  .PIECEWISE_BEZIER_KNOTS.);
#5878 = CARTESIAN_POINT('',(-6.230769251587E-02,0.96,0.435725136103));
#5879 = CARTESIAN_POINT('',(-6.230769251587E-02,0.95,0.435725136103));
#5880 = CARTESIAN_POINT('',(-5.642786149915E-02,0.96,0.429736130505));
#5881 = CARTESIAN_POINT('',(-5.642786149915E-02,0.95,0.429736130505));
#5882 = CARTESIAN_POINT('',(-5.349574417515E-02,0.96,0.42184436792));
#5883 = CARTESIAN_POINT('',(-5.349574417515E-02,0.95,0.42184436792));
#5884 = CARTESIAN_POINT('',(-5.349574417515E-02,0.96,0.412018655611));
#5885 = CARTESIAN_POINT('',(-5.349574417515E-02,0.95,0.412018655611));
#5886 = ADVANCED_FACE('',(#5887),#5905,.F.);
#5887 = FACE_BOUND('',#5888,.F.);
#5888 = EDGE_LOOP('',(#5889,#5890,#5899,#5904));
#5889 = ORIENTED_EDGE('',*,*,#5872,.F.);
#5890 = ORIENTED_EDGE('',*,*,#5891,.T.);
#5891 = EDGE_CURVE('',#5864,#5892,#5894,.T.);
#5892 = VERTEX_POINT('',#5893);
#5893 = CARTESIAN_POINT('',(-6.132512128503E-02,0.96,0.389965390206));
#5894 = B_SPLINE_CURVE_WITH_KNOTS('',3,(#5895,#5896,#5897,#5898),
  .UNSPECIFIED.,.F.,.F.,(4,4),(2.,3.),.PIECEWISE_BEZIER_KNOTS.);
#5895 = CARTESIAN_POINT('',(-5.349574417515E-02,0.96,0.412018655611));
#5896 = CARTESIAN_POINT('',(-5.349574417515E-02,0.96,0.402879183527));
#5897 = CARTESIAN_POINT('',(-5.610033775546E-02,0.96,0.395517697479));
#5898 = CARTESIAN_POINT('',(-6.132512128503E-02,0.96,0.389965390206));
#5899 = ORIENTED_EDGE('',*,*,#5900,.T.);
#5900 = EDGE_CURVE('',#5892,#352,#5901,.T.);
#5901 = B_SPLINE_CURVE_WITH_KNOTS('',1,(#5902,#5903),.UNSPECIFIED.,.F.,
  .F.,(2,2),(-0.,1.E-02),.PIECEWISE_BEZIER_KNOTS.);
#5902 = CARTESIAN_POINT('',(-6.132512128503E-02,0.96,0.389965390206));
#5903 = CARTESIAN_POINT('',(-6.132512128503E-02,0.95,0.389965390206));
#5904 = ORIENTED_EDGE('',*,*,#360,.F.);
#5905 = B_SPLINE_SURFACE_WITH_KNOTS('',3,1,(
    (#5906,#5907)
    ,(#5908,#5909)
    ,(#5910,#5911)
    ,(#5912,#5913
    )),.UNSPECIFIED.,.F.,.F.,.F.,(4,4),(2,2),(2.,3.),(0.,1.),
  .PIECEWISE_BEZIER_KNOTS.);
#5906 = CARTESIAN_POINT('',(-5.349574417515E-02,0.96,0.412018655611));
#5907 = CARTESIAN_POINT('',(-5.349574417515E-02,0.95,0.412018655611));
#5908 = CARTESIAN_POINT('',(-5.349574417515E-02,0.96,0.402879183527));
#5909 = CARTESIAN_POINT('',(-5.349574417515E-02,0.95,0.402879183527));
#5910 = CARTESIAN_POINT('',(-5.610033775546E-02,0.96,0.395517697479));
#5911 = CARTESIAN_POINT('',(-5.610033775546E-02,0.95,0.395517697479));
#5912 = CARTESIAN_POINT('',(-6.132512128503E-02,0.96,0.389965390206));
#5913 = CARTESIAN_POINT('',(-6.132512128503E-02,0.95,0.389965390206));
#5914 = ADVANCED_FACE('',(#5915),#5927,.F.);
#5915 = FACE_BOUND('',#5916,.F.);
#5916 = EDGE_LOOP('',(#5917,#5918,#5925,#5926));
#5917 = ORIENTED_EDGE('',*,*,#5900,.F.);
#5918 = ORIENTED_EDGE('',*,*,#5919,.T.);
#5919 = EDGE_CURVE('',#5892,#5561,#5920,.T.);
#5920 = B_SPLINE_CURVE_WITH_KNOTS('',3,(#5921,#5922,#5923,#5924),
  .UNSPECIFIED.,.F.,.F.,(4,4),(1.,2.),.PIECEWISE_BEZIER_KNOTS.);
#5921 = CARTESIAN_POINT('',(-6.132512128503E-02,0.96,0.389965390206));
#5922 = CARTESIAN_POINT('',(-6.65499048146E-02,0.96,0.384413082933));
#5923 = CARTESIAN_POINT('',(-7.353707801219E-02,0.96,0.381636929296));
#5924 = CARTESIAN_POINT('',(-8.228664087801E-02,0.96,0.381636929296));
#5925 = ORIENTED_EDGE('',*,*,#5560,.T.);
#5926 = ORIENTED_EDGE('',*,*,#351,.F.);
#5927 = B_SPLINE_SURFACE_WITH_KNOTS('',3,1,(
    (#5928,#5929)
    ,(#5930,#5931)
    ,(#5932,#5933)
    ,(#5934,#5935
    )),.UNSPECIFIED.,.F.,.F.,.F.,(4,4),(2,2),(1.,2.),(0.,1.),
  .PIECEWISE_BEZIER_KNOTS.);
#5928 = CARTESIAN_POINT('',(-6.132512128503E-02,0.96,0.389965390206));
#5929 = CARTESIAN_POINT('',(-6.132512128503E-02,0.95,0.389965390206));
#5930 = CARTESIAN_POINT('',(-6.65499048146E-02,0.96,0.384413082933));
#5931 = CARTESIAN_POINT('',(-6.65499048146E-02,0.95,0.384413082933));
#5932 = CARTESIAN_POINT('',(-7.353707801219E-02,0.96,0.381636929296));
#5933 = CARTESIAN_POINT('',(-7.353707801219E-02,0.95,0.381636929296));
#5934 = CARTESIAN_POINT('',(-8.228664087801E-02,0.96,0.381636929296));
#5935 = CARTESIAN_POINT('',(-8.228664087801E-02,0.95,0.381636929296));
#5936 = ADVANCED_FACE('',(#5937),#5953,.T.);
#5937 = FACE_BOUND('',#5938,.T.);
#5938 = EDGE_LOOP('',(#5939,#5940,#5941,#5942,#5943,#5944,#5945,#5946,
    #5947,#5948,#5949,#5950,#5951,#5952));
#5939 = ORIENTED_EDGE('',*,*,#5567,.T.);
#5940 = ORIENTED_EDGE('',*,*,#5602,.T.);
#5941 = ORIENTED_EDGE('',*,*,#5617,.T.);
#5942 = ORIENTED_EDGE('',*,*,#5645,.T.);
#5943 = ORIENTED_EDGE('',*,*,#5673,.T.);
#5944 = ORIENTED_EDGE('',*,*,#5701,.T.);
#5945 = ORIENTED_EDGE('',*,*,#5729,.T.);
#5946 = ORIENTED_EDGE('',*,*,#5757,.T.);
#5947 = ORIENTED_EDGE('',*,*,#5792,.T.);
#5948 = ORIENTED_EDGE('',*,*,#5807,.T.);
#5949 = ORIENTED_EDGE('',*,*,#5835,.T.);
#5950 = ORIENTED_EDGE('',*,*,#5863,.T.);
#5951 = ORIENTED_EDGE('',*,*,#5891,.T.);
#5952 = ORIENTED_EDGE('',*,*,#5919,.T.);
#5953 = B_SPLINE_SURFACE_WITH_KNOTS('',1,1,(
    (#5954,#5955)
    ,(#5956,#5957
    )),.UNSPECIFIED.,.F.,.F.,.F.,(2,2),(2,2),(-8.889930184257E-04,
    6.218272218543E-02),(-7.591532486591E-03,3.809023156693E-02),
  .PIECEWISE_BEZIER_KNOTS.);
#5954 = CARTESIAN_POINT('',(-9.917750822867E-02,0.96,0.381636929296));
#5955 = CARTESIAN_POINT('',(-5.349574417515E-02,0.96,0.381636929296));
#5956 = CARTESIAN_POINT('',(-9.917750822867E-02,0.96,0.4447086445));
#5957 = CARTESIAN_POINT('',(-5.349574417515E-02,0.96,0.4447086445));
#5958 = ADVANCED_FACE('',(#5959),#5981,.F.);
#5959 = FACE_BOUND('',#5960,.T.);
#5960 = EDGE_LOOP('',(#5961,#5962,#5969,#5976));
#5961 = ORIENTED_EDGE('',*,*,#538,.T.);
#5962 = ORIENTED_EDGE('',*,*,#5963,.F.);
#5963 = EDGE_CURVE('',#5964,#541,#5966,.T.);
#5964 = VERTEX_POINT('',#5965);
#5965 = CARTESIAN_POINT('',(-0.144204224795,0.96,0.389622270094));
#5966 = B_SPLINE_CURVE_WITH_KNOTS('',1,(#5967,#5968),.UNSPECIFIED.,.F.,
  .F.,(2,2),(-0.,1.E-02),.PIECEWISE_BEZIER_KNOTS.);
#5967 = CARTESIAN_POINT('',(-0.144204224795,0.96,0.389622270094));
#5968 = CARTESIAN_POINT('',(-0.144204224795,0.95,0.389622270094));
#5969 = ORIENTED_EDGE('',*,*,#5970,.F.);
#5970 = EDGE_CURVE('',#5971,#5964,#5973,.T.);
#5971 = VERTEX_POINT('',#5972);
#5972 = CARTESIAN_POINT('',(-0.144204224795,0.96,0.382666289634));
#5973 = B_SPLINE_CURVE_WITH_KNOTS('',1,(#5974,#5975),.UNSPECIFIED.,.F.,
  .F.,(2,2),(-6.955980460135E-03,0.),.PIECEWISE_BEZIER_KNOTS.);
#5974 = CARTESIAN_POINT('',(-0.144204224795,0.96,0.382666289634));
#5975 = CARTESIAN_POINT('',(-0.144204224795,0.96,0.389622270094));
#5976 = ORIENTED_EDGE('',*,*,#5977,.T.);
#5977 = EDGE_CURVE('',#5971,#539,#5978,.T.);
#5978 = B_SPLINE_CURVE_WITH_KNOTS('',1,(#5979,#5980),.UNSPECIFIED.,.F.,
  .F.,(2,2),(-0.,1.E-02),.PIECEWISE_BEZIER_KNOTS.);
#5979 = CARTESIAN_POINT('',(-0.144204224795,0.96,0.382666289634));
#5980 = CARTESIAN_POINT('',(-0.144204224795,0.95,0.382666289634));
#5981 = B_SPLINE_SURFACE_WITH_KNOTS('',1,1,(
    (#5982,#5983)
    ,(#5984,#5985
    )),.UNSPECIFIED.,.F.,.F.,.F.,(2,2),(2,2),(0.,6.955980460135E-03),(
    -1.E-02,0.),.PIECEWISE_BEZIER_KNOTS.);
#5982 = CARTESIAN_POINT('',(-0.144204224795,0.95,0.389622270094));
#5983 = CARTESIAN_POINT('',(-0.144204224795,0.96,0.389622270094));
#5984 = CARTESIAN_POINT('',(-0.144204224795,0.95,0.382666289634));
#5985 = CARTESIAN_POINT('',(-0.144204224795,0.96,0.382666289634));
#5986 = ADVANCED_FACE('',(#5987),#6003,.F.);
#5987 = FACE_BOUND('',#5988,.T.);
#5988 = EDGE_LOOP('',(#5989,#5990,#5997,#6002));
#5989 = ORIENTED_EDGE('',*,*,#617,.T.);
#5990 = ORIENTED_EDGE('',*,*,#5991,.F.);
#5991 = EDGE_CURVE('',#5992,#611,#5994,.T.);
#5992 = VERTEX_POINT('',#5993);
#5993 = CARTESIAN_POINT('',(-0.119265631172,0.96,0.389622270094));
#5994 = B_SPLINE_CURVE_WITH_KNOTS('',1,(#5995,#5996),.UNSPECIFIED.,.F.,
  .F.,(2,2),(-0.,1.E-02),.PIECEWISE_BEZIER_KNOTS.);
#5995 = CARTESIAN_POINT('',(-0.119265631172,0.96,0.389622270094));
#5996 = CARTESIAN_POINT('',(-0.119265631172,0.95,0.389622270094));
#5997 = ORIENTED_EDGE('',*,*,#5998,.F.);
#5998 = EDGE_CURVE('',#5964,#5992,#5999,.T.);
#5999 = B_SPLINE_CURVE_WITH_KNOTS('',1,(#6000,#6001),.UNSPECIFIED.,.F.,
  .F.,(2,2),(-2.493859362272E-02,0.),.PIECEWISE_BEZIER_KNOTS.);
#6000 = CARTESIAN_POINT('',(-0.144204224795,0.96,0.389622270094));
#6001 = CARTESIAN_POINT('',(-0.119265631172,0.96,0.389622270094));
#6002 = ORIENTED_EDGE('',*,*,#5963,.T.);
#6003 = B_SPLINE_SURFACE_WITH_KNOTS('',1,1,(
    (#6004,#6005)
    ,(#6006,#6007
    )),.UNSPECIFIED.,.F.,.F.,.F.,(2,2),(2,2),(0.,2.493859362272E-02),(
    -1.E-02,0.),.PIECEWISE_BEZIER_KNOTS.);
#6004 = CARTESIAN_POINT('',(-0.119265631172,0.95,0.389622270094));
#6005 = CARTESIAN_POINT('',(-0.119265631172,0.96,0.389622270094));
#6006 = CARTESIAN_POINT('',(-0.144204224795,0.95,0.389622270094));
#6007 = CARTESIAN_POINT('',(-0.144204224795,0.96,0.389622270094));
#6008 = ADVANCED_FACE('',(#6009),#6025,.F.);
#6009 = FACE_BOUND('',#6010,.T.);
#6010 = EDGE_LOOP('',(#6011,#6012,#6019,#6024));
#6011 = ORIENTED_EDGE('',*,*,#610,.T.);
#6012 = ORIENTED_EDGE('',*,*,#6013,.F.);
#6013 = EDGE_CURVE('',#6014,#604,#6016,.T.);
#6014 = VERTEX_POINT('',#6015);
#6015 = CARTESIAN_POINT('',(-0.119265631172,0.96,0.410147091362));
#6016 = B_SPLINE_CURVE_WITH_KNOTS('',1,(#6017,#6018),.UNSPECIFIED.,.F.,
  .F.,(2,2),(-0.,1.E-02),.PIECEWISE_BEZIER_KNOTS.);
#6017 = CARTESIAN_POINT('',(-0.119265631172,0.96,0.410147091362));
#6018 = CARTESIAN_POINT('',(-0.119265631172,0.95,0.410147091362));
#6019 = ORIENTED_EDGE('',*,*,#6020,.F.);
#6020 = EDGE_CURVE('',#5992,#6014,#6021,.T.);
#6021 = B_SPLINE_CURVE_WITH_KNOTS('',1,(#6022,#6023),.UNSPECIFIED.,.F.,
  .F.,(2,2),(-2.0524821268E-02,0.),.PIECEWISE_BEZIER_KNOTS.);
#6022 = CARTESIAN_POINT('',(-0.119265631172,0.96,0.389622270094));
#6023 = CARTESIAN_POINT('',(-0.119265631172,0.96,0.410147091362));
#6024 = ORIENTED_EDGE('',*,*,#5991,.T.);
#6025 = B_SPLINE_SURFACE_WITH_KNOTS('',1,1,(
    (#6026,#6027)
    ,(#6028,#6029
    )),.UNSPECIFIED.,.F.,.F.,.F.,(2,2),(2,2),(0.,2.0524821268E-02),(
    -1.E-02,0.),.PIECEWISE_BEZIER_KNOTS.);
#6026 = CARTESIAN_POINT('',(-0.119265631172,0.95,0.410147091362));
#6027 = CARTESIAN_POINT('',(-0.119265631172,0.96,0.410147091362));
#6028 = CARTESIAN_POINT('',(-0.119265631172,0.95,0.389622270094));
#6029 = CARTESIAN_POINT('',(-0.119265631172,0.96,0.389622270094));
#6030 = ADVANCED_FACE('',(#6031),#6047,.F.);
#6031 = FACE_BOUND('',#6032,.T.);
#6032 = EDGE_LOOP('',(#6033,#6034,#6041,#6046));
#6033 = ORIENTED_EDGE('',*,*,#603,.T.);
#6034 = ORIENTED_EDGE('',*,*,#6035,.F.);
#6035 = EDGE_CURVE('',#6036,#597,#6038,.T.);
#6036 = VERTEX_POINT('',#6037);
#6037 = CARTESIAN_POINT('',(-0.141084951046,0.96,0.410147091362));
#6038 = B_SPLINE_CURVE_WITH_KNOTS('',1,(#6039,#6040),.UNSPECIFIED.,.F.,
  .F.,(2,2),(-0.,1.E-02),.PIECEWISE_BEZIER_KNOTS.);
#6039 = CARTESIAN_POINT('',(-0.141084951046,0.96,0.410147091362));
#6040 = CARTESIAN_POINT('',(-0.141084951046,0.95,0.410147091362));
#6041 = ORIENTED_EDGE('',*,*,#6042,.F.);
#6042 = EDGE_CURVE('',#6014,#6036,#6043,.T.);
#6043 = B_SPLINE_CURVE_WITH_KNOTS('',1,(#6044,#6045),.UNSPECIFIED.,.F.,
  .F.,(2,2),(-2.181931987379E-02,0.),.PIECEWISE_BEZIER_KNOTS.);
#6044 = CARTESIAN_POINT('',(-0.119265631172,0.96,0.410147091362));
#6045 = CARTESIAN_POINT('',(-0.141084951046,0.96,0.410147091362));
#6046 = ORIENTED_EDGE('',*,*,#6013,.T.);
#6047 = B_SPLINE_SURFACE_WITH_KNOTS('',1,1,(
    (#6048,#6049)
    ,(#6050,#6051
    )),.UNSPECIFIED.,.F.,.F.,.F.,(2,2),(2,2),(0.,2.181931987379E-02),(
    -1.E-02,0.),.PIECEWISE_BEZIER_KNOTS.);
#6048 = CARTESIAN_POINT('',(-0.141084951046,0.95,0.410147091362));
#6049 = CARTESIAN_POINT('',(-0.141084951046,0.96,0.410147091362));
#6050 = CARTESIAN_POINT('',(-0.119265631172,0.95,0.410147091362));
#6051 = CARTESIAN_POINT('',(-0.119265631172,0.96,0.410147091362));
#6052 = ADVANCED_FACE('',(#6053),#6069,.F.);
#6053 = FACE_BOUND('',#6054,.T.);
#6054 = EDGE_LOOP('',(#6055,#6056,#6063,#6068));
#6055 = ORIENTED_EDGE('',*,*,#596,.T.);
#6056 = ORIENTED_EDGE('',*,*,#6057,.F.);
#6057 = EDGE_CURVE('',#6058,#590,#6060,.T.);
#6058 = VERTEX_POINT('',#6059);
#6059 = CARTESIAN_POINT('',(-0.141084951046,0.96,0.417134264559));
#6060 = B_SPLINE_CURVE_WITH_KNOTS('',1,(#6061,#6062),.UNSPECIFIED.,.F.,
  .F.,(2,2),(-0.,1.E-02),.PIECEWISE_BEZIER_KNOTS.);
#6061 = CARTESIAN_POINT('',(-0.141084951046,0.96,0.417134264559));
#6062 = CARTESIAN_POINT('',(-0.141084951046,0.95,0.417134264559));
#6063 = ORIENTED_EDGE('',*,*,#6064,.F.);
#6064 = EDGE_CURVE('',#6036,#6058,#6065,.T.);
#6065 = B_SPLINE_CURVE_WITH_KNOTS('',1,(#6066,#6067),.UNSPECIFIED.,.F.,
  .F.,(2,2),(-6.987173197589E-03,0.),.PIECEWISE_BEZIER_KNOTS.);
#6066 = CARTESIAN_POINT('',(-0.141084951046,0.96,0.410147091362));
#6067 = CARTESIAN_POINT('',(-0.141084951046,0.96,0.417134264559));
#6068 = ORIENTED_EDGE('',*,*,#6035,.T.);
#6069 = B_SPLINE_SURFACE_WITH_KNOTS('',1,1,(
    (#6070,#6071)
    ,(#6072,#6073
    )),.UNSPECIFIED.,.F.,.F.,.F.,(2,2),(2,2),(-8.881784197001E-16,
    6.98717319759E-03),(-1.E-02,0.),.PIECEWISE_BEZIER_KNOTS.);
#6070 = CARTESIAN_POINT('',(-0.141084951046,0.95,0.417134264559));
#6071 = CARTESIAN_POINT('',(-0.141084951046,0.96,0.417134264559));
#6072 = CARTESIAN_POINT('',(-0.141084951046,0.95,0.410147091362));
#6073 = CARTESIAN_POINT('',(-0.141084951046,0.96,0.410147091362));
#6074 = ADVANCED_FACE('',(#6075),#6091,.F.);
#6075 = FACE_BOUND('',#6076,.T.);
#6076 = EDGE_LOOP('',(#6077,#6078,#6085,#6090));
#6077 = ORIENTED_EDGE('',*,*,#589,.T.);
#6078 = ORIENTED_EDGE('',*,*,#6079,.F.);
#6079 = EDGE_CURVE('',#6080,#583,#6082,.T.);
#6080 = VERTEX_POINT('',#6081);
#6081 = CARTESIAN_POINT('',(-0.119265631172,0.96,0.417134264559));
#6082 = B_SPLINE_CURVE_WITH_KNOTS('',1,(#6083,#6084),.UNSPECIFIED.,.F.,
  .F.,(2,2),(-0.,1.E-02),.PIECEWISE_BEZIER_KNOTS.);
#6083 = CARTESIAN_POINT('',(-0.119265631172,0.96,0.417134264559));
#6084 = CARTESIAN_POINT('',(-0.119265631172,0.95,0.417134264559));
#6085 = ORIENTED_EDGE('',*,*,#6086,.F.);
#6086 = EDGE_CURVE('',#6058,#6080,#6087,.T.);
#6087 = B_SPLINE_CURVE_WITH_KNOTS('',1,(#6088,#6089),.UNSPECIFIED.,.F.,
  .F.,(2,2),(-2.181931987379E-02,0.),.PIECEWISE_BEZIER_KNOTS.);
#6088 = CARTESIAN_POINT('',(-0.141084951046,0.96,0.417134264559));
#6089 = CARTESIAN_POINT('',(-0.119265631172,0.96,0.417134264559));
#6090 = ORIENTED_EDGE('',*,*,#6057,.T.);
#6091 = B_SPLINE_SURFACE_WITH_KNOTS('',1,1,(
    (#6092,#6093)
    ,(#6094,#6095
    )),.UNSPECIFIED.,.F.,.F.,.F.,(2,2),(2,2),(0.,2.181931987379E-02),(
    -1.E-02,0.),.PIECEWISE_BEZIER_KNOTS.);
#6092 = CARTESIAN_POINT('',(-0.119265631172,0.95,0.417134264559));
#6093 = CARTESIAN_POINT('',(-0.119265631172,0.96,0.417134264559));
#6094 = CARTESIAN_POINT('',(-0.141084951046,0.95,0.417134264559));
#6095 = CARTESIAN_POINT('',(-0.141084951046,0.96,0.417134264559));
#6096 = ADVANCED_FACE('',(#6097),#6113,.F.);
#6097 = FACE_BOUND('',#6098,.T.);
#6098 = EDGE_LOOP('',(#6099,#6100,#6107,#6112));
#6099 = ORIENTED_EDGE('',*,*,#582,.T.);
#6100 = ORIENTED_EDGE('',*,*,#6101,.F.);
#6101 = EDGE_CURVE('',#6102,#576,#6104,.T.);
#6102 = VERTEX_POINT('',#6103);
#6103 = CARTESIAN_POINT('',(-0.119265631172,0.96,0.436660918228));
#6104 = B_SPLINE_CURVE_WITH_KNOTS('',1,(#6105,#6106),.UNSPECIFIED.,.F.,
  .F.,(2,2),(-0.,1.E-02),.PIECEWISE_BEZIER_KNOTS.);
#6105 = CARTESIAN_POINT('',(-0.119265631172,0.96,0.436660918228));
#6106 = CARTESIAN_POINT('',(-0.119265631172,0.95,0.436660918228));
#6107 = ORIENTED_EDGE('',*,*,#6108,.F.);
#6108 = EDGE_CURVE('',#6080,#6102,#6109,.T.);
#6109 = B_SPLINE_CURVE_WITH_KNOTS('',1,(#6110,#6111),.UNSPECIFIED.,.F.,
  .F.,(2,2),(-1.952665366864E-02,0.),.PIECEWISE_BEZIER_KNOTS.);
#6110 = CARTESIAN_POINT('',(-0.119265631172,0.96,0.417134264559));
#6111 = CARTESIAN_POINT('',(-0.119265631172,0.96,0.436660918228));
#6112 = ORIENTED_EDGE('',*,*,#6079,.T.);
#6113 = B_SPLINE_SURFACE_WITH_KNOTS('',1,1,(
    (#6114,#6115)
    ,(#6116,#6117
    )),.UNSPECIFIED.,.F.,.F.,.F.,(2,2),(2,2),(-3.330669073875E-16,
    1.952665366864E-02),(-1.E-02,0.),.PIECEWISE_BEZIER_KNOTS.);
#6114 = CARTESIAN_POINT('',(-0.119265631172,0.95,0.436660918228));
#6115 = CARTESIAN_POINT('',(-0.119265631172,0.96,0.436660918228));
#6116 = CARTESIAN_POINT('',(-0.119265631172,0.95,0.417134264559));
#6117 = CARTESIAN_POINT('',(-0.119265631172,0.96,0.417134264559));
#6118 = ADVANCED_FACE('',(#6119),#6135,.F.);
#6119 = FACE_BOUND('',#6120,.T.);
#6120 = EDGE_LOOP('',(#6121,#6122,#6129,#6134));
#6121 = ORIENTED_EDGE('',*,*,#575,.T.);
#6122 = ORIENTED_EDGE('',*,*,#6123,.F.);
#6123 = EDGE_CURVE('',#6124,#569,#6126,.T.);
#6124 = VERTEX_POINT('',#6125);
#6125 = CARTESIAN_POINT('',(-0.142816147976,0.96,0.436660918228));
#6126 = B_SPLINE_CURVE_WITH_KNOTS('',1,(#6127,#6128),.UNSPECIFIED.,.F.,
  .F.,(2,2),(-0.,1.E-02),.PIECEWISE_BEZIER_KNOTS.);
#6127 = CARTESIAN_POINT('',(-0.142816147976,0.96,0.436660918228));
#6128 = CARTESIAN_POINT('',(-0.142816147976,0.95,0.436660918228));
#6129 = ORIENTED_EDGE('',*,*,#6130,.F.);
#6130 = EDGE_CURVE('',#6102,#6124,#6131,.T.);
#6131 = B_SPLINE_CURVE_WITH_KNOTS('',1,(#6132,#6133),.UNSPECIFIED.,.F.,
  .F.,(2,2),(-2.355051680457E-02,0.),.PIECEWISE_BEZIER_KNOTS.);
#6132 = CARTESIAN_POINT('',(-0.119265631172,0.96,0.436660918228));
#6133 = CARTESIAN_POINT('',(-0.142816147976,0.96,0.436660918228));
#6134 = ORIENTED_EDGE('',*,*,#6101,.T.);
#6135 = B_SPLINE_SURFACE_WITH_KNOTS('',1,1,(
    (#6136,#6137)
    ,(#6138,#6139
    )),.UNSPECIFIED.,.F.,.F.,.F.,(2,2),(2,2),(-2.775557561563E-17,
    2.355051680457E-02),(-1.E-02,0.),.PIECEWISE_BEZIER_KNOTS.);
#6136 = CARTESIAN_POINT('',(-0.142816147976,0.95,0.436660918228));
#6137 = CARTESIAN_POINT('',(-0.142816147976,0.96,0.436660918228));
#6138 = CARTESIAN_POINT('',(-0.119265631172,0.95,0.436660918228));
#6139 = CARTESIAN_POINT('',(-0.119265631172,0.96,0.436660918228));
#6140 = ADVANCED_FACE('',(#6141),#6157,.F.);
#6141 = FACE_BOUND('',#6142,.T.);
#6142 = EDGE_LOOP('',(#6143,#6144,#6151,#6156));
#6143 = ORIENTED_EDGE('',*,*,#568,.T.);
#6144 = ORIENTED_EDGE('',*,*,#6145,.F.);
#6145 = EDGE_CURVE('',#6146,#562,#6148,.T.);
#6146 = VERTEX_POINT('',#6147);
#6147 = CARTESIAN_POINT('',(-0.142816147976,0.96,0.443679284163));
#6148 = B_SPLINE_CURVE_WITH_KNOTS('',1,(#6149,#6150),.UNSPECIFIED.,.F.,
  .F.,(2,2),(-0.,1.E-02),.PIECEWISE_BEZIER_KNOTS.);
#6149 = CARTESIAN_POINT('',(-0.142816147976,0.96,0.443679284163));
#6150 = CARTESIAN_POINT('',(-0.142816147976,0.95,0.443679284163));
#6151 = ORIENTED_EDGE('',*,*,#6152,.F.);
#6152 = EDGE_CURVE('',#6124,#6146,#6153,.T.);
#6153 = B_SPLINE_CURVE_WITH_KNOTS('',1,(#6154,#6155),.UNSPECIFIED.,.F.,
  .F.,(2,2),(-7.018365935043E-03,0.),.PIECEWISE_BEZIER_KNOTS.);
#6154 = CARTESIAN_POINT('',(-0.142816147976,0.96,0.436660918228));
#6155 = CARTESIAN_POINT('',(-0.142816147976,0.96,0.443679284163));
#6156 = ORIENTED_EDGE('',*,*,#6123,.T.);
#6157 = B_SPLINE_SURFACE_WITH_KNOTS('',1,1,(
    (#6158,#6159)
    ,(#6160,#6161
    )),.UNSPECIFIED.,.F.,.F.,.F.,(2,2),(2,2),(-3.885780586188E-16,
    7.018365935043E-03),(-1.E-02,0.),.PIECEWISE_BEZIER_KNOTS.);
#6158 = CARTESIAN_POINT('',(-0.142816147976,0.95,0.443679284163));
#6159 = CARTESIAN_POINT('',(-0.142816147976,0.96,0.443679284163));
#6160 = CARTESIAN_POINT('',(-0.142816147976,0.95,0.436660918228));
#6161 = CARTESIAN_POINT('',(-0.142816147976,0.96,0.436660918228));
#6162 = ADVANCED_FACE('',(#6163),#6179,.F.);
#6163 = FACE_BOUND('',#6164,.T.);
#6164 = EDGE_LOOP('',(#6165,#6166,#6173,#6178));
#6165 = ORIENTED_EDGE('',*,*,#561,.T.);
#6166 = ORIENTED_EDGE('',*,*,#6167,.F.);
#6167 = EDGE_CURVE('',#6168,#555,#6170,.T.);
#6168 = VERTEX_POINT('',#6169);
#6169 = CARTESIAN_POINT('',(-0.111389464956,0.96,0.443679284163));
#6170 = B_SPLINE_CURVE_WITH_KNOTS('',1,(#6171,#6172),.UNSPECIFIED.,.F.,
  .F.,(2,2),(-0.,1.E-02),.PIECEWISE_BEZIER_KNOTS.);
#6171 = CARTESIAN_POINT('',(-0.111389464956,0.96,0.443679284163));
#6172 = CARTESIAN_POINT('',(-0.111389464956,0.95,0.443679284163));
#6173 = ORIENTED_EDGE('',*,*,#6174,.F.);
#6174 = EDGE_CURVE('',#6146,#6168,#6175,.T.);
#6175 = B_SPLINE_CURVE_WITH_KNOTS('',1,(#6176,#6177),.UNSPECIFIED.,.F.,
  .F.,(2,2),(-3.142668302063E-02,0.),.PIECEWISE_BEZIER_KNOTS.);
#6176 = CARTESIAN_POINT('',(-0.142816147976,0.96,0.443679284163));
#6177 = CARTESIAN_POINT('',(-0.111389464956,0.96,0.443679284163));
#6178 = ORIENTED_EDGE('',*,*,#6145,.T.);
#6179 = B_SPLINE_SURFACE_WITH_KNOTS('',1,1,(
    (#6180,#6181)
    ,(#6182,#6183
    )),.UNSPECIFIED.,.F.,.F.,.F.,(2,2),(2,2),(-1.387778780781E-17,
    3.142668302063E-02),(-1.E-02,0.),.PIECEWISE_BEZIER_KNOTS.);
#6180 = CARTESIAN_POINT('',(-0.111389464956,0.95,0.443679284163));
#6181 = CARTESIAN_POINT('',(-0.111389464956,0.96,0.443679284163));
#6182 = CARTESIAN_POINT('',(-0.142816147976,0.95,0.443679284163));
#6183 = CARTESIAN_POINT('',(-0.142816147976,0.96,0.443679284163));
#6184 = ADVANCED_FACE('',(#6185),#6201,.F.);
#6185 = FACE_BOUND('',#6186,.T.);
#6186 = EDGE_LOOP('',(#6187,#6188,#6195,#6200));
#6187 = ORIENTED_EDGE('',*,*,#554,.T.);
#6188 = ORIENTED_EDGE('',*,*,#6189,.F.);
#6189 = EDGE_CURVE('',#6190,#548,#6192,.T.);
#6190 = VERTEX_POINT('',#6191);
#6191 = CARTESIAN_POINT('',(-0.111389464956,0.96,0.382666289634));
#6192 = B_SPLINE_CURVE_WITH_KNOTS('',1,(#6193,#6194),.UNSPECIFIED.,.F.,
  .F.,(2,2),(-0.,1.E-02),.PIECEWISE_BEZIER_KNOTS.);
#6193 = CARTESIAN_POINT('',(-0.111389464956,0.96,0.382666289634));
#6194 = CARTESIAN_POINT('',(-0.111389464956,0.95,0.382666289634));
#6195 = ORIENTED_EDGE('',*,*,#6196,.F.);
#6196 = EDGE_CURVE('',#6168,#6190,#6197,.T.);
#6197 = B_SPLINE_CURVE_WITH_KNOTS('',1,(#6198,#6199),.UNSPECIFIED.,.F.,
  .F.,(2,2),(-6.10129945294E-02,-0.),.PIECEWISE_BEZIER_KNOTS.);
#6198 = CARTESIAN_POINT('',(-0.111389464956,0.96,0.443679284163));
#6199 = CARTESIAN_POINT('',(-0.111389464956,0.96,0.382666289634));
#6200 = ORIENTED_EDGE('',*,*,#6167,.T.);
#6201 = B_SPLINE_SURFACE_WITH_KNOTS('',1,1,(
    (#6202,#6203)
    ,(#6204,#6205
    )),.UNSPECIFIED.,.F.,.F.,.F.,(2,2),(2,2),(0.,6.10129945294E-02),(
    -1.E-02,0.),.PIECEWISE_BEZIER_KNOTS.);
#6202 = CARTESIAN_POINT('',(-0.111389464956,0.95,0.382666289634));
#6203 = CARTESIAN_POINT('',(-0.111389464956,0.96,0.382666289634));
#6204 = CARTESIAN_POINT('',(-0.111389464956,0.95,0.443679284163));
#6205 = CARTESIAN_POINT('',(-0.111389464956,0.96,0.443679284163));
#6206 = ADVANCED_FACE('',(#6207),#6217,.F.);
#6207 = FACE_BOUND('',#6208,.T.);
#6208 = EDGE_LOOP('',(#6209,#6210,#6211,#6216));
#6209 = ORIENTED_EDGE('',*,*,#547,.T.);
#6210 = ORIENTED_EDGE('',*,*,#5977,.F.);
#6211 = ORIENTED_EDGE('',*,*,#6212,.F.);
#6212 = EDGE_CURVE('',#6190,#5971,#6213,.T.);
#6213 = B_SPLINE_CURVE_WITH_KNOTS('',1,(#6214,#6215),.UNSPECIFIED.,.F.,
  .F.,(2,2),(-3.281475983879E-02,0.),.PIECEWISE_BEZIER_KNOTS.);
#6214 = CARTESIAN_POINT('',(-0.111389464956,0.96,0.382666289634));
#6215 = CARTESIAN_POINT('',(-0.144204224795,0.96,0.382666289634));
#6216 = ORIENTED_EDGE('',*,*,#6189,.T.);
#6217 = B_SPLINE_SURFACE_WITH_KNOTS('',1,1,(
    (#6218,#6219)
    ,(#6220,#6221
    )),.UNSPECIFIED.,.F.,.F.,.F.,(2,2),(2,2),(0.,3.281475983879E-02),(
    -1.E-02,0.),.PIECEWISE_BEZIER_KNOTS.);
#6218 = CARTESIAN_POINT('',(-0.144204224795,0.95,0.382666289634));
#6219 = CARTESIAN_POINT('',(-0.144204224795,0.96,0.382666289634));
#6220 = CARTESIAN_POINT('',(-0.111389464956,0.95,0.382666289634));
#6221 = CARTESIAN_POINT('',(-0.111389464956,0.96,0.382666289634));
#6222 = ADVANCED_FACE('',(#6223),#6237,.F.);
#6223 = FACE_BOUND('',#6224,.T.);
#6224 = EDGE_LOOP('',(#6225,#6226,#6227,#6228,#6229,#6230,#6231,#6232,
    #6233,#6234,#6235,#6236));
#6225 = ORIENTED_EDGE('',*,*,#5970,.T.);
#6226 = ORIENTED_EDGE('',*,*,#5998,.T.);
#6227 = ORIENTED_EDGE('',*,*,#6020,.T.);
#6228 = ORIENTED_EDGE('',*,*,#6042,.T.);
#6229 = ORIENTED_EDGE('',*,*,#6064,.T.);
#6230 = ORIENTED_EDGE('',*,*,#6086,.T.);
#6231 = ORIENTED_EDGE('',*,*,#6108,.T.);
#6232 = ORIENTED_EDGE('',*,*,#6130,.T.);
#6233 = ORIENTED_EDGE('',*,*,#6152,.T.);
#6234 = ORIENTED_EDGE('',*,*,#6174,.T.);
#6235 = ORIENTED_EDGE('',*,*,#6196,.T.);
#6236 = ORIENTED_EDGE('',*,*,#6212,.T.);
#6237 = B_SPLINE_SURFACE_WITH_KNOTS('',1,1,(
    (#6238,#6239)
    ,(#6240,#6241
    )),.UNSPECIFIED.,.F.,.F.,.F.,(2,2),(2,2),(-0.443679184163,
    -0.382666189634),(-0.144204224795,-0.111389464956),
  .PIECEWISE_BEZIER_KNOTS.);
#6238 = CARTESIAN_POINT('',(-0.144204224795,0.96,0.443679284163));
#6239 = CARTESIAN_POINT('',(-0.111389464956,0.96,0.443679284163));
#6240 = CARTESIAN_POINT('',(-0.144204224795,0.96,0.382666289634));
#6241 = CARTESIAN_POINT('',(-0.111389464956,0.96,0.382666289634));
#6242 = ADVANCED_FACE('',(#6243,#6302),#6361,.T.);
#6243 = FACE_BOUND('',#6244,.T.);
#6244 = EDGE_LOOP('',(#6245,#6254,#6263,#6272,#6281,#6290,#6297));
#6245 = ORIENTED_EDGE('',*,*,#6246,.T.);
#6246 = EDGE_CURVE('',#6247,#6249,#6251,.T.);
#6247 = VERTEX_POINT('',#6248);
#6248 = CARTESIAN_POINT('',(-0.155729941297,0.96,0.382666289634));
#6249 = VERTEX_POINT('',#6250);
#6250 = CARTESIAN_POINT('',(-0.172511634067,0.96,0.382666289634));
#6251 = B_SPLINE_CURVE_WITH_KNOTS('',1,(#6252,#6253),.UNSPECIFIED.,.F.,
  .F.,(2,2),(-1.678169276936E-02,-2.775557561563E-17),
  .PIECEWISE_BEZIER_KNOTS.);
#6252 = CARTESIAN_POINT('',(-0.155729941297,0.96,0.382666289634));
#6253 = CARTESIAN_POINT('',(-0.172511634067,0.96,0.382666289634));
#6254 = ORIENTED_EDGE('',*,*,#6255,.T.);
#6255 = EDGE_CURVE('',#6249,#6256,#6258,.T.);
#6256 = VERTEX_POINT('',#6257);
#6257 = CARTESIAN_POINT('',(-0.19620251819,0.96,0.391213099706));
#6258 = B_SPLINE_CURVE_WITH_KNOTS('',3,(#6259,#6260,#6261,#6262),
  .UNSPECIFIED.,.F.,.F.,(4,4),(5.,6.),.PIECEWISE_BEZIER_KNOTS.);
#6259 = CARTESIAN_POINT('',(-0.172511634067,0.96,0.382666289634));
#6260 = CARTESIAN_POINT('',(-0.182165786319,0.96,0.382666289634));
#6261 = CARTESIAN_POINT('',(-0.190073145273,0.96,0.385504828745));
#6262 = CARTESIAN_POINT('',(-0.19620251819,0.96,0.391213099706));
#6263 = ORIENTED_EDGE('',*,*,#6264,.T.);
#6264 = EDGE_CURVE('',#6256,#6265,#6267,.T.);
#6265 = VERTEX_POINT('',#6266);
#6266 = CARTESIAN_POINT('',(-0.205404375749,0.96,0.413952605336));
#6267 = B_SPLINE_CURVE_WITH_KNOTS('',3,(#6268,#6269,#6270,#6271),
  .UNSPECIFIED.,.F.,.F.,(4,4),(4.,5.),.PIECEWISE_BEZIER_KNOTS.);
#6268 = CARTESIAN_POINT('',(-0.19620251819,0.96,0.391213099706));
#6269 = CARTESIAN_POINT('',(-0.202331891107,0.96,0.396921370666));
#6270 = CARTESIAN_POINT('',(-0.205404375749,0.96,0.404501205876));
#6271 = CARTESIAN_POINT('',(-0.205404375749,0.96,0.413952605336));
#6272 = ORIENTED_EDGE('',*,*,#6273,.T.);
#6273 = EDGE_CURVE('',#6265,#6274,#6276,.T.);
#6274 = VERTEX_POINT('',#6275);
#6275 = CARTESIAN_POINT('',(-0.19620251819,0.96,0.435600365153));
#6276 = B_SPLINE_CURVE_WITH_KNOTS('',3,(#6277,#6278,#6279,#6280),
  .UNSPECIFIED.,.F.,.F.,(4,4),(3.,4.),.PIECEWISE_BEZIER_KNOTS.);
#6277 = CARTESIAN_POINT('',(-0.205404375749,0.96,0.413952605336));
#6278 = CARTESIAN_POINT('',(-0.205404375749,0.96,0.422998499207));
#6279 = CARTESIAN_POINT('',(-0.202331891107,0.96,0.430204021568));
#6280 = CARTESIAN_POINT('',(-0.19620251819,0.96,0.435600365153));
#6281 = ORIENTED_EDGE('',*,*,#6282,.T.);
#6282 = EDGE_CURVE('',#6274,#6283,#6285,.T.);
#6283 = VERTEX_POINT('',#6284);
#6284 = CARTESIAN_POINT('',(-0.173135488816,0.96,0.443679284163));
#6285 = B_SPLINE_CURVE_WITH_KNOTS('',3,(#6286,#6287,#6288,#6289),
  .UNSPECIFIED.,.F.,.F.,(4,4),(2.,3.),.PIECEWISE_BEZIER_KNOTS.);
#6286 = CARTESIAN_POINT('',(-0.19620251819,0.96,0.435600365153));
#6287 = CARTESIAN_POINT('',(-0.190073145273,0.96,0.440996708739));
#6288 = CARTESIAN_POINT('',(-0.182384135482,0.96,0.443679284163));
#6289 = CARTESIAN_POINT('',(-0.173135488816,0.96,0.443679284163));
#6290 = ORIENTED_EDGE('',*,*,#6291,.T.);
#6291 = EDGE_CURVE('',#6283,#6292,#6294,.T.);
#6292 = VERTEX_POINT('',#6293);
#6293 = CARTESIAN_POINT('',(-0.155729941297,0.96,0.443679284163));
#6294 = B_SPLINE_CURVE_WITH_KNOTS('',1,(#6295,#6296),.UNSPECIFIED.,.F.,
  .F.,(2,2),(-1.740554751927E-02,0.),.PIECEWISE_BEZIER_KNOTS.);
#6295 = CARTESIAN_POINT('',(-0.173135488816,0.96,0.443679284163));
#6296 = CARTESIAN_POINT('',(-0.155729941297,0.96,0.443679284163));
#6297 = ORIENTED_EDGE('',*,*,#6298,.T.);
#6298 = EDGE_CURVE('',#6292,#6247,#6299,.T.);
#6299 = B_SPLINE_CURVE_WITH_KNOTS('',1,(#6300,#6301),.UNSPECIFIED.,.F.,
  .F.,(2,2),(-6.10129945294E-02,-0.),.PIECEWISE_BEZIER_KNOTS.);
#6300 = CARTESIAN_POINT('',(-0.155729941297,0.96,0.443679284163));
#6301 = CARTESIAN_POINT('',(-0.155729941297,0.96,0.382666289634));
#6302 = FACE_BOUND('',#6303,.T.);
#6303 = EDGE_LOOP('',(#6304,#6313,#6320,#6329,#6338,#6347,#6356));
#6304 = ORIENTED_EDGE('',*,*,#6305,.F.);
#6305 = EDGE_CURVE('',#6306,#6308,#6310,.T.);
#6306 = VERTEX_POINT('',#6307);
#6307 = CARTESIAN_POINT('',(-0.163606107513,0.96,0.436660918228));
#6308 = VERTEX_POINT('',#6309);
#6309 = CARTESIAN_POINT('',(-0.163606107513,0.96,0.389622270094));
#6310 = B_SPLINE_CURVE_WITH_KNOTS('',1,(#6311,#6312),.UNSPECIFIED.,.F.,
  .F.,(2,2),(0.,4.703864813422E-02),.PIECEWISE_BEZIER_KNOTS.);
#6311 = CARTESIAN_POINT('',(-0.163606107513,0.96,0.436660918228));
#6312 = CARTESIAN_POINT('',(-0.163606107513,0.96,0.389622270094));
#6313 = ORIENTED_EDGE('',*,*,#6314,.F.);
#6314 = EDGE_CURVE('',#6315,#6306,#6317,.T.);
#6315 = VERTEX_POINT('',#6316);
#6316 = CARTESIAN_POINT('',(-0.172823561441,0.96,0.436660918228));
#6317 = B_SPLINE_CURVE_WITH_KNOTS('',1,(#6318,#6319),.UNSPECIFIED.,.F.,
  .F.,(2,2),(2.775557561563E-17,9.217453927626E-03),
  .PIECEWISE_BEZIER_KNOTS.);
#6318 = CARTESIAN_POINT('',(-0.172823561441,0.96,0.436660918228));
#6319 = CARTESIAN_POINT('',(-0.163606107513,0.96,0.436660918228));
#6320 = ORIENTED_EDGE('',*,*,#6321,.F.);
#6321 = EDGE_CURVE('',#6322,#6315,#6324,.T.);
#6322 = VERTEX_POINT('',#6323);
#6323 = CARTESIAN_POINT('',(-0.190431861754,0.96,0.43092145453));
#6324 = B_SPLINE_CURVE_WITH_KNOTS('',3,(#6325,#6326,#6327,#6328),
  .UNSPECIFIED.,.F.,.F.,(4,4),(5.,6.),.PIECEWISE_BEZIER_KNOTS.);
#6325 = CARTESIAN_POINT('',(-0.190431861754,0.96,0.43092145453));
#6326 = CARTESIAN_POINT('',(-0.185971300293,0.96,0.434758161241));
#6327 = CARTESIAN_POINT('',(-0.180091469276,0.96,0.436660918228));
#6328 = CARTESIAN_POINT('',(-0.172823561441,0.96,0.436660918228));
#6329 = ORIENTED_EDGE('',*,*,#6330,.F.);
#6330 = EDGE_CURVE('',#6331,#6322,#6333,.T.);
#6331 = VERTEX_POINT('',#6332);
#6332 = CARTESIAN_POINT('',(-0.197122703946,0.96,0.413734256173));
#6333 = B_SPLINE_CURVE_WITH_KNOTS('',3,(#6334,#6335,#6336,#6337),
  .UNSPECIFIED.,.F.,.F.,(4,4),(4.,5.),.PIECEWISE_BEZIER_KNOTS.);
#6334 = CARTESIAN_POINT('',(-0.197122703946,0.96,0.413734256173));
#6335 = CARTESIAN_POINT('',(-0.197122703946,0.96,0.421345284121));
#6336 = CARTESIAN_POINT('',(-0.194892423215,0.96,0.427084747819));
#6337 = CARTESIAN_POINT('',(-0.190431861754,0.96,0.43092145453));
#6338 = ORIENTED_EDGE('',*,*,#6339,.F.);
#6339 = EDGE_CURVE('',#6340,#6331,#6342,.T.);
#6340 = VERTEX_POINT('',#6341);
#6341 = CARTESIAN_POINT('',(-0.190603421811,0.96,0.395985588541));
#6342 = B_SPLINE_CURVE_WITH_KNOTS('',3,(#6343,#6344,#6345,#6346),
  .UNSPECIFIED.,.F.,.F.,(4,4),(3.,4.),.PIECEWISE_BEZIER_KNOTS.);
#6343 = CARTESIAN_POINT('',(-0.190603421811,0.96,0.395985588541));
#6344 = CARTESIAN_POINT('',(-0.19495480869,0.96,0.400196608103));
#6345 = CARTESIAN_POINT('',(-0.197122703946,0.96,0.406123228226));
#6346 = CARTESIAN_POINT('',(-0.197122703946,0.96,0.413734256173));
#6347 = ORIENTED_EDGE('',*,*,#6348,.F.);
#6348 = EDGE_CURVE('',#6349,#6340,#6351,.T.);
#6349 = VERTEX_POINT('',#6350);
#6350 = CARTESIAN_POINT('',(-0.17246484496,0.96,0.389622270094));
#6351 = B_SPLINE_CURVE_WITH_KNOTS('',3,(#6352,#6353,#6354,#6355),
  .UNSPECIFIED.,.F.,.F.,(4,4),(2.,3.),.PIECEWISE_BEZIER_KNOTS.);
#6352 = CARTESIAN_POINT('',(-0.17246484496,0.96,0.389622270094));
#6353 = CARTESIAN_POINT('',(-0.180216240226,0.96,0.389622270094));
#6354 = CARTESIAN_POINT('',(-0.1862676313,0.96,0.391743376243));
#6355 = CARTESIAN_POINT('',(-0.190603421811,0.96,0.395985588541));
#6356 = ORIENTED_EDGE('',*,*,#6357,.F.);
#6357 = EDGE_CURVE('',#6308,#6349,#6358,.T.);
#6358 = B_SPLINE_CURVE_WITH_KNOTS('',1,(#6359,#6360),.UNSPECIFIED.,.F.,
  .F.,(2,2),(0.,8.858737446905E-03),.PIECEWISE_BEZIER_KNOTS.);
#6359 = CARTESIAN_POINT('',(-0.163606107513,0.96,0.389622270094));
#6360 = CARTESIAN_POINT('',(-0.17246484496,0.96,0.389622270094));
#6361 = B_SPLINE_SURFACE_WITH_KNOTS('',1,1,(
    (#6362,#6363)
    ,(#6364,#6365
    )),.UNSPECIFIED.,.F.,.F.,.F.,(2,2),(2,2),(-5.89971638692E-02,
    2.015830660198E-03),(-1.956564459025E-02,3.010878986175E-02),
  .PIECEWISE_BEZIER_KNOTS.);
#6362 = CARTESIAN_POINT('',(-0.205404375749,0.96,0.382666289634));
#6363 = CARTESIAN_POINT('',(-0.155729941297,0.96,0.382666289634));
#6364 = CARTESIAN_POINT('',(-0.205404375749,0.96,0.443679284163));
#6365 = CARTESIAN_POINT('',(-0.155729941297,0.96,0.443679284163));
#6366 = ADVANCED_FACE('',(#6367),#6381,.F.);
#6367 = FACE_BOUND('',#6368,.T.);
#6368 = EDGE_LOOP('',(#6369,#6370,#6375,#6376));
#6369 = ORIENTED_EDGE('',*,*,#624,.T.);
#6370 = ORIENTED_EDGE('',*,*,#6371,.F.);
#6371 = EDGE_CURVE('',#6249,#627,#6372,.T.);
#6372 = B_SPLINE_CURVE_WITH_KNOTS('',1,(#6373,#6374),.UNSPECIFIED.,.F.,
  .F.,(2,2),(-0.,1.E-02),.PIECEWISE_BEZIER_KNOTS.);
#6373 = CARTESIAN_POINT('',(-0.172511634067,0.96,0.382666289634));
#6374 = CARTESIAN_POINT('',(-0.172511634067,0.95,0.382666289634));
#6375 = ORIENTED_EDGE('',*,*,#6246,.F.);
#6376 = ORIENTED_EDGE('',*,*,#6377,.T.);
#6377 = EDGE_CURVE('',#6247,#625,#6378,.T.);
#6378 = B_SPLINE_CURVE_WITH_KNOTS('',1,(#6379,#6380),.UNSPECIFIED.,.F.,
  .F.,(2,2),(-0.,1.E-02),.PIECEWISE_BEZIER_KNOTS.);
#6379 = CARTESIAN_POINT('',(-0.155729941297,0.96,0.382666289634));
#6380 = CARTESIAN_POINT('',(-0.155729941297,0.95,0.382666289634));
#6381 = B_SPLINE_SURFACE_WITH_KNOTS('',1,1,(
    (#6382,#6383)
    ,(#6384,#6385
    )),.UNSPECIFIED.,.F.,.F.,.F.,(2,2),(2,2),(2.775557561563E-17,
    1.678169276936E-02),(-1.E-02,0.),.PIECEWISE_BEZIER_KNOTS.);
#6382 = CARTESIAN_POINT('',(-0.172511634067,0.95,0.382666289634));
#6383 = CARTESIAN_POINT('',(-0.172511634067,0.96,0.382666289634));
#6384 = CARTESIAN_POINT('',(-0.155729941297,0.95,0.382666289634));
#6385 = CARTESIAN_POINT('',(-0.155729941297,0.96,0.382666289634));
#6386 = ADVANCED_FACE('',(#6387),#6397,.F.);
#6387 = FACE_BOUND('',#6388,.F.);
#6388 = EDGE_LOOP('',(#6389,#6390,#6391,#6396));
#6389 = ORIENTED_EDGE('',*,*,#6371,.F.);
#6390 = ORIENTED_EDGE('',*,*,#6255,.T.);
#6391 = ORIENTED_EDGE('',*,*,#6392,.T.);
#6392 = EDGE_CURVE('',#6256,#666,#6393,.T.);
#6393 = B_SPLINE_CURVE_WITH_KNOTS('',1,(#6394,#6395),.UNSPECIFIED.,.F.,
  .F.,(2,2),(-0.,1.E-02),.PIECEWISE_BEZIER_KNOTS.);
#6394 = CARTESIAN_POINT('',(-0.19620251819,0.96,0.391213099706));
#6395 = CARTESIAN_POINT('',(-0.19620251819,0.95,0.391213099706));
#6396 = ORIENTED_EDGE('',*,*,#674,.F.);
#6397 = B_SPLINE_SURFACE_WITH_KNOTS('',3,1,(
    (#6398,#6399)
    ,(#6400,#6401)
    ,(#6402,#6403)
    ,(#6404,#6405
    )),.UNSPECIFIED.,.F.,.F.,.F.,(4,4),(2,2),(5.,6.),(0.,1.),
  .PIECEWISE_BEZIER_KNOTS.);
#6398 = CARTESIAN_POINT('',(-0.172511634067,0.96,0.382666289634));
#6399 = CARTESIAN_POINT('',(-0.172511634067,0.95,0.382666289634));
#6400 = CARTESIAN_POINT('',(-0.182165786319,0.96,0.382666289634));
#6401 = CARTESIAN_POINT('',(-0.182165786319,0.95,0.382666289634));
#6402 = CARTESIAN_POINT('',(-0.190073145273,0.96,0.385504828745));
#6403 = CARTESIAN_POINT('',(-0.190073145273,0.95,0.385504828745));
#6404 = CARTESIAN_POINT('',(-0.19620251819,0.96,0.391213099706));
#6405 = CARTESIAN_POINT('',(-0.19620251819,0.95,0.391213099706));
#6406 = ADVANCED_FACE('',(#6407),#6417,.F.);
#6407 = FACE_BOUND('',#6408,.F.);
#6408 = EDGE_LOOP('',(#6409,#6410,#6411,#6416));
#6409 = ORIENTED_EDGE('',*,*,#6392,.F.);
#6410 = ORIENTED_EDGE('',*,*,#6264,.T.);
#6411 = ORIENTED_EDGE('',*,*,#6412,.T.);
#6412 = EDGE_CURVE('',#6265,#657,#6413,.T.);
#6413 = B_SPLINE_CURVE_WITH_KNOTS('',1,(#6414,#6415),.UNSPECIFIED.,.F.,
  .F.,(2,2),(-0.,1.E-02),.PIECEWISE_BEZIER_KNOTS.);
#6414 = CARTESIAN_POINT('',(-0.205404375749,0.96,0.413952605336));
#6415 = CARTESIAN_POINT('',(-0.205404375749,0.95,0.413952605336));
#6416 = ORIENTED_EDGE('',*,*,#665,.F.);
#6417 = B_SPLINE_SURFACE_WITH_KNOTS('',3,1,(
    (#6418,#6419)
    ,(#6420,#6421)
    ,(#6422,#6423)
    ,(#6424,#6425
    )),.UNSPECIFIED.,.F.,.F.,.F.,(4,4),(2,2),(4.,5.),(0.,1.),
  .PIECEWISE_BEZIER_KNOTS.);
#6418 = CARTESIAN_POINT('',(-0.19620251819,0.96,0.391213099706));
#6419 = CARTESIAN_POINT('',(-0.19620251819,0.95,0.391213099706));
#6420 = CARTESIAN_POINT('',(-0.202331891107,0.96,0.396921370666));
#6421 = CARTESIAN_POINT('',(-0.202331891107,0.95,0.396921370666));
#6422 = CARTESIAN_POINT('',(-0.205404375749,0.96,0.404501205876));
#6423 = CARTESIAN_POINT('',(-0.205404375749,0.95,0.404501205876));
#6424 = CARTESIAN_POINT('',(-0.205404375749,0.96,0.413952605336));
#6425 = CARTESIAN_POINT('',(-0.205404375749,0.95,0.413952605336));
#6426 = ADVANCED_FACE('',(#6427),#6437,.F.);
#6427 = FACE_BOUND('',#6428,.F.);
#6428 = EDGE_LOOP('',(#6429,#6430,#6431,#6436));
#6429 = ORIENTED_EDGE('',*,*,#6412,.F.);
#6430 = ORIENTED_EDGE('',*,*,#6273,.T.);
#6431 = ORIENTED_EDGE('',*,*,#6432,.T.);
#6432 = EDGE_CURVE('',#6274,#648,#6433,.T.);
#6433 = B_SPLINE_CURVE_WITH_KNOTS('',1,(#6434,#6435),.UNSPECIFIED.,.F.,
  .F.,(2,2),(-0.,1.E-02),.PIECEWISE_BEZIER_KNOTS.);
#6434 = CARTESIAN_POINT('',(-0.19620251819,0.96,0.435600365153));
#6435 = CARTESIAN_POINT('',(-0.19620251819,0.95,0.435600365153));
#6436 = ORIENTED_EDGE('',*,*,#656,.F.);
#6437 = B_SPLINE_SURFACE_WITH_KNOTS('',3,1,(
    (#6438,#6439)
    ,(#6440,#6441)
    ,(#6442,#6443)
    ,(#6444,#6445
    )),.UNSPECIFIED.,.F.,.F.,.F.,(4,4),(2,2),(3.,4.),(0.,1.),
  .PIECEWISE_BEZIER_KNOTS.);
#6438 = CARTESIAN_POINT('',(-0.205404375749,0.96,0.413952605336));
#6439 = CARTESIAN_POINT('',(-0.205404375749,0.95,0.413952605336));
#6440 = CARTESIAN_POINT('',(-0.205404375749,0.96,0.422998499207));
#6441 = CARTESIAN_POINT('',(-0.205404375749,0.95,0.422998499207));
#6442 = CARTESIAN_POINT('',(-0.202331891107,0.96,0.430204021568));
#6443 = CARTESIAN_POINT('',(-0.202331891107,0.95,0.430204021568));
#6444 = CARTESIAN_POINT('',(-0.19620251819,0.96,0.435600365153));
#6445 = CARTESIAN_POINT('',(-0.19620251819,0.95,0.435600365153));
#6446 = ADVANCED_FACE('',(#6447),#6457,.F.);
#6447 = FACE_BOUND('',#6448,.F.);
#6448 = EDGE_LOOP('',(#6449,#6450,#6451,#6456));
#6449 = ORIENTED_EDGE('',*,*,#6432,.F.);
#6450 = ORIENTED_EDGE('',*,*,#6282,.T.);
#6451 = ORIENTED_EDGE('',*,*,#6452,.T.);
#6452 = EDGE_CURVE('',#6283,#641,#6453,.T.);
#6453 = B_SPLINE_CURVE_WITH_KNOTS('',1,(#6454,#6455),.UNSPECIFIED.,.F.,
  .F.,(2,2),(-0.,1.E-02),.PIECEWISE_BEZIER_KNOTS.);
#6454 = CARTESIAN_POINT('',(-0.173135488816,0.96,0.443679284163));
#6455 = CARTESIAN_POINT('',(-0.173135488816,0.95,0.443679284163));
#6456 = ORIENTED_EDGE('',*,*,#647,.F.);
#6457 = B_SPLINE_SURFACE_WITH_KNOTS('',3,1,(
    (#6458,#6459)
    ,(#6460,#6461)
    ,(#6462,#6463)
    ,(#6464,#6465
    )),.UNSPECIFIED.,.F.,.F.,.F.,(4,4),(2,2),(2.,3.),(0.,1.),
  .PIECEWISE_BEZIER_KNOTS.);
#6458 = CARTESIAN_POINT('',(-0.19620251819,0.96,0.435600365153));
#6459 = CARTESIAN_POINT('',(-0.19620251819,0.95,0.435600365153));
#6460 = CARTESIAN_POINT('',(-0.190073145273,0.96,0.440996708739));
#6461 = CARTESIAN_POINT('',(-0.190073145273,0.95,0.440996708739));
#6462 = CARTESIAN_POINT('',(-0.182384135482,0.96,0.443679284163));
#6463 = CARTESIAN_POINT('',(-0.182384135482,0.95,0.443679284163));
#6464 = CARTESIAN_POINT('',(-0.173135488816,0.96,0.443679284163));
#6465 = CARTESIAN_POINT('',(-0.173135488816,0.95,0.443679284163));
#6466 = ADVANCED_FACE('',(#6467),#6477,.F.);
#6467 = FACE_BOUND('',#6468,.T.);
#6468 = EDGE_LOOP('',(#6469,#6470,#6475,#6476));
#6469 = ORIENTED_EDGE('',*,*,#640,.T.);
#6470 = ORIENTED_EDGE('',*,*,#6471,.F.);
#6471 = EDGE_CURVE('',#6292,#634,#6472,.T.);
#6472 = B_SPLINE_CURVE_WITH_KNOTS('',1,(#6473,#6474),.UNSPECIFIED.,.F.,
  .F.,(2,2),(-0.,1.E-02),.PIECEWISE_BEZIER_KNOTS.);
#6473 = CARTESIAN_POINT('',(-0.155729941297,0.96,0.443679284163));
#6474 = CARTESIAN_POINT('',(-0.155729941297,0.95,0.443679284163));
#6475 = ORIENTED_EDGE('',*,*,#6291,.F.);
#6476 = ORIENTED_EDGE('',*,*,#6452,.T.);
#6477 = B_SPLINE_SURFACE_WITH_KNOTS('',1,1,(
    (#6478,#6479)
    ,(#6480,#6481
    )),.UNSPECIFIED.,.F.,.F.,.F.,(2,2),(2,2),(0.,1.740554751927E-02),(
    -1.E-02,0.),.PIECEWISE_BEZIER_KNOTS.);
#6478 = CARTESIAN_POINT('',(-0.155729941297,0.95,0.443679284163));
#6479 = CARTESIAN_POINT('',(-0.155729941297,0.96,0.443679284163));
#6480 = CARTESIAN_POINT('',(-0.173135488816,0.95,0.443679284163));
#6481 = CARTESIAN_POINT('',(-0.173135488816,0.96,0.443679284163));
#6482 = ADVANCED_FACE('',(#6483),#6489,.F.);
#6483 = FACE_BOUND('',#6484,.T.);
#6484 = EDGE_LOOP('',(#6485,#6486,#6487,#6488));
#6485 = ORIENTED_EDGE('',*,*,#633,.T.);
#6486 = ORIENTED_EDGE('',*,*,#6377,.F.);
#6487 = ORIENTED_EDGE('',*,*,#6298,.F.);
#6488 = ORIENTED_EDGE('',*,*,#6471,.T.);
#6489 = B_SPLINE_SURFACE_WITH_KNOTS('',1,1,(
    (#6490,#6491)
    ,(#6492,#6493
    )),.UNSPECIFIED.,.F.,.F.,.F.,(2,2),(2,2),(0.,6.10129945294E-02),(
    -1.E-02,0.),.PIECEWISE_BEZIER_KNOTS.);
#6490 = CARTESIAN_POINT('',(-0.155729941297,0.95,0.382666289634));
#6491 = CARTESIAN_POINT('',(-0.155729941297,0.96,0.382666289634));
#6492 = CARTESIAN_POINT('',(-0.155729941297,0.95,0.443679284163));
#6493 = CARTESIAN_POINT('',(-0.155729941297,0.96,0.443679284163));
#6494 = ADVANCED_FACE('',(#6495),#6517,.T.);
#6495 = FACE_BOUND('',#6496,.T.);
#6496 = EDGE_LOOP('',(#6497,#6506,#6511,#6512));
#6497 = ORIENTED_EDGE('',*,*,#6498,.F.);
#6498 = EDGE_CURVE('',#6499,#6501,#6503,.T.);
#6499 = VERTEX_POINT('',#6500);
#6500 = CARTESIAN_POINT('',(-0.172823561441,0.95,0.436660918228));
#6501 = VERTEX_POINT('',#6502);
#6502 = CARTESIAN_POINT('',(-0.163606107513,0.95,0.436660918228));
#6503 = B_SPLINE_CURVE_WITH_KNOTS('',1,(#6504,#6505),.UNSPECIFIED.,.F.,
  .F.,(2,2),(2.775557561563E-17,9.217453927626E-03),
  .PIECEWISE_BEZIER_KNOTS.);
#6504 = CARTESIAN_POINT('',(-0.172823561441,0.95,0.436660918228));
#6505 = CARTESIAN_POINT('',(-0.163606107513,0.95,0.436660918228));
#6506 = ORIENTED_EDGE('',*,*,#6507,.F.);
#6507 = EDGE_CURVE('',#6315,#6499,#6508,.T.);
#6508 = B_SPLINE_CURVE_WITH_KNOTS('',1,(#6509,#6510),.UNSPECIFIED.,.F.,
  .F.,(2,2),(-0.,1.E-02),.PIECEWISE_BEZIER_KNOTS.);
#6509 = CARTESIAN_POINT('',(-0.172823561441,0.96,0.436660918228));
#6510 = CARTESIAN_POINT('',(-0.172823561441,0.95,0.436660918228));
#6511 = ORIENTED_EDGE('',*,*,#6314,.T.);
#6512 = ORIENTED_EDGE('',*,*,#6513,.T.);
#6513 = EDGE_CURVE('',#6306,#6501,#6514,.T.);
#6514 = B_SPLINE_CURVE_WITH_KNOTS('',1,(#6515,#6516),.UNSPECIFIED.,.F.,
  .F.,(2,2),(-0.,1.E-02),.PIECEWISE_BEZIER_KNOTS.);
#6515 = CARTESIAN_POINT('',(-0.163606107513,0.96,0.436660918228));
#6516 = CARTESIAN_POINT('',(-0.163606107513,0.95,0.436660918228));
#6517 = B_SPLINE_SURFACE_WITH_KNOTS('',1,1,(
    (#6518,#6519)
    ,(#6520,#6521
    )),.UNSPECIFIED.,.F.,.F.,.F.,(2,2),(2,2),(-9.217453927626E-03,
    -2.775557561563E-17),(-1.E-02,0.),.PIECEWISE_BEZIER_KNOTS.);
#6518 = CARTESIAN_POINT('',(-0.163606107513,0.95,0.436660918228));
#6519 = CARTESIAN_POINT('',(-0.163606107513,0.96,0.436660918228));
#6520 = CARTESIAN_POINT('',(-0.172823561441,0.95,0.436660918228));
#6521 = CARTESIAN_POINT('',(-0.172823561441,0.96,0.436660918228));
#6522 = ADVANCED_FACE('',(#6523),#6539,.T.);
#6523 = FACE_BOUND('',#6524,.T.);
#6524 = EDGE_LOOP('',(#6525,#6532,#6533,#6534));
#6525 = ORIENTED_EDGE('',*,*,#6526,.F.);
#6526 = EDGE_CURVE('',#6501,#6527,#6529,.T.);
#6527 = VERTEX_POINT('',#6528);
#6528 = CARTESIAN_POINT('',(-0.163606107513,0.95,0.389622270094));
#6529 = B_SPLINE_CURVE_WITH_KNOTS('',1,(#6530,#6531),.UNSPECIFIED.,.F.,
  .F.,(2,2),(0.,4.703864813422E-02),.PIECEWISE_BEZIER_KNOTS.);
#6530 = CARTESIAN_POINT('',(-0.163606107513,0.95,0.436660918228));
#6531 = CARTESIAN_POINT('',(-0.163606107513,0.95,0.389622270094));
#6532 = ORIENTED_EDGE('',*,*,#6513,.F.);
#6533 = ORIENTED_EDGE('',*,*,#6305,.T.);
#6534 = ORIENTED_EDGE('',*,*,#6535,.T.);
#6535 = EDGE_CURVE('',#6308,#6527,#6536,.T.);
#6536 = B_SPLINE_CURVE_WITH_KNOTS('',1,(#6537,#6538),.UNSPECIFIED.,.F.,
  .F.,(2,2),(-0.,1.E-02),.PIECEWISE_BEZIER_KNOTS.);
#6537 = CARTESIAN_POINT('',(-0.163606107513,0.96,0.389622270094));
#6538 = CARTESIAN_POINT('',(-0.163606107513,0.95,0.389622270094));
#6539 = B_SPLINE_SURFACE_WITH_KNOTS('',1,1,(
    (#6540,#6541)
    ,(#6542,#6543
    )),.UNSPECIFIED.,.F.,.F.,.F.,(2,2),(2,2),(-4.703864813422E-02,0.),(
    -1.E-02,0.),.PIECEWISE_BEZIER_KNOTS.);
#6540 = CARTESIAN_POINT('',(-0.163606107513,0.95,0.389622270094));
#6541 = CARTESIAN_POINT('',(-0.163606107513,0.96,0.389622270094));
#6542 = CARTESIAN_POINT('',(-0.163606107513,0.95,0.436660918228));
#6543 = CARTESIAN_POINT('',(-0.163606107513,0.96,0.436660918228));
#6544 = ADVANCED_FACE('',(#6545),#6561,.T.);
#6545 = FACE_BOUND('',#6546,.T.);
#6546 = EDGE_LOOP('',(#6547,#6554,#6555,#6556));
#6547 = ORIENTED_EDGE('',*,*,#6548,.F.);
#6548 = EDGE_CURVE('',#6527,#6549,#6551,.T.);
#6549 = VERTEX_POINT('',#6550);
#6550 = CARTESIAN_POINT('',(-0.17246484496,0.95,0.389622270094));
#6551 = B_SPLINE_CURVE_WITH_KNOTS('',1,(#6552,#6553),.UNSPECIFIED.,.F.,
  .F.,(2,2),(0.,8.858737446905E-03),.PIECEWISE_BEZIER_KNOTS.);
#6552 = CARTESIAN_POINT('',(-0.163606107513,0.95,0.389622270094));
#6553 = CARTESIAN_POINT('',(-0.17246484496,0.95,0.389622270094));
#6554 = ORIENTED_EDGE('',*,*,#6535,.F.);
#6555 = ORIENTED_EDGE('',*,*,#6357,.T.);
#6556 = ORIENTED_EDGE('',*,*,#6557,.T.);
#6557 = EDGE_CURVE('',#6349,#6549,#6558,.T.);
#6558 = B_SPLINE_CURVE_WITH_KNOTS('',1,(#6559,#6560),.UNSPECIFIED.,.F.,
  .F.,(2,2),(-0.,1.E-02),.PIECEWISE_BEZIER_KNOTS.);
#6559 = CARTESIAN_POINT('',(-0.17246484496,0.96,0.389622270094));
#6560 = CARTESIAN_POINT('',(-0.17246484496,0.95,0.389622270094));
#6561 = B_SPLINE_SURFACE_WITH_KNOTS('',1,1,(
    (#6562,#6563)
    ,(#6564,#6565
    )),.UNSPECIFIED.,.F.,.F.,.F.,(2,2),(2,2),(-8.858737446905E-03,0.),(
    -1.E-02,0.),.PIECEWISE_BEZIER_KNOTS.);
#6562 = CARTESIAN_POINT('',(-0.17246484496,0.95,0.389622270094));
#6563 = CARTESIAN_POINT('',(-0.17246484496,0.96,0.389622270094));
#6564 = CARTESIAN_POINT('',(-0.163606107513,0.95,0.389622270094));
#6565 = CARTESIAN_POINT('',(-0.163606107513,0.96,0.389622270094));
#6566 = ADVANCED_FACE('',(#6567),#6585,.T.);
#6567 = FACE_BOUND('',#6568,.T.);
#6568 = EDGE_LOOP('',(#6569,#6578,#6579,#6580));
#6569 = ORIENTED_EDGE('',*,*,#6570,.F.);
#6570 = EDGE_CURVE('',#6549,#6571,#6573,.T.);
#6571 = VERTEX_POINT('',#6572);
#6572 = CARTESIAN_POINT('',(-0.190603421811,0.95,0.395985588541));
#6573 = B_SPLINE_CURVE_WITH_KNOTS('',3,(#6574,#6575,#6576,#6577),
  .UNSPECIFIED.,.F.,.F.,(4,4),(2.,3.),.PIECEWISE_BEZIER_KNOTS.);
#6574 = CARTESIAN_POINT('',(-0.17246484496,0.95,0.389622270094));
#6575 = CARTESIAN_POINT('',(-0.180216240226,0.95,0.389622270094));
#6576 = CARTESIAN_POINT('',(-0.1862676313,0.95,0.391743376243));
#6577 = CARTESIAN_POINT('',(-0.190603421811,0.95,0.395985588541));
#6578 = ORIENTED_EDGE('',*,*,#6557,.F.);
#6579 = ORIENTED_EDGE('',*,*,#6348,.T.);
#6580 = ORIENTED_EDGE('',*,*,#6581,.T.);
#6581 = EDGE_CURVE('',#6340,#6571,#6582,.T.);
#6582 = B_SPLINE_CURVE_WITH_KNOTS('',1,(#6583,#6584),.UNSPECIFIED.,.F.,
  .F.,(2,2),(-0.,1.E-02),.PIECEWISE_BEZIER_KNOTS.);
#6583 = CARTESIAN_POINT('',(-0.190603421811,0.96,0.395985588541));
#6584 = CARTESIAN_POINT('',(-0.190603421811,0.95,0.395985588541));
#6585 = B_SPLINE_SURFACE_WITH_KNOTS('',3,1,(
    (#6586,#6587)
    ,(#6588,#6589)
    ,(#6590,#6591)
    ,(#6592,#6593
    )),.UNSPECIFIED.,.F.,.F.,.F.,(4,4),(2,2),(2.,3.),(0.,1.),
  .PIECEWISE_BEZIER_KNOTS.);
#6586 = CARTESIAN_POINT('',(-0.17246484496,0.96,0.389622270094));
#6587 = CARTESIAN_POINT('',(-0.17246484496,0.95,0.389622270094));
#6588 = CARTESIAN_POINT('',(-0.180216240226,0.96,0.389622270094));
#6589 = CARTESIAN_POINT('',(-0.180216240226,0.95,0.389622270094));
#6590 = CARTESIAN_POINT('',(-0.1862676313,0.96,0.391743376243));
#6591 = CARTESIAN_POINT('',(-0.1862676313,0.95,0.391743376243));
#6592 = CARTESIAN_POINT('',(-0.190603421811,0.96,0.395985588541));
#6593 = CARTESIAN_POINT('',(-0.190603421811,0.95,0.395985588541));
#6594 = ADVANCED_FACE('',(#6595),#6613,.T.);
#6595 = FACE_BOUND('',#6596,.T.);
#6596 = EDGE_LOOP('',(#6597,#6606,#6607,#6608));
#6597 = ORIENTED_EDGE('',*,*,#6598,.F.);
#6598 = EDGE_CURVE('',#6571,#6599,#6601,.T.);
#6599 = VERTEX_POINT('',#6600);
#6600 = CARTESIAN_POINT('',(-0.197122703946,0.95,0.413734256173));
#6601 = B_SPLINE_CURVE_WITH_KNOTS('',3,(#6602,#6603,#6604,#6605),
  .UNSPECIFIED.,.F.,.F.,(4,4),(3.,4.),.PIECEWISE_BEZIER_KNOTS.);
#6602 = CARTESIAN_POINT('',(-0.190603421811,0.95,0.395985588541));
#6603 = CARTESIAN_POINT('',(-0.19495480869,0.95,0.400196608103));
#6604 = CARTESIAN_POINT('',(-0.197122703946,0.95,0.406123228226));
#6605 = CARTESIAN_POINT('',(-0.197122703946,0.95,0.413734256173));
#6606 = ORIENTED_EDGE('',*,*,#6581,.F.);
#6607 = ORIENTED_EDGE('',*,*,#6339,.T.);
#6608 = ORIENTED_EDGE('',*,*,#6609,.T.);
#6609 = EDGE_CURVE('',#6331,#6599,#6610,.T.);
#6610 = B_SPLINE_CURVE_WITH_KNOTS('',1,(#6611,#6612),.UNSPECIFIED.,.F.,
  .F.,(2,2),(-0.,1.E-02),.PIECEWISE_BEZIER_KNOTS.);
#6611 = CARTESIAN_POINT('',(-0.197122703946,0.96,0.413734256173));
#6612 = CARTESIAN_POINT('',(-0.197122703946,0.95,0.413734256173));
#6613 = B_SPLINE_SURFACE_WITH_KNOTS('',3,1,(
    (#6614,#6615)
    ,(#6616,#6617)
    ,(#6618,#6619)
    ,(#6620,#6621
    )),.UNSPECIFIED.,.F.,.F.,.F.,(4,4),(2,2),(3.,4.),(0.,1.),
  .PIECEWISE_BEZIER_KNOTS.);
#6614 = CARTESIAN_POINT('',(-0.190603421811,0.96,0.395985588541));
#6615 = CARTESIAN_POINT('',(-0.190603421811,0.95,0.395985588541));
#6616 = CARTESIAN_POINT('',(-0.19495480869,0.96,0.400196608103));
#6617 = CARTESIAN_POINT('',(-0.19495480869,0.95,0.400196608103));
#6618 = CARTESIAN_POINT('',(-0.197122703946,0.96,0.406123228226));
#6619 = CARTESIAN_POINT('',(-0.197122703946,0.95,0.406123228226));
#6620 = CARTESIAN_POINT('',(-0.197122703946,0.96,0.413734256173));
#6621 = CARTESIAN_POINT('',(-0.197122703946,0.95,0.413734256173));
#6622 = ADVANCED_FACE('',(#6623),#6641,.T.);
#6623 = FACE_BOUND('',#6624,.T.);
#6624 = EDGE_LOOP('',(#6625,#6634,#6635,#6636));
#6625 = ORIENTED_EDGE('',*,*,#6626,.F.);
#6626 = EDGE_CURVE('',#6599,#6627,#6629,.T.);
#6627 = VERTEX_POINT('',#6628);
#6628 = CARTESIAN_POINT('',(-0.190431861754,0.95,0.43092145453));
#6629 = B_SPLINE_CURVE_WITH_KNOTS('',3,(#6630,#6631,#6632,#6633),
  .UNSPECIFIED.,.F.,.F.,(4,4),(4.,5.),.PIECEWISE_BEZIER_KNOTS.);
#6630 = CARTESIAN_POINT('',(-0.197122703946,0.95,0.413734256173));
#6631 = CARTESIAN_POINT('',(-0.197122703946,0.95,0.421345284121));
#6632 = CARTESIAN_POINT('',(-0.194892423215,0.95,0.427084747819));
#6633 = CARTESIAN_POINT('',(-0.190431861754,0.95,0.43092145453));
#6634 = ORIENTED_EDGE('',*,*,#6609,.F.);
#6635 = ORIENTED_EDGE('',*,*,#6330,.T.);
#6636 = ORIENTED_EDGE('',*,*,#6637,.T.);
#6637 = EDGE_CURVE('',#6322,#6627,#6638,.T.);
#6638 = B_SPLINE_CURVE_WITH_KNOTS('',1,(#6639,#6640),.UNSPECIFIED.,.F.,
  .F.,(2,2),(-0.,1.E-02),.PIECEWISE_BEZIER_KNOTS.);
#6639 = CARTESIAN_POINT('',(-0.190431861754,0.96,0.43092145453));
#6640 = CARTESIAN_POINT('',(-0.190431861754,0.95,0.43092145453));
#6641 = B_SPLINE_SURFACE_WITH_KNOTS('',3,1,(
    (#6642,#6643)
    ,(#6644,#6645)
    ,(#6646,#6647)
    ,(#6648,#6649
    )),.UNSPECIFIED.,.F.,.F.,.F.,(4,4),(2,2),(4.,5.),(0.,1.),
  .PIECEWISE_BEZIER_KNOTS.);
#6642 = CARTESIAN_POINT('',(-0.197122703946,0.96,0.413734256173));
#6643 = CARTESIAN_POINT('',(-0.197122703946,0.95,0.413734256173));
#6644 = CARTESIAN_POINT('',(-0.197122703946,0.96,0.421345284121));
#6645 = CARTESIAN_POINT('',(-0.197122703946,0.95,0.421345284121));
#6646 = CARTESIAN_POINT('',(-0.194892423215,0.96,0.427084747819));
#6647 = CARTESIAN_POINT('',(-0.194892423215,0.95,0.427084747819));
#6648 = CARTESIAN_POINT('',(-0.190431861754,0.96,0.43092145453));
#6649 = CARTESIAN_POINT('',(-0.190431861754,0.95,0.43092145453));
#6650 = ADVANCED_FACE('',(#6651),#6663,.T.);
#6651 = FACE_BOUND('',#6652,.T.);
#6652 = EDGE_LOOP('',(#6653,#6660,#6661,#6662));
#6653 = ORIENTED_EDGE('',*,*,#6654,.F.);
#6654 = EDGE_CURVE('',#6627,#6499,#6655,.T.);
#6655 = B_SPLINE_CURVE_WITH_KNOTS('',3,(#6656,#6657,#6658,#6659),
  .UNSPECIFIED.,.F.,.F.,(4,4),(5.,6.),.PIECEWISE_BEZIER_KNOTS.);
#6656 = CARTESIAN_POINT('',(-0.190431861754,0.95,0.43092145453));
#6657 = CARTESIAN_POINT('',(-0.185971300293,0.95,0.434758161241));
#6658 = CARTESIAN_POINT('',(-0.180091469276,0.95,0.436660918228));
#6659 = CARTESIAN_POINT('',(-0.172823561441,0.95,0.436660918228));
#6660 = ORIENTED_EDGE('',*,*,#6637,.F.);
#6661 = ORIENTED_EDGE('',*,*,#6321,.T.);
#6662 = ORIENTED_EDGE('',*,*,#6507,.T.);
#6663 = B_SPLINE_SURFACE_WITH_KNOTS('',3,1,(
    (#6664,#6665)
    ,(#6666,#6667)
    ,(#6668,#6669)
    ,(#6670,#6671
    )),.UNSPECIFIED.,.F.,.F.,.F.,(4,4),(2,2),(5.,6.),(0.,1.),
  .PIECEWISE_BEZIER_KNOTS.);
#6664 = CARTESIAN_POINT('',(-0.190431861754,0.96,0.43092145453));
#6665 = CARTESIAN_POINT('',(-0.190431861754,0.95,0.43092145453));
#6666 = CARTESIAN_POINT('',(-0.185971300293,0.96,0.434758161241));
#6667 = CARTESIAN_POINT('',(-0.185971300293,0.95,0.434758161241));
#6668 = CARTESIAN_POINT('',(-0.180091469276,0.96,0.436660918228));
#6669 = CARTESIAN_POINT('',(-0.180091469276,0.95,0.436660918228));
#6670 = CARTESIAN_POINT('',(-0.172823561441,0.96,0.436660918228));
#6671 = CARTESIAN_POINT('',(-0.172823561441,0.95,0.436660918228));
#6672 = ADVANCED_FACE('',(#6673),#6682,.F.);
#6673 = FACE_BOUND('',#6674,.T.);
#6674 = EDGE_LOOP('',(#6675,#6676,#6677,#6678,#6679,#6680,#6681));
#6675 = ORIENTED_EDGE('',*,*,#6654,.T.);
#6676 = ORIENTED_EDGE('',*,*,#6498,.T.);
#6677 = ORIENTED_EDGE('',*,*,#6526,.T.);
#6678 = ORIENTED_EDGE('',*,*,#6548,.T.);
#6679 = ORIENTED_EDGE('',*,*,#6570,.T.);
#6680 = ORIENTED_EDGE('',*,*,#6598,.T.);
#6681 = ORIENTED_EDGE('',*,*,#6626,.T.);
#6682 = B_SPLINE_SURFACE_WITH_KNOTS('',1,1,(
    (#6683,#6684)
    ,(#6685,#6686
    )),.UNSPECIFIED.,.F.,.F.,.F.,(2,2),(2,2),(-9.886660818228,
    -9.839622170094),(0.452877296054,0.486393892487),
  .PIECEWISE_BEZIER_KNOTS.);
#6683 = CARTESIAN_POINT('',(-0.197122703946,0.95,0.436660918228));
#6684 = CARTESIAN_POINT('',(-0.163606107513,0.95,0.436660918228));
#6685 = CARTESIAN_POINT('',(-0.197122703946,0.95,0.389622270094));
#6686 = CARTESIAN_POINT('',(-0.163606107513,0.95,0.389622270094));
#6687 = ADVANCED_FACE('',(#6688,#6746),#6794,.F.);
#6688 = FACE_BOUND('',#6689,.T.);
#6689 = EDGE_LOOP('',(#6690,#6699,#6706,#6713,#6720,#6727,#6734,#6741));
#6690 = ORIENTED_EDGE('',*,*,#6691,.T.);
#6691 = EDGE_CURVE('',#6692,#6694,#6696,.T.);
#6692 = VERTEX_POINT('',#6693);
#6693 = CARTESIAN_POINT('',(-0.263688005748,0.96,0.382666289634));
#6694 = VERTEX_POINT('',#6695);
#6695 = CARTESIAN_POINT('',(-0.240449416319,0.96,0.443679284163));
#6696 = B_SPLINE_CURVE_WITH_KNOTS('',1,(#6697,#6698),.UNSPECIFIED.,.F.,
  .F.,(2,2),(-6.528872444865E-02,0.),.PIECEWISE_BEZIER_KNOTS.);
#6697 = CARTESIAN_POINT('',(-0.263688005748,0.96,0.382666289634));
#6698 = CARTESIAN_POINT('',(-0.240449416319,0.96,0.443679284163));
#6699 = ORIENTED_EDGE('',*,*,#6700,.T.);
#6700 = EDGE_CURVE('',#6694,#6701,#6703,.T.);
#6701 = VERTEX_POINT('',#6702);
#6702 = CARTESIAN_POINT('',(-0.232027377196,0.96,0.443679284163));
#6703 = B_SPLINE_CURVE_WITH_KNOTS('',1,(#6704,#6705),.UNSPECIFIED.,.F.,
  .F.,(2,2),(-8.422039122135E-03,0.),.PIECEWISE_BEZIER_KNOTS.);
#6704 = CARTESIAN_POINT('',(-0.240449416319,0.96,0.443679284163));
#6705 = CARTESIAN_POINT('',(-0.232027377196,0.96,0.443679284163));
#6706 = ORIENTED_EDGE('',*,*,#6707,.T.);
#6707 = EDGE_CURVE('',#6701,#6708,#6710,.T.);
#6708 = VERTEX_POINT('',#6709);
#6709 = CARTESIAN_POINT('',(-0.208788787767,0.96,0.382666289634));
#6710 = B_SPLINE_CURVE_WITH_KNOTS('',1,(#6711,#6712),.UNSPECIFIED.,.F.,
  .F.,(2,2),(-6.528872444851E-02,0.),.PIECEWISE_BEZIER_KNOTS.);
#6711 = CARTESIAN_POINT('',(-0.232027377196,0.96,0.443679284163));
#6712 = CARTESIAN_POINT('',(-0.208788787767,0.96,0.382666289634));
#6713 = ORIENTED_EDGE('',*,*,#6714,.T.);
#6714 = EDGE_CURVE('',#6708,#6715,#6717,.T.);
#6715 = VERTEX_POINT('',#6716);
#6716 = CARTESIAN_POINT('',(-0.217491561526,0.96,0.382666289634));
#6717 = B_SPLINE_CURVE_WITH_KNOTS('',1,(#6718,#6719),.UNSPECIFIED.,.F.,
  .F.,(2,2),(-8.70277375922E-03,0.),.PIECEWISE_BEZIER_KNOTS.);
#6718 = CARTESIAN_POINT('',(-0.208788787767,0.96,0.382666289634));
#6719 = CARTESIAN_POINT('',(-0.217491561526,0.96,0.382666289634));
#6720 = ORIENTED_EDGE('',*,*,#6721,.T.);
#6721 = EDGE_CURVE('',#6715,#6722,#6724,.T.);
#6722 = VERTEX_POINT('',#6723);
#6723 = CARTESIAN_POINT('',(-0.223355796174,0.96,0.399354404191));
#6724 = B_SPLINE_CURVE_WITH_KNOTS('',1,(#6725,#6726),.UNSPECIFIED.,.F.,
  .F.,(2,2),(-1.768848256562E-02,0.),.PIECEWISE_BEZIER_KNOTS.);
#6725 = CARTESIAN_POINT('',(-0.217491561526,0.96,0.382666289634));
#6726 = CARTESIAN_POINT('',(-0.223355796174,0.96,0.399354404191));
#6727 = ORIENTED_EDGE('',*,*,#6728,.T.);
#6728 = EDGE_CURVE('',#6722,#6729,#6731,.T.);
#6729 = VERTEX_POINT('',#6730);
#6730 = CARTESIAN_POINT('',(-0.24876228086,0.96,0.399354404191));
#6731 = B_SPLINE_CURVE_WITH_KNOTS('',1,(#6732,#6733),.UNSPECIFIED.,.F.,
  .F.,(2,2),(-2.540648468536E-02,0.),.PIECEWISE_BEZIER_KNOTS.);
#6732 = CARTESIAN_POINT('',(-0.223355796174,0.96,0.399354404191));
#6733 = CARTESIAN_POINT('',(-0.24876228086,0.96,0.399354404191));
#6734 = ORIENTED_EDGE('',*,*,#6735,.T.);
#6735 = EDGE_CURVE('',#6729,#6736,#6738,.T.);
#6736 = VERTEX_POINT('',#6737);
#6737 = CARTESIAN_POINT('',(-0.254985231989,0.96,0.382666289634));
#6738 = B_SPLINE_CURVE_WITH_KNOTS('',1,(#6739,#6740),.UNSPECIFIED.,.F.,
  .F.,(2,2),(-1.781062290385E-02,-0.),.PIECEWISE_BEZIER_KNOTS.);
#6739 = CARTESIAN_POINT('',(-0.24876228086,0.96,0.399354404191));
#6740 = CARTESIAN_POINT('',(-0.254985231989,0.96,0.382666289634));
#6741 = ORIENTED_EDGE('',*,*,#6742,.T.);
#6742 = EDGE_CURVE('',#6736,#6692,#6743,.T.);
#6743 = B_SPLINE_CURVE_WITH_KNOTS('',1,(#6744,#6745),.UNSPECIFIED.,.F.,
  .F.,(2,2),(-8.702773759636E-03,0.),.PIECEWISE_BEZIER_KNOTS.);
#6744 = CARTESIAN_POINT('',(-0.254985231989,0.96,0.382666289634));
#6745 = CARTESIAN_POINT('',(-0.263688005748,0.96,0.382666289634));
#6746 = FACE_BOUND('',#6747,.T.);
#6747 = EDGE_LOOP('',(#6748,#6757,#6764,#6773,#6780,#6789));
#6748 = ORIENTED_EDGE('',*,*,#6749,.F.);
#6749 = EDGE_CURVE('',#6750,#6752,#6754,.T.);
#6750 = VERTEX_POINT('',#6751);
#6751 = CARTESIAN_POINT('',(-0.225851215174,0.96,0.406247999176));
#6752 = VERTEX_POINT('',#6753);
#6753 = CARTESIAN_POINT('',(-0.246329247335,0.96,0.406247999176));
#6754 = B_SPLINE_CURVE_WITH_KNOTS('',1,(#6755,#6756),.UNSPECIFIED.,.F.,
  .F.,(2,2),(0.,2.047803216181E-02),.PIECEWISE_BEZIER_KNOTS.);
#6755 = CARTESIAN_POINT('',(-0.225851215174,0.96,0.406247999176));
#6756 = CARTESIAN_POINT('',(-0.246329247335,0.96,0.406247999176));
#6757 = ORIENTED_EDGE('',*,*,#6758,.F.);
#6758 = EDGE_CURVE('',#6759,#6750,#6761,.T.);
#6759 = VERTEX_POINT('',#6760);
#6760 = CARTESIAN_POINT('',(-0.234975090889,0.96,0.431607694755));
#6761 = B_SPLINE_CURVE_WITH_KNOTS('',1,(#6762,#6763),.UNSPECIFIED.,.F.,
  .F.,(2,2),(0.,2.695105318764E-02),.PIECEWISE_BEZIER_KNOTS.);
#6762 = CARTESIAN_POINT('',(-0.234975090889,0.96,0.431607694755));
#6763 = CARTESIAN_POINT('',(-0.225851215174,0.96,0.406247999176));
#6764 = ORIENTED_EDGE('',*,*,#6765,.F.);
#6765 = EDGE_CURVE('',#6766,#6759,#6768,.T.);
#6766 = VERTEX_POINT('',#6767);
#6767 = CARTESIAN_POINT('',(-0.235973258489,0.96,0.435881099791));
#6768 = B_SPLINE_CURVE_WITH_KNOTS('',3,(#6769,#6770,#6771,#6772),
  .UNSPECIFIED.,.F.,.F.,(4,4),(3.,4.),.PIECEWISE_BEZIER_KNOTS.);
#6769 = CARTESIAN_POINT('',(-0.235973258489,0.96,0.435881099791));
#6770 = CARTESIAN_POINT('',(-0.235676927483,0.96,0.434040728279));
#6771 = CARTESIAN_POINT('',(-0.235349403739,0.96,0.432605862354));
#6772 = CARTESIAN_POINT('',(-0.234975090889,0.96,0.431607694755));
#6773 = ORIENTED_EDGE('',*,*,#6774,.F.);
#6774 = EDGE_CURVE('',#6775,#6766,#6777,.T.);
#6775 = VERTEX_POINT('',#6776);
#6776 = CARTESIAN_POINT('',(-0.236160414914,0.96,0.435881099791));
#6777 = B_SPLINE_CURVE_WITH_KNOTS('',1,(#6778,#6779),.UNSPECIFIED.,.F.,
  .F.,(2,2),(0.,1.871564247238E-04),.PIECEWISE_BEZIER_KNOTS.);
#6778 = CARTESIAN_POINT('',(-0.236160414914,0.96,0.435881099791));
#6779 = CARTESIAN_POINT('',(-0.235973258489,0.96,0.435881099791));
#6780 = ORIENTED_EDGE('',*,*,#6781,.F.);
#6781 = EDGE_CURVE('',#6782,#6775,#6784,.T.);
#6782 = VERTEX_POINT('',#6783);
#6783 = CARTESIAN_POINT('',(-0.237111793407,0.96,0.431607694755));
#6784 = B_SPLINE_CURVE_WITH_KNOTS('',3,(#6785,#6786,#6787,#6788),
  .UNSPECIFIED.,.F.,.F.,(4,4),(1.,2.),.PIECEWISE_BEZIER_KNOTS.);
#6785 = CARTESIAN_POINT('',(-0.237111793407,0.96,0.431607694755));
#6786 = CARTESIAN_POINT('',(-0.236815462401,0.96,0.432449898667));
#6787 = CARTESIAN_POINT('',(-0.236503535026,0.96,0.433853571854));
#6788 = CARTESIAN_POINT('',(-0.236160414914,0.96,0.435881099791));
#6789 = ORIENTED_EDGE('',*,*,#6790,.F.);
#6790 = EDGE_CURVE('',#6752,#6782,#6791,.T.);
#6791 = B_SPLINE_CURVE_WITH_KNOTS('',1,(#6792,#6793),.UNSPECIFIED.,.F.,
  .F.,(2,2),(0.,2.698287636193E-02),.PIECEWISE_BEZIER_KNOTS.);
#6792 = CARTESIAN_POINT('',(-0.246329247335,0.96,0.406247999176));
#6793 = CARTESIAN_POINT('',(-0.237111793407,0.96,0.431607694755));
#6794 = B_SPLINE_SURFACE_WITH_KNOTS('',1,1,(
    (#6795,#6796)
    ,(#6797,#6798
    )),.UNSPECIFIED.,.F.,.F.,.F.,(2,2),(2,2),(-0.443679184163,
    -0.382666189634),(-0.263688005748,-0.208788787767),
  .PIECEWISE_BEZIER_KNOTS.);
#6795 = CARTESIAN_POINT('',(-0.263688005748,0.96,0.443679284163));
#6796 = CARTESIAN_POINT('',(-0.208788787767,0.96,0.443679284163));
#6797 = CARTESIAN_POINT('',(-0.263688005748,0.96,0.382666289634));
#6798 = CARTESIAN_POINT('',(-0.208788787767,0.96,0.382666289634));
#6799 = ADVANCED_FACE('',(#6800),#6814,.F.);
#6800 = FACE_BOUND('',#6801,.T.);
#6801 = EDGE_LOOP('',(#6802,#6803,#6808,#6809));
#6802 = ORIENTED_EDGE('',*,*,#683,.T.);
#6803 = ORIENTED_EDGE('',*,*,#6804,.F.);
#6804 = EDGE_CURVE('',#6694,#686,#6805,.T.);
#6805 = B_SPLINE_CURVE_WITH_KNOTS('',1,(#6806,#6807),.UNSPECIFIED.,.F.,
  .F.,(2,2),(-0.,1.E-02),.PIECEWISE_BEZIER_KNOTS.);
#6806 = CARTESIAN_POINT('',(-0.240449416319,0.96,0.443679284163));
#6807 = CARTESIAN_POINT('',(-0.240449416319,0.95,0.443679284163));
#6808 = ORIENTED_EDGE('',*,*,#6691,.F.);
#6809 = ORIENTED_EDGE('',*,*,#6810,.T.);
#6810 = EDGE_CURVE('',#6692,#684,#6811,.T.);
#6811 = B_SPLINE_CURVE_WITH_KNOTS('',1,(#6812,#6813),.UNSPECIFIED.,.F.,
  .F.,(2,2),(-0.,1.E-02),.PIECEWISE_BEZIER_KNOTS.);
#6812 = CARTESIAN_POINT('',(-0.263688005748,0.96,0.382666289634));
#6813 = CARTESIAN_POINT('',(-0.263688005748,0.95,0.382666289634));
#6814 = B_SPLINE_SURFACE_WITH_KNOTS('',1,1,(
    (#6815,#6816)
    ,(#6817,#6818
    )),.UNSPECIFIED.,.F.,.F.,.F.,(2,2),(2,2),(0.,6.528872444865E-02),(
    -1.E-02,0.),.PIECEWISE_BEZIER_KNOTS.);
#6815 = CARTESIAN_POINT('',(-0.240449416319,0.95,0.443679284163));
#6816 = CARTESIAN_POINT('',(-0.240449416319,0.96,0.443679284163));
#6817 = CARTESIAN_POINT('',(-0.263688005748,0.95,0.382666289634));
#6818 = CARTESIAN_POINT('',(-0.263688005748,0.96,0.382666289634));
#6819 = ADVANCED_FACE('',(#6820),#6830,.F.);
#6820 = FACE_BOUND('',#6821,.T.);
#6821 = EDGE_LOOP('',(#6822,#6823,#6828,#6829));
#6822 = ORIENTED_EDGE('',*,*,#734,.T.);
#6823 = ORIENTED_EDGE('',*,*,#6824,.F.);
#6824 = EDGE_CURVE('',#6701,#728,#6825,.T.);
#6825 = B_SPLINE_CURVE_WITH_KNOTS('',1,(#6826,#6827),.UNSPECIFIED.,.F.,
  .F.,(2,2),(-0.,1.E-02),.PIECEWISE_BEZIER_KNOTS.);
#6826 = CARTESIAN_POINT('',(-0.232027377196,0.96,0.443679284163));
#6827 = CARTESIAN_POINT('',(-0.232027377196,0.95,0.443679284163));
#6828 = ORIENTED_EDGE('',*,*,#6700,.F.);
#6829 = ORIENTED_EDGE('',*,*,#6804,.T.);
#6830 = B_SPLINE_SURFACE_WITH_KNOTS('',1,1,(
    (#6831,#6832)
    ,(#6833,#6834
    )),.UNSPECIFIED.,.F.,.F.,.F.,(2,2),(2,2),(0.,8.422039122135E-03),(
    -1.E-02,0.),.PIECEWISE_BEZIER_KNOTS.);
#6831 = CARTESIAN_POINT('',(-0.232027377196,0.95,0.443679284163));
#6832 = CARTESIAN_POINT('',(-0.232027377196,0.96,0.443679284163));
#6833 = CARTESIAN_POINT('',(-0.240449416319,0.95,0.443679284163));
#6834 = CARTESIAN_POINT('',(-0.240449416319,0.96,0.443679284163));
#6835 = ADVANCED_FACE('',(#6836),#6846,.F.);
#6836 = FACE_BOUND('',#6837,.T.);
#6837 = EDGE_LOOP('',(#6838,#6839,#6844,#6845));
#6838 = ORIENTED_EDGE('',*,*,#727,.T.);
#6839 = ORIENTED_EDGE('',*,*,#6840,.F.);
#6840 = EDGE_CURVE('',#6708,#721,#6841,.T.);
#6841 = B_SPLINE_CURVE_WITH_KNOTS('',1,(#6842,#6843),.UNSPECIFIED.,.F.,
  .F.,(2,2),(-0.,1.E-02),.PIECEWISE_BEZIER_KNOTS.);
#6842 = CARTESIAN_POINT('',(-0.208788787767,0.96,0.382666289634));
#6843 = CARTESIAN_POINT('',(-0.208788787767,0.95,0.382666289634));
#6844 = ORIENTED_EDGE('',*,*,#6707,.F.);
#6845 = ORIENTED_EDGE('',*,*,#6824,.T.);
#6846 = B_SPLINE_SURFACE_WITH_KNOTS('',1,1,(
    (#6847,#6848)
    ,(#6849,#6850
    )),.UNSPECIFIED.,.F.,.F.,.F.,(2,2),(2,2),(-5.903916550391E-16,
    6.528872444851E-02),(-1.E-02,0.),.PIECEWISE_BEZIER_KNOTS.);
#6847 = CARTESIAN_POINT('',(-0.208788787767,0.95,0.382666289634));
#6848 = CARTESIAN_POINT('',(-0.208788787767,0.96,0.382666289634));
#6849 = CARTESIAN_POINT('',(-0.232027377196,0.95,0.443679284163));
#6850 = CARTESIAN_POINT('',(-0.232027377196,0.96,0.443679284163));
#6851 = ADVANCED_FACE('',(#6852),#6862,.F.);
#6852 = FACE_BOUND('',#6853,.T.);
#6853 = EDGE_LOOP('',(#6854,#6855,#6860,#6861));
#6854 = ORIENTED_EDGE('',*,*,#720,.T.);
#6855 = ORIENTED_EDGE('',*,*,#6856,.F.);
#6856 = EDGE_CURVE('',#6715,#714,#6857,.T.);
#6857 = B_SPLINE_CURVE_WITH_KNOTS('',1,(#6858,#6859),.UNSPECIFIED.,.F.,
  .F.,(2,2),(-0.,1.E-02),.PIECEWISE_BEZIER_KNOTS.);
#6858 = CARTESIAN_POINT('',(-0.217491561526,0.96,0.382666289634));
#6859 = CARTESIAN_POINT('',(-0.217491561526,0.95,0.382666289634));
#6860 = ORIENTED_EDGE('',*,*,#6714,.F.);
#6861 = ORIENTED_EDGE('',*,*,#6840,.T.);
#6862 = B_SPLINE_SURFACE_WITH_KNOTS('',1,1,(
    (#6863,#6864)
    ,(#6865,#6866
    )),.UNSPECIFIED.,.F.,.F.,.F.,(2,2),(2,2),(-4.440892098501E-16,
    8.70277375922E-03),(-1.E-02,0.),.PIECEWISE_BEZIER_KNOTS.);
#6863 = CARTESIAN_POINT('',(-0.217491561526,0.95,0.382666289634));
#6864 = CARTESIAN_POINT('',(-0.217491561526,0.96,0.382666289634));
#6865 = CARTESIAN_POINT('',(-0.208788787767,0.95,0.382666289634));
#6866 = CARTESIAN_POINT('',(-0.208788787767,0.96,0.382666289634));
#6867 = ADVANCED_FACE('',(#6868),#6878,.F.);
#6868 = FACE_BOUND('',#6869,.T.);
#6869 = EDGE_LOOP('',(#6870,#6871,#6876,#6877));
#6870 = ORIENTED_EDGE('',*,*,#713,.T.);
#6871 = ORIENTED_EDGE('',*,*,#6872,.F.);
#6872 = EDGE_CURVE('',#6722,#707,#6873,.T.);
#6873 = B_SPLINE_CURVE_WITH_KNOTS('',1,(#6874,#6875),.UNSPECIFIED.,.F.,
  .F.,(2,2),(-0.,1.E-02),.PIECEWISE_BEZIER_KNOTS.);
#6874 = CARTESIAN_POINT('',(-0.223355796174,0.96,0.399354404191));
#6875 = CARTESIAN_POINT('',(-0.223355796174,0.95,0.399354404191));
#6876 = ORIENTED_EDGE('',*,*,#6721,.F.);
#6877 = ORIENTED_EDGE('',*,*,#6856,.T.);
#6878 = B_SPLINE_SURFACE_WITH_KNOTS('',1,1,(
    (#6879,#6880)
    ,(#6881,#6882
    )),.UNSPECIFIED.,.F.,.F.,.F.,(2,2),(2,2),(0.,1.768848256562E-02),(
    -1.E-02,0.),.PIECEWISE_BEZIER_KNOTS.);
#6879 = CARTESIAN_POINT('',(-0.223355796174,0.95,0.399354404191));
#6880 = CARTESIAN_POINT('',(-0.223355796174,0.96,0.399354404191));
#6881 = CARTESIAN_POINT('',(-0.217491561526,0.95,0.382666289634));
#6882 = CARTESIAN_POINT('',(-0.217491561526,0.96,0.382666289634));
#6883 = ADVANCED_FACE('',(#6884),#6894,.F.);
#6884 = FACE_BOUND('',#6885,.T.);
#6885 = EDGE_LOOP('',(#6886,#6887,#6892,#6893));
#6886 = ORIENTED_EDGE('',*,*,#706,.T.);
#6887 = ORIENTED_EDGE('',*,*,#6888,.F.);
#6888 = EDGE_CURVE('',#6729,#700,#6889,.T.);
#6889 = B_SPLINE_CURVE_WITH_KNOTS('',1,(#6890,#6891),.UNSPECIFIED.,.F.,
  .F.,(2,2),(-0.,1.E-02),.PIECEWISE_BEZIER_KNOTS.);
#6890 = CARTESIAN_POINT('',(-0.24876228086,0.96,0.399354404191));
#6891 = CARTESIAN_POINT('',(-0.24876228086,0.95,0.399354404191));
#6892 = ORIENTED_EDGE('',*,*,#6728,.F.);
#6893 = ORIENTED_EDGE('',*,*,#6872,.T.);
#6894 = B_SPLINE_SURFACE_WITH_KNOTS('',1,1,(
    (#6895,#6896)
    ,(#6897,#6898
    )),.UNSPECIFIED.,.F.,.F.,.F.,(2,2),(2,2),(0.,2.540648468536E-02),(
    -1.E-02,0.),.PIECEWISE_BEZIER_KNOTS.);
#6895 = CARTESIAN_POINT('',(-0.24876228086,0.95,0.399354404191));
#6896 = CARTESIAN_POINT('',(-0.24876228086,0.96,0.399354404191));
#6897 = CARTESIAN_POINT('',(-0.223355796174,0.95,0.399354404191));
#6898 = CARTESIAN_POINT('',(-0.223355796174,0.96,0.399354404191));
#6899 = ADVANCED_FACE('',(#6900),#6910,.F.);
#6900 = FACE_BOUND('',#6901,.T.);
#6901 = EDGE_LOOP('',(#6902,#6903,#6908,#6909));
#6902 = ORIENTED_EDGE('',*,*,#699,.T.);
#6903 = ORIENTED_EDGE('',*,*,#6904,.F.);
#6904 = EDGE_CURVE('',#6736,#693,#6905,.T.);
#6905 = B_SPLINE_CURVE_WITH_KNOTS('',1,(#6906,#6907),.UNSPECIFIED.,.F.,
  .F.,(2,2),(-0.,1.E-02),.PIECEWISE_BEZIER_KNOTS.);
#6906 = CARTESIAN_POINT('',(-0.254985231989,0.96,0.382666289634));
#6907 = CARTESIAN_POINT('',(-0.254985231989,0.95,0.382666289634));
#6908 = ORIENTED_EDGE('',*,*,#6735,.F.);
#6909 = ORIENTED_EDGE('',*,*,#6888,.T.);
#6910 = B_SPLINE_SURFACE_WITH_KNOTS('',1,1,(
    (#6911,#6912)
    ,(#6913,#6914
    )),.UNSPECIFIED.,.F.,.F.,.F.,(2,2),(2,2),(-3.640880609047E-16,
    1.781062290385E-02),(-1.E-02,0.),.PIECEWISE_BEZIER_KNOTS.);
#6911 = CARTESIAN_POINT('',(-0.254985231989,0.95,0.382666289634));
#6912 = CARTESIAN_POINT('',(-0.254985231989,0.96,0.382666289634));
#6913 = CARTESIAN_POINT('',(-0.24876228086,0.95,0.399354404191));
#6914 = CARTESIAN_POINT('',(-0.24876228086,0.96,0.399354404191));
#6915 = ADVANCED_FACE('',(#6916),#6922,.F.);
#6916 = FACE_BOUND('',#6917,.T.);
#6917 = EDGE_LOOP('',(#6918,#6919,#6920,#6921));
#6918 = ORIENTED_EDGE('',*,*,#692,.T.);
#6919 = ORIENTED_EDGE('',*,*,#6810,.F.);
#6920 = ORIENTED_EDGE('',*,*,#6742,.F.);
#6921 = ORIENTED_EDGE('',*,*,#6904,.T.);
#6922 = B_SPLINE_SURFACE_WITH_KNOTS('',1,1,(
    (#6923,#6924)
    ,(#6925,#6926
    )),.UNSPECIFIED.,.F.,.F.,.F.,(2,2),(2,2),(0.,8.702773759636E-03),(
    -1.E-02,0.),.PIECEWISE_BEZIER_KNOTS.);
#6923 = CARTESIAN_POINT('',(-0.263688005748,0.95,0.382666289634));
#6924 = CARTESIAN_POINT('',(-0.263688005748,0.96,0.382666289634));
#6925 = CARTESIAN_POINT('',(-0.254985231989,0.95,0.382666289634));
#6926 = CARTESIAN_POINT('',(-0.254985231989,0.96,0.382666289634));
#6927 = ADVANCED_FACE('',(#6928),#6950,.T.);
#6928 = FACE_BOUND('',#6929,.T.);
#6929 = EDGE_LOOP('',(#6930,#6939,#6944,#6945));
#6930 = ORIENTED_EDGE('',*,*,#6931,.F.);
#6931 = EDGE_CURVE('',#6932,#6934,#6936,.T.);
#6932 = VERTEX_POINT('',#6933);
#6933 = CARTESIAN_POINT('',(-0.225851215174,0.95,0.406247999176));
#6934 = VERTEX_POINT('',#6935);
#6935 = CARTESIAN_POINT('',(-0.246329247335,0.95,0.406247999176));
#6936 = B_SPLINE_CURVE_WITH_KNOTS('',1,(#6937,#6938),.UNSPECIFIED.,.F.,
  .F.,(2,2),(6.383782391595E-16,2.047803216181E-02),
  .PIECEWISE_BEZIER_KNOTS.);
#6937 = CARTESIAN_POINT('',(-0.225851215174,0.95,0.406247999176));
#6938 = CARTESIAN_POINT('',(-0.246329247335,0.95,0.406247999176));
#6939 = ORIENTED_EDGE('',*,*,#6940,.F.);
#6940 = EDGE_CURVE('',#6750,#6932,#6941,.T.);
#6941 = B_SPLINE_CURVE_WITH_KNOTS('',1,(#6942,#6943),.UNSPECIFIED.,.F.,
  .F.,(2,2),(-0.,1.E-02),.PIECEWISE_BEZIER_KNOTS.);
#6942 = CARTESIAN_POINT('',(-0.225851215174,0.96,0.406247999176));
#6943 = CARTESIAN_POINT('',(-0.225851215174,0.95,0.406247999176));
#6944 = ORIENTED_EDGE('',*,*,#6749,.T.);
#6945 = ORIENTED_EDGE('',*,*,#6946,.T.);
#6946 = EDGE_CURVE('',#6752,#6934,#6947,.T.);
#6947 = B_SPLINE_CURVE_WITH_KNOTS('',1,(#6948,#6949),.UNSPECIFIED.,.F.,
  .F.,(2,2),(-0.,1.E-02),.PIECEWISE_BEZIER_KNOTS.);
#6948 = CARTESIAN_POINT('',(-0.246329247335,0.96,0.406247999176));
#6949 = CARTESIAN_POINT('',(-0.246329247335,0.95,0.406247999176));
#6950 = B_SPLINE_SURFACE_WITH_KNOTS('',1,1,(
    (#6951,#6952)
    ,(#6953,#6954
    )),.UNSPECIFIED.,.F.,.F.,.F.,(2,2),(2,2),(-2.047803216181E-02,0.),(
    -1.E-02,0.),.PIECEWISE_BEZIER_KNOTS.);
#6951 = CARTESIAN_POINT('',(-0.246329247335,0.95,0.406247999176));
#6952 = CARTESIAN_POINT('',(-0.246329247335,0.96,0.406247999176));
#6953 = CARTESIAN_POINT('',(-0.225851215174,0.95,0.406247999176));
#6954 = CARTESIAN_POINT('',(-0.225851215174,0.96,0.406247999176));
#6955 = ADVANCED_FACE('',(#6956),#6972,.T.);
#6956 = FACE_BOUND('',#6957,.T.);
#6957 = EDGE_LOOP('',(#6958,#6965,#6966,#6967));
#6958 = ORIENTED_EDGE('',*,*,#6959,.F.);
#6959 = EDGE_CURVE('',#6934,#6960,#6962,.T.);
#6960 = VERTEX_POINT('',#6961);
#6961 = CARTESIAN_POINT('',(-0.237111793407,0.95,0.431607694755));
#6962 = B_SPLINE_CURVE_WITH_KNOTS('',1,(#6963,#6964),.UNSPECIFIED.,.F.,
  .F.,(2,2),(0.,2.698287636193E-02),.PIECEWISE_BEZIER_KNOTS.);
#6963 = CARTESIAN_POINT('',(-0.246329247335,0.95,0.406247999176));
#6964 = CARTESIAN_POINT('',(-0.237111793407,0.95,0.431607694755));
#6965 = ORIENTED_EDGE('',*,*,#6946,.F.);
#6966 = ORIENTED_EDGE('',*,*,#6790,.T.);
#6967 = ORIENTED_EDGE('',*,*,#6968,.T.);
#6968 = EDGE_CURVE('',#6782,#6960,#6969,.T.);
#6969 = B_SPLINE_CURVE_WITH_KNOTS('',1,(#6970,#6971),.UNSPECIFIED.,.F.,
  .F.,(2,2),(-0.,1.E-02),.PIECEWISE_BEZIER_KNOTS.);
#6970 = CARTESIAN_POINT('',(-0.237111793407,0.96,0.431607694755));
#6971 = CARTESIAN_POINT('',(-0.237111793407,0.95,0.431607694755));
#6972 = B_SPLINE_SURFACE_WITH_KNOTS('',1,1,(
    (#6973,#6974)
    ,(#6975,#6976
    )),.UNSPECIFIED.,.F.,.F.,.F.,(2,2),(2,2),(-2.698287636193E-02,0.),(
    -1.E-02,0.),.PIECEWISE_BEZIER_KNOTS.);
#6973 = CARTESIAN_POINT('',(-0.237111793407,0.95,0.431607694755));
#6974 = CARTESIAN_POINT('',(-0.237111793407,0.96,0.431607694755));
#6975 = CARTESIAN_POINT('',(-0.246329247335,0.95,0.406247999176));
#6976 = CARTESIAN_POINT('',(-0.246329247335,0.96,0.406247999176));
#6977 = ADVANCED_FACE('',(#6978),#6996,.T.);
#6978 = FACE_BOUND('',#6979,.T.);
#6979 = EDGE_LOOP('',(#6980,#6989,#6990,#6991));
#6980 = ORIENTED_EDGE('',*,*,#6981,.F.);
#6981 = EDGE_CURVE('',#6960,#6982,#6984,.T.);
#6982 = VERTEX_POINT('',#6983);
#6983 = CARTESIAN_POINT('',(-0.236160414914,0.95,0.435881099791));
#6984 = B_SPLINE_CURVE_WITH_KNOTS('',3,(#6985,#6986,#6987,#6988),
  .UNSPECIFIED.,.F.,.F.,(4,4),(1.,2.),.PIECEWISE_BEZIER_KNOTS.);
#6985 = CARTESIAN_POINT('',(-0.237111793407,0.95,0.431607694755));
#6986 = CARTESIAN_POINT('',(-0.236815462401,0.95,0.432449898667));
#6987 = CARTESIAN_POINT('',(-0.236503535026,0.95,0.433853571854));
#6988 = CARTESIAN_POINT('',(-0.236160414914,0.95,0.435881099791));
#6989 = ORIENTED_EDGE('',*,*,#6968,.F.);
#6990 = ORIENTED_EDGE('',*,*,#6781,.T.);
#6991 = ORIENTED_EDGE('',*,*,#6992,.T.);
#6992 = EDGE_CURVE('',#6775,#6982,#6993,.T.);
#6993 = B_SPLINE_CURVE_WITH_KNOTS('',1,(#6994,#6995),.UNSPECIFIED.,.F.,
  .F.,(2,2),(-0.,1.E-02),.PIECEWISE_BEZIER_KNOTS.);
#6994 = CARTESIAN_POINT('',(-0.236160414914,0.96,0.435881099791));
#6995 = CARTESIAN_POINT('',(-0.236160414914,0.95,0.435881099791));
#6996 = B_SPLINE_SURFACE_WITH_KNOTS('',3,1,(
    (#6997,#6998)
    ,(#6999,#7000)
    ,(#7001,#7002)
    ,(#7003,#7004
    )),.UNSPECIFIED.,.F.,.F.,.F.,(4,4),(2,2),(1.,2.),(0.,1.),
  .PIECEWISE_BEZIER_KNOTS.);
#6997 = CARTESIAN_POINT('',(-0.237111793407,0.96,0.431607694755));
#6998 = CARTESIAN_POINT('',(-0.237111793407,0.95,0.431607694755));
#6999 = CARTESIAN_POINT('',(-0.236815462401,0.96,0.432449898667));
#7000 = CARTESIAN_POINT('',(-0.236815462401,0.95,0.432449898667));
#7001 = CARTESIAN_POINT('',(-0.236503535026,0.96,0.433853571854));
#7002 = CARTESIAN_POINT('',(-0.236503535026,0.95,0.433853571854));
#7003 = CARTESIAN_POINT('',(-0.236160414914,0.96,0.435881099791));
#7004 = CARTESIAN_POINT('',(-0.236160414914,0.95,0.435881099791));
#7005 = ADVANCED_FACE('',(#7006),#7022,.T.);
#7006 = FACE_BOUND('',#7007,.T.);
#7007 = EDGE_LOOP('',(#7008,#7015,#7016,#7017));
#7008 = ORIENTED_EDGE('',*,*,#7009,.F.);
#7009 = EDGE_CURVE('',#6982,#7010,#7012,.T.);
#7010 = VERTEX_POINT('',#7011);
#7011 = CARTESIAN_POINT('',(-0.235973258489,0.95,0.435881099791));
#7012 = B_SPLINE_CURVE_WITH_KNOTS('',1,(#7013,#7014),.UNSPECIFIED.,.F.,
  .F.,(2,2),(0.,1.871564247238E-04),.PIECEWISE_BEZIER_KNOTS.);
#7013 = CARTESIAN_POINT('',(-0.236160414914,0.95,0.435881099791));
#7014 = CARTESIAN_POINT('',(-0.235973258489,0.95,0.435881099791));
#7015 = ORIENTED_EDGE('',*,*,#6992,.F.);
#7016 = ORIENTED_EDGE('',*,*,#6774,.T.);
#7017 = ORIENTED_EDGE('',*,*,#7018,.T.);
#7018 = EDGE_CURVE('',#6766,#7010,#7019,.T.);
#7019 = B_SPLINE_CURVE_WITH_KNOTS('',1,(#7020,#7021),.UNSPECIFIED.,.F.,
  .F.,(2,2),(-0.,1.E-02),.PIECEWISE_BEZIER_KNOTS.);
#7020 = CARTESIAN_POINT('',(-0.235973258489,0.96,0.435881099791));
#7021 = CARTESIAN_POINT('',(-0.235973258489,0.95,0.435881099791));
#7022 = B_SPLINE_SURFACE_WITH_KNOTS('',1,1,(
    (#7023,#7024)
    ,(#7025,#7026
    )),.UNSPECIFIED.,.F.,.F.,.F.,(2,2),(2,2),(-1.871564247238E-04,0.),(
    -1.E-02,0.),.PIECEWISE_BEZIER_KNOTS.);
#7023 = CARTESIAN_POINT('',(-0.235973258489,0.95,0.435881099791));
#7024 = CARTESIAN_POINT('',(-0.235973258489,0.96,0.435881099791));
#7025 = CARTESIAN_POINT('',(-0.236160414914,0.95,0.435881099791));
#7026 = CARTESIAN_POINT('',(-0.236160414914,0.96,0.435881099791));
#7027 = ADVANCED_FACE('',(#7028),#7046,.T.);
#7028 = FACE_BOUND('',#7029,.T.);
#7029 = EDGE_LOOP('',(#7030,#7039,#7040,#7041));
#7030 = ORIENTED_EDGE('',*,*,#7031,.F.);
#7031 = EDGE_CURVE('',#7010,#7032,#7034,.T.);
#7032 = VERTEX_POINT('',#7033);
#7033 = CARTESIAN_POINT('',(-0.234975090889,0.95,0.431607694755));
#7034 = B_SPLINE_CURVE_WITH_KNOTS('',3,(#7035,#7036,#7037,#7038),
  .UNSPECIFIED.,.F.,.F.,(4,4),(3.,4.),.PIECEWISE_BEZIER_KNOTS.);
#7035 = CARTESIAN_POINT('',(-0.235973258489,0.95,0.435881099791));
#7036 = CARTESIAN_POINT('',(-0.235676927483,0.95,0.434040728279));
#7037 = CARTESIAN_POINT('',(-0.235349403739,0.95,0.432605862354));
#7038 = CARTESIAN_POINT('',(-0.234975090889,0.95,0.431607694755));
#7039 = ORIENTED_EDGE('',*,*,#7018,.F.);
#7040 = ORIENTED_EDGE('',*,*,#6765,.T.);
#7041 = ORIENTED_EDGE('',*,*,#7042,.T.);
#7042 = EDGE_CURVE('',#6759,#7032,#7043,.T.);
#7043 = B_SPLINE_CURVE_WITH_KNOTS('',1,(#7044,#7045),.UNSPECIFIED.,.F.,
  .F.,(2,2),(-0.,1.E-02),.PIECEWISE_BEZIER_KNOTS.);
#7044 = CARTESIAN_POINT('',(-0.234975090889,0.96,0.431607694755));
#7045 = CARTESIAN_POINT('',(-0.234975090889,0.95,0.431607694755));
#7046 = B_SPLINE_SURFACE_WITH_KNOTS('',3,1,(
    (#7047,#7048)
    ,(#7049,#7050)
    ,(#7051,#7052)
    ,(#7053,#7054
    )),.UNSPECIFIED.,.F.,.F.,.F.,(4,4),(2,2),(3.,4.),(0.,1.),
  .PIECEWISE_BEZIER_KNOTS.);
#7047 = CARTESIAN_POINT('',(-0.235973258489,0.96,0.435881099791));
#7048 = CARTESIAN_POINT('',(-0.235973258489,0.95,0.435881099791));
#7049 = CARTESIAN_POINT('',(-0.235676927483,0.96,0.434040728279));
#7050 = CARTESIAN_POINT('',(-0.235676927483,0.95,0.434040728279));
#7051 = CARTESIAN_POINT('',(-0.235349403739,0.96,0.432605862354));
#7052 = CARTESIAN_POINT('',(-0.235349403739,0.95,0.432605862354));
#7053 = CARTESIAN_POINT('',(-0.234975090889,0.96,0.431607694755));
#7054 = CARTESIAN_POINT('',(-0.234975090889,0.95,0.431607694755));
#7055 = ADVANCED_FACE('',(#7056),#7066,.T.);
#7056 = FACE_BOUND('',#7057,.T.);
#7057 = EDGE_LOOP('',(#7058,#7063,#7064,#7065));
#7058 = ORIENTED_EDGE('',*,*,#7059,.F.);
#7059 = EDGE_CURVE('',#7032,#6932,#7060,.T.);
#7060 = B_SPLINE_CURVE_WITH_KNOTS('',1,(#7061,#7062),.UNSPECIFIED.,.F.,
  .F.,(2,2),(-9.396234743446E-18,2.695105318764E-02),
  .PIECEWISE_BEZIER_KNOTS.);
#7061 = CARTESIAN_POINT('',(-0.234975090889,0.95,0.431607694755));
#7062 = CARTESIAN_POINT('',(-0.225851215174,0.95,0.406247999176));
#7063 = ORIENTED_EDGE('',*,*,#7042,.F.);
#7064 = ORIENTED_EDGE('',*,*,#6758,.T.);
#7065 = ORIENTED_EDGE('',*,*,#6940,.T.);
#7066 = B_SPLINE_SURFACE_WITH_KNOTS('',1,1,(
    (#7067,#7068)
    ,(#7069,#7070
    )),.UNSPECIFIED.,.F.,.F.,.F.,(2,2),(2,2),(-2.695105318764E-02,
    9.396234743446E-18),(-1.E-02,0.),.PIECEWISE_BEZIER_KNOTS.);
#7067 = CARTESIAN_POINT('',(-0.225851215174,0.95,0.406247999176));
#7068 = CARTESIAN_POINT('',(-0.225851215174,0.96,0.406247999176));
#7069 = CARTESIAN_POINT('',(-0.234975090889,0.95,0.431607694755));
#7070 = CARTESIAN_POINT('',(-0.234975090889,0.96,0.431607694755));
#7071 = ADVANCED_FACE('',(#7072),#7080,.F.);
#7072 = FACE_BOUND('',#7073,.T.);
#7073 = EDGE_LOOP('',(#7074,#7075,#7076,#7077,#7078,#7079));
#7074 = ORIENTED_EDGE('',*,*,#7059,.T.);
#7075 = ORIENTED_EDGE('',*,*,#6931,.T.);
#7076 = ORIENTED_EDGE('',*,*,#6959,.T.);
#7077 = ORIENTED_EDGE('',*,*,#6981,.T.);
#7078 = ORIENTED_EDGE('',*,*,#7009,.T.);
#7079 = ORIENTED_EDGE('',*,*,#7031,.T.);
#7080 = B_SPLINE_SURFACE_WITH_KNOTS('',1,1,(
    (#7081,#7082)
    ,(#7083,#7084
    )),.UNSPECIFIED.,.F.,.F.,.F.,(2,2),(2,2),(-9.885880999791,
    -9.856247899176),(0.403670752665,0.424148784826),
  .PIECEWISE_BEZIER_KNOTS.);
#7081 = CARTESIAN_POINT('',(-0.246329247335,0.95,0.435881099791));
#7082 = CARTESIAN_POINT('',(-0.225851215174,0.95,0.435881099791));
#7083 = CARTESIAN_POINT('',(-0.246329247335,0.95,0.406247999176));
#7084 = CARTESIAN_POINT('',(-0.225851215174,0.95,0.406247999176));
#7085 = ADVANCED_FACE('',(#7086),#7108,.F.);
#7086 = FACE_BOUND('',#7087,.T.);
#7087 = EDGE_LOOP('',(#7088,#7089,#7096,#7103));
#7088 = ORIENTED_EDGE('',*,*,#254,.T.);
#7089 = ORIENTED_EDGE('',*,*,#7090,.F.);
#7090 = EDGE_CURVE('',#7091,#257,#7093,.T.);
#7091 = VERTEX_POINT('',#7092);
#7092 = CARTESIAN_POINT('',(-5.163977629456E-02,0.96,0.292831205664));
#7093 = B_SPLINE_CURVE_WITH_KNOTS('',1,(#7094,#7095),.UNSPECIFIED.,.F.,
  .F.,(2,2),(-0.,1.E-02),.PIECEWISE_BEZIER_KNOTS.);
#7094 = CARTESIAN_POINT('',(-5.163977629456E-02,0.96,0.292831205664));
#7095 = CARTESIAN_POINT('',(-5.163977629456E-02,0.95,0.292831205664));
#7096 = ORIENTED_EDGE('',*,*,#7097,.F.);
#7097 = EDGE_CURVE('',#7098,#7091,#7100,.T.);
#7098 = VERTEX_POINT('',#7099);
#7099 = CARTESIAN_POINT('',(-5.163977629456E-02,0.96,0.285875225204));
#7100 = B_SPLINE_CURVE_WITH_KNOTS('',1,(#7101,#7102),.UNSPECIFIED.,.F.,
  .F.,(2,2),(-6.955980460136E-03,0.),.PIECEWISE_BEZIER_KNOTS.);
#7101 = CARTESIAN_POINT('',(-5.163977629456E-02,0.96,0.285875225204));
#7102 = CARTESIAN_POINT('',(-5.163977629456E-02,0.96,0.292831205664));
#7103 = ORIENTED_EDGE('',*,*,#7104,.T.);
#7104 = EDGE_CURVE('',#7098,#255,#7105,.T.);
#7105 = B_SPLINE_CURVE_WITH_KNOTS('',1,(#7106,#7107),.UNSPECIFIED.,.F.,
  .F.,(2,2),(-0.,1.E-02),.PIECEWISE_BEZIER_KNOTS.);
#7106 = CARTESIAN_POINT('',(-5.163977629456E-02,0.96,0.285875225204));
#7107 = CARTESIAN_POINT('',(-5.163977629456E-02,0.95,0.285875225204));
#7108 = B_SPLINE_SURFACE_WITH_KNOTS('',1,1,(
    (#7109,#7110)
    ,(#7111,#7112
    )),.UNSPECIFIED.,.F.,.F.,.F.,(2,2),(2,2),(0.,6.955980460136E-03),(
    -1.E-02,0.),.PIECEWISE_BEZIER_KNOTS.);
#7109 = CARTESIAN_POINT('',(-5.163977629456E-02,0.95,0.292831205664));
#7110 = CARTESIAN_POINT('',(-5.163977629456E-02,0.96,0.292831205664));
#7111 = CARTESIAN_POINT('',(-5.163977629456E-02,0.95,0.285875225204));
#7112 = CARTESIAN_POINT('',(-5.163977629456E-02,0.96,0.285875225204));
#7113 = ADVANCED_FACE('',(#7114),#7130,.F.);
#7114 = FACE_BOUND('',#7115,.T.);
#7115 = EDGE_LOOP('',(#7116,#7117,#7124,#7129));
#7116 = ORIENTED_EDGE('',*,*,#333,.T.);
#7117 = ORIENTED_EDGE('',*,*,#7118,.F.);
#7118 = EDGE_CURVE('',#7119,#327,#7121,.T.);
#7119 = VERTEX_POINT('',#7120);
#7120 = CARTESIAN_POINT('',(-2.670118267163E-02,0.96,0.292831205664));
#7121 = B_SPLINE_CURVE_WITH_KNOTS('',1,(#7122,#7123),.UNSPECIFIED.,.F.,
  .F.,(2,2),(-0.,1.E-02),.PIECEWISE_BEZIER_KNOTS.);
#7122 = CARTESIAN_POINT('',(-2.670118267163E-02,0.96,0.292831205664));
#7123 = CARTESIAN_POINT('',(-2.670118267163E-02,0.95,0.292831205664));
#7124 = ORIENTED_EDGE('',*,*,#7125,.F.);
#7125 = EDGE_CURVE('',#7091,#7119,#7126,.T.);
#7126 = B_SPLINE_CURVE_WITH_KNOTS('',1,(#7127,#7128),.UNSPECIFIED.,.F.,
  .F.,(2,2),(-2.493859362293E-02,0.),.PIECEWISE_BEZIER_KNOTS.);
#7127 = CARTESIAN_POINT('',(-5.163977629456E-02,0.96,0.292831205664));
#7128 = CARTESIAN_POINT('',(-2.670118267163E-02,0.96,0.292831205664));
#7129 = ORIENTED_EDGE('',*,*,#7090,.T.);
#7130 = B_SPLINE_SURFACE_WITH_KNOTS('',1,1,(
    (#7131,#7132)
    ,(#7133,#7134
    )),.UNSPECIFIED.,.F.,.F.,.F.,(2,2),(2,2),(0.,2.493859362293E-02),(
    -1.E-02,0.),.PIECEWISE_BEZIER_KNOTS.);
#7131 = CARTESIAN_POINT('',(-2.670118267163E-02,0.95,0.292831205664));
#7132 = CARTESIAN_POINT('',(-2.670118267163E-02,0.96,0.292831205664));
#7133 = CARTESIAN_POINT('',(-5.163977629456E-02,0.95,0.292831205664));
#7134 = CARTESIAN_POINT('',(-5.163977629456E-02,0.96,0.292831205664));
#7135 = ADVANCED_FACE('',(#7136),#7152,.F.);
#7136 = FACE_BOUND('',#7137,.T.);
#7137 = EDGE_LOOP('',(#7138,#7139,#7146,#7151));
#7138 = ORIENTED_EDGE('',*,*,#326,.T.);
#7139 = ORIENTED_EDGE('',*,*,#7140,.F.);
#7140 = EDGE_CURVE('',#7141,#320,#7143,.T.);
#7141 = VERTEX_POINT('',#7142);
#7142 = CARTESIAN_POINT('',(-2.670118267163E-02,0.96,0.313356026932));
#7143 = B_SPLINE_CURVE_WITH_KNOTS('',1,(#7144,#7145),.UNSPECIFIED.,.F.,
  .F.,(2,2),(-0.,1.E-02),.PIECEWISE_BEZIER_KNOTS.);
#7144 = CARTESIAN_POINT('',(-2.670118267163E-02,0.96,0.313356026932));
#7145 = CARTESIAN_POINT('',(-2.670118267163E-02,0.95,0.313356026932));
#7146 = ORIENTED_EDGE('',*,*,#7147,.F.);
#7147 = EDGE_CURVE('',#7119,#7141,#7148,.T.);
#7148 = B_SPLINE_CURVE_WITH_KNOTS('',1,(#7149,#7150),.UNSPECIFIED.,.F.,
  .F.,(2,2),(-2.052482126799E-02,0.),.PIECEWISE_BEZIER_KNOTS.);
#7149 = CARTESIAN_POINT('',(-2.670118267163E-02,0.96,0.292831205664));
#7150 = CARTESIAN_POINT('',(-2.670118267163E-02,0.96,0.313356026932));
#7151 = ORIENTED_EDGE('',*,*,#7118,.T.);
#7152 = B_SPLINE_SURFACE_WITH_KNOTS('',1,1,(
    (#7153,#7154)
    ,(#7155,#7156
    )),.UNSPECIFIED.,.F.,.F.,.F.,(2,2),(2,2),(-2.22044604925E-16,
    2.052482126799E-02),(-1.E-02,0.),.PIECEWISE_BEZIER_KNOTS.);
#7153 = CARTESIAN_POINT('',(-2.670118267163E-02,0.95,0.313356026932));
#7154 = CARTESIAN_POINT('',(-2.670118267163E-02,0.96,0.313356026932));
#7155 = CARTESIAN_POINT('',(-2.670118267163E-02,0.95,0.292831205664));
#7156 = CARTESIAN_POINT('',(-2.670118267163E-02,0.96,0.292831205664));
#7157 = ADVANCED_FACE('',(#7158),#7174,.F.);
#7158 = FACE_BOUND('',#7159,.T.);
#7159 = EDGE_LOOP('',(#7160,#7161,#7168,#7173));
#7160 = ORIENTED_EDGE('',*,*,#319,.T.);
#7161 = ORIENTED_EDGE('',*,*,#7162,.F.);
#7162 = EDGE_CURVE('',#7163,#313,#7165,.T.);
#7163 = VERTEX_POINT('',#7164);
#7164 = CARTESIAN_POINT('',(-4.852050254563E-02,0.96,0.313356026932));
#7165 = B_SPLINE_CURVE_WITH_KNOTS('',1,(#7166,#7167),.UNSPECIFIED.,.F.,
  .F.,(2,2),(-0.,1.E-02),.PIECEWISE_BEZIER_KNOTS.);
#7166 = CARTESIAN_POINT('',(-4.852050254563E-02,0.96,0.313356026932));
#7167 = CARTESIAN_POINT('',(-4.852050254563E-02,0.95,0.313356026932));
#7168 = ORIENTED_EDGE('',*,*,#7169,.F.);
#7169 = EDGE_CURVE('',#7141,#7163,#7170,.T.);
#7170 = B_SPLINE_CURVE_WITH_KNOTS('',1,(#7171,#7172),.UNSPECIFIED.,.F.,
  .F.,(2,2),(-2.1819319874E-02,0.),.PIECEWISE_BEZIER_KNOTS.);
#7171 = CARTESIAN_POINT('',(-2.670118267163E-02,0.96,0.313356026932));
#7172 = CARTESIAN_POINT('',(-4.852050254563E-02,0.96,0.313356026932));
#7173 = ORIENTED_EDGE('',*,*,#7140,.T.);
#7174 = B_SPLINE_SURFACE_WITH_KNOTS('',1,1,(
    (#7175,#7176)
    ,(#7177,#7178
    )),.UNSPECIFIED.,.F.,.F.,.F.,(2,2),(2,2),(-3.469446951953E-17,
    2.1819319874E-02),(-1.E-02,0.),.PIECEWISE_BEZIER_KNOTS.);
#7175 = CARTESIAN_POINT('',(-4.852050254563E-02,0.95,0.313356026932));
#7176 = CARTESIAN_POINT('',(-4.852050254563E-02,0.96,0.313356026932));
#7177 = CARTESIAN_POINT('',(-2.670118267163E-02,0.95,0.313356026932));
#7178 = CARTESIAN_POINT('',(-2.670118267163E-02,0.96,0.313356026932));
#7179 = ADVANCED_FACE('',(#7180),#7196,.F.);
#7180 = FACE_BOUND('',#7181,.T.);
#7181 = EDGE_LOOP('',(#7182,#7183,#7190,#7195));
#7182 = ORIENTED_EDGE('',*,*,#312,.T.);
#7183 = ORIENTED_EDGE('',*,*,#7184,.F.);
#7184 = EDGE_CURVE('',#7185,#306,#7187,.T.);
#7185 = VERTEX_POINT('',#7186);
#7186 = CARTESIAN_POINT('',(-4.852050254563E-02,0.96,0.32034320013));
#7187 = B_SPLINE_CURVE_WITH_KNOTS('',1,(#7188,#7189),.UNSPECIFIED.,.F.,
  .F.,(2,2),(-0.,1.E-02),.PIECEWISE_BEZIER_KNOTS.);
#7188 = CARTESIAN_POINT('',(-4.852050254563E-02,0.96,0.32034320013));
#7189 = CARTESIAN_POINT('',(-4.852050254563E-02,0.95,0.32034320013));
#7190 = ORIENTED_EDGE('',*,*,#7191,.F.);
#7191 = EDGE_CURVE('',#7163,#7185,#7192,.T.);
#7192 = B_SPLINE_CURVE_WITH_KNOTS('',1,(#7193,#7194),.UNSPECIFIED.,.F.,
  .F.,(2,2),(-6.987173197589E-03,0.),.PIECEWISE_BEZIER_KNOTS.);
#7193 = CARTESIAN_POINT('',(-4.852050254563E-02,0.96,0.313356026932));
#7194 = CARTESIAN_POINT('',(-4.852050254563E-02,0.96,0.32034320013));
#7195 = ORIENTED_EDGE('',*,*,#7162,.T.);
#7196 = B_SPLINE_SURFACE_WITH_KNOTS('',1,1,(
    (#7197,#7198)
    ,(#7199,#7200
    )),.UNSPECIFIED.,.F.,.F.,.F.,(2,2),(2,2),(-1.054711873394E-15,
    6.98717319759E-03),(-1.E-02,0.),.PIECEWISE_BEZIER_KNOTS.);
#7197 = CARTESIAN_POINT('',(-4.852050254563E-02,0.95,0.32034320013));
#7198 = CARTESIAN_POINT('',(-4.852050254563E-02,0.96,0.32034320013));
#7199 = CARTESIAN_POINT('',(-4.852050254563E-02,0.95,0.313356026932));
#7200 = CARTESIAN_POINT('',(-4.852050254563E-02,0.96,0.313356026932));
#7201 = ADVANCED_FACE('',(#7202),#7218,.F.);
#7202 = FACE_BOUND('',#7203,.T.);
#7203 = EDGE_LOOP('',(#7204,#7205,#7212,#7217));
#7204 = ORIENTED_EDGE('',*,*,#305,.T.);
#7205 = ORIENTED_EDGE('',*,*,#7206,.F.);
#7206 = EDGE_CURVE('',#7207,#299,#7209,.T.);
#7207 = VERTEX_POINT('',#7208);
#7208 = CARTESIAN_POINT('',(-2.670118267163E-02,0.96,0.32034320013));
#7209 = B_SPLINE_CURVE_WITH_KNOTS('',1,(#7210,#7211),.UNSPECIFIED.,.F.,
  .F.,(2,2),(-0.,1.E-02),.PIECEWISE_BEZIER_KNOTS.);
#7210 = CARTESIAN_POINT('',(-2.670118267163E-02,0.96,0.32034320013));
#7211 = CARTESIAN_POINT('',(-2.670118267163E-02,0.95,0.32034320013));
#7212 = ORIENTED_EDGE('',*,*,#7213,.F.);
#7213 = EDGE_CURVE('',#7185,#7207,#7214,.T.);
#7214 = B_SPLINE_CURVE_WITH_KNOTS('',1,(#7215,#7216),.UNSPECIFIED.,.F.,
  .F.,(2,2),(-2.1819319874E-02,0.),.PIECEWISE_BEZIER_KNOTS.);
#7215 = CARTESIAN_POINT('',(-4.852050254563E-02,0.96,0.32034320013));
#7216 = CARTESIAN_POINT('',(-2.670118267163E-02,0.96,0.32034320013));
#7217 = ORIENTED_EDGE('',*,*,#7184,.T.);
#7218 = B_SPLINE_SURFACE_WITH_KNOTS('',1,1,(
    (#7219,#7220)
    ,(#7221,#7222
    )),.UNSPECIFIED.,.F.,.F.,.F.,(2,2),(2,2),(0.,2.1819319874E-02),(
    -1.E-02,0.),.PIECEWISE_BEZIER_KNOTS.);
#7219 = CARTESIAN_POINT('',(-2.670118267163E-02,0.95,0.32034320013));
#7220 = CARTESIAN_POINT('',(-2.670118267163E-02,0.96,0.32034320013));
#7221 = CARTESIAN_POINT('',(-4.852050254563E-02,0.95,0.32034320013));
#7222 = CARTESIAN_POINT('',(-4.852050254563E-02,0.96,0.32034320013));
#7223 = ADVANCED_FACE('',(#7224),#7240,.F.);
#7224 = FACE_BOUND('',#7225,.T.);
#7225 = EDGE_LOOP('',(#7226,#7227,#7234,#7239));
#7226 = ORIENTED_EDGE('',*,*,#298,.T.);
#7227 = ORIENTED_EDGE('',*,*,#7228,.F.);
#7228 = EDGE_CURVE('',#7229,#292,#7231,.T.);
#7229 = VERTEX_POINT('',#7230);
#7230 = CARTESIAN_POINT('',(-2.670118267163E-02,0.96,0.339869853798));
#7231 = B_SPLINE_CURVE_WITH_KNOTS('',1,(#7232,#7233),.UNSPECIFIED.,.F.,
  .F.,(2,2),(-0.,1.E-02),.PIECEWISE_BEZIER_KNOTS.);
#7232 = CARTESIAN_POINT('',(-2.670118267163E-02,0.96,0.339869853798));
#7233 = CARTESIAN_POINT('',(-2.670118267163E-02,0.95,0.339869853798));
#7234 = ORIENTED_EDGE('',*,*,#7235,.F.);
#7235 = EDGE_CURVE('',#7207,#7229,#7236,.T.);
#7236 = B_SPLINE_CURVE_WITH_KNOTS('',1,(#7237,#7238),.UNSPECIFIED.,.F.,
  .F.,(2,2),(-1.952665366864E-02,0.),.PIECEWISE_BEZIER_KNOTS.);
#7237 = CARTESIAN_POINT('',(-2.670118267163E-02,0.96,0.32034320013));
#7238 = CARTESIAN_POINT('',(-2.670118267163E-02,0.96,0.339869853798));
#7239 = ORIENTED_EDGE('',*,*,#7206,.T.);
#7240 = B_SPLINE_SURFACE_WITH_KNOTS('',1,1,(
    (#7241,#7242)
    ,(#7243,#7244
    )),.UNSPECIFIED.,.F.,.F.,.F.,(2,2),(2,2),(0.,1.952665366864E-02),(
    -1.E-02,0.),.PIECEWISE_BEZIER_KNOTS.);
#7241 = CARTESIAN_POINT('',(-2.670118267163E-02,0.95,0.339869853798));
#7242 = CARTESIAN_POINT('',(-2.670118267163E-02,0.96,0.339869853798));
#7243 = CARTESIAN_POINT('',(-2.670118267163E-02,0.95,0.32034320013));
#7244 = CARTESIAN_POINT('',(-2.670118267163E-02,0.96,0.32034320013));
#7245 = ADVANCED_FACE('',(#7246),#7262,.F.);
#7246 = FACE_BOUND('',#7247,.T.);
#7247 = EDGE_LOOP('',(#7248,#7249,#7256,#7261));
#7248 = ORIENTED_EDGE('',*,*,#291,.T.);
#7249 = ORIENTED_EDGE('',*,*,#7250,.F.);
#7250 = EDGE_CURVE('',#7251,#285,#7253,.T.);
#7251 = VERTEX_POINT('',#7252);
#7252 = CARTESIAN_POINT('',(-5.025169947619E-02,0.96,0.339869853798));
#7253 = B_SPLINE_CURVE_WITH_KNOTS('',1,(#7254,#7255),.UNSPECIFIED.,.F.,
  .F.,(2,2),(-0.,1.E-02),.PIECEWISE_BEZIER_KNOTS.);
#7254 = CARTESIAN_POINT('',(-5.025169947619E-02,0.96,0.339869853798));
#7255 = CARTESIAN_POINT('',(-5.025169947619E-02,0.95,0.339869853798));
#7256 = ORIENTED_EDGE('',*,*,#7257,.F.);
#7257 = EDGE_CURVE('',#7229,#7251,#7258,.T.);
#7258 = B_SPLINE_CURVE_WITH_KNOTS('',1,(#7259,#7260),.UNSPECIFIED.,.F.,
  .F.,(2,2),(-2.355051680456E-02,0.),.PIECEWISE_BEZIER_KNOTS.);
#7259 = CARTESIAN_POINT('',(-2.670118267163E-02,0.96,0.339869853798));
#7260 = CARTESIAN_POINT('',(-5.025169947619E-02,0.96,0.339869853798));
#7261 = ORIENTED_EDGE('',*,*,#7228,.T.);
#7262 = B_SPLINE_SURFACE_WITH_KNOTS('',1,1,(
    (#7263,#7264)
    ,(#7265,#7266
    )),.UNSPECIFIED.,.F.,.F.,.F.,(2,2),(2,2),(-5.551115123125E-17,
    2.355051680456E-02),(-1.E-02,0.),.PIECEWISE_BEZIER_KNOTS.);
#7263 = CARTESIAN_POINT('',(-5.025169947619E-02,0.95,0.339869853798));
#7264 = CARTESIAN_POINT('',(-5.025169947619E-02,0.96,0.339869853798));
#7265 = CARTESIAN_POINT('',(-2.670118267163E-02,0.95,0.339869853798));
#7266 = CARTESIAN_POINT('',(-2.670118267163E-02,0.96,0.339869853798));
#7267 = ADVANCED_FACE('',(#7268),#7284,.F.);
#7268 = FACE_BOUND('',#7269,.T.);
#7269 = EDGE_LOOP('',(#7270,#7271,#7278,#7283));
#7270 = ORIENTED_EDGE('',*,*,#284,.T.);
#7271 = ORIENTED_EDGE('',*,*,#7272,.F.);
#7272 = EDGE_CURVE('',#7273,#278,#7275,.T.);
#7273 = VERTEX_POINT('',#7274);
#7274 = CARTESIAN_POINT('',(-5.025169947619E-02,0.96,0.346888219733));
#7275 = B_SPLINE_CURVE_WITH_KNOTS('',1,(#7276,#7277),.UNSPECIFIED.,.F.,
  .F.,(2,2),(-0.,1.E-02),.PIECEWISE_BEZIER_KNOTS.);
#7276 = CARTESIAN_POINT('',(-5.025169947619E-02,0.96,0.346888219733));
#7277 = CARTESIAN_POINT('',(-5.025169947619E-02,0.95,0.346888219733));
#7278 = ORIENTED_EDGE('',*,*,#7279,.F.);
#7279 = EDGE_CURVE('',#7251,#7273,#7280,.T.);
#7280 = B_SPLINE_CURVE_WITH_KNOTS('',1,(#7281,#7282),.UNSPECIFIED.,.F.,
  .F.,(2,2),(-7.018365935043E-03,0.),.PIECEWISE_BEZIER_KNOTS.);
#7281 = CARTESIAN_POINT('',(-5.025169947619E-02,0.96,0.339869853798));
#7282 = CARTESIAN_POINT('',(-5.025169947619E-02,0.96,0.346888219733));
#7283 = ORIENTED_EDGE('',*,*,#7250,.T.);
#7284 = B_SPLINE_SURFACE_WITH_KNOTS('',1,1,(
    (#7285,#7286)
    ,(#7287,#7288
    )),.UNSPECIFIED.,.F.,.F.,.F.,(2,2),(2,2),(-1.554312234475E-15,
    7.018365935043E-03),(-1.E-02,0.),.PIECEWISE_BEZIER_KNOTS.);
#7285 = CARTESIAN_POINT('',(-5.025169947619E-02,0.95,0.346888219733));
#7286 = CARTESIAN_POINT('',(-5.025169947619E-02,0.96,0.346888219733));
#7287 = CARTESIAN_POINT('',(-5.025169947619E-02,0.95,0.339869853798));
#7288 = CARTESIAN_POINT('',(-5.025169947619E-02,0.96,0.339869853798));
#7289 = ADVANCED_FACE('',(#7290),#7306,.F.);
#7290 = FACE_BOUND('',#7291,.T.);
#7291 = EDGE_LOOP('',(#7292,#7293,#7300,#7305));
#7292 = ORIENTED_EDGE('',*,*,#277,.T.);
#7293 = ORIENTED_EDGE('',*,*,#7294,.F.);
#7294 = EDGE_CURVE('',#7295,#271,#7297,.T.);
#7295 = VERTEX_POINT('',#7296);
#7296 = CARTESIAN_POINT('',(-1.882501645556E-02,0.96,0.346888219733));
#7297 = B_SPLINE_CURVE_WITH_KNOTS('',1,(#7298,#7299),.UNSPECIFIED.,.F.,
  .F.,(2,2),(-0.,1.E-02),.PIECEWISE_BEZIER_KNOTS.);
#7298 = CARTESIAN_POINT('',(-1.882501645556E-02,0.96,0.346888219733));
#7299 = CARTESIAN_POINT('',(-1.882501645556E-02,0.95,0.346888219733));
#7300 = ORIENTED_EDGE('',*,*,#7301,.F.);
#7301 = EDGE_CURVE('',#7273,#7295,#7302,.T.);
#7302 = B_SPLINE_CURVE_WITH_KNOTS('',1,(#7303,#7304),.UNSPECIFIED.,.F.,
  .F.,(2,2),(-3.142668302063E-02,0.),.PIECEWISE_BEZIER_KNOTS.);
#7303 = CARTESIAN_POINT('',(-5.025169947619E-02,0.96,0.346888219733));
#7304 = CARTESIAN_POINT('',(-1.882501645556E-02,0.96,0.346888219733));
#7305 = ORIENTED_EDGE('',*,*,#7272,.T.);
#7306 = B_SPLINE_SURFACE_WITH_KNOTS('',1,1,(
    (#7307,#7308)
    ,(#7309,#7310
    )),.UNSPECIFIED.,.F.,.F.,.F.,(2,2),(2,2),(-3.122502256758E-17,
    3.142668302063E-02),(-1.E-02,0.),.PIECEWISE_BEZIER_KNOTS.);
#7307 = CARTESIAN_POINT('',(-1.882501645556E-02,0.95,0.346888219733));
#7308 = CARTESIAN_POINT('',(-1.882501645556E-02,0.96,0.346888219733));
#7309 = CARTESIAN_POINT('',(-5.025169947619E-02,0.95,0.346888219733));
#7310 = CARTESIAN_POINT('',(-5.025169947619E-02,0.96,0.346888219733));
#7311 = ADVANCED_FACE('',(#7312),#7328,.F.);
#7312 = FACE_BOUND('',#7313,.T.);
#7313 = EDGE_LOOP('',(#7314,#7315,#7322,#7327));
#7314 = ORIENTED_EDGE('',*,*,#270,.T.);
#7315 = ORIENTED_EDGE('',*,*,#7316,.F.);
#7316 = EDGE_CURVE('',#7317,#264,#7319,.T.);
#7317 = VERTEX_POINT('',#7318);
#7318 = CARTESIAN_POINT('',(-1.882501645556E-02,0.96,0.285875225204));
#7319 = B_SPLINE_CURVE_WITH_KNOTS('',1,(#7320,#7321),.UNSPECIFIED.,.F.,
  .F.,(2,2),(-0.,1.E-02),.PIECEWISE_BEZIER_KNOTS.);
#7320 = CARTESIAN_POINT('',(-1.882501645556E-02,0.96,0.285875225204));
#7321 = CARTESIAN_POINT('',(-1.882501645556E-02,0.95,0.285875225204));
#7322 = ORIENTED_EDGE('',*,*,#7323,.F.);
#7323 = EDGE_CURVE('',#7295,#7317,#7324,.T.);
#7324 = B_SPLINE_CURVE_WITH_KNOTS('',1,(#7325,#7326),.UNSPECIFIED.,.F.,
  .F.,(2,2),(-6.10129945294E-02,-0.),.PIECEWISE_BEZIER_KNOTS.);
#7325 = CARTESIAN_POINT('',(-1.882501645556E-02,0.96,0.346888219733));
#7326 = CARTESIAN_POINT('',(-1.882501645556E-02,0.96,0.285875225204));
#7327 = ORIENTED_EDGE('',*,*,#7294,.T.);
#7328 = B_SPLINE_SURFACE_WITH_KNOTS('',1,1,(
    (#7329,#7330)
    ,(#7331,#7332
    )),.UNSPECIFIED.,.F.,.F.,.F.,(2,2),(2,2),(-7.771561172376E-16,
    6.10129945294E-02),(-1.E-02,0.),.PIECEWISE_BEZIER_KNOTS.);
#7329 = CARTESIAN_POINT('',(-1.882501645556E-02,0.95,0.285875225204));
#7330 = CARTESIAN_POINT('',(-1.882501645556E-02,0.96,0.285875225204));
#7331 = CARTESIAN_POINT('',(-1.882501645556E-02,0.95,0.346888219733));
#7332 = CARTESIAN_POINT('',(-1.882501645556E-02,0.96,0.346888219733));
#7333 = ADVANCED_FACE('',(#7334),#7344,.F.);
#7334 = FACE_BOUND('',#7335,.T.);
#7335 = EDGE_LOOP('',(#7336,#7337,#7338,#7343));
#7336 = ORIENTED_EDGE('',*,*,#263,.T.);
#7337 = ORIENTED_EDGE('',*,*,#7104,.F.);
#7338 = ORIENTED_EDGE('',*,*,#7339,.F.);
#7339 = EDGE_CURVE('',#7317,#7098,#7340,.T.);
#7340 = B_SPLINE_CURVE_WITH_KNOTS('',1,(#7341,#7342),.UNSPECIFIED.,.F.,
  .F.,(2,2),(-3.2814759839E-02,0.),.PIECEWISE_BEZIER_KNOTS.);
#7341 = CARTESIAN_POINT('',(-1.882501645556E-02,0.96,0.285875225204));
#7342 = CARTESIAN_POINT('',(-5.163977629456E-02,0.96,0.285875225204));
#7343 = ORIENTED_EDGE('',*,*,#7316,.T.);
#7344 = B_SPLINE_SURFACE_WITH_KNOTS('',1,1,(
    (#7345,#7346)
    ,(#7347,#7348
    )),.UNSPECIFIED.,.F.,.F.,.F.,(2,2),(2,2),(0.,3.2814759839E-02),(
    -1.E-02,0.),.PIECEWISE_BEZIER_KNOTS.);
#7345 = CARTESIAN_POINT('',(-5.163977629456E-02,0.95,0.285875225204));
#7346 = CARTESIAN_POINT('',(-5.163977629456E-02,0.96,0.285875225204));
#7347 = CARTESIAN_POINT('',(-1.882501645556E-02,0.95,0.285875225204));
#7348 = CARTESIAN_POINT('',(-1.882501645556E-02,0.96,0.285875225204));
#7349 = ADVANCED_FACE('',(#7350),#7364,.F.);
#7350 = FACE_BOUND('',#7351,.T.);
#7351 = EDGE_LOOP('',(#7352,#7353,#7354,#7355,#7356,#7357,#7358,#7359,
    #7360,#7361,#7362,#7363));
#7352 = ORIENTED_EDGE('',*,*,#7097,.T.);
#7353 = ORIENTED_EDGE('',*,*,#7125,.T.);
#7354 = ORIENTED_EDGE('',*,*,#7147,.T.);
#7355 = ORIENTED_EDGE('',*,*,#7169,.T.);
#7356 = ORIENTED_EDGE('',*,*,#7191,.T.);
#7357 = ORIENTED_EDGE('',*,*,#7213,.T.);
#7358 = ORIENTED_EDGE('',*,*,#7235,.T.);
#7359 = ORIENTED_EDGE('',*,*,#7257,.T.);
#7360 = ORIENTED_EDGE('',*,*,#7279,.T.);
#7361 = ORIENTED_EDGE('',*,*,#7301,.T.);
#7362 = ORIENTED_EDGE('',*,*,#7323,.T.);
#7363 = ORIENTED_EDGE('',*,*,#7339,.T.);
#7364 = B_SPLINE_SURFACE_WITH_KNOTS('',1,1,(
    (#7365,#7366)
    ,(#7367,#7368
    )),.UNSPECIFIED.,.F.,.F.,.F.,(2,2),(2,2),(-0.346888119733,
    -0.285875125204),(-5.163977629456E-02,-1.882501645556E-02),
  .PIECEWISE_BEZIER_KNOTS.);
#7365 = CARTESIAN_POINT('',(-5.163977629456E-02,0.96,0.346888219733));
#7366 = CARTESIAN_POINT('',(-1.882501645556E-02,0.96,0.346888219733));
#7367 = CARTESIAN_POINT('',(-5.163977629456E-02,0.96,0.285875225204));
#7368 = CARTESIAN_POINT('',(-1.882501645556E-02,0.96,0.285875225204));
#7369 = ADVANCED_FACE('',(#7370,#7486),#7556,.T.);
#7370 = FACE_BOUND('',#7371,.T.);
#7371 = EDGE_LOOP('',(#7372,#7383,#7390,#7399,#7408,#7415,#7424,#7433,
    #7442,#7451,#7458,#7465,#7472,#7479));
#7372 = ORIENTED_EDGE('',*,*,#7373,.T.);
#7373 = EDGE_CURVE('',#7374,#7376,#7378,.T.);
#7374 = VERTEX_POINT('',#7375);
#7375 = CARTESIAN_POINT('',(-7.821598863569E-02,0.96,0.330449647076));
#7376 = VERTEX_POINT('',#7377);
#7377 = CARTESIAN_POINT('',(-6.321228190308E-02,0.96,0.326394591203));
#7378 = B_SPLINE_CURVE_WITH_KNOTS('',3,(#7379,#7380,#7381,#7382),
  .UNSPECIFIED.,.F.,.F.,(4,4),(0.,1.),.PIECEWISE_BEZIER_KNOTS.);
#7379 = CARTESIAN_POINT('',(-7.821598863569E-02,0.96,0.330449647076));
#7380 = CARTESIAN_POINT('',(-7.253891041263E-02,0.96,0.330449647076));
#7381 = CARTESIAN_POINT('',(-6.753247604544E-02,0.96,0.329108359364));
#7382 = CARTESIAN_POINT('',(-6.321228190308E-02,0.96,0.326394591203));
#7383 = ORIENTED_EDGE('',*,*,#7384,.T.);
#7384 = EDGE_CURVE('',#7376,#7385,#7387,.T.);
#7385 = VERTEX_POINT('',#7386);
#7386 = CARTESIAN_POINT('',(-6.321228190308E-02,0.96,0.31897071968));
#7387 = B_SPLINE_CURVE_WITH_KNOTS('',1,(#7388,#7389),.UNSPECIFIED.,.F.,
  .F.,(2,2),(-7.423871522777E-03,-0.),.PIECEWISE_BEZIER_KNOTS.);
#7388 = CARTESIAN_POINT('',(-6.321228190308E-02,0.96,0.326394591203));
#7389 = CARTESIAN_POINT('',(-6.321228190308E-02,0.96,0.31897071968));
#7390 = ORIENTED_EDGE('',*,*,#7391,.T.);
#7391 = EDGE_CURVE('',#7385,#7392,#7394,.T.);
#7392 = VERTEX_POINT('',#7393);
#7393 = CARTESIAN_POINT('',(-7.749855567342E-02,0.96,0.324242292316));
#7394 = B_SPLINE_CURVE_WITH_KNOTS('',3,(#7395,#7396,#7397,#7398),
  .UNSPECIFIED.,.F.,.F.,(4,4),(12.,13.),.PIECEWISE_BEZIER_KNOTS.);
#7395 = CARTESIAN_POINT('',(-6.321228190308E-02,0.96,0.31897071968));
#7396 = CARTESIAN_POINT('',(-6.751687967672E-02,0.96,0.322464306279));
#7397 = CARTESIAN_POINT('',(-7.227377214385E-02,0.96,0.324242292316));
#7398 = CARTESIAN_POINT('',(-7.749855567342E-02,0.96,0.324242292316));
#7399 = ORIENTED_EDGE('',*,*,#7400,.T.);
#7400 = EDGE_CURVE('',#7392,#7401,#7403,.T.);
#7401 = VERTEX_POINT('',#7402);
#7402 = CARTESIAN_POINT('',(-8.632610038287E-02,0.96,0.313574376095));
#7403 = B_SPLINE_CURVE_WITH_KNOTS('',3,(#7404,#7405,#7406,#7407),
  .UNSPECIFIED.,.F.,.F.,(4,4),(11.,12.),.PIECEWISE_BEZIER_KNOTS.);
#7404 = CARTESIAN_POINT('',(-7.749855567342E-02,0.96,0.324242292316));
#7405 = CARTESIAN_POINT('',(-8.337838669015E-02,0.96,0.324242292316));
#7406 = CARTESIAN_POINT('',(-8.632610038287E-02,0.96,0.320686320242));
#7407 = CARTESIAN_POINT('',(-8.632610038287E-02,0.96,0.313574376095));
#7408 = ORIENTED_EDGE('',*,*,#7409,.T.);
#7409 = EDGE_CURVE('',#7401,#7410,#7412,.T.);
#7410 = VERTEX_POINT('',#7411);
#7411 = CARTESIAN_POINT('',(-7.341230706217E-02,0.96,0.31176519732));
#7412 = B_SPLINE_CURVE_WITH_KNOTS('',1,(#7413,#7414),.UNSPECIFIED.,.F.,
  .F.,(2,2),(-1.303990742941E-02,0.),.PIECEWISE_BEZIER_KNOTS.);
#7413 = CARTESIAN_POINT('',(-8.632610038287E-02,0.96,0.313574376095));
#7414 = CARTESIAN_POINT('',(-7.341230706217E-02,0.96,0.31176519732));
#7415 = ORIENTED_EDGE('',*,*,#7416,.T.);
#7416 = EDGE_CURVE('',#7410,#7417,#7419,.T.);
#7417 = VERTEX_POINT('',#7418);
#7418 = CARTESIAN_POINT('',(-5.895447323583E-02,0.96,0.297541309025));
#7419 = B_SPLINE_CURVE_WITH_KNOTS('',3,(#7420,#7421,#7422,#7423),
  .UNSPECIFIED.,.F.,.F.,(4,4),(9.,10.),.PIECEWISE_BEZIER_KNOTS.);
#7420 = CARTESIAN_POINT('',(-7.341230706217E-02,0.96,0.31176519732));
#7421 = CARTESIAN_POINT('',(-6.377375117808E-02,0.96,0.310423909608));
#7422 = CARTESIAN_POINT('',(-5.895447323583E-02,0.96,0.30568261351));
#7423 = CARTESIAN_POINT('',(-5.895447323583E-02,0.96,0.297541309025));
#7424 = ORIENTED_EDGE('',*,*,#7425,.T.);
#7425 = EDGE_CURVE('',#7417,#7426,#7428,.T.);
#7426 = VERTEX_POINT('',#7427);
#7427 = CARTESIAN_POINT('',(-6.269760173467E-02,0.96,0.28827706599));
#7428 = B_SPLINE_CURVE_WITH_KNOTS('',3,(#7429,#7430,#7431,#7432),
  .UNSPECIFIED.,.F.,.F.,(4,4),(8.,9.),.PIECEWISE_BEZIER_KNOTS.);
#7429 = CARTESIAN_POINT('',(-5.895447323583E-02,0.96,0.297541309025));
#7430 = CARTESIAN_POINT('',(-5.895447323583E-02,0.96,0.293642216839));
#7431 = CARTESIAN_POINT('',(-6.020218273544E-02,0.96,0.290554135827));
#7432 = CARTESIAN_POINT('',(-6.269760173467E-02,0.96,0.28827706599));
#7433 = ORIENTED_EDGE('',*,*,#7434,.T.);
#7434 = EDGE_CURVE('',#7426,#7435,#7437,.T.);
#7435 = VERTEX_POINT('',#7436);
#7436 = CARTESIAN_POINT('',(-7.277285594374E-02,0.96,0.284845864867));
#7437 = B_SPLINE_CURVE_WITH_KNOTS('',3,(#7438,#7439,#7440,#7441),
  .UNSPECIFIED.,.F.,.F.,(4,4),(7.,8.),.PIECEWISE_BEZIER_KNOTS.);
#7438 = CARTESIAN_POINT('',(-6.269760173467E-02,0.96,0.28827706599));
#7439 = CARTESIAN_POINT('',(-6.519302073369E-02,0.96,0.285999996154));
#7440 = CARTESIAN_POINT('',(-6.854624001395E-02,0.96,0.284845864867));
#7441 = CARTESIAN_POINT('',(-7.277285594374E-02,0.96,0.284845864867));
#7442 = ORIENTED_EDGE('',*,*,#7443,.T.);
#7443 = EDGE_CURVE('',#7435,#7444,#7446,.T.);
#7444 = VERTEX_POINT('',#7445);
#7445 = CARTESIAN_POINT('',(-8.612334758922E-02,0.96,0.292612856501));
#7446 = B_SPLINE_CURVE_WITH_KNOTS('',3,(#7447,#7448,#7449,#7450),
  .UNSPECIFIED.,.F.,.F.,(4,4),(6.,7.),.PIECEWISE_BEZIER_KNOTS.);
#7447 = CARTESIAN_POINT('',(-7.277285594374E-02,0.96,0.284845864867));
#7448 = CARTESIAN_POINT('',(-7.865268696046E-02,0.96,0.284845864867));
#7449 = CARTESIAN_POINT('',(-8.311324842158E-02,0.96,0.287434862078));
#7450 = CARTESIAN_POINT('',(-8.612334758922E-02,0.96,0.292612856501));
#7451 = ORIENTED_EDGE('',*,*,#7452,.T.);
#7452 = EDGE_CURVE('',#7444,#7453,#7455,.T.);
#7453 = VERTEX_POINT('',#7454);
#7454 = CARTESIAN_POINT('',(-8.632610038287E-02,0.96,0.292612856501));
#7455 = B_SPLINE_CURVE_WITH_KNOTS('',1,(#7456,#7457),.UNSPECIFIED.,.F.,
  .F.,(2,2),(-2.027527936583E-04,-0.),.PIECEWISE_BEZIER_KNOTS.);
#7456 = CARTESIAN_POINT('',(-8.612334758922E-02,0.96,0.292612856501));
#7457 = CARTESIAN_POINT('',(-8.632610038287E-02,0.96,0.292612856501));
#7458 = ORIENTED_EDGE('',*,*,#7459,.T.);
#7459 = EDGE_CURVE('',#7453,#7460,#7462,.T.);
#7460 = VERTEX_POINT('',#7461);
#7461 = CARTESIAN_POINT('',(-8.632610038287E-02,0.96,0.285875225204));
#7462 = B_SPLINE_CURVE_WITH_KNOTS('',1,(#7463,#7464),.UNSPECIFIED.,.F.,
  .F.,(2,2),(-6.737631297541E-03,-0.),.PIECEWISE_BEZIER_KNOTS.);
#7463 = CARTESIAN_POINT('',(-8.632610038287E-02,0.96,0.292612856501));
#7464 = CARTESIAN_POINT('',(-8.632610038287E-02,0.96,0.285875225204));
#7465 = ORIENTED_EDGE('',*,*,#7466,.T.);
#7466 = EDGE_CURVE('',#7460,#7467,#7469,.T.);
#7467 = VERTEX_POINT('',#7468);
#7468 = CARTESIAN_POINT('',(-9.396832106783E-02,0.96,0.285875225204));
#7469 = B_SPLINE_CURVE_WITH_KNOTS('',1,(#7470,#7471),.UNSPECIFIED.,.F.,
  .F.,(2,2),(-7.642220684954E-03,0.),.PIECEWISE_BEZIER_KNOTS.);
#7470 = CARTESIAN_POINT('',(-8.632610038287E-02,0.96,0.285875225204));
#7471 = CARTESIAN_POINT('',(-9.396832106783E-02,0.96,0.285875225204));
#7472 = ORIENTED_EDGE('',*,*,#7473,.T.);
#7473 = EDGE_CURVE('',#7467,#7474,#7476,.T.);
#7474 = VERTEX_POINT('',#7475);
#7475 = CARTESIAN_POINT('',(-9.396832106783E-02,0.96,0.313917496207));
#7476 = B_SPLINE_CURVE_WITH_KNOTS('',1,(#7477,#7478),.UNSPECIFIED.,.F.,
  .F.,(2,2),(-2.804227100272E-02,0.),.PIECEWISE_BEZIER_KNOTS.);
#7477 = CARTESIAN_POINT('',(-9.396832106783E-02,0.96,0.285875225204));
#7478 = CARTESIAN_POINT('',(-9.396832106783E-02,0.96,0.313917496207));
#7479 = ORIENTED_EDGE('',*,*,#7480,.T.);
#7480 = EDGE_CURVE('',#7474,#7374,#7481,.T.);
#7481 = B_SPLINE_CURVE_WITH_KNOTS('',3,(#7482,#7483,#7484,#7485),
  .UNSPECIFIED.,.F.,.F.,(4,4),(1.,2.),.PIECEWISE_BEZIER_KNOTS.);
#7482 = CARTESIAN_POINT('',(-9.396832106783E-02,0.96,0.313917496207));
#7483 = CARTESIAN_POINT('',(-9.396832106783E-02,0.96,0.324959725278));
#7484 = CARTESIAN_POINT('',(-8.87123448008E-02,0.96,0.330449647076));
#7485 = CARTESIAN_POINT('',(-7.821598863569E-02,0.96,0.330449647076));
#7486 = FACE_BOUND('',#7487,.T.);
#7487 = EDGE_LOOP('',(#7488,#7499,#7508,#7515,#7522,#7531,#7540,#7549));
#7488 = ORIENTED_EDGE('',*,*,#7489,.F.);
#7489 = EDGE_CURVE('',#7490,#7492,#7494,.T.);
#7490 = VERTEX_POINT('',#7491);
#7491 = CARTESIAN_POINT('',(-6.873339643888E-02,0.96,0.30368627831));
#7492 = VERTEX_POINT('',#7493);
#7493 = CARTESIAN_POINT('',(-6.670586850208E-02,0.96,0.298165163774));
#7494 = B_SPLINE_CURVE_WITH_KNOTS('',3,(#7495,#7496,#7497,#7498),
  .UNSPECIFIED.,.F.,.F.,(4,4),(1.,2.),.PIECEWISE_BEZIER_KNOTS.);
#7495 = CARTESIAN_POINT('',(-6.873339643888E-02,0.96,0.30368627831));
#7496 = CARTESIAN_POINT('',(-6.739210872669E-02,0.96,0.302376183336));
#7497 = CARTESIAN_POINT('',(-6.670586850208E-02,0.96,0.300535811824));
#7498 = CARTESIAN_POINT('',(-6.670586850208E-02,0.96,0.298165163774));
#7499 = ORIENTED_EDGE('',*,*,#7500,.F.);
#7500 = EDGE_CURVE('',#7501,#7490,#7503,.T.);
#7501 = VERTEX_POINT('',#7502);
#7502 = CARTESIAN_POINT('',(-7.612607522378E-02,0.96,0.306368853734));
#7503 = B_SPLINE_CURVE_WITH_KNOTS('',3,(#7504,#7505,#7506,#7507),
  .UNSPECIFIED.,.F.,.F.,(4,4),(0.,1.),.PIECEWISE_BEZIER_KNOTS.);
#7504 = CARTESIAN_POINT('',(-7.612607522378E-02,0.96,0.306368853734));
#7505 = CARTESIAN_POINT('',(-7.255450678135E-02,0.96,0.305869769934));
#7506 = CARTESIAN_POINT('',(-7.009028051958E-02,0.96,0.304996373285));
#7507 = CARTESIAN_POINT('',(-6.873339643888E-02,0.96,0.30368627831));
#7508 = ORIENTED_EDGE('',*,*,#7509,.F.);
#7509 = EDGE_CURVE('',#7510,#7501,#7512,.T.);
#7510 = VERTEX_POINT('',#7511);
#7511 = CARTESIAN_POINT('',(-8.632610038287E-02,0.96,0.307741334184));
#7512 = B_SPLINE_CURVE_WITH_KNOTS('',1,(#7513,#7514),.UNSPECIFIED.,.F.,
  .F.,(2,2),(0.,1.029194907832E-02),.PIECEWISE_BEZIER_KNOTS.);
#7513 = CARTESIAN_POINT('',(-8.632610038287E-02,0.96,0.307741334184));
#7514 = CARTESIAN_POINT('',(-7.612607522378E-02,0.96,0.306368853734));
#7515 = ORIENTED_EDGE('',*,*,#7516,.F.);
#7516 = EDGE_CURVE('',#7517,#7510,#7519,.T.);
#7517 = VERTEX_POINT('',#7518);
#7518 = CARTESIAN_POINT('',(-8.632610038287E-02,0.96,0.30356150736));
#7519 = B_SPLINE_CURVE_WITH_KNOTS('',1,(#7520,#7521),.UNSPECIFIED.,.F.,
  .F.,(2,2),(0.,4.179826823819E-03),.PIECEWISE_BEZIER_KNOTS.);
#7520 = CARTESIAN_POINT('',(-8.632610038287E-02,0.96,0.30356150736));
#7521 = CARTESIAN_POINT('',(-8.632610038287E-02,0.96,0.307741334184));
#7522 = ORIENTED_EDGE('',*,*,#7523,.F.);
#7523 = EDGE_CURVE('',#7524,#7517,#7526,.T.);
#7524 = VERTEX_POINT('',#7525);
#7525 = CARTESIAN_POINT('',(-8.305086294647E-02,0.96,0.294671577176));
#7526 = B_SPLINE_CURVE_WITH_KNOTS('',3,(#7527,#7528,#7529,#7530),
  .UNSPECIFIED.,.F.,.F.,(4,4),(5.,6.),.PIECEWISE_BEZIER_KNOTS.);
#7527 = CARTESIAN_POINT('',(-8.305086294647E-02,0.96,0.294671577176));
#7528 = CARTESIAN_POINT('',(-8.523435457074E-02,0.96,0.297011032487));
#7529 = CARTESIAN_POINT('',(-8.632610038287E-02,0.96,0.299974342549));
#7530 = CARTESIAN_POINT('',(-8.632610038287E-02,0.96,0.30356150736));
#7531 = ORIENTED_EDGE('',*,*,#7532,.F.);
#7532 = EDGE_CURVE('',#7533,#7524,#7535,.T.);
#7533 = VERTEX_POINT('',#7534);
#7534 = CARTESIAN_POINT('',(-7.475359477435E-02,0.96,0.291115605102));
#7535 = B_SPLINE_CURVE_WITH_KNOTS('',3,(#7536,#7537,#7538,#7539),
  .UNSPECIFIED.,.F.,.F.,(4,4),(4.,5.),.PIECEWISE_BEZIER_KNOTS.);
#7536 = CARTESIAN_POINT('',(-7.475359477435E-02,0.96,0.291115605102));
#7537 = CARTESIAN_POINT('',(-7.81068140544E-02,0.96,0.291115605102));
#7538 = CARTESIAN_POINT('',(-8.088296769092E-02,0.96,0.292300929126));
#7539 = CARTESIAN_POINT('',(-8.305086294647E-02,0.96,0.294671577176));
#7540 = ORIENTED_EDGE('',*,*,#7541,.F.);
#7541 = EDGE_CURVE('',#7542,#7533,#7544,.T.);
#7542 = VERTEX_POINT('',#7543);
#7543 = CARTESIAN_POINT('',(-6.892055286381E-02,0.96,0.293080747564));
#7544 = B_SPLINE_CURVE_WITH_KNOTS('',3,(#7545,#7546,#7547,#7548),
  .UNSPECIFIED.,.F.,.F.,(4,4),(3.,4.),.PIECEWISE_BEZIER_KNOTS.);
#7545 = CARTESIAN_POINT('',(-6.892055286381E-02,0.96,0.293080747564));
#7546 = CARTESIAN_POINT('',(-7.038661152581E-02,0.96,0.291770652589));
#7547 = CARTESIAN_POINT('',(-7.233615761876E-02,0.96,0.291115605102));
#7548 = CARTESIAN_POINT('',(-7.475359477435E-02,0.96,0.291115605102));
#7549 = ORIENTED_EDGE('',*,*,#7550,.F.);
#7550 = EDGE_CURVE('',#7492,#7542,#7551,.T.);
#7551 = B_SPLINE_CURVE_WITH_KNOTS('',3,(#7552,#7553,#7554,#7555),
  .UNSPECIFIED.,.F.,.F.,(4,4),(2.,3.),.PIECEWISE_BEZIER_KNOTS.);
#7552 = CARTESIAN_POINT('',(-6.670586850208E-02,0.96,0.298165163774));
#7553 = CARTESIAN_POINT('',(-6.670586850208E-02,0.96,0.296075250363));
#7554 = CARTESIAN_POINT('',(-6.743889783308E-02,0.96,0.294390842538));
#7555 = CARTESIAN_POINT('',(-6.892055286381E-02,0.96,0.293080747564));
#7556 = B_SPLINE_SURFACE_WITH_KNOTS('',1,1,(
    (#7557,#7558)
    ,(#7559,#7560
    )),.UNSPECIFIED.,.F.,.F.,.F.,(2,2),(2,2),(-4.459391733341E-02,
    1.009864876268E-03),(-2.376301732871E-02,1.125083050329E-02),
  .PIECEWISE_BEZIER_KNOTS.);
#7557 = CARTESIAN_POINT('',(-9.396832106783E-02,0.96,0.284845864867));
#7558 = CARTESIAN_POINT('',(-5.895447323583E-02,0.96,0.284845864867));
#7559 = CARTESIAN_POINT('',(-9.396832106783E-02,0.96,0.330449647076));
#7560 = CARTESIAN_POINT('',(-5.895447323583E-02,0.96,0.330449647076));
#7561 = ADVANCED_FACE('',(#7562),#7576,.F.);
#7562 = FACE_BOUND('',#7563,.F.);
#7563 = EDGE_LOOP('',(#7564,#7569,#7570,#7575));
#7564 = ORIENTED_EDGE('',*,*,#7565,.F.);
#7565 = EDGE_CURVE('',#7374,#139,#7566,.T.);
#7566 = B_SPLINE_CURVE_WITH_KNOTS('',1,(#7567,#7568),.UNSPECIFIED.,.F.,
  .F.,(2,2),(-0.,1.E-02),.PIECEWISE_BEZIER_KNOTS.);
#7567 = CARTESIAN_POINT('',(-7.821598863569E-02,0.96,0.330449647076));
#7568 = CARTESIAN_POINT('',(-7.821598863569E-02,0.95,0.330449647076));
#7569 = ORIENTED_EDGE('',*,*,#7373,.T.);
#7570 = ORIENTED_EDGE('',*,*,#7571,.T.);
#7571 = EDGE_CURVE('',#7376,#141,#7572,.T.);
#7572 = B_SPLINE_CURVE_WITH_KNOTS('',1,(#7573,#7574),.UNSPECIFIED.,.F.,
  .F.,(2,2),(-0.,1.E-02),.PIECEWISE_BEZIER_KNOTS.);
#7573 = CARTESIAN_POINT('',(-6.321228190308E-02,0.96,0.326394591203));
#7574 = CARTESIAN_POINT('',(-6.321228190308E-02,0.95,0.326394591203));
#7575 = ORIENTED_EDGE('',*,*,#138,.F.);
#7576 = B_SPLINE_SURFACE_WITH_KNOTS('',3,1,(
    (#7577,#7578)
    ,(#7579,#7580)
    ,(#7581,#7582)
    ,(#7583,#7584
    )),.UNSPECIFIED.,.F.,.F.,.F.,(4,4),(2,2),(0.,1.),(0.,1.),
  .PIECEWISE_BEZIER_KNOTS.);
#7577 = CARTESIAN_POINT('',(-7.821598863569E-02,0.96,0.330449647076));
#7578 = CARTESIAN_POINT('',(-7.821598863569E-02,0.95,0.330449647076));
#7579 = CARTESIAN_POINT('',(-7.253891041263E-02,0.96,0.330449647076));
#7580 = CARTESIAN_POINT('',(-7.253891041263E-02,0.95,0.330449647076));
#7581 = CARTESIAN_POINT('',(-6.753247604544E-02,0.96,0.329108359364));
#7582 = CARTESIAN_POINT('',(-6.753247604544E-02,0.95,0.329108359364));
#7583 = CARTESIAN_POINT('',(-6.321228190308E-02,0.96,0.326394591203));
#7584 = CARTESIAN_POINT('',(-6.321228190308E-02,0.95,0.326394591203));
#7585 = ADVANCED_FACE('',(#7586),#7596,.F.);
#7586 = FACE_BOUND('',#7587,.T.);
#7587 = EDGE_LOOP('',(#7588,#7589,#7594,#7595));
#7588 = ORIENTED_EDGE('',*,*,#247,.T.);
#7589 = ORIENTED_EDGE('',*,*,#7590,.F.);
#7590 = EDGE_CURVE('',#7385,#239,#7591,.T.);
#7591 = B_SPLINE_CURVE_WITH_KNOTS('',1,(#7592,#7593),.UNSPECIFIED.,.F.,
  .F.,(2,2),(-0.,1.E-02),.PIECEWISE_BEZIER_KNOTS.);
#7592 = CARTESIAN_POINT('',(-6.321228190308E-02,0.96,0.31897071968));
#7593 = CARTESIAN_POINT('',(-6.321228190308E-02,0.95,0.31897071968));
#7594 = ORIENTED_EDGE('',*,*,#7384,.F.);
#7595 = ORIENTED_EDGE('',*,*,#7571,.T.);
#7596 = B_SPLINE_SURFACE_WITH_KNOTS('',1,1,(
    (#7597,#7598)
    ,(#7599,#7600
    )),.UNSPECIFIED.,.F.,.F.,.F.,(2,2),(2,2),(-1.013374736104E-31,
    7.423871522777E-03),(-1.E-02,0.),.PIECEWISE_BEZIER_KNOTS.);
#7597 = CARTESIAN_POINT('',(-6.321228190308E-02,0.95,0.31897071968));
#7598 = CARTESIAN_POINT('',(-6.321228190308E-02,0.96,0.31897071968));
#7599 = CARTESIAN_POINT('',(-6.321228190308E-02,0.95,0.326394591203));
#7600 = CARTESIAN_POINT('',(-6.321228190308E-02,0.96,0.326394591203));
#7601 = ADVANCED_FACE('',(#7602),#7612,.F.);
#7602 = FACE_BOUND('',#7603,.F.);
#7603 = EDGE_LOOP('',(#7604,#7605,#7606,#7611));
#7604 = ORIENTED_EDGE('',*,*,#7590,.F.);
#7605 = ORIENTED_EDGE('',*,*,#7391,.T.);
#7606 = ORIENTED_EDGE('',*,*,#7607,.T.);
#7607 = EDGE_CURVE('',#7392,#230,#7608,.T.);
#7608 = B_SPLINE_CURVE_WITH_KNOTS('',1,(#7609,#7610),.UNSPECIFIED.,.F.,
  .F.,(2,2),(-0.,1.E-02),.PIECEWISE_BEZIER_KNOTS.);
#7609 = CARTESIAN_POINT('',(-7.749855567342E-02,0.96,0.324242292316));
#7610 = CARTESIAN_POINT('',(-7.749855567342E-02,0.95,0.324242292316));
#7611 = ORIENTED_EDGE('',*,*,#238,.F.);
#7612 = B_SPLINE_SURFACE_WITH_KNOTS('',3,1,(
    (#7613,#7614)
    ,(#7615,#7616)
    ,(#7617,#7618)
    ,(#7619,#7620
    )),.UNSPECIFIED.,.F.,.F.,.F.,(4,4),(2,2),(12.,13.),(0.,1.),
  .PIECEWISE_BEZIER_KNOTS.);
#7613 = CARTESIAN_POINT('',(-6.321228190308E-02,0.96,0.31897071968));
#7614 = CARTESIAN_POINT('',(-6.321228190308E-02,0.95,0.31897071968));
#7615 = CARTESIAN_POINT('',(-6.751687967672E-02,0.96,0.322464306279));
#7616 = CARTESIAN_POINT('',(-6.751687967672E-02,0.95,0.322464306279));
#7617 = CARTESIAN_POINT('',(-7.227377214385E-02,0.96,0.324242292316));
#7618 = CARTESIAN_POINT('',(-7.227377214385E-02,0.95,0.324242292316));
#7619 = CARTESIAN_POINT('',(-7.749855567342E-02,0.96,0.324242292316));
#7620 = CARTESIAN_POINT('',(-7.749855567342E-02,0.95,0.324242292316));
#7621 = ADVANCED_FACE('',(#7622),#7632,.F.);
#7622 = FACE_BOUND('',#7623,.F.);
#7623 = EDGE_LOOP('',(#7624,#7625,#7626,#7631));
#7624 = ORIENTED_EDGE('',*,*,#7607,.F.);
#7625 = ORIENTED_EDGE('',*,*,#7400,.T.);
#7626 = ORIENTED_EDGE('',*,*,#7627,.T.);
#7627 = EDGE_CURVE('',#7401,#223,#7628,.T.);
#7628 = B_SPLINE_CURVE_WITH_KNOTS('',1,(#7629,#7630),.UNSPECIFIED.,.F.,
  .F.,(2,2),(-0.,1.E-02),.PIECEWISE_BEZIER_KNOTS.);
#7629 = CARTESIAN_POINT('',(-8.632610038287E-02,0.96,0.313574376095));
#7630 = CARTESIAN_POINT('',(-8.632610038287E-02,0.95,0.313574376095));
#7631 = ORIENTED_EDGE('',*,*,#229,.F.);
#7632 = B_SPLINE_SURFACE_WITH_KNOTS('',3,1,(
    (#7633,#7634)
    ,(#7635,#7636)
    ,(#7637,#7638)
    ,(#7639,#7640
    )),.UNSPECIFIED.,.F.,.F.,.F.,(4,4),(2,2),(11.,12.),(0.,1.),
  .PIECEWISE_BEZIER_KNOTS.);
#7633 = CARTESIAN_POINT('',(-7.749855567342E-02,0.96,0.324242292316));
#7634 = CARTESIAN_POINT('',(-7.749855567342E-02,0.95,0.324242292316));
#7635 = CARTESIAN_POINT('',(-8.337838669015E-02,0.96,0.324242292316));
#7636 = CARTESIAN_POINT('',(-8.337838669015E-02,0.95,0.324242292316));
#7637 = CARTESIAN_POINT('',(-8.632610038287E-02,0.96,0.320686320242));
#7638 = CARTESIAN_POINT('',(-8.632610038287E-02,0.95,0.320686320242));
#7639 = CARTESIAN_POINT('',(-8.632610038287E-02,0.96,0.313574376095));
#7640 = CARTESIAN_POINT('',(-8.632610038287E-02,0.95,0.313574376095));
#7641 = ADVANCED_FACE('',(#7642),#7652,.F.);
#7642 = FACE_BOUND('',#7643,.T.);
#7643 = EDGE_LOOP('',(#7644,#7645,#7650,#7651));
#7644 = ORIENTED_EDGE('',*,*,#222,.T.);
#7645 = ORIENTED_EDGE('',*,*,#7646,.F.);
#7646 = EDGE_CURVE('',#7410,#214,#7647,.T.);
#7647 = B_SPLINE_CURVE_WITH_KNOTS('',1,(#7648,#7649),.UNSPECIFIED.,.F.,
  .F.,(2,2),(-0.,1.E-02),.PIECEWISE_BEZIER_KNOTS.);
#7648 = CARTESIAN_POINT('',(-7.341230706217E-02,0.96,0.31176519732));
#7649 = CARTESIAN_POINT('',(-7.341230706217E-02,0.95,0.31176519732));
#7650 = ORIENTED_EDGE('',*,*,#7409,.F.);
#7651 = ORIENTED_EDGE('',*,*,#7627,.T.);
#7652 = B_SPLINE_SURFACE_WITH_KNOTS('',1,1,(
    (#7653,#7654)
    ,(#7655,#7656
    )),.UNSPECIFIED.,.F.,.F.,.F.,(2,2),(2,2),(-7.701710851423E-18,
    1.303990742941E-02),(-1.E-02,0.),.PIECEWISE_BEZIER_KNOTS.);
#7653 = CARTESIAN_POINT('',(-7.341230706217E-02,0.95,0.31176519732));
#7654 = CARTESIAN_POINT('',(-7.341230706217E-02,0.96,0.31176519732));
#7655 = CARTESIAN_POINT('',(-8.632610038287E-02,0.95,0.313574376095));
#7656 = CARTESIAN_POINT('',(-8.632610038287E-02,0.96,0.313574376095));
#7657 = ADVANCED_FACE('',(#7658),#7668,.F.);
#7658 = FACE_BOUND('',#7659,.F.);
#7659 = EDGE_LOOP('',(#7660,#7661,#7662,#7667));
#7660 = ORIENTED_EDGE('',*,*,#7646,.F.);
#7661 = ORIENTED_EDGE('',*,*,#7416,.T.);
#7662 = ORIENTED_EDGE('',*,*,#7663,.T.);
#7663 = EDGE_CURVE('',#7417,#205,#7664,.T.);
#7664 = B_SPLINE_CURVE_WITH_KNOTS('',1,(#7665,#7666),.UNSPECIFIED.,.F.,
  .F.,(2,2),(-0.,1.E-02),.PIECEWISE_BEZIER_KNOTS.);
#7665 = CARTESIAN_POINT('',(-5.895447323583E-02,0.96,0.297541309025));
#7666 = CARTESIAN_POINT('',(-5.895447323583E-02,0.95,0.297541309025));
#7667 = ORIENTED_EDGE('',*,*,#213,.F.);
#7668 = B_SPLINE_SURFACE_WITH_KNOTS('',3,1,(
    (#7669,#7670)
    ,(#7671,#7672)
    ,(#7673,#7674)
    ,(#7675,#7676
    )),.UNSPECIFIED.,.F.,.F.,.F.,(4,4),(2,2),(9.,10.),(0.,1.),
  .PIECEWISE_BEZIER_KNOTS.);
#7669 = CARTESIAN_POINT('',(-7.341230706217E-02,0.96,0.31176519732));
#7670 = CARTESIAN_POINT('',(-7.341230706217E-02,0.95,0.31176519732));
#7671 = CARTESIAN_POINT('',(-6.377375117808E-02,0.96,0.310423909608));
#7672 = CARTESIAN_POINT('',(-6.377375117808E-02,0.95,0.310423909608));
#7673 = CARTESIAN_POINT('',(-5.895447323583E-02,0.96,0.30568261351));
#7674 = CARTESIAN_POINT('',(-5.895447323583E-02,0.95,0.30568261351));
#7675 = CARTESIAN_POINT('',(-5.895447323583E-02,0.96,0.297541309025));
#7676 = CARTESIAN_POINT('',(-5.895447323583E-02,0.95,0.297541309025));
#7677 = ADVANCED_FACE('',(#7678),#7688,.F.);
#7678 = FACE_BOUND('',#7679,.F.);
#7679 = EDGE_LOOP('',(#7680,#7681,#7682,#7687));
#7680 = ORIENTED_EDGE('',*,*,#7663,.F.);
#7681 = ORIENTED_EDGE('',*,*,#7425,.T.);
#7682 = ORIENTED_EDGE('',*,*,#7683,.T.);
#7683 = EDGE_CURVE('',#7426,#196,#7684,.T.);
#7684 = B_SPLINE_CURVE_WITH_KNOTS('',1,(#7685,#7686),.UNSPECIFIED.,.F.,
  .F.,(2,2),(-0.,1.E-02),.PIECEWISE_BEZIER_KNOTS.);
#7685 = CARTESIAN_POINT('',(-6.269760173467E-02,0.96,0.28827706599));
#7686 = CARTESIAN_POINT('',(-6.269760173467E-02,0.95,0.28827706599));
#7687 = ORIENTED_EDGE('',*,*,#204,.F.);
#7688 = B_SPLINE_SURFACE_WITH_KNOTS('',3,1,(
    (#7689,#7690)
    ,(#7691,#7692)
    ,(#7693,#7694)
    ,(#7695,#7696
    )),.UNSPECIFIED.,.F.,.F.,.F.,(4,4),(2,2),(8.,9.),(0.,1.),
  .PIECEWISE_BEZIER_KNOTS.);
#7689 = CARTESIAN_POINT('',(-5.895447323583E-02,0.96,0.297541309025));
#7690 = CARTESIAN_POINT('',(-5.895447323583E-02,0.95,0.297541309025));
#7691 = CARTESIAN_POINT('',(-5.895447323583E-02,0.96,0.293642216839));
#7692 = CARTESIAN_POINT('',(-5.895447323583E-02,0.95,0.293642216839));
#7693 = CARTESIAN_POINT('',(-6.020218273544E-02,0.96,0.290554135827));
#7694 = CARTESIAN_POINT('',(-6.020218273544E-02,0.95,0.290554135827));
#7695 = CARTESIAN_POINT('',(-6.269760173467E-02,0.96,0.28827706599));
#7696 = CARTESIAN_POINT('',(-6.269760173467E-02,0.95,0.28827706599));
#7697 = ADVANCED_FACE('',(#7698),#7708,.F.);
#7698 = FACE_BOUND('',#7699,.F.);
#7699 = EDGE_LOOP('',(#7700,#7701,#7702,#7707));
#7700 = ORIENTED_EDGE('',*,*,#7683,.F.);
#7701 = ORIENTED_EDGE('',*,*,#7434,.T.);
#7702 = ORIENTED_EDGE('',*,*,#7703,.T.);
#7703 = EDGE_CURVE('',#7435,#187,#7704,.T.);
#7704 = B_SPLINE_CURVE_WITH_KNOTS('',1,(#7705,#7706),.UNSPECIFIED.,.F.,
  .F.,(2,2),(-0.,1.E-02),.PIECEWISE_BEZIER_KNOTS.);
#7705 = CARTESIAN_POINT('',(-7.277285594374E-02,0.96,0.284845864867));
#7706 = CARTESIAN_POINT('',(-7.277285594374E-02,0.95,0.284845864867));
#7707 = ORIENTED_EDGE('',*,*,#195,.F.);
#7708 = B_SPLINE_SURFACE_WITH_KNOTS('',3,1,(
    (#7709,#7710)
    ,(#7711,#7712)
    ,(#7713,#7714)
    ,(#7715,#7716
    )),.UNSPECIFIED.,.F.,.F.,.F.,(4,4),(2,2),(7.,8.),(0.,1.),
  .PIECEWISE_BEZIER_KNOTS.);
#7709 = CARTESIAN_POINT('',(-6.269760173467E-02,0.96,0.28827706599));
#7710 = CARTESIAN_POINT('',(-6.269760173467E-02,0.95,0.28827706599));
#7711 = CARTESIAN_POINT('',(-6.519302073369E-02,0.96,0.285999996154));
#7712 = CARTESIAN_POINT('',(-6.519302073369E-02,0.95,0.285999996154));
#7713 = CARTESIAN_POINT('',(-6.854624001395E-02,0.96,0.284845864867));
#7714 = CARTESIAN_POINT('',(-6.854624001395E-02,0.95,0.284845864867));
#7715 = CARTESIAN_POINT('',(-7.277285594374E-02,0.96,0.284845864867));
#7716 = CARTESIAN_POINT('',(-7.277285594374E-02,0.95,0.284845864867));
#7717 = ADVANCED_FACE('',(#7718),#7728,.F.);
#7718 = FACE_BOUND('',#7719,.F.);
#7719 = EDGE_LOOP('',(#7720,#7721,#7722,#7727));
#7720 = ORIENTED_EDGE('',*,*,#7703,.F.);
#7721 = ORIENTED_EDGE('',*,*,#7443,.T.);
#7722 = ORIENTED_EDGE('',*,*,#7723,.T.);
#7723 = EDGE_CURVE('',#7444,#180,#7724,.T.);
#7724 = B_SPLINE_CURVE_WITH_KNOTS('',1,(#7725,#7726),.UNSPECIFIED.,.F.,
  .F.,(2,2),(-0.,1.E-02),.PIECEWISE_BEZIER_KNOTS.);
#7725 = CARTESIAN_POINT('',(-8.612334758922E-02,0.96,0.292612856501));
#7726 = CARTESIAN_POINT('',(-8.612334758922E-02,0.95,0.292612856501));
#7727 = ORIENTED_EDGE('',*,*,#186,.F.);
#7728 = B_SPLINE_SURFACE_WITH_KNOTS('',3,1,(
    (#7729,#7730)
    ,(#7731,#7732)
    ,(#7733,#7734)
    ,(#7735,#7736
    )),.UNSPECIFIED.,.F.,.F.,.F.,(4,4),(2,2),(6.,7.),(0.,1.),
  .PIECEWISE_BEZIER_KNOTS.);
#7729 = CARTESIAN_POINT('',(-7.277285594374E-02,0.96,0.284845864867));
#7730 = CARTESIAN_POINT('',(-7.277285594374E-02,0.95,0.284845864867));
#7731 = CARTESIAN_POINT('',(-7.865268696046E-02,0.96,0.284845864867));
#7732 = CARTESIAN_POINT('',(-7.865268696046E-02,0.95,0.284845864867));
#7733 = CARTESIAN_POINT('',(-8.311324842158E-02,0.96,0.287434862078));
#7734 = CARTESIAN_POINT('',(-8.311324842158E-02,0.95,0.287434862078));
#7735 = CARTESIAN_POINT('',(-8.612334758922E-02,0.96,0.292612856501));
#7736 = CARTESIAN_POINT('',(-8.612334758922E-02,0.95,0.292612856501));
#7737 = ADVANCED_FACE('',(#7738),#7748,.F.);
#7738 = FACE_BOUND('',#7739,.T.);
#7739 = EDGE_LOOP('',(#7740,#7741,#7746,#7747));
#7740 = ORIENTED_EDGE('',*,*,#179,.T.);
#7741 = ORIENTED_EDGE('',*,*,#7742,.F.);
#7742 = EDGE_CURVE('',#7453,#173,#7743,.T.);
#7743 = B_SPLINE_CURVE_WITH_KNOTS('',1,(#7744,#7745),.UNSPECIFIED.,.F.,
  .F.,(2,2),(-0.,1.E-02),.PIECEWISE_BEZIER_KNOTS.);
#7744 = CARTESIAN_POINT('',(-8.632610038287E-02,0.96,0.292612856501));
#7745 = CARTESIAN_POINT('',(-8.632610038287E-02,0.95,0.292612856501));
#7746 = ORIENTED_EDGE('',*,*,#7452,.F.);
#7747 = ORIENTED_EDGE('',*,*,#7723,.T.);
#7748 = B_SPLINE_SURFACE_WITH_KNOTS('',1,1,(
    (#7749,#7750)
    ,(#7751,#7752
    )),.UNSPECIFIED.,.F.,.F.,.F.,(2,2),(2,2),(0.,2.027527936583E-04),(
    -1.E-02,0.),.PIECEWISE_BEZIER_KNOTS.);
#7749 = CARTESIAN_POINT('',(-8.632610038287E-02,0.95,0.292612856501));
#7750 = CARTESIAN_POINT('',(-8.632610038287E-02,0.96,0.292612856501));
#7751 = CARTESIAN_POINT('',(-8.612334758922E-02,0.95,0.292612856501));
#7752 = CARTESIAN_POINT('',(-8.612334758922E-02,0.96,0.292612856501));
#7753 = ADVANCED_FACE('',(#7754),#7764,.F.);
#7754 = FACE_BOUND('',#7755,.T.);
#7755 = EDGE_LOOP('',(#7756,#7757,#7762,#7763));
#7756 = ORIENTED_EDGE('',*,*,#172,.T.);
#7757 = ORIENTED_EDGE('',*,*,#7758,.F.);
#7758 = EDGE_CURVE('',#7460,#166,#7759,.T.);
#7759 = B_SPLINE_CURVE_WITH_KNOTS('',1,(#7760,#7761),.UNSPECIFIED.,.F.,
  .F.,(2,2),(-0.,1.E-02),.PIECEWISE_BEZIER_KNOTS.);
#7760 = CARTESIAN_POINT('',(-8.632610038287E-02,0.96,0.285875225204));
#7761 = CARTESIAN_POINT('',(-8.632610038287E-02,0.95,0.285875225204));
#7762 = ORIENTED_EDGE('',*,*,#7459,.F.);
#7763 = ORIENTED_EDGE('',*,*,#7742,.T.);
#7764 = B_SPLINE_SURFACE_WITH_KNOTS('',1,1,(
    (#7765,#7766)
    ,(#7767,#7768
    )),.UNSPECIFIED.,.F.,.F.,.F.,(2,2),(2,2),(-1.110223024625E-15,
    6.737631297541E-03),(-1.E-02,0.),.PIECEWISE_BEZIER_KNOTS.);
#7765 = CARTESIAN_POINT('',(-8.632610038287E-02,0.95,0.285875225204));
#7766 = CARTESIAN_POINT('',(-8.632610038287E-02,0.96,0.285875225204));
#7767 = CARTESIAN_POINT('',(-8.632610038287E-02,0.95,0.292612856501));
#7768 = CARTESIAN_POINT('',(-8.632610038287E-02,0.96,0.292612856501));
#7769 = ADVANCED_FACE('',(#7770),#7780,.F.);
#7770 = FACE_BOUND('',#7771,.T.);
#7771 = EDGE_LOOP('',(#7772,#7773,#7778,#7779));
#7772 = ORIENTED_EDGE('',*,*,#165,.T.);
#7773 = ORIENTED_EDGE('',*,*,#7774,.F.);
#7774 = EDGE_CURVE('',#7467,#159,#7775,.T.);
#7775 = B_SPLINE_CURVE_WITH_KNOTS('',1,(#7776,#7777),.UNSPECIFIED.,.F.,
  .F.,(2,2),(-0.,1.E-02),.PIECEWISE_BEZIER_KNOTS.);
#7776 = CARTESIAN_POINT('',(-9.396832106783E-02,0.96,0.285875225204));
#7777 = CARTESIAN_POINT('',(-9.396832106783E-02,0.95,0.285875225204));
#7778 = ORIENTED_EDGE('',*,*,#7466,.F.);
#7779 = ORIENTED_EDGE('',*,*,#7758,.T.);
#7780 = B_SPLINE_SURFACE_WITH_KNOTS('',1,1,(
    (#7781,#7782)
    ,(#7783,#7784
    )),.UNSPECIFIED.,.F.,.F.,.F.,(2,2),(2,2),(0.,7.642220684954E-03),(
    -1.E-02,0.),.PIECEWISE_BEZIER_KNOTS.);
#7781 = CARTESIAN_POINT('',(-9.396832106783E-02,0.95,0.285875225204));
#7782 = CARTESIAN_POINT('',(-9.396832106783E-02,0.96,0.285875225204));
#7783 = CARTESIAN_POINT('',(-8.632610038287E-02,0.95,0.285875225204));
#7784 = CARTESIAN_POINT('',(-8.632610038287E-02,0.96,0.285875225204));
#7785 = ADVANCED_FACE('',(#7786),#7796,.F.);
#7786 = FACE_BOUND('',#7787,.T.);
#7787 = EDGE_LOOP('',(#7788,#7789,#7794,#7795));
#7788 = ORIENTED_EDGE('',*,*,#158,.T.);
#7789 = ORIENTED_EDGE('',*,*,#7790,.F.);
#7790 = EDGE_CURVE('',#7474,#150,#7791,.T.);
#7791 = B_SPLINE_CURVE_WITH_KNOTS('',1,(#7792,#7793),.UNSPECIFIED.,.F.,
  .F.,(2,2),(-0.,1.E-02),.PIECEWISE_BEZIER_KNOTS.);
#7792 = CARTESIAN_POINT('',(-9.396832106783E-02,0.96,0.313917496207));
#7793 = CARTESIAN_POINT('',(-9.396832106783E-02,0.95,0.313917496207));
#7794 = ORIENTED_EDGE('',*,*,#7473,.F.);
#7795 = ORIENTED_EDGE('',*,*,#7774,.T.);
#7796 = B_SPLINE_SURFACE_WITH_KNOTS('',1,1,(
    (#7797,#7798)
    ,(#7799,#7800
    )),.UNSPECIFIED.,.F.,.F.,.F.,(2,2),(2,2),(-0.,2.804227100272E-02),(
    -1.E-02,0.),.PIECEWISE_BEZIER_KNOTS.);
#7797 = CARTESIAN_POINT('',(-9.396832106783E-02,0.95,0.313917496207));
#7798 = CARTESIAN_POINT('',(-9.396832106783E-02,0.96,0.313917496207));
#7799 = CARTESIAN_POINT('',(-9.396832106783E-02,0.95,0.285875225204));
#7800 = CARTESIAN_POINT('',(-9.396832106783E-02,0.96,0.285875225204));
#7801 = ADVANCED_FACE('',(#7802),#7808,.F.);
#7802 = FACE_BOUND('',#7803,.F.);
#7803 = EDGE_LOOP('',(#7804,#7805,#7806,#7807));
#7804 = ORIENTED_EDGE('',*,*,#7790,.F.);
#7805 = ORIENTED_EDGE('',*,*,#7480,.T.);
#7806 = ORIENTED_EDGE('',*,*,#7565,.T.);
#7807 = ORIENTED_EDGE('',*,*,#149,.F.);
#7808 = B_SPLINE_SURFACE_WITH_KNOTS('',3,1,(
    (#7809,#7810)
    ,(#7811,#7812)
    ,(#7813,#7814)
    ,(#7815,#7816
    )),.UNSPECIFIED.,.F.,.F.,.F.,(4,4),(2,2),(1.,2.),(0.,1.),
  .PIECEWISE_BEZIER_KNOTS.);
#7809 = CARTESIAN_POINT('',(-9.396832106783E-02,0.96,0.313917496207));
#7810 = CARTESIAN_POINT('',(-9.396832106783E-02,0.95,0.313917496207));
#7811 = CARTESIAN_POINT('',(-9.396832106783E-02,0.96,0.324959725278));
#7812 = CARTESIAN_POINT('',(-9.396832106783E-02,0.95,0.324959725278));
#7813 = CARTESIAN_POINT('',(-8.87123448008E-02,0.96,0.330449647076));
#7814 = CARTESIAN_POINT('',(-8.87123448008E-02,0.95,0.330449647076));
#7815 = CARTESIAN_POINT('',(-7.821598863569E-02,0.96,0.330449647076));
#7816 = CARTESIAN_POINT('',(-7.821598863569E-02,0.95,0.330449647076));
#7817 = ADVANCED_FACE('',(#7818),#7842,.T.);
#7818 = FACE_BOUND('',#7819,.T.);
#7819 = EDGE_LOOP('',(#7820,#7831,#7836,#7837));
#7820 = ORIENTED_EDGE('',*,*,#7821,.F.);
#7821 = EDGE_CURVE('',#7822,#7824,#7826,.T.);
#7822 = VERTEX_POINT('',#7823);
#7823 = CARTESIAN_POINT('',(-7.612607522378E-02,0.95,0.306368853734));
#7824 = VERTEX_POINT('',#7825);
#7825 = CARTESIAN_POINT('',(-6.873339643888E-02,0.95,0.30368627831));
#7826 = B_SPLINE_CURVE_WITH_KNOTS('',3,(#7827,#7828,#7829,#7830),
  .UNSPECIFIED.,.F.,.F.,(4,4),(0.,1.),.PIECEWISE_BEZIER_KNOTS.);
#7827 = CARTESIAN_POINT('',(-7.612607522378E-02,0.95,0.306368853734));
#7828 = CARTESIAN_POINT('',(-7.255450678135E-02,0.95,0.305869769934));
#7829 = CARTESIAN_POINT('',(-7.009028051958E-02,0.95,0.304996373285));
#7830 = CARTESIAN_POINT('',(-6.873339643888E-02,0.95,0.30368627831));
#7831 = ORIENTED_EDGE('',*,*,#7832,.F.);
#7832 = EDGE_CURVE('',#7501,#7822,#7833,.T.);
#7833 = B_SPLINE_CURVE_WITH_KNOTS('',1,(#7834,#7835),.UNSPECIFIED.,.F.,
  .F.,(2,2),(-0.,1.E-02),.PIECEWISE_BEZIER_KNOTS.);
#7834 = CARTESIAN_POINT('',(-7.612607522378E-02,0.96,0.306368853734));
#7835 = CARTESIAN_POINT('',(-7.612607522378E-02,0.95,0.306368853734));
#7836 = ORIENTED_EDGE('',*,*,#7500,.T.);
#7837 = ORIENTED_EDGE('',*,*,#7838,.T.);
#7838 = EDGE_CURVE('',#7490,#7824,#7839,.T.);
#7839 = B_SPLINE_CURVE_WITH_KNOTS('',1,(#7840,#7841),.UNSPECIFIED.,.F.,
  .F.,(2,2),(-0.,1.E-02),.PIECEWISE_BEZIER_KNOTS.);
#7840 = CARTESIAN_POINT('',(-6.873339643888E-02,0.96,0.30368627831));
#7841 = CARTESIAN_POINT('',(-6.873339643888E-02,0.95,0.30368627831));
#7842 = B_SPLINE_SURFACE_WITH_KNOTS('',3,1,(
    (#7843,#7844)
    ,(#7845,#7846)
    ,(#7847,#7848)
    ,(#7849,#7850
    )),.UNSPECIFIED.,.F.,.F.,.F.,(4,4),(2,2),(0.,1.),(0.,1.),
  .PIECEWISE_BEZIER_KNOTS.);
#7843 = CARTESIAN_POINT('',(-7.612607522378E-02,0.96,0.306368853734));
#7844 = CARTESIAN_POINT('',(-7.612607522378E-02,0.95,0.306368853734));
#7845 = CARTESIAN_POINT('',(-7.255450678135E-02,0.96,0.305869769934));
#7846 = CARTESIAN_POINT('',(-7.255450678135E-02,0.95,0.305869769934));
#7847 = CARTESIAN_POINT('',(-7.009028051958E-02,0.96,0.304996373285));
#7848 = CARTESIAN_POINT('',(-7.009028051958E-02,0.95,0.304996373285));
#7849 = CARTESIAN_POINT('',(-6.873339643888E-02,0.96,0.30368627831));
#7850 = CARTESIAN_POINT('',(-6.873339643888E-02,0.95,0.30368627831));
#7851 = ADVANCED_FACE('',(#7852),#7870,.T.);
#7852 = FACE_BOUND('',#7853,.T.);
#7853 = EDGE_LOOP('',(#7854,#7863,#7864,#7865));
#7854 = ORIENTED_EDGE('',*,*,#7855,.F.);
#7855 = EDGE_CURVE('',#7824,#7856,#7858,.T.);
#7856 = VERTEX_POINT('',#7857);
#7857 = CARTESIAN_POINT('',(-6.670586850208E-02,0.95,0.298165163774));
#7858 = B_SPLINE_CURVE_WITH_KNOTS('',3,(#7859,#7860,#7861,#7862),
  .UNSPECIFIED.,.F.,.F.,(4,4),(1.,2.),.PIECEWISE_BEZIER_KNOTS.);
#7859 = CARTESIAN_POINT('',(-6.873339643888E-02,0.95,0.30368627831));
#7860 = CARTESIAN_POINT('',(-6.739210872669E-02,0.95,0.302376183336));
#7861 = CARTESIAN_POINT('',(-6.670586850208E-02,0.95,0.300535811824));
#7862 = CARTESIAN_POINT('',(-6.670586850208E-02,0.95,0.298165163774));
#7863 = ORIENTED_EDGE('',*,*,#7838,.F.);
#7864 = ORIENTED_EDGE('',*,*,#7489,.T.);
#7865 = ORIENTED_EDGE('',*,*,#7866,.T.);
#7866 = EDGE_CURVE('',#7492,#7856,#7867,.T.);
#7867 = B_SPLINE_CURVE_WITH_KNOTS('',1,(#7868,#7869),.UNSPECIFIED.,.F.,
  .F.,(2,2),(-0.,1.E-02),.PIECEWISE_BEZIER_KNOTS.);
#7868 = CARTESIAN_POINT('',(-6.670586850208E-02,0.96,0.298165163774));
#7869 = CARTESIAN_POINT('',(-6.670586850208E-02,0.95,0.298165163774));
#7870 = B_SPLINE_SURFACE_WITH_KNOTS('',3,1,(
    (#7871,#7872)
    ,(#7873,#7874)
    ,(#7875,#7876)
    ,(#7877,#7878
    )),.UNSPECIFIED.,.F.,.F.,.F.,(4,4),(2,2),(1.,2.),(0.,1.),
  .PIECEWISE_BEZIER_KNOTS.);
#7871 = CARTESIAN_POINT('',(-6.873339643888E-02,0.96,0.30368627831));
#7872 = CARTESIAN_POINT('',(-6.873339643888E-02,0.95,0.30368627831));
#7873 = CARTESIAN_POINT('',(-6.739210872669E-02,0.96,0.302376183336));
#7874 = CARTESIAN_POINT('',(-6.739210872669E-02,0.95,0.302376183336));
#7875 = CARTESIAN_POINT('',(-6.670586850208E-02,0.96,0.300535811824));
#7876 = CARTESIAN_POINT('',(-6.670586850208E-02,0.95,0.300535811824));
#7877 = CARTESIAN_POINT('',(-6.670586850208E-02,0.96,0.298165163774));
#7878 = CARTESIAN_POINT('',(-6.670586850208E-02,0.95,0.298165163774));
#7879 = ADVANCED_FACE('',(#7880),#7898,.T.);
#7880 = FACE_BOUND('',#7881,.T.);
#7881 = EDGE_LOOP('',(#7882,#7891,#7892,#7893));
#7882 = ORIENTED_EDGE('',*,*,#7883,.F.);
#7883 = EDGE_CURVE('',#7856,#7884,#7886,.T.);
#7884 = VERTEX_POINT('',#7885);
#7885 = CARTESIAN_POINT('',(-6.892055286381E-02,0.95,0.293080747564));
#7886 = B_SPLINE_CURVE_WITH_KNOTS('',3,(#7887,#7888,#7889,#7890),
  .UNSPECIFIED.,.F.,.F.,(4,4),(2.,3.),.PIECEWISE_BEZIER_KNOTS.);
#7887 = CARTESIAN_POINT('',(-6.670586850208E-02,0.95,0.298165163774));
#7888 = CARTESIAN_POINT('',(-6.670586850208E-02,0.95,0.296075250363));
#7889 = CARTESIAN_POINT('',(-6.743889783308E-02,0.95,0.294390842538));
#7890 = CARTESIAN_POINT('',(-6.892055286381E-02,0.95,0.293080747564));
#7891 = ORIENTED_EDGE('',*,*,#7866,.F.);
#7892 = ORIENTED_EDGE('',*,*,#7550,.T.);
#7893 = ORIENTED_EDGE('',*,*,#7894,.T.);
#7894 = EDGE_CURVE('',#7542,#7884,#7895,.T.);
#7895 = B_SPLINE_CURVE_WITH_KNOTS('',1,(#7896,#7897),.UNSPECIFIED.,.F.,
  .F.,(2,2),(-0.,1.E-02),.PIECEWISE_BEZIER_KNOTS.);
#7896 = CARTESIAN_POINT('',(-6.892055286381E-02,0.96,0.293080747564));
#7897 = CARTESIAN_POINT('',(-6.892055286381E-02,0.95,0.293080747564));
#7898 = B_SPLINE_SURFACE_WITH_KNOTS('',3,1,(
    (#7899,#7900)
    ,(#7901,#7902)
    ,(#7903,#7904)
    ,(#7905,#7906
    )),.UNSPECIFIED.,.F.,.F.,.F.,(4,4),(2,2),(2.,3.),(0.,1.),
  .PIECEWISE_BEZIER_KNOTS.);
#7899 = CARTESIAN_POINT('',(-6.670586850208E-02,0.96,0.298165163774));
#7900 = CARTESIAN_POINT('',(-6.670586850208E-02,0.95,0.298165163774));
#7901 = CARTESIAN_POINT('',(-6.670586850208E-02,0.96,0.296075250363));
#7902 = CARTESIAN_POINT('',(-6.670586850208E-02,0.95,0.296075250363));
#7903 = CARTESIAN_POINT('',(-6.743889783308E-02,0.96,0.294390842538));
#7904 = CARTESIAN_POINT('',(-6.743889783308E-02,0.95,0.294390842538));
#7905 = CARTESIAN_POINT('',(-6.892055286381E-02,0.96,0.293080747564));
#7906 = CARTESIAN_POINT('',(-6.892055286381E-02,0.95,0.293080747564));
#7907 = ADVANCED_FACE('',(#7908),#7926,.T.);
#7908 = FACE_BOUND('',#7909,.T.);
#7909 = EDGE_LOOP('',(#7910,#7919,#7920,#7921));
#7910 = ORIENTED_EDGE('',*,*,#7911,.F.);
#7911 = EDGE_CURVE('',#7884,#7912,#7914,.T.);
#7912 = VERTEX_POINT('',#7913);
#7913 = CARTESIAN_POINT('',(-7.475359477435E-02,0.95,0.291115605102));
#7914 = B_SPLINE_CURVE_WITH_KNOTS('',3,(#7915,#7916,#7917,#7918),
  .UNSPECIFIED.,.F.,.F.,(4,4),(3.,4.),.PIECEWISE_BEZIER_KNOTS.);
#7915 = CARTESIAN_POINT('',(-6.892055286381E-02,0.95,0.293080747564));
#7916 = CARTESIAN_POINT('',(-7.038661152581E-02,0.95,0.291770652589));
#7917 = CARTESIAN_POINT('',(-7.233615761876E-02,0.95,0.291115605102));
#7918 = CARTESIAN_POINT('',(-7.475359477435E-02,0.95,0.291115605102));
#7919 = ORIENTED_EDGE('',*,*,#7894,.F.);
#7920 = ORIENTED_EDGE('',*,*,#7541,.T.);
#7921 = ORIENTED_EDGE('',*,*,#7922,.T.);
#7922 = EDGE_CURVE('',#7533,#7912,#7923,.T.);
#7923 = B_SPLINE_CURVE_WITH_KNOTS('',1,(#7924,#7925),.UNSPECIFIED.,.F.,
  .F.,(2,2),(-0.,1.E-02),.PIECEWISE_BEZIER_KNOTS.);
#7924 = CARTESIAN_POINT('',(-7.475359477435E-02,0.96,0.291115605102));
#7925 = CARTESIAN_POINT('',(-7.475359477435E-02,0.95,0.291115605102));
#7926 = B_SPLINE_SURFACE_WITH_KNOTS('',3,1,(
    (#7927,#7928)
    ,(#7929,#7930)
    ,(#7931,#7932)
    ,(#7933,#7934
    )),.UNSPECIFIED.,.F.,.F.,.F.,(4,4),(2,2),(3.,4.),(0.,1.),
  .PIECEWISE_BEZIER_KNOTS.);
#7927 = CARTESIAN_POINT('',(-6.892055286381E-02,0.96,0.293080747564));
#7928 = CARTESIAN_POINT('',(-6.892055286381E-02,0.95,0.293080747564));
#7929 = CARTESIAN_POINT('',(-7.038661152581E-02,0.96,0.291770652589));
#7930 = CARTESIAN_POINT('',(-7.038661152581E-02,0.95,0.291770652589));
#7931 = CARTESIAN_POINT('',(-7.233615761876E-02,0.96,0.291115605102));
#7932 = CARTESIAN_POINT('',(-7.233615761876E-02,0.95,0.291115605102));
#7933 = CARTESIAN_POINT('',(-7.475359477435E-02,0.96,0.291115605102));
#7934 = CARTESIAN_POINT('',(-7.475359477435E-02,0.95,0.291115605102));
#7935 = ADVANCED_FACE('',(#7936),#7954,.T.);
#7936 = FACE_BOUND('',#7937,.T.);
#7937 = EDGE_LOOP('',(#7938,#7947,#7948,#7949));
#7938 = ORIENTED_EDGE('',*,*,#7939,.F.);
#7939 = EDGE_CURVE('',#7912,#7940,#7942,.T.);
#7940 = VERTEX_POINT('',#7941);
#7941 = CARTESIAN_POINT('',(-8.305086294647E-02,0.95,0.294671577176));
#7942 = B_SPLINE_CURVE_WITH_KNOTS('',3,(#7943,#7944,#7945,#7946),
  .UNSPECIFIED.,.F.,.F.,(4,4),(4.,5.),.PIECEWISE_BEZIER_KNOTS.);
#7943 = CARTESIAN_POINT('',(-7.475359477435E-02,0.95,0.291115605102));
#7944 = CARTESIAN_POINT('',(-7.81068140544E-02,0.95,0.291115605102));
#7945 = CARTESIAN_POINT('',(-8.088296769092E-02,0.95,0.292300929126));
#7946 = CARTESIAN_POINT('',(-8.305086294647E-02,0.95,0.294671577176));
#7947 = ORIENTED_EDGE('',*,*,#7922,.F.);
#7948 = ORIENTED_EDGE('',*,*,#7532,.T.);
#7949 = ORIENTED_EDGE('',*,*,#7950,.T.);
#7950 = EDGE_CURVE('',#7524,#7940,#7951,.T.);
#7951 = B_SPLINE_CURVE_WITH_KNOTS('',1,(#7952,#7953),.UNSPECIFIED.,.F.,
  .F.,(2,2),(-0.,1.E-02),.PIECEWISE_BEZIER_KNOTS.);
#7952 = CARTESIAN_POINT('',(-8.305086294647E-02,0.96,0.294671577176));
#7953 = CARTESIAN_POINT('',(-8.305086294647E-02,0.95,0.294671577176));
#7954 = B_SPLINE_SURFACE_WITH_KNOTS('',3,1,(
    (#7955,#7956)
    ,(#7957,#7958)
    ,(#7959,#7960)
    ,(#7961,#7962
    )),.UNSPECIFIED.,.F.,.F.,.F.,(4,4),(2,2),(4.,5.),(0.,1.),
  .PIECEWISE_BEZIER_KNOTS.);
#7955 = CARTESIAN_POINT('',(-7.475359477435E-02,0.96,0.291115605102));
#7956 = CARTESIAN_POINT('',(-7.475359477435E-02,0.95,0.291115605102));
#7957 = CARTESIAN_POINT('',(-7.81068140544E-02,0.96,0.291115605102));
#7958 = CARTESIAN_POINT('',(-7.81068140544E-02,0.95,0.291115605102));
#7959 = CARTESIAN_POINT('',(-8.088296769092E-02,0.96,0.292300929126));
#7960 = CARTESIAN_POINT('',(-8.088296769092E-02,0.95,0.292300929126));
#7961 = CARTESIAN_POINT('',(-8.305086294647E-02,0.96,0.294671577176));
#7962 = CARTESIAN_POINT('',(-8.305086294647E-02,0.95,0.294671577176));
#7963 = ADVANCED_FACE('',(#7964),#7982,.T.);
#7964 = FACE_BOUND('',#7965,.T.);
#7965 = EDGE_LOOP('',(#7966,#7975,#7976,#7977));
#7966 = ORIENTED_EDGE('',*,*,#7967,.F.);
#7967 = EDGE_CURVE('',#7940,#7968,#7970,.T.);
#7968 = VERTEX_POINT('',#7969);
#7969 = CARTESIAN_POINT('',(-8.632610038287E-02,0.95,0.30356150736));
#7970 = B_SPLINE_CURVE_WITH_KNOTS('',3,(#7971,#7972,#7973,#7974),
  .UNSPECIFIED.,.F.,.F.,(4,4),(5.,6.),.PIECEWISE_BEZIER_KNOTS.);
#7971 = CARTESIAN_POINT('',(-8.305086294647E-02,0.95,0.294671577176));
#7972 = CARTESIAN_POINT('',(-8.523435457074E-02,0.95,0.297011032487));
#7973 = CARTESIAN_POINT('',(-8.632610038287E-02,0.95,0.299974342549));
#7974 = CARTESIAN_POINT('',(-8.632610038287E-02,0.95,0.30356150736));
#7975 = ORIENTED_EDGE('',*,*,#7950,.F.);
#7976 = ORIENTED_EDGE('',*,*,#7523,.T.);
#7977 = ORIENTED_EDGE('',*,*,#7978,.T.);
#7978 = EDGE_CURVE('',#7517,#7968,#7979,.T.);
#7979 = B_SPLINE_CURVE_WITH_KNOTS('',1,(#7980,#7981),.UNSPECIFIED.,.F.,
  .F.,(2,2),(-0.,1.E-02),.PIECEWISE_BEZIER_KNOTS.);
#7980 = CARTESIAN_POINT('',(-8.632610038287E-02,0.96,0.30356150736));
#7981 = CARTESIAN_POINT('',(-8.632610038287E-02,0.95,0.30356150736));
#7982 = B_SPLINE_SURFACE_WITH_KNOTS('',3,1,(
    (#7983,#7984)
    ,(#7985,#7986)
    ,(#7987,#7988)
    ,(#7989,#7990
    )),.UNSPECIFIED.,.F.,.F.,.F.,(4,4),(2,2),(5.,6.),(0.,1.),
  .PIECEWISE_BEZIER_KNOTS.);
#7983 = CARTESIAN_POINT('',(-8.305086294647E-02,0.96,0.294671577176));
#7984 = CARTESIAN_POINT('',(-8.305086294647E-02,0.95,0.294671577176));
#7985 = CARTESIAN_POINT('',(-8.523435457074E-02,0.96,0.297011032487));
#7986 = CARTESIAN_POINT('',(-8.523435457074E-02,0.95,0.297011032487));
#7987 = CARTESIAN_POINT('',(-8.632610038287E-02,0.96,0.299974342549));
#7988 = CARTESIAN_POINT('',(-8.632610038287E-02,0.95,0.299974342549));
#7989 = CARTESIAN_POINT('',(-8.632610038287E-02,0.96,0.30356150736));
#7990 = CARTESIAN_POINT('',(-8.632610038287E-02,0.95,0.30356150736));
#7991 = ADVANCED_FACE('',(#7992),#8008,.T.);
#7992 = FACE_BOUND('',#7993,.T.);
#7993 = EDGE_LOOP('',(#7994,#8001,#8002,#8003));
#7994 = ORIENTED_EDGE('',*,*,#7995,.F.);
#7995 = EDGE_CURVE('',#7968,#7996,#7998,.T.);
#7996 = VERTEX_POINT('',#7997);
#7997 = CARTESIAN_POINT('',(-8.632610038287E-02,0.95,0.307741334184));
#7998 = B_SPLINE_CURVE_WITH_KNOTS('',1,(#7999,#8000),.UNSPECIFIED.,.F.,
  .F.,(2,2),(0.,4.179826823819E-03),.PIECEWISE_BEZIER_KNOTS.);
#7999 = CARTESIAN_POINT('',(-8.632610038287E-02,0.95,0.30356150736));
#8000 = CARTESIAN_POINT('',(-8.632610038287E-02,0.95,0.307741334184));
#8001 = ORIENTED_EDGE('',*,*,#7978,.F.);
#8002 = ORIENTED_EDGE('',*,*,#7516,.T.);
#8003 = ORIENTED_EDGE('',*,*,#8004,.T.);
#8004 = EDGE_CURVE('',#7510,#7996,#8005,.T.);
#8005 = B_SPLINE_CURVE_WITH_KNOTS('',1,(#8006,#8007),.UNSPECIFIED.,.F.,
  .F.,(2,2),(-0.,1.E-02),.PIECEWISE_BEZIER_KNOTS.);
#8006 = CARTESIAN_POINT('',(-8.632610038287E-02,0.96,0.307741334184));
#8007 = CARTESIAN_POINT('',(-8.632610038287E-02,0.95,0.307741334184));
#8008 = B_SPLINE_SURFACE_WITH_KNOTS('',1,1,(
    (#8009,#8010)
    ,(#8011,#8012
    )),.UNSPECIFIED.,.F.,.F.,.F.,(2,2),(2,2),(-4.179826823819E-03,0.),(
    -1.E-02,0.),.PIECEWISE_BEZIER_KNOTS.);
#8009 = CARTESIAN_POINT('',(-8.632610038287E-02,0.95,0.307741334184));
#8010 = CARTESIAN_POINT('',(-8.632610038287E-02,0.96,0.307741334184));
#8011 = CARTESIAN_POINT('',(-8.632610038287E-02,0.95,0.30356150736));
#8012 = CARTESIAN_POINT('',(-8.632610038287E-02,0.96,0.30356150736));
#8013 = ADVANCED_FACE('',(#8014),#8024,.T.);
#8014 = FACE_BOUND('',#8015,.T.);
#8015 = EDGE_LOOP('',(#8016,#8021,#8022,#8023));
#8016 = ORIENTED_EDGE('',*,*,#8017,.F.);
#8017 = EDGE_CURVE('',#7996,#7822,#8018,.T.);
#8018 = B_SPLINE_CURVE_WITH_KNOTS('',1,(#8019,#8020),.UNSPECIFIED.,.F.,
  .F.,(2,2),(0.,1.029194907832E-02),.PIECEWISE_BEZIER_KNOTS.);
#8019 = CARTESIAN_POINT('',(-8.632610038287E-02,0.95,0.307741334184));
#8020 = CARTESIAN_POINT('',(-7.612607522378E-02,0.95,0.306368853734));
#8021 = ORIENTED_EDGE('',*,*,#8004,.F.);
#8022 = ORIENTED_EDGE('',*,*,#7509,.T.);
#8023 = ORIENTED_EDGE('',*,*,#7832,.T.);
#8024 = B_SPLINE_SURFACE_WITH_KNOTS('',1,1,(
    (#8025,#8026)
    ,(#8027,#8028
    )),.UNSPECIFIED.,.F.,.F.,.F.,(2,2),(2,2),(-1.029194907832E-02,0.),(
    -1.E-02,0.),.PIECEWISE_BEZIER_KNOTS.);
#8025 = CARTESIAN_POINT('',(-7.612607522378E-02,0.95,0.306368853734));
#8026 = CARTESIAN_POINT('',(-7.612607522378E-02,0.96,0.306368853734));
#8027 = CARTESIAN_POINT('',(-8.632610038287E-02,0.95,0.307741334184));
#8028 = CARTESIAN_POINT('',(-8.632610038287E-02,0.96,0.307741334184));
#8029 = ADVANCED_FACE('',(#8030),#8040,.F.);
#8030 = FACE_BOUND('',#8031,.T.);
#8031 = EDGE_LOOP('',(#8032,#8033,#8034,#8035,#8036,#8037,#8038,#8039));
#8032 = ORIENTED_EDGE('',*,*,#8017,.T.);
#8033 = ORIENTED_EDGE('',*,*,#7821,.T.);
#8034 = ORIENTED_EDGE('',*,*,#7855,.T.);
#8035 = ORIENTED_EDGE('',*,*,#7883,.T.);
#8036 = ORIENTED_EDGE('',*,*,#7911,.T.);
#8037 = ORIENTED_EDGE('',*,*,#7939,.T.);
#8038 = ORIENTED_EDGE('',*,*,#7967,.T.);
#8039 = ORIENTED_EDGE('',*,*,#7995,.T.);
#8040 = B_SPLINE_SURFACE_WITH_KNOTS('',1,1,(
    (#8041,#8042)
    ,(#8043,#8044
    )),.UNSPECIFIED.,.F.,.F.,.F.,(2,2),(2,2),(-9.757741234184,
    -9.741115505102),(0.563673899617,0.583294131498),
  .PIECEWISE_BEZIER_KNOTS.);
#8041 = CARTESIAN_POINT('',(-8.632610038287E-02,0.95,0.307741334184));
#8042 = CARTESIAN_POINT('',(-6.670586850208E-02,0.95,0.307741334184));
#8043 = CARTESIAN_POINT('',(-8.632610038287E-02,0.95,0.291115605102));
#8044 = CARTESIAN_POINT('',(-6.670586850208E-02,0.95,0.291115605102));
#8045 = ADVANCED_FACE('',(#8046),#8070,.F.);
#8046 = FACE_BOUND('',#8047,.F.);
#8047 = EDGE_LOOP('',(#8048,#8055,#8064,#8069));
#8048 = ORIENTED_EDGE('',*,*,#8049,.F.);
#8049 = EDGE_CURVE('',#8050,#742,#8052,.T.);
#8050 = VERTEX_POINT('',#8051);
#8051 = CARTESIAN_POINT('',(-0.116894983123,0.96,0.291084412364));
#8052 = B_SPLINE_CURVE_WITH_KNOTS('',1,(#8053,#8054),.UNSPECIFIED.,.F.,
  .F.,(2,2),(-0.,1.E-02),.PIECEWISE_BEZIER_KNOTS.);
#8053 = CARTESIAN_POINT('',(-0.116894983123,0.96,0.291084412364));
#8054 = CARTESIAN_POINT('',(-0.116894983123,0.95,0.291084412364));
#8055 = ORIENTED_EDGE('',*,*,#8056,.T.);
#8056 = EDGE_CURVE('',#8050,#8057,#8059,.T.);
#8057 = VERTEX_POINT('',#8058);
#8058 = CARTESIAN_POINT('',(-0.104324309914,0.96,0.295295431925));
#8059 = B_SPLINE_CURVE_WITH_KNOTS('',3,(#8060,#8061,#8062,#8063),
  .UNSPECIFIED.,.F.,.F.,(4,4),(0.,1.),.PIECEWISE_BEZIER_KNOTS.);
#8060 = CARTESIAN_POINT('',(-0.116894983123,0.96,0.291084412364));
#8061 = CARTESIAN_POINT('',(-0.112403228924,0.96,0.291084412364));
#8062 = CARTESIAN_POINT('',(-0.108223402101,0.96,0.292488085552));
#8063 = CARTESIAN_POINT('',(-0.104324309914,0.96,0.295295431925));
#8064 = ORIENTED_EDGE('',*,*,#8065,.T.);
#8065 = EDGE_CURVE('',#8057,#744,#8066,.T.);
#8066 = B_SPLINE_CURVE_WITH_KNOTS('',1,(#8067,#8068),.UNSPECIFIED.,.F.,
  .F.,(2,2),(-0.,1.E-02),.PIECEWISE_BEZIER_KNOTS.);
#8067 = CARTESIAN_POINT('',(-0.104324309914,0.96,0.295295431925));
#8068 = CARTESIAN_POINT('',(-0.104324309914,0.95,0.295295431925));
#8069 = ORIENTED_EDGE('',*,*,#741,.F.);
#8070 = B_SPLINE_SURFACE_WITH_KNOTS('',3,1,(
    (#8071,#8072)
    ,(#8073,#8074)
    ,(#8075,#8076)
    ,(#8077,#8078
    )),.UNSPECIFIED.,.F.,.F.,.F.,(4,4),(2,2),(0.,1.),(0.,1.),
  .PIECEWISE_BEZIER_KNOTS.);
#8071 = CARTESIAN_POINT('',(-0.116894983123,0.96,0.291084412364));
#8072 = CARTESIAN_POINT('',(-0.116894983123,0.95,0.291084412364));
#8073 = CARTESIAN_POINT('',(-0.112403228924,0.96,0.291084412364));
#8074 = CARTESIAN_POINT('',(-0.112403228924,0.95,0.291084412364));
#8075 = CARTESIAN_POINT('',(-0.108223402101,0.96,0.292488085552));
#8076 = CARTESIAN_POINT('',(-0.108223402101,0.95,0.292488085552));
#8077 = CARTESIAN_POINT('',(-0.104324309914,0.96,0.295295431925));
#8078 = CARTESIAN_POINT('',(-0.104324309914,0.95,0.295295431925));
#8079 = ADVANCED_FACE('',(#8080),#8096,.F.);
#8080 = FACE_BOUND('',#8081,.T.);
#8081 = EDGE_LOOP('',(#8082,#8083,#8090,#8095));
#8082 = ORIENTED_EDGE('',*,*,#921,.T.);
#8083 = ORIENTED_EDGE('',*,*,#8084,.F.);
#8084 = EDGE_CURVE('',#8085,#913,#8087,.T.);
#8085 = VERTEX_POINT('',#8086);
#8086 = CARTESIAN_POINT('',(-0.104324309914,0.96,0.287403669341));
#8087 = B_SPLINE_CURVE_WITH_KNOTS('',1,(#8088,#8089),.UNSPECIFIED.,.F.,
  .F.,(2,2),(-0.,1.E-02),.PIECEWISE_BEZIER_KNOTS.);
#8088 = CARTESIAN_POINT('',(-0.104324309914,0.96,0.287403669341));
#8089 = CARTESIAN_POINT('',(-0.104324309914,0.95,0.287403669341));
#8090 = ORIENTED_EDGE('',*,*,#8091,.F.);
#8091 = EDGE_CURVE('',#8057,#8085,#8092,.T.);
#8092 = B_SPLINE_CURVE_WITH_KNOTS('',1,(#8093,#8094),.UNSPECIFIED.,.F.,
  .F.,(2,2),(-7.891762584584E-03,-0.),.PIECEWISE_BEZIER_KNOTS.);
#8093 = CARTESIAN_POINT('',(-0.104324309914,0.96,0.295295431925));
#8094 = CARTESIAN_POINT('',(-0.104324309914,0.96,0.287403669341));
#8095 = ORIENTED_EDGE('',*,*,#8065,.T.);
#8096 = B_SPLINE_SURFACE_WITH_KNOTS('',1,1,(
    (#8097,#8098)
    ,(#8099,#8100
    )),.UNSPECIFIED.,.F.,.F.,.F.,(2,2),(2,2),(0.,7.891762584584E-03),(
    -1.E-02,0.),.PIECEWISE_BEZIER_KNOTS.);
#8097 = CARTESIAN_POINT('',(-0.104324309914,0.95,0.287403669341));
#8098 = CARTESIAN_POINT('',(-0.104324309914,0.96,0.287403669341));
#8099 = CARTESIAN_POINT('',(-0.104324309914,0.95,0.295295431925));
#8100 = CARTESIAN_POINT('',(-0.104324309914,0.96,0.295295431925));
#8101 = ADVANCED_FACE('',(#8102),#8120,.F.);
#8102 = FACE_BOUND('',#8103,.F.);
#8103 = EDGE_LOOP('',(#8104,#8105,#8114,#8119));
#8104 = ORIENTED_EDGE('',*,*,#8084,.F.);
#8105 = ORIENTED_EDGE('',*,*,#8106,.T.);
#8106 = EDGE_CURVE('',#8085,#8107,#8109,.T.);
#8107 = VERTEX_POINT('',#8108);
#8108 = CARTESIAN_POINT('',(-0.116146357423,0.96,0.284845864867));
#8109 = B_SPLINE_CURVE_WITH_KNOTS('',3,(#8110,#8111,#8112,#8113),
  .UNSPECIFIED.,.F.,.F.,(4,4),(19.,20.),.PIECEWISE_BEZIER_KNOTS.);
#8110 = CARTESIAN_POINT('',(-0.104324309914,0.96,0.287403669341));
#8111 = CARTESIAN_POINT('',(-0.107693125563,0.96,0.285719261516));
#8112 = CARTESIAN_POINT('',(-0.111623410487,0.96,0.284845864867));
#8113 = CARTESIAN_POINT('',(-0.116146357423,0.96,0.284845864867));
#8114 = ORIENTED_EDGE('',*,*,#8115,.T.);
#8115 = EDGE_CURVE('',#8107,#904,#8116,.T.);
#8116 = B_SPLINE_CURVE_WITH_KNOTS('',1,(#8117,#8118),.UNSPECIFIED.,.F.,
  .F.,(2,2),(-0.,1.E-02),.PIECEWISE_BEZIER_KNOTS.);
#8117 = CARTESIAN_POINT('',(-0.116146357423,0.96,0.284845864867));
#8118 = CARTESIAN_POINT('',(-0.116146357423,0.95,0.284845864867));
#8119 = ORIENTED_EDGE('',*,*,#912,.F.);
#8120 = B_SPLINE_SURFACE_WITH_KNOTS('',3,1,(
    (#8121,#8122)
    ,(#8123,#8124)
    ,(#8125,#8126)
    ,(#8127,#8128
    )),.UNSPECIFIED.,.F.,.F.,.F.,(4,4),(2,2),(19.,20.),(0.,1.),
  .PIECEWISE_BEZIER_KNOTS.);
#8121 = CARTESIAN_POINT('',(-0.104324309914,0.96,0.287403669341));
#8122 = CARTESIAN_POINT('',(-0.104324309914,0.95,0.287403669341));
#8123 = CARTESIAN_POINT('',(-0.107693125563,0.96,0.285719261516));
#8124 = CARTESIAN_POINT('',(-0.107693125563,0.95,0.285719261516));
#8125 = CARTESIAN_POINT('',(-0.111623410487,0.96,0.284845864867));
#8126 = CARTESIAN_POINT('',(-0.111623410487,0.95,0.284845864867));
#8127 = CARTESIAN_POINT('',(-0.116146357423,0.96,0.284845864867));
#8128 = CARTESIAN_POINT('',(-0.116146357423,0.95,0.284845864867));
#8129 = ADVANCED_FACE('',(#8130),#8148,.F.);
#8130 = FACE_BOUND('',#8131,.F.);
#8131 = EDGE_LOOP('',(#8132,#8133,#8142,#8147));
#8132 = ORIENTED_EDGE('',*,*,#8115,.F.);
#8133 = ORIENTED_EDGE('',*,*,#8134,.T.);
#8134 = EDGE_CURVE('',#8107,#8135,#8137,.T.);
#8135 = VERTEX_POINT('',#8136);
#8136 = CARTESIAN_POINT('',(-0.128841801581,0.96,0.288308258728));
#8137 = B_SPLINE_CURVE_WITH_KNOTS('',3,(#8138,#8139,#8140,#8141),
  .UNSPECIFIED.,.F.,.F.,(4,4),(18.,19.),.PIECEWISE_BEZIER_KNOTS.);
#8138 = CARTESIAN_POINT('',(-0.116146357423,0.96,0.284845864867));
#8139 = CARTESIAN_POINT('',(-0.121339948215,0.96,0.284845864867));
#8140 = CARTESIAN_POINT('',(-0.125582160513,0.96,0.285999996154));
#8141 = CARTESIAN_POINT('',(-0.128841801581,0.96,0.288308258728));
#8142 = ORIENTED_EDGE('',*,*,#8143,.T.);
#8143 = EDGE_CURVE('',#8135,#895,#8144,.T.);
#8144 = B_SPLINE_CURVE_WITH_KNOTS('',1,(#8145,#8146),.UNSPECIFIED.,.F.,
  .F.,(2,2),(-0.,1.E-02),.PIECEWISE_BEZIER_KNOTS.);
#8145 = CARTESIAN_POINT('',(-0.128841801581,0.96,0.288308258728));
#8146 = CARTESIAN_POINT('',(-0.128841801581,0.95,0.288308258728));
#8147 = ORIENTED_EDGE('',*,*,#903,.F.);
#8148 = B_SPLINE_SURFACE_WITH_KNOTS('',3,1,(
    (#8149,#8150)
    ,(#8151,#8152)
    ,(#8153,#8154)
    ,(#8155,#8156
    )),.UNSPECIFIED.,.F.,.F.,.F.,(4,4),(2,2),(18.,19.),(0.,1.),
  .PIECEWISE_BEZIER_KNOTS.);
#8149 = CARTESIAN_POINT('',(-0.116146357423,0.96,0.284845864867));
#8150 = CARTESIAN_POINT('',(-0.116146357423,0.95,0.284845864867));
#8151 = CARTESIAN_POINT('',(-0.121339948215,0.96,0.284845864867));
#8152 = CARTESIAN_POINT('',(-0.121339948215,0.95,0.284845864867));
#8153 = CARTESIAN_POINT('',(-0.125582160513,0.96,0.285999996154));
#8154 = CARTESIAN_POINT('',(-0.125582160513,0.95,0.285999996154));
#8155 = CARTESIAN_POINT('',(-0.128841801581,0.96,0.288308258728));
#8156 = CARTESIAN_POINT('',(-0.128841801581,0.95,0.288308258728));
#8157 = ADVANCED_FACE('',(#8158),#8176,.F.);
#8158 = FACE_BOUND('',#8159,.F.);
#8159 = EDGE_LOOP('',(#8160,#8161,#8170,#8175));
#8160 = ORIENTED_EDGE('',*,*,#8143,.F.);
#8161 = ORIENTED_EDGE('',*,*,#8162,.T.);
#8162 = EDGE_CURVE('',#8135,#8163,#8165,.T.);
#8163 = VERTEX_POINT('',#8164);
#8164 = CARTESIAN_POINT('',(-0.133754657736,0.96,0.29772846545));
#8165 = B_SPLINE_CURVE_WITH_KNOTS('',3,(#8166,#8167,#8168,#8169),
  .UNSPECIFIED.,.F.,.F.,(4,4),(17.,18.),.PIECEWISE_BEZIER_KNOTS.);
#8166 = CARTESIAN_POINT('',(-0.128841801581,0.96,0.288308258728));
#8167 = CARTESIAN_POINT('',(-0.132117039017,0.96,0.290585328565));
#8168 = CARTESIAN_POINT('',(-0.133754657736,0.96,0.293735795051));
#8169 = CARTESIAN_POINT('',(-0.133754657736,0.96,0.29772846545));
#8170 = ORIENTED_EDGE('',*,*,#8171,.T.);
#8171 = EDGE_CURVE('',#8163,#886,#8172,.T.);
#8172 = B_SPLINE_CURVE_WITH_KNOTS('',1,(#8173,#8174),.UNSPECIFIED.,.F.,
  .F.,(2,2),(-0.,1.E-02),.PIECEWISE_BEZIER_KNOTS.);
#8173 = CARTESIAN_POINT('',(-0.133754657736,0.96,0.29772846545));
#8174 = CARTESIAN_POINT('',(-0.133754657736,0.95,0.29772846545));
#8175 = ORIENTED_EDGE('',*,*,#894,.F.);
#8176 = B_SPLINE_SURFACE_WITH_KNOTS('',3,1,(
    (#8177,#8178)
    ,(#8179,#8180)
    ,(#8181,#8182)
    ,(#8183,#8184
    )),.UNSPECIFIED.,.F.,.F.,.F.,(4,4),(2,2),(17.,18.),(0.,1.),
  .PIECEWISE_BEZIER_KNOTS.);
#8177 = CARTESIAN_POINT('',(-0.128841801581,0.96,0.288308258728));
#8178 = CARTESIAN_POINT('',(-0.128841801581,0.95,0.288308258728));
#8179 = CARTESIAN_POINT('',(-0.132117039017,0.96,0.290585328565));
#8180 = CARTESIAN_POINT('',(-0.132117039017,0.95,0.290585328565));
#8181 = CARTESIAN_POINT('',(-0.133754657736,0.96,0.293735795051));
#8182 = CARTESIAN_POINT('',(-0.133754657736,0.95,0.293735795051));
#8183 = CARTESIAN_POINT('',(-0.133754657736,0.96,0.29772846545));
#8184 = CARTESIAN_POINT('',(-0.133754657736,0.95,0.29772846545));
#8185 = ADVANCED_FACE('',(#8186),#8204,.F.);
#8186 = FACE_BOUND('',#8187,.F.);
#8187 = EDGE_LOOP('',(#8188,#8189,#8198,#8203));
#8188 = ORIENTED_EDGE('',*,*,#8171,.F.);
#8189 = ORIENTED_EDGE('',*,*,#8190,.T.);
#8190 = EDGE_CURVE('',#8163,#8191,#8193,.T.);
#8191 = VERTEX_POINT('',#8192);
#8192 = CARTESIAN_POINT('',(-0.131196853262,0.96,0.30493398781));
#8193 = B_SPLINE_CURVE_WITH_KNOTS('',3,(#8194,#8195,#8196,#8197),
  .UNSPECIFIED.,.F.,.F.,(4,4),(16.,17.),.PIECEWISE_BEZIER_KNOTS.);
#8194 = CARTESIAN_POINT('',(-0.133754657736,0.96,0.29772846545));
#8195 = CARTESIAN_POINT('',(-0.133754657736,0.96,0.300598197299));
#8196 = CARTESIAN_POINT('',(-0.132896857455,0.96,0.303000038086));
#8197 = CARTESIAN_POINT('',(-0.131196853262,0.96,0.30493398781));
#8198 = ORIENTED_EDGE('',*,*,#8199,.T.);
#8199 = EDGE_CURVE('',#8191,#877,#8200,.T.);
#8200 = B_SPLINE_CURVE_WITH_KNOTS('',1,(#8201,#8202),.UNSPECIFIED.,.F.,
  .F.,(2,2),(-0.,1.E-02),.PIECEWISE_BEZIER_KNOTS.);
#8201 = CARTESIAN_POINT('',(-0.131196853262,0.96,0.30493398781));
#8202 = CARTESIAN_POINT('',(-0.131196853262,0.95,0.30493398781));
#8203 = ORIENTED_EDGE('',*,*,#885,.F.);
#8204 = B_SPLINE_SURFACE_WITH_KNOTS('',3,1,(
    (#8205,#8206)
    ,(#8207,#8208)
    ,(#8209,#8210)
    ,(#8211,#8212
    )),.UNSPECIFIED.,.F.,.F.,.F.,(4,4),(2,2),(16.,17.),(0.,1.),
  .PIECEWISE_BEZIER_KNOTS.);
#8205 = CARTESIAN_POINT('',(-0.133754657736,0.96,0.29772846545));
#8206 = CARTESIAN_POINT('',(-0.133754657736,0.95,0.29772846545));
#8207 = CARTESIAN_POINT('',(-0.133754657736,0.96,0.300598197299));
#8208 = CARTESIAN_POINT('',(-0.133754657736,0.95,0.300598197299));
#8209 = CARTESIAN_POINT('',(-0.132896857455,0.96,0.303000038086));
#8210 = CARTESIAN_POINT('',(-0.132896857455,0.95,0.303000038086));
#8211 = CARTESIAN_POINT('',(-0.131196853262,0.96,0.30493398781));
#8212 = CARTESIAN_POINT('',(-0.131196853262,0.95,0.30493398781));
#8213 = ADVANCED_FACE('',(#8214),#8232,.F.);
#8214 = FACE_BOUND('',#8215,.F.);
#8215 = EDGE_LOOP('',(#8216,#8217,#8226,#8231));
#8216 = ORIENTED_EDGE('',*,*,#8199,.F.);
#8217 = ORIENTED_EDGE('',*,*,#8218,.T.);
#8218 = EDGE_CURVE('',#8191,#8219,#8221,.T.);
#8219 = VERTEX_POINT('',#8220);
#8220 = CARTESIAN_POINT('',(-0.121339948215,0.96,0.310579873295));
#8221 = B_SPLINE_CURVE_WITH_KNOTS('',3,(#8222,#8223,#8224,#8225),
  .UNSPECIFIED.,.F.,.F.,(4,4),(15.,16.),.PIECEWISE_BEZIER_KNOTS.);
#8222 = CARTESIAN_POINT('',(-0.131196853262,0.96,0.30493398781));
#8223 = CARTESIAN_POINT('',(-0.1294812527,0.96,0.306867937534));
#8224 = CARTESIAN_POINT('',(-0.126206015263,0.96,0.308770694521));
#8225 = CARTESIAN_POINT('',(-0.121339948215,0.96,0.310579873295));
#8226 = ORIENTED_EDGE('',*,*,#8227,.T.);
#8227 = EDGE_CURVE('',#8219,#868,#8228,.T.);
#8228 = B_SPLINE_CURVE_WITH_KNOTS('',1,(#8229,#8230),.UNSPECIFIED.,.F.,
  .F.,(2,2),(-0.,1.E-02),.PIECEWISE_BEZIER_KNOTS.);
#8229 = CARTESIAN_POINT('',(-0.121339948215,0.96,0.310579873295));
#8230 = CARTESIAN_POINT('',(-0.121339948215,0.95,0.310579873295));
#8231 = ORIENTED_EDGE('',*,*,#876,.F.);
#8232 = B_SPLINE_SURFACE_WITH_KNOTS('',3,1,(
    (#8233,#8234)
    ,(#8235,#8236)
    ,(#8237,#8238)
    ,(#8239,#8240
    )),.UNSPECIFIED.,.F.,.F.,.F.,(4,4),(2,2),(15.,16.),(0.,1.),
  .PIECEWISE_BEZIER_KNOTS.);
#8233 = CARTESIAN_POINT('',(-0.131196853262,0.96,0.30493398781));
#8234 = CARTESIAN_POINT('',(-0.131196853262,0.95,0.30493398781));
#8235 = CARTESIAN_POINT('',(-0.1294812527,0.96,0.306867937534));
#8236 = CARTESIAN_POINT('',(-0.1294812527,0.95,0.306867937534));
#8237 = CARTESIAN_POINT('',(-0.126206015263,0.96,0.308770694521));
#8238 = CARTESIAN_POINT('',(-0.126206015263,0.95,0.308770694521));
#8239 = CARTESIAN_POINT('',(-0.121339948215,0.96,0.310579873295));
#8240 = CARTESIAN_POINT('',(-0.121339948215,0.95,0.310579873295));
#8241 = ADVANCED_FACE('',(#8242),#8260,.F.);
#8242 = FACE_BOUND('',#8243,.F.);
#8243 = EDGE_LOOP('',(#8244,#8245,#8254,#8259));
#8244 = ORIENTED_EDGE('',*,*,#8227,.F.);
#8245 = ORIENTED_EDGE('',*,*,#8246,.T.);
#8246 = EDGE_CURVE('',#8219,#8247,#8249,.T.);
#8247 = VERTEX_POINT('',#8248);
#8248 = CARTESIAN_POINT('',(-0.113916076692,0.96,0.314323001794));
#8249 = B_SPLINE_CURVE_WITH_KNOTS('',3,(#8250,#8251,#8252,#8253),
  .UNSPECIFIED.,.F.,.F.,(4,4),(14.,15.),.PIECEWISE_BEZIER_KNOTS.);
#8250 = CARTESIAN_POINT('',(-0.121339948215,0.96,0.310579873295));
#8251 = CARTESIAN_POINT('',(-0.117503241504,0.96,0.312077124695));
#8252 = CARTESIAN_POINT('',(-0.115039015242,0.96,0.313324834194));
#8253 = CARTESIAN_POINT('',(-0.113916076692,0.96,0.314323001794));
#8254 = ORIENTED_EDGE('',*,*,#8255,.T.);
#8255 = EDGE_CURVE('',#8247,#859,#8256,.T.);
#8256 = B_SPLINE_CURVE_WITH_KNOTS('',1,(#8257,#8258),.UNSPECIFIED.,.F.,
  .F.,(2,2),(-0.,1.E-02),.PIECEWISE_BEZIER_KNOTS.);
#8257 = CARTESIAN_POINT('',(-0.113916076692,0.96,0.314323001794));
#8258 = CARTESIAN_POINT('',(-0.113916076692,0.95,0.314323001794));
#8259 = ORIENTED_EDGE('',*,*,#867,.F.);
#8260 = B_SPLINE_SURFACE_WITH_KNOTS('',3,1,(
    (#8261,#8262)
    ,(#8263,#8264)
    ,(#8265,#8266)
    ,(#8267,#8268
    )),.UNSPECIFIED.,.F.,.F.,.F.,(4,4),(2,2),(14.,15.),(0.,1.),
  .PIECEWISE_BEZIER_KNOTS.);
#8261 = CARTESIAN_POINT('',(-0.121339948215,0.96,0.310579873295));
#8262 = CARTESIAN_POINT('',(-0.121339948215,0.95,0.310579873295));
#8263 = CARTESIAN_POINT('',(-0.117503241504,0.96,0.312077124695));
#8264 = CARTESIAN_POINT('',(-0.117503241504,0.95,0.312077124695));
#8265 = CARTESIAN_POINT('',(-0.115039015242,0.96,0.313324834194));
#8266 = CARTESIAN_POINT('',(-0.115039015242,0.95,0.313324834194));
#8267 = CARTESIAN_POINT('',(-0.113916076692,0.96,0.314323001794));
#8268 = CARTESIAN_POINT('',(-0.113916076692,0.95,0.314323001794));
#8269 = ADVANCED_FACE('',(#8270),#8288,.F.);
#8270 = FACE_BOUND('',#8271,.F.);
#8271 = EDGE_LOOP('',(#8272,#8273,#8282,#8287));
#8272 = ORIENTED_EDGE('',*,*,#8255,.F.);
#8273 = ORIENTED_EDGE('',*,*,#8274,.T.);
#8274 = EDGE_CURVE('',#8247,#8275,#8277,.T.);
#8275 = VERTEX_POINT('',#8276);
#8276 = CARTESIAN_POINT('',(-0.112247265237,0.96,0.318378057668));
#8277 = B_SPLINE_CURVE_WITH_KNOTS('',3,(#8278,#8279,#8280,#8281),
  .UNSPECIFIED.,.F.,.F.,(4,4),(13.,14.),.PIECEWISE_BEZIER_KNOTS.);
#8278 = CARTESIAN_POINT('',(-0.113916076692,0.96,0.314323001794));
#8279 = CARTESIAN_POINT('',(-0.112808734511,0.96,0.315289976656));
#8280 = CARTESIAN_POINT('',(-0.112247265237,0.96,0.316631264368));
#8281 = CARTESIAN_POINT('',(-0.112247265237,0.96,0.318378057668));
#8282 = ORIENTED_EDGE('',*,*,#8283,.T.);
#8283 = EDGE_CURVE('',#8275,#850,#8284,.T.);
#8284 = B_SPLINE_CURVE_WITH_KNOTS('',1,(#8285,#8286),.UNSPECIFIED.,.F.,
  .F.,(2,2),(-0.,1.E-02),.PIECEWISE_BEZIER_KNOTS.);
#8285 = CARTESIAN_POINT('',(-0.112247265237,0.96,0.318378057668));
#8286 = CARTESIAN_POINT('',(-0.112247265237,0.95,0.318378057668));
#8287 = ORIENTED_EDGE('',*,*,#858,.F.);
#8288 = B_SPLINE_SURFACE_WITH_KNOTS('',3,1,(
    (#8289,#8290)
    ,(#8291,#8292)
    ,(#8293,#8294)
    ,(#8295,#8296
    )),.UNSPECIFIED.,.F.,.F.,.F.,(4,4),(2,2),(13.,14.),(0.,1.),
  .PIECEWISE_BEZIER_KNOTS.);
#8289 = CARTESIAN_POINT('',(-0.113916076692,0.96,0.314323001794));
#8290 = CARTESIAN_POINT('',(-0.113916076692,0.95,0.314323001794));
#8291 = CARTESIAN_POINT('',(-0.112808734511,0.96,0.315289976656));
#8292 = CARTESIAN_POINT('',(-0.112808734511,0.95,0.315289976656));
#8293 = CARTESIAN_POINT('',(-0.112247265237,0.96,0.316631264368));
#8294 = CARTESIAN_POINT('',(-0.112247265237,0.95,0.316631264368));
#8295 = CARTESIAN_POINT('',(-0.112247265237,0.96,0.318378057668));
#8296 = CARTESIAN_POINT('',(-0.112247265237,0.95,0.318378057668));
#8297 = ADVANCED_FACE('',(#8298),#8316,.F.);
#8298 = FACE_BOUND('',#8299,.F.);
#8299 = EDGE_LOOP('',(#8300,#8301,#8310,#8315));
#8300 = ORIENTED_EDGE('',*,*,#8283,.F.);
#8301 = ORIENTED_EDGE('',*,*,#8302,.T.);
#8302 = EDGE_CURVE('',#8275,#8303,#8305,.T.);
#8303 = VERTEX_POINT('',#8304);
#8304 = CARTESIAN_POINT('',(-0.11457112418,0.96,0.322620269966));
#8305 = B_SPLINE_CURVE_WITH_KNOTS('',3,(#8306,#8307,#8308,#8309),
  .UNSPECIFIED.,.F.,.F.,(4,4),(12.,13.),.PIECEWISE_BEZIER_KNOTS.);
#8306 = CARTESIAN_POINT('',(-0.112247265237,0.96,0.318378057668));
#8307 = CARTESIAN_POINT('',(-0.112247265237,0.96,0.320124850967));
#8308 = CARTESIAN_POINT('',(-0.113027083674,0.96,0.321559716891));
#8309 = CARTESIAN_POINT('',(-0.11457112418,0.96,0.322620269966));
#8310 = ORIENTED_EDGE('',*,*,#8311,.T.);
#8311 = EDGE_CURVE('',#8303,#841,#8312,.T.);
#8312 = B_SPLINE_CURVE_WITH_KNOTS('',1,(#8313,#8314),.UNSPECIFIED.,.F.,
  .F.,(2,2),(-0.,1.E-02),.PIECEWISE_BEZIER_KNOTS.);
#8313 = CARTESIAN_POINT('',(-0.11457112418,0.96,0.322620269966));
#8314 = CARTESIAN_POINT('',(-0.11457112418,0.95,0.322620269966));
#8315 = ORIENTED_EDGE('',*,*,#849,.F.);
#8316 = B_SPLINE_SURFACE_WITH_KNOTS('',3,1,(
    (#8317,#8318)
    ,(#8319,#8320)
    ,(#8321,#8322)
    ,(#8323,#8324
    )),.UNSPECIFIED.,.F.,.F.,.F.,(4,4),(2,2),(12.,13.),(0.,1.),
  .PIECEWISE_BEZIER_KNOTS.);
#8317 = CARTESIAN_POINT('',(-0.112247265237,0.96,0.318378057668));
#8318 = CARTESIAN_POINT('',(-0.112247265237,0.95,0.318378057668));
#8319 = CARTESIAN_POINT('',(-0.112247265237,0.96,0.320124850967));
#8320 = CARTESIAN_POINT('',(-0.112247265237,0.95,0.320124850967));
#8321 = CARTESIAN_POINT('',(-0.113027083674,0.96,0.321559716891));
#8322 = CARTESIAN_POINT('',(-0.113027083674,0.95,0.321559716891));
#8323 = CARTESIAN_POINT('',(-0.11457112418,0.96,0.322620269966));
#8324 = CARTESIAN_POINT('',(-0.11457112418,0.95,0.322620269966));
#8325 = ADVANCED_FACE('',(#8326),#8344,.F.);
#8326 = FACE_BOUND('',#8327,.F.);
#8327 = EDGE_LOOP('',(#8328,#8329,#8338,#8343));
#8328 = ORIENTED_EDGE('',*,*,#8311,.F.);
#8329 = ORIENTED_EDGE('',*,*,#8330,.T.);
#8330 = EDGE_CURVE('',#8303,#8331,#8333,.T.);
#8331 = VERTEX_POINT('',#8332);
#8332 = CARTESIAN_POINT('',(-0.120591322515,0.96,0.324242292316));
#8333 = B_SPLINE_CURVE_WITH_KNOTS('',3,(#8334,#8335,#8336,#8337),
  .UNSPECIFIED.,.F.,.F.,(4,4),(11.,12.),.PIECEWISE_BEZIER_KNOTS.);
#8334 = CARTESIAN_POINT('',(-0.11457112418,0.96,0.322620269966));
#8335 = CARTESIAN_POINT('',(-0.116115164685,0.96,0.323712015778));
#8336 = CARTESIAN_POINT('',(-0.118127096254,0.96,0.324242292316));
#8337 = CARTESIAN_POINT('',(-0.120591322515,0.96,0.324242292316));
#8338 = ORIENTED_EDGE('',*,*,#8339,.T.);
#8339 = EDGE_CURVE('',#8331,#832,#8340,.T.);
#8340 = B_SPLINE_CURVE_WITH_KNOTS('',1,(#8341,#8342),.UNSPECIFIED.,.F.,
  .F.,(2,2),(-0.,1.E-02),.PIECEWISE_BEZIER_KNOTS.);
#8341 = CARTESIAN_POINT('',(-0.120591322515,0.96,0.324242292316));
#8342 = CARTESIAN_POINT('',(-0.120591322515,0.95,0.324242292316));
#8343 = ORIENTED_EDGE('',*,*,#840,.F.);
#8344 = B_SPLINE_SURFACE_WITH_KNOTS('',3,1,(
    (#8345,#8346)
    ,(#8347,#8348)
    ,(#8349,#8350)
    ,(#8351,#8352
    )),.UNSPECIFIED.,.F.,.F.,.F.,(4,4),(2,2),(11.,12.),(0.,1.),
  .PIECEWISE_BEZIER_KNOTS.);
#8345 = CARTESIAN_POINT('',(-0.11457112418,0.96,0.322620269966));
#8346 = CARTESIAN_POINT('',(-0.11457112418,0.95,0.322620269966));
#8347 = CARTESIAN_POINT('',(-0.116115164685,0.96,0.323712015778));
#8348 = CARTESIAN_POINT('',(-0.116115164685,0.95,0.323712015778));
#8349 = CARTESIAN_POINT('',(-0.118127096254,0.96,0.324242292316));
#8350 = CARTESIAN_POINT('',(-0.118127096254,0.95,0.324242292316));
#8351 = CARTESIAN_POINT('',(-0.120591322515,0.96,0.324242292316));
#8352 = CARTESIAN_POINT('',(-0.120591322515,0.95,0.324242292316));
#8353 = ADVANCED_FACE('',(#8354),#8372,.F.);
#8354 = FACE_BOUND('',#8355,.F.);
#8355 = EDGE_LOOP('',(#8356,#8357,#8366,#8371));
#8356 = ORIENTED_EDGE('',*,*,#8339,.F.);
#8357 = ORIENTED_EDGE('',*,*,#8358,.T.);
#8358 = EDGE_CURVE('',#8331,#8359,#8361,.T.);
#8359 = VERTEX_POINT('',#8360);
#8360 = CARTESIAN_POINT('',(-0.131664744324,0.96,0.321091825829));
#8361 = B_SPLINE_CURVE_WITH_KNOTS('',3,(#8362,#8363,#8364,#8365),
  .UNSPECIFIED.,.F.,.F.,(4,4),(10.,11.),.PIECEWISE_BEZIER_KNOTS.);
#8362 = CARTESIAN_POINT('',(-0.120591322515,0.96,0.324242292316));
#8363 = CARTESIAN_POINT('',(-0.124724360233,0.96,0.324242292316));
#8364 = CARTESIAN_POINT('',(-0.128405103256,0.96,0.323181739241));
#8365 = CARTESIAN_POINT('',(-0.131664744324,0.96,0.321091825829));
#8366 = ORIENTED_EDGE('',*,*,#8367,.T.);
#8367 = EDGE_CURVE('',#8359,#825,#8368,.T.);
#8368 = B_SPLINE_CURVE_WITH_KNOTS('',1,(#8369,#8370),.UNSPECIFIED.,.F.,
  .F.,(2,2),(-0.,1.E-02),.PIECEWISE_BEZIER_KNOTS.);
#8369 = CARTESIAN_POINT('',(-0.131664744324,0.96,0.321091825829));
#8370 = CARTESIAN_POINT('',(-0.131664744324,0.95,0.321091825829));
#8371 = ORIENTED_EDGE('',*,*,#831,.F.);
#8372 = B_SPLINE_SURFACE_WITH_KNOTS('',3,1,(
    (#8373,#8374)
    ,(#8375,#8376)
    ,(#8377,#8378)
    ,(#8379,#8380
    )),.UNSPECIFIED.,.F.,.F.,.F.,(4,4),(2,2),(10.,11.),(0.,1.),
  .PIECEWISE_BEZIER_KNOTS.);
#8373 = CARTESIAN_POINT('',(-0.120591322515,0.96,0.324242292316));
#8374 = CARTESIAN_POINT('',(-0.120591322515,0.95,0.324242292316));
#8375 = CARTESIAN_POINT('',(-0.124724360233,0.96,0.324242292316));
#8376 = CARTESIAN_POINT('',(-0.124724360233,0.95,0.324242292316));
#8377 = CARTESIAN_POINT('',(-0.128405103256,0.96,0.323181739241));
#8378 = CARTESIAN_POINT('',(-0.128405103256,0.95,0.323181739241));
#8379 = CARTESIAN_POINT('',(-0.131664744324,0.96,0.321091825829));
#8380 = CARTESIAN_POINT('',(-0.131664744324,0.95,0.321091825829));
#8381 = ADVANCED_FACE('',(#8382),#8398,.F.);
#8382 = FACE_BOUND('',#8383,.T.);
#8383 = EDGE_LOOP('',(#8384,#8385,#8392,#8397));
#8384 = ORIENTED_EDGE('',*,*,#824,.T.);
#8385 = ORIENTED_EDGE('',*,*,#8386,.F.);
#8386 = EDGE_CURVE('',#8387,#816,#8389,.T.);
#8387 = VERTEX_POINT('',#8388);
#8388 = CARTESIAN_POINT('',(-0.131664744324,0.96,0.328515697352));
#8389 = B_SPLINE_CURVE_WITH_KNOTS('',1,(#8390,#8391),.UNSPECIFIED.,.F.,
  .F.,(2,2),(-0.,1.E-02),.PIECEWISE_BEZIER_KNOTS.);
#8390 = CARTESIAN_POINT('',(-0.131664744324,0.96,0.328515697352));
#8391 = CARTESIAN_POINT('',(-0.131664744324,0.95,0.328515697352));
#8392 = ORIENTED_EDGE('',*,*,#8393,.F.);
#8393 = EDGE_CURVE('',#8359,#8387,#8394,.T.);
#8394 = B_SPLINE_CURVE_WITH_KNOTS('',1,(#8395,#8396),.UNSPECIFIED.,.F.,
  .F.,(2,2),(-7.423871522359E-03,0.),.PIECEWISE_BEZIER_KNOTS.);
#8395 = CARTESIAN_POINT('',(-0.131664744324,0.96,0.321091825829));
#8396 = CARTESIAN_POINT('',(-0.131664744324,0.96,0.328515697352));
#8397 = ORIENTED_EDGE('',*,*,#8367,.T.);
#8398 = B_SPLINE_SURFACE_WITH_KNOTS('',1,1,(
    (#8399,#8400)
    ,(#8401,#8402
    )),.UNSPECIFIED.,.F.,.F.,.F.,(2,2),(2,2),(-0.,7.423871522359E-03),(
    -1.E-02,0.),.PIECEWISE_BEZIER_KNOTS.);
#8399 = CARTESIAN_POINT('',(-0.131664744324,0.95,0.328515697352));
#8400 = CARTESIAN_POINT('',(-0.131664744324,0.96,0.328515697352));
#8401 = CARTESIAN_POINT('',(-0.131664744324,0.95,0.321091825829));
#8402 = CARTESIAN_POINT('',(-0.131664744324,0.96,0.321091825829));
#8403 = ADVANCED_FACE('',(#8404),#8422,.F.);
#8404 = FACE_BOUND('',#8405,.F.);
#8405 = EDGE_LOOP('',(#8406,#8407,#8416,#8421));
#8406 = ORIENTED_EDGE('',*,*,#8386,.F.);
#8407 = ORIENTED_EDGE('',*,*,#8408,.T.);
#8408 = EDGE_CURVE('',#8387,#8409,#8411,.T.);
#8409 = VERTEX_POINT('',#8410);
#8410 = CARTESIAN_POINT('',(-0.121339948215,0.96,0.330449647076));
#8411 = B_SPLINE_CURVE_WITH_KNOTS('',3,(#8412,#8413,#8414,#8415),
  .UNSPECIFIED.,.F.,.F.,(4,4),(8.,9.),.PIECEWISE_BEZIER_KNOTS.);
#8412 = CARTESIAN_POINT('',(-0.131664744324,0.96,0.328515697352));
#8413 = CARTESIAN_POINT('',(-0.1284830851,0.96,0.329825792326));
#8414 = CARTESIAN_POINT('',(-0.125051883976,0.96,0.330449647076));
#8415 = CARTESIAN_POINT('',(-0.121339948215,0.96,0.330449647076));
#8416 = ORIENTED_EDGE('',*,*,#8417,.T.);
#8417 = EDGE_CURVE('',#8409,#807,#8418,.T.);
#8418 = B_SPLINE_CURVE_WITH_KNOTS('',1,(#8419,#8420),.UNSPECIFIED.,.F.,
  .F.,(2,2),(-0.,1.E-02),.PIECEWISE_BEZIER_KNOTS.);
#8419 = CARTESIAN_POINT('',(-0.121339948215,0.96,0.330449647076));
#8420 = CARTESIAN_POINT('',(-0.121339948215,0.95,0.330449647076));
#8421 = ORIENTED_EDGE('',*,*,#815,.F.);
#8422 = B_SPLINE_SURFACE_WITH_KNOTS('',3,1,(
    (#8423,#8424)
    ,(#8425,#8426)
    ,(#8427,#8428)
    ,(#8429,#8430
    )),.UNSPECIFIED.,.F.,.F.,.F.,(4,4),(2,2),(8.,9.),(0.,1.),
  .PIECEWISE_BEZIER_KNOTS.);
#8423 = CARTESIAN_POINT('',(-0.131664744324,0.96,0.328515697352));
#8424 = CARTESIAN_POINT('',(-0.131664744324,0.95,0.328515697352));
#8425 = CARTESIAN_POINT('',(-0.1284830851,0.96,0.329825792326));
#8426 = CARTESIAN_POINT('',(-0.1284830851,0.95,0.329825792326));
#8427 = CARTESIAN_POINT('',(-0.125051883976,0.96,0.330449647076));
#8428 = CARTESIAN_POINT('',(-0.125051883976,0.95,0.330449647076));
#8429 = CARTESIAN_POINT('',(-0.121339948215,0.96,0.330449647076));
#8430 = CARTESIAN_POINT('',(-0.121339948215,0.95,0.330449647076));
#8431 = ADVANCED_FACE('',(#8432),#8450,.F.);
#8432 = FACE_BOUND('',#8433,.F.);
#8433 = EDGE_LOOP('',(#8434,#8435,#8444,#8449));
#8434 = ORIENTED_EDGE('',*,*,#8417,.F.);
#8435 = ORIENTED_EDGE('',*,*,#8436,.T.);
#8436 = EDGE_CURVE('',#8409,#8437,#8439,.T.);
#8437 = VERTEX_POINT('',#8438);
#8438 = CARTESIAN_POINT('',(-0.109268358806,0.96,0.326987253215));
#8439 = B_SPLINE_CURVE_WITH_KNOTS('',3,(#8440,#8441,#8442,#8443),
  .UNSPECIFIED.,.F.,.F.,(4,4),(7.,8.),.PIECEWISE_BEZIER_KNOTS.);
#8440 = CARTESIAN_POINT('',(-0.121339948215,0.96,0.330449647076));
#8441 = CARTESIAN_POINT('',(-0.116567459379,0.96,0.330449647076));
#8442 = CARTESIAN_POINT('',(-0.112543596243,0.96,0.329295515789));
#8443 = CARTESIAN_POINT('',(-0.109268358806,0.96,0.326987253215));
#8444 = ORIENTED_EDGE('',*,*,#8445,.T.);
#8445 = EDGE_CURVE('',#8437,#798,#8446,.T.);
#8446 = B_SPLINE_CURVE_WITH_KNOTS('',1,(#8447,#8448),.UNSPECIFIED.,.F.,
  .F.,(2,2),(-0.,1.E-02),.PIECEWISE_BEZIER_KNOTS.);
#8447 = CARTESIAN_POINT('',(-0.109268358806,0.96,0.326987253215));
#8448 = CARTESIAN_POINT('',(-0.109268358806,0.95,0.326987253215));
#8449 = ORIENTED_EDGE('',*,*,#806,.F.);
#8450 = B_SPLINE_SURFACE_WITH_KNOTS('',3,1,(
    (#8451,#8452)
    ,(#8453,#8454)
    ,(#8455,#8456)
    ,(#8457,#8458
    )),.UNSPECIFIED.,.F.,.F.,.F.,(4,4),(2,2),(7.,8.),(0.,1.),
  .PIECEWISE_BEZIER_KNOTS.);
#8451 = CARTESIAN_POINT('',(-0.121339948215,0.96,0.330449647076));
#8452 = CARTESIAN_POINT('',(-0.121339948215,0.95,0.330449647076));
#8453 = CARTESIAN_POINT('',(-0.116567459379,0.96,0.330449647076));
#8454 = CARTESIAN_POINT('',(-0.116567459379,0.95,0.330449647076));
#8455 = CARTESIAN_POINT('',(-0.112543596243,0.96,0.329295515789));
#8456 = CARTESIAN_POINT('',(-0.112543596243,0.95,0.329295515789));
#8457 = CARTESIAN_POINT('',(-0.109268358806,0.96,0.326987253215));
#8458 = CARTESIAN_POINT('',(-0.109268358806,0.95,0.326987253215));
#8459 = ADVANCED_FACE('',(#8460),#8478,.F.);
#8460 = FACE_BOUND('',#8461,.F.);
#8461 = EDGE_LOOP('',(#8462,#8463,#8472,#8477));
#8462 = ORIENTED_EDGE('',*,*,#8445,.F.);
#8463 = ORIENTED_EDGE('',*,*,#8464,.T.);
#8464 = EDGE_CURVE('',#8437,#8465,#8467,.T.);
#8465 = VERTEX_POINT('',#8466);
#8466 = CARTESIAN_POINT('',(-0.104371099021,0.96,0.317691817443));
#8467 = B_SPLINE_CURVE_WITH_KNOTS('',3,(#8468,#8469,#8470,#8471),
  .UNSPECIFIED.,.F.,.F.,(4,4),(6.,7.),.PIECEWISE_BEZIER_KNOTS.);
#8468 = CARTESIAN_POINT('',(-0.109268358806,0.96,0.326987253215));
#8469 = CARTESIAN_POINT('',(-0.106008717739,0.96,0.324647797903));
#8470 = CARTESIAN_POINT('',(-0.104371099021,0.96,0.321559716891));
#8471 = CARTESIAN_POINT('',(-0.104371099021,0.96,0.317691817443));
#8472 = ORIENTED_EDGE('',*,*,#8473,.T.);
#8473 = EDGE_CURVE('',#8465,#789,#8474,.T.);
#8474 = B_SPLINE_CURVE_WITH_KNOTS('',1,(#8475,#8476),.UNSPECIFIED.,.F.,
  .F.,(2,2),(-0.,1.E-02),.PIECEWISE_BEZIER_KNOTS.);
#8475 = CARTESIAN_POINT('',(-0.104371099021,0.96,0.317691817443));
#8476 = CARTESIAN_POINT('',(-0.104371099021,0.95,0.317691817443));
#8477 = ORIENTED_EDGE('',*,*,#797,.F.);
#8478 = B_SPLINE_SURFACE_WITH_KNOTS('',3,1,(
    (#8479,#8480)
    ,(#8481,#8482)
    ,(#8483,#8484)
    ,(#8485,#8486
    )),.UNSPECIFIED.,.F.,.F.,.F.,(4,4),(2,2),(6.,7.),(0.,1.),
  .PIECEWISE_BEZIER_KNOTS.);
#8479 = CARTESIAN_POINT('',(-0.109268358806,0.96,0.326987253215));
#8480 = CARTESIAN_POINT('',(-0.109268358806,0.95,0.326987253215));
#8481 = CARTESIAN_POINT('',(-0.106008717739,0.96,0.324647797903));
#8482 = CARTESIAN_POINT('',(-0.106008717739,0.95,0.324647797903));
#8483 = CARTESIAN_POINT('',(-0.104371099021,0.96,0.321559716891));
#8484 = CARTESIAN_POINT('',(-0.104371099021,0.95,0.321559716891));
#8485 = CARTESIAN_POINT('',(-0.104371099021,0.96,0.317691817443));
#8486 = CARTESIAN_POINT('',(-0.104371099021,0.95,0.317691817443));
#8487 = ADVANCED_FACE('',(#8488),#8506,.F.);
#8488 = FACE_BOUND('',#8489,.F.);
#8489 = EDGE_LOOP('',(#8490,#8491,#8500,#8505));
#8490 = ORIENTED_EDGE('',*,*,#8473,.F.);
#8491 = ORIENTED_EDGE('',*,*,#8492,.T.);
#8492 = EDGE_CURVE('',#8465,#8493,#8495,.T.);
#8493 = VERTEX_POINT('',#8494);
#8494 = CARTESIAN_POINT('',(-0.106538994276,0.96,0.310798222458));
#8495 = B_SPLINE_CURVE_WITH_KNOTS('',3,(#8496,#8497,#8498,#8499),
  .UNSPECIFIED.,.F.,.F.,(4,4),(5.,6.),.PIECEWISE_BEZIER_KNOTS.);
#8496 = CARTESIAN_POINT('',(-0.104371099021,0.96,0.317691817443));
#8497 = CARTESIAN_POINT('',(-0.104371099021,0.96,0.315009242019));
#8498 = CARTESIAN_POINT('',(-0.105088531983,0.96,0.312700979445));
#8499 = CARTESIAN_POINT('',(-0.106538994276,0.96,0.310798222458));
#8500 = ORIENTED_EDGE('',*,*,#8501,.T.);
#8501 = EDGE_CURVE('',#8493,#780,#8502,.T.);
#8502 = B_SPLINE_CURVE_WITH_KNOTS('',1,(#8503,#8504),.UNSPECIFIED.,.F.,
  .F.,(2,2),(-0.,1.E-02),.PIECEWISE_BEZIER_KNOTS.);
#8503 = CARTESIAN_POINT('',(-0.106538994276,0.96,0.310798222458));
#8504 = CARTESIAN_POINT('',(-0.106538994276,0.95,0.310798222458));
#8505 = ORIENTED_EDGE('',*,*,#788,.F.);
#8506 = B_SPLINE_SURFACE_WITH_KNOTS('',3,1,(
    (#8507,#8508)
    ,(#8509,#8510)
    ,(#8511,#8512)
    ,(#8513,#8514
    )),.UNSPECIFIED.,.F.,.F.,.F.,(4,4),(2,2),(5.,6.),(0.,1.),
  .PIECEWISE_BEZIER_KNOTS.);
#8507 = CARTESIAN_POINT('',(-0.104371099021,0.96,0.317691817443));
#8508 = CARTESIAN_POINT('',(-0.104371099021,0.95,0.317691817443));
#8509 = CARTESIAN_POINT('',(-0.104371099021,0.96,0.315009242019));
#8510 = CARTESIAN_POINT('',(-0.104371099021,0.95,0.315009242019));
#8511 = CARTESIAN_POINT('',(-0.105088531983,0.96,0.312700979445));
#8512 = CARTESIAN_POINT('',(-0.105088531983,0.95,0.312700979445));
#8513 = CARTESIAN_POINT('',(-0.106538994276,0.96,0.310798222458));
#8514 = CARTESIAN_POINT('',(-0.106538994276,0.95,0.310798222458));
#8515 = ADVANCED_FACE('',(#8516),#8534,.F.);
#8516 = FACE_BOUND('',#8517,.F.);
#8517 = EDGE_LOOP('',(#8518,#8519,#8528,#8533));
#8518 = ORIENTED_EDGE('',*,*,#8501,.F.);
#8519 = ORIENTED_EDGE('',*,*,#8520,.T.);
#8520 = EDGE_CURVE('',#8493,#8521,#8523,.T.);
#8521 = VERTEX_POINT('',#8522);
#8522 = CARTESIAN_POINT('',(-0.115943604629,0.96,0.305027566022));
#8523 = B_SPLINE_CURVE_WITH_KNOTS('',3,(#8524,#8525,#8526,#8527),
  .UNSPECIFIED.,.F.,.F.,(4,4),(4.,5.),.PIECEWISE_BEZIER_KNOTS.);
#8524 = CARTESIAN_POINT('',(-0.106538994276,0.96,0.310798222458));
#8525 = CARTESIAN_POINT('',(-0.107973860201,0.96,0.308895465471));
#8526 = CARTESIAN_POINT('',(-0.111124326687,0.96,0.306961515746));
#8527 = CARTESIAN_POINT('',(-0.115943604629,0.96,0.305027566022));
#8528 = ORIENTED_EDGE('',*,*,#8529,.T.);
#8529 = EDGE_CURVE('',#8521,#771,#8530,.T.);
#8530 = B_SPLINE_CURVE_WITH_KNOTS('',1,(#8531,#8532),.UNSPECIFIED.,.F.,
  .F.,(2,2),(-0.,1.E-02),.PIECEWISE_BEZIER_KNOTS.);
#8531 = CARTESIAN_POINT('',(-0.115943604629,0.96,0.305027566022));
#8532 = CARTESIAN_POINT('',(-0.115943604629,0.95,0.305027566022));
#8533 = ORIENTED_EDGE('',*,*,#779,.F.);
#8534 = B_SPLINE_SURFACE_WITH_KNOTS('',3,1,(
    (#8535,#8536)
    ,(#8537,#8538)
    ,(#8539,#8540)
    ,(#8541,#8542
    )),.UNSPECIFIED.,.F.,.F.,.F.,(4,4),(2,2),(4.,5.),(0.,1.),
  .PIECEWISE_BEZIER_KNOTS.);
#8535 = CARTESIAN_POINT('',(-0.106538994276,0.96,0.310798222458));
#8536 = CARTESIAN_POINT('',(-0.106538994276,0.95,0.310798222458));
#8537 = CARTESIAN_POINT('',(-0.107973860201,0.96,0.308895465471));
#8538 = CARTESIAN_POINT('',(-0.107973860201,0.95,0.308895465471));
#8539 = CARTESIAN_POINT('',(-0.111124326687,0.96,0.306961515746));
#8540 = CARTESIAN_POINT('',(-0.111124326687,0.95,0.306961515746));
#8541 = CARTESIAN_POINT('',(-0.115943604629,0.96,0.305027566022));
#8542 = CARTESIAN_POINT('',(-0.115943604629,0.95,0.305027566022));
#8543 = ADVANCED_FACE('',(#8544),#8562,.F.);
#8544 = FACE_BOUND('',#8545,.F.);
#8545 = EDGE_LOOP('',(#8546,#8547,#8556,#8561));
#8546 = ORIENTED_EDGE('',*,*,#8529,.F.);
#8547 = ORIENTED_EDGE('',*,*,#8548,.T.);
#8548 = EDGE_CURVE('',#8521,#8549,#8551,.T.);
#8549 = VERTEX_POINT('',#8550);
#8550 = CARTESIAN_POINT('',(-0.123944541795,0.96,0.301128473836));
#8551 = B_SPLINE_CURVE_WITH_KNOTS('',3,(#8552,#8553,#8554,#8555),
  .UNSPECIFIED.,.F.,.F.,(4,4),(3.,4.),.PIECEWISE_BEZIER_KNOTS.);
#8552 = CARTESIAN_POINT('',(-0.115943604629,0.96,0.305027566022));
#8553 = CARTESIAN_POINT('',(-0.119967467765,0.96,0.303530314623));
#8554 = CARTESIAN_POINT('',(-0.122634446821,0.96,0.302220219648));
#8555 = CARTESIAN_POINT('',(-0.123944541795,0.96,0.301128473836));
#8556 = ORIENTED_EDGE('',*,*,#8557,.T.);
#8557 = EDGE_CURVE('',#8549,#762,#8558,.T.);
#8558 = B_SPLINE_CURVE_WITH_KNOTS('',1,(#8559,#8560),.UNSPECIFIED.,.F.,
  .F.,(2,2),(-0.,1.E-02),.PIECEWISE_BEZIER_KNOTS.);
#8559 = CARTESIAN_POINT('',(-0.123944541795,0.96,0.301128473836));
#8560 = CARTESIAN_POINT('',(-0.123944541795,0.95,0.301128473836));
#8561 = ORIENTED_EDGE('',*,*,#770,.F.);
#8562 = B_SPLINE_SURFACE_WITH_KNOTS('',3,1,(
    (#8563,#8564)
    ,(#8565,#8566)
    ,(#8567,#8568)
    ,(#8569,#8570
    )),.UNSPECIFIED.,.F.,.F.,.F.,(4,4),(2,2),(3.,4.),(0.,1.),
  .PIECEWISE_BEZIER_KNOTS.);
#8563 = CARTESIAN_POINT('',(-0.115943604629,0.96,0.305027566022));
#8564 = CARTESIAN_POINT('',(-0.115943604629,0.95,0.305027566022));
#8565 = CARTESIAN_POINT('',(-0.119967467765,0.96,0.303530314623));
#8566 = CARTESIAN_POINT('',(-0.119967467765,0.95,0.303530314623));
#8567 = CARTESIAN_POINT('',(-0.122634446821,0.96,0.302220219648));
#8568 = CARTESIAN_POINT('',(-0.122634446821,0.95,0.302220219648));
#8569 = CARTESIAN_POINT('',(-0.123944541795,0.96,0.301128473836));
#8570 = CARTESIAN_POINT('',(-0.123944541795,0.95,0.301128473836));
#8571 = ADVANCED_FACE('',(#8572),#8590,.F.);
#8572 = FACE_BOUND('',#8573,.F.);
#8573 = EDGE_LOOP('',(#8574,#8575,#8584,#8589));
#8574 = ORIENTED_EDGE('',*,*,#8557,.F.);
#8575 = ORIENTED_EDGE('',*,*,#8576,.T.);
#8576 = EDGE_CURVE('',#8549,#8577,#8579,.T.);
#8577 = VERTEX_POINT('',#8578);
#8578 = CARTESIAN_POINT('',(-0.125909684257,0.96,0.29697983975));
#8579 = B_SPLINE_CURVE_WITH_KNOTS('',3,(#8580,#8581,#8582,#8583),
  .UNSPECIFIED.,.F.,.F.,(4,4),(2.,3.),.PIECEWISE_BEZIER_KNOTS.);
#8580 = CARTESIAN_POINT('',(-0.123944541795,0.96,0.301128473836));
#8581 = CARTESIAN_POINT('',(-0.12525463677,0.96,0.300036728024));
#8582 = CARTESIAN_POINT('',(-0.125909684257,0.96,0.298664247574));
#8583 = CARTESIAN_POINT('',(-0.125909684257,0.96,0.29697983975));
#8584 = ORIENTED_EDGE('',*,*,#8585,.T.);
#8585 = EDGE_CURVE('',#8577,#753,#8586,.T.);
#8586 = B_SPLINE_CURVE_WITH_KNOTS('',1,(#8587,#8588),.UNSPECIFIED.,.F.,
  .F.,(2,2),(-0.,1.E-02),.PIECEWISE_BEZIER_KNOTS.);
#8587 = CARTESIAN_POINT('',(-0.125909684257,0.96,0.29697983975));
#8588 = CARTESIAN_POINT('',(-0.125909684257,0.95,0.29697983975));
#8589 = ORIENTED_EDGE('',*,*,#761,.F.);
#8590 = B_SPLINE_SURFACE_WITH_KNOTS('',3,1,(
    (#8591,#8592)
    ,(#8593,#8594)
    ,(#8595,#8596)
    ,(#8597,#8598
    )),.UNSPECIFIED.,.F.,.F.,.F.,(4,4),(2,2),(2.,3.),(0.,1.),
  .PIECEWISE_BEZIER_KNOTS.);
#8591 = CARTESIAN_POINT('',(-0.123944541795,0.96,0.301128473836));
#8592 = CARTESIAN_POINT('',(-0.123944541795,0.95,0.301128473836));
#8593 = CARTESIAN_POINT('',(-0.12525463677,0.96,0.300036728024));
#8594 = CARTESIAN_POINT('',(-0.12525463677,0.95,0.300036728024));
#8595 = CARTESIAN_POINT('',(-0.125909684257,0.96,0.298664247574));
#8596 = CARTESIAN_POINT('',(-0.125909684257,0.95,0.298664247574));
#8597 = CARTESIAN_POINT('',(-0.125909684257,0.96,0.29697983975));
#8598 = CARTESIAN_POINT('',(-0.125909684257,0.95,0.29697983975));
#8599 = ADVANCED_FACE('',(#8600),#8612,.F.);
#8600 = FACE_BOUND('',#8601,.F.);
#8601 = EDGE_LOOP('',(#8602,#8603,#8610,#8611));
#8602 = ORIENTED_EDGE('',*,*,#8585,.F.);
#8603 = ORIENTED_EDGE('',*,*,#8604,.T.);
#8604 = EDGE_CURVE('',#8577,#8050,#8605,.T.);
#8605 = B_SPLINE_CURVE_WITH_KNOTS('',3,(#8606,#8607,#8608,#8609),
  .UNSPECIFIED.,.F.,.F.,(4,4),(1.,2.),.PIECEWISE_BEZIER_KNOTS.);
#8606 = CARTESIAN_POINT('',(-0.125909684257,0.96,0.29697983975));
#8607 = CARTESIAN_POINT('',(-0.125909684257,0.96,0.293049554826));
#8608 = CARTESIAN_POINT('',(-0.122899585089,0.96,0.291084412364));
#8609 = CARTESIAN_POINT('',(-0.116894983123,0.96,0.291084412364));
#8610 = ORIENTED_EDGE('',*,*,#8049,.T.);
#8611 = ORIENTED_EDGE('',*,*,#752,.F.);
#8612 = B_SPLINE_SURFACE_WITH_KNOTS('',3,1,(
    (#8613,#8614)
    ,(#8615,#8616)
    ,(#8617,#8618)
    ,(#8619,#8620
    )),.UNSPECIFIED.,.F.,.F.,.F.,(4,4),(2,2),(1.,2.),(0.,1.),
  .PIECEWISE_BEZIER_KNOTS.);
#8613 = CARTESIAN_POINT('',(-0.125909684257,0.96,0.29697983975));
#8614 = CARTESIAN_POINT('',(-0.125909684257,0.95,0.29697983975));
#8615 = CARTESIAN_POINT('',(-0.125909684257,0.96,0.293049554826));
#8616 = CARTESIAN_POINT('',(-0.125909684257,0.95,0.293049554826));
#8617 = CARTESIAN_POINT('',(-0.122899585089,0.96,0.291084412364));
#8618 = CARTESIAN_POINT('',(-0.122899585089,0.95,0.291084412364));
#8619 = CARTESIAN_POINT('',(-0.116894983123,0.96,0.291084412364));
#8620 = CARTESIAN_POINT('',(-0.116894983123,0.95,0.291084412364));
#8621 = ADVANCED_FACE('',(#8622),#8645,.F.);
#8622 = FACE_BOUND('',#8623,.T.);
#8623 = EDGE_LOOP('',(#8624,#8625,#8626,#8627,#8628,#8629,#8630,#8631,
    #8632,#8633,#8634,#8635,#8636,#8637,#8638,#8639,#8640,#8641,#8642,
    #8643,#8644));
#8624 = ORIENTED_EDGE('',*,*,#8056,.T.);
#8625 = ORIENTED_EDGE('',*,*,#8091,.T.);
#8626 = ORIENTED_EDGE('',*,*,#8106,.T.);
#8627 = ORIENTED_EDGE('',*,*,#8134,.T.);
#8628 = ORIENTED_EDGE('',*,*,#8162,.T.);
#8629 = ORIENTED_EDGE('',*,*,#8190,.T.);
#8630 = ORIENTED_EDGE('',*,*,#8218,.T.);
#8631 = ORIENTED_EDGE('',*,*,#8246,.T.);
#8632 = ORIENTED_EDGE('',*,*,#8274,.T.);
#8633 = ORIENTED_EDGE('',*,*,#8302,.T.);
#8634 = ORIENTED_EDGE('',*,*,#8330,.T.);
#8635 = ORIENTED_EDGE('',*,*,#8358,.T.);
#8636 = ORIENTED_EDGE('',*,*,#8393,.T.);
#8637 = ORIENTED_EDGE('',*,*,#8408,.T.);
#8638 = ORIENTED_EDGE('',*,*,#8436,.T.);
#8639 = ORIENTED_EDGE('',*,*,#8464,.T.);
#8640 = ORIENTED_EDGE('',*,*,#8492,.T.);
#8641 = ORIENTED_EDGE('',*,*,#8520,.T.);
#8642 = ORIENTED_EDGE('',*,*,#8548,.T.);
#8643 = ORIENTED_EDGE('',*,*,#8576,.T.);
#8644 = ORIENTED_EDGE('',*,*,#8604,.T.);
#8645 = B_SPLINE_SURFACE_WITH_KNOTS('',1,1,(
    (#8646,#8647)
    ,(#8648,#8649
    )),.UNSPECIFIED.,.F.,.F.,.F.,(2,2),(2,2),(-3.831247982155E-02,
    7.29130238813E-03),(-2.336725947181E-02,6.063088349475E-03),
  .PIECEWISE_BEZIER_KNOTS.);
#8646 = CARTESIAN_POINT('',(-0.133754657736,0.96,0.330449647076));
#8647 = CARTESIAN_POINT('',(-0.104324309914,0.96,0.330449647076));
#8648 = CARTESIAN_POINT('',(-0.133754657736,0.96,0.284845864867));
#8649 = CARTESIAN_POINT('',(-0.104324309914,0.96,0.284845864867));
#8650 = ADVANCED_FACE('',(#8651),#8673,.F.);
#8651 = FACE_BOUND('',#8652,.T.);
#8652 = EDGE_LOOP('',(#8653,#8654,#8661,#8668));
#8653 = ORIENTED_EDGE('',*,*,#21,.T.);
#8654 = ORIENTED_EDGE('',*,*,#8655,.F.);
#8655 = EDGE_CURVE('',#8656,#24,#8658,.T.);
#8656 = VERTEX_POINT('',#8657);
#8657 = CARTESIAN_POINT('',(-0.171638237417,0.96,0.329451479476));
#8658 = B_SPLINE_CURVE_WITH_KNOTS('',1,(#8659,#8660),.UNSPECIFIED.,.F.,
  .F.,(2,2),(-0.,1.E-02),.PIECEWISE_BEZIER_KNOTS.);
#8659 = CARTESIAN_POINT('',(-0.171638237417,0.96,0.329451479476));
#8660 = CARTESIAN_POINT('',(-0.171638237417,0.95,0.329451479476));
#8661 = ORIENTED_EDGE('',*,*,#8662,.F.);
#8662 = EDGE_CURVE('',#8663,#8656,#8665,.T.);
#8663 = VERTEX_POINT('',#8664);
#8664 = CARTESIAN_POINT('',(-0.179561192739,0.96,0.329451479476));
#8665 = B_SPLINE_CURVE_WITH_KNOTS('',1,(#8666,#8667),.UNSPECIFIED.,.F.,
  .F.,(2,2),(-7.922955322041E-03,0.),.PIECEWISE_BEZIER_KNOTS.);
#8666 = CARTESIAN_POINT('',(-0.179561192739,0.96,0.329451479476));
#8667 = CARTESIAN_POINT('',(-0.171638237417,0.96,0.329451479476));
#8668 = ORIENTED_EDGE('',*,*,#8669,.T.);
#8669 = EDGE_CURVE('',#8663,#22,#8670,.T.);
#8670 = B_SPLINE_CURVE_WITH_KNOTS('',1,(#8671,#8672),.UNSPECIFIED.,.F.,
  .F.,(2,2),(-0.,1.E-02),.PIECEWISE_BEZIER_KNOTS.);
#8671 = CARTESIAN_POINT('',(-0.179561192739,0.96,0.329451479476));
#8672 = CARTESIAN_POINT('',(-0.179561192739,0.95,0.329451479476));
#8673 = B_SPLINE_SURFACE_WITH_KNOTS('',1,1,(
    (#8674,#8675)
    ,(#8676,#8677
    )),.UNSPECIFIED.,.F.,.F.,.F.,(2,2),(2,2),(0.,7.922955322041E-03),(
    -1.E-02,0.),.PIECEWISE_BEZIER_KNOTS.);
#8674 = CARTESIAN_POINT('',(-0.171638237417,0.95,0.329451479476));
#8675 = CARTESIAN_POINT('',(-0.171638237417,0.96,0.329451479476));
#8676 = CARTESIAN_POINT('',(-0.179561192739,0.95,0.329451479476));
#8677 = CARTESIAN_POINT('',(-0.179561192739,0.96,0.329451479476));
#8678 = ADVANCED_FACE('',(#8679),#8695,.F.);
#8679 = FACE_BOUND('',#8680,.T.);
#8680 = EDGE_LOOP('',(#8681,#8682,#8689,#8694));
#8681 = ORIENTED_EDGE('',*,*,#131,.T.);
#8682 = ORIENTED_EDGE('',*,*,#8683,.F.);
#8683 = EDGE_CURVE('',#8684,#123,#8686,.T.);
#8684 = VERTEX_POINT('',#8685);
#8685 = CARTESIAN_POINT('',(-0.159738208065,0.96,0.296636719637));
#8686 = B_SPLINE_CURVE_WITH_KNOTS('',1,(#8687,#8688),.UNSPECIFIED.,.F.,
  .F.,(2,2),(-0.,1.E-02),.PIECEWISE_BEZIER_KNOTS.);
#8687 = CARTESIAN_POINT('',(-0.159738208065,0.96,0.296636719637));
#8688 = CARTESIAN_POINT('',(-0.159738208065,0.95,0.296636719637));
#8689 = ORIENTED_EDGE('',*,*,#8690,.F.);
#8690 = EDGE_CURVE('',#8656,#8684,#8691,.T.);
#8691 = B_SPLINE_CURVE_WITH_KNOTS('',1,(#8692,#8693),.UNSPECIFIED.,.F.,
  .F.,(2,2),(-3.490586142583E-02,9.462369671662E-18),
  .PIECEWISE_BEZIER_KNOTS.);
#8692 = CARTESIAN_POINT('',(-0.171638237417,0.96,0.329451479476));
#8693 = CARTESIAN_POINT('',(-0.159738208065,0.96,0.296636719637));
#8694 = ORIENTED_EDGE('',*,*,#8655,.T.);
#8695 = B_SPLINE_SURFACE_WITH_KNOTS('',1,1,(
    (#8696,#8697)
    ,(#8698,#8699
    )),.UNSPECIFIED.,.F.,.F.,.F.,(2,2),(2,2),(-9.462369671662E-18,
    3.490586142583E-02),(-1.E-02,0.),.PIECEWISE_BEZIER_KNOTS.);
#8696 = CARTESIAN_POINT('',(-0.159738208065,0.95,0.296636719637));
#8697 = CARTESIAN_POINT('',(-0.159738208065,0.96,0.296636719637));
#8698 = CARTESIAN_POINT('',(-0.171638237417,0.95,0.329451479476));
#8699 = CARTESIAN_POINT('',(-0.171638237417,0.96,0.329451479476));
#8700 = ADVANCED_FACE('',(#8701),#8719,.F.);
#8701 = FACE_BOUND('',#8702,.F.);
#8702 = EDGE_LOOP('',(#8703,#8704,#8713,#8718));
#8703 = ORIENTED_EDGE('',*,*,#8683,.F.);
#8704 = ORIENTED_EDGE('',*,*,#8705,.T.);
#8705 = EDGE_CURVE('',#8684,#8706,#8708,.T.);
#8706 = VERTEX_POINT('',#8707);
#8707 = CARTESIAN_POINT('',(-0.15880242594,0.96,0.293111940301));
#8708 = B_SPLINE_CURVE_WITH_KNOTS('',3,(#8709,#8710,#8711,#8712),
  .UNSPECIFIED.,.F.,.F.,(4,4),(12.,13.),.PIECEWISE_BEZIER_KNOTS.);
#8709 = CARTESIAN_POINT('',(-0.159738208065,0.96,0.296636719637));
#8710 = CARTESIAN_POINT('',(-0.159270317002,0.96,0.295108275501));
#8711 = CARTESIAN_POINT('',(-0.158958389627,0.96,0.293922951476));
#8712 = CARTESIAN_POINT('',(-0.15880242594,0.96,0.293111940301));
#8713 = ORIENTED_EDGE('',*,*,#8714,.T.);
#8714 = EDGE_CURVE('',#8706,#116,#8715,.T.);
#8715 = B_SPLINE_CURVE_WITH_KNOTS('',1,(#8716,#8717),.UNSPECIFIED.,.F.,
  .F.,(2,2),(-0.,1.E-02),.PIECEWISE_BEZIER_KNOTS.);
#8716 = CARTESIAN_POINT('',(-0.15880242594,0.96,0.293111940301));
#8717 = CARTESIAN_POINT('',(-0.15880242594,0.95,0.293111940301));
#8718 = ORIENTED_EDGE('',*,*,#122,.F.);
#8719 = B_SPLINE_SURFACE_WITH_KNOTS('',3,1,(
    (#8720,#8721)
    ,(#8722,#8723)
    ,(#8724,#8725)
    ,(#8726,#8727
    )),.UNSPECIFIED.,.F.,.F.,.F.,(4,4),(2,2),(12.,13.),(0.,1.),
  .PIECEWISE_BEZIER_KNOTS.);
#8720 = CARTESIAN_POINT('',(-0.159738208065,0.96,0.296636719637));
#8721 = CARTESIAN_POINT('',(-0.159738208065,0.95,0.296636719637));
#8722 = CARTESIAN_POINT('',(-0.159270317002,0.96,0.295108275501));
#8723 = CARTESIAN_POINT('',(-0.159270317002,0.95,0.295108275501));
#8724 = CARTESIAN_POINT('',(-0.158958389627,0.96,0.293922951476));
#8725 = CARTESIAN_POINT('',(-0.158958389627,0.95,0.293922951476));
#8726 = CARTESIAN_POINT('',(-0.15880242594,0.96,0.293111940301));
#8727 = CARTESIAN_POINT('',(-0.15880242594,0.95,0.293111940301));
#8728 = ADVANCED_FACE('',(#8729),#8745,.F.);
#8729 = FACE_BOUND('',#8730,.T.);
#8730 = EDGE_LOOP('',(#8731,#8732,#8739,#8744));
#8731 = ORIENTED_EDGE('',*,*,#115,.T.);
#8732 = ORIENTED_EDGE('',*,*,#8733,.F.);
#8733 = EDGE_CURVE('',#8734,#109,#8736,.T.);
#8734 = VERTEX_POINT('',#8735);
#8735 = CARTESIAN_POINT('',(-0.158599673146,0.96,0.293111940301));
#8736 = B_SPLINE_CURVE_WITH_KNOTS('',1,(#8737,#8738),.UNSPECIFIED.,.F.,
  .F.,(2,2),(-0.,1.E-02),.PIECEWISE_BEZIER_KNOTS.);
#8737 = CARTESIAN_POINT('',(-0.158599673146,0.96,0.293111940301));
#8738 = CARTESIAN_POINT('',(-0.158599673146,0.95,0.293111940301));
#8739 = ORIENTED_EDGE('',*,*,#8740,.F.);
#8740 = EDGE_CURVE('',#8706,#8734,#8741,.T.);
#8741 = B_SPLINE_CURVE_WITH_KNOTS('',1,(#8742,#8743),.UNSPECIFIED.,.F.,
  .F.,(2,2),(-2.027527934503E-04,0.),.PIECEWISE_BEZIER_KNOTS.);
#8742 = CARTESIAN_POINT('',(-0.15880242594,0.96,0.293111940301));
#8743 = CARTESIAN_POINT('',(-0.158599673146,0.96,0.293111940301));
#8744 = ORIENTED_EDGE('',*,*,#8714,.T.);
#8745 = B_SPLINE_SURFACE_WITH_KNOTS('',1,1,(
    (#8746,#8747)
    ,(#8748,#8749
    )),.UNSPECIFIED.,.F.,.F.,.F.,(2,2),(2,2),(-0.,2.027527934503E-04),(
    -1.E-02,0.),.PIECEWISE_BEZIER_KNOTS.);
#8746 = CARTESIAN_POINT('',(-0.158599673146,0.95,0.293111940301));
#8747 = CARTESIAN_POINT('',(-0.158599673146,0.96,0.293111940301));
#8748 = CARTESIAN_POINT('',(-0.15880242594,0.95,0.293111940301));
#8749 = CARTESIAN_POINT('',(-0.15880242594,0.96,0.293111940301));
#8750 = ADVANCED_FACE('',(#8751),#8767,.F.);
#8751 = FACE_BOUND('',#8752,.T.);
#8752 = EDGE_LOOP('',(#8753,#8754,#8761,#8766));
#8753 = ORIENTED_EDGE('',*,*,#108,.T.);
#8754 = ORIENTED_EDGE('',*,*,#8755,.F.);
#8755 = EDGE_CURVE('',#8756,#102,#8758,.T.);
#8756 = VERTEX_POINT('',#8757);
#8757 = CARTESIAN_POINT('',(-0.157663891021,0.96,0.296699105112));
#8758 = B_SPLINE_CURVE_WITH_KNOTS('',1,(#8759,#8760),.UNSPECIFIED.,.F.,
  .F.,(2,2),(-0.,1.E-02),.PIECEWISE_BEZIER_KNOTS.);
#8759 = CARTESIAN_POINT('',(-0.157663891021,0.96,0.296699105112));
#8760 = CARTESIAN_POINT('',(-0.157663891021,0.95,0.296699105112));
#8761 = ORIENTED_EDGE('',*,*,#8762,.F.);
#8762 = EDGE_CURVE('',#8734,#8756,#8763,.T.);
#8763 = B_SPLINE_CURVE_WITH_KNOTS('',1,(#8764,#8765),.UNSPECIFIED.,.F.,
  .F.,(2,2),(-3.707214529686E-03,0.),.PIECEWISE_BEZIER_KNOTS.);
#8764 = CARTESIAN_POINT('',(-0.158599673146,0.96,0.293111940301));
#8765 = CARTESIAN_POINT('',(-0.157663891021,0.96,0.296699105112));
#8766 = ORIENTED_EDGE('',*,*,#8733,.T.);
#8767 = B_SPLINE_SURFACE_WITH_KNOTS('',1,1,(
    (#8768,#8769)
    ,(#8770,#8771
    )),.UNSPECIFIED.,.F.,.F.,.F.,(2,2),(2,2),(0.,3.707214529686E-03),(
    -1.E-02,0.),.PIECEWISE_BEZIER_KNOTS.);
#8768 = CARTESIAN_POINT('',(-0.157663891021,0.95,0.296699105112));
#8769 = CARTESIAN_POINT('',(-0.157663891021,0.96,0.296699105112));
#8770 = CARTESIAN_POINT('',(-0.158599673146,0.95,0.293111940301));
#8771 = CARTESIAN_POINT('',(-0.158599673146,0.96,0.293111940301));
#8772 = ADVANCED_FACE('',(#8773),#8789,.F.);
#8773 = FACE_BOUND('',#8774,.T.);
#8774 = EDGE_LOOP('',(#8775,#8776,#8783,#8788));
#8775 = ORIENTED_EDGE('',*,*,#101,.T.);
#8776 = ORIENTED_EDGE('',*,*,#8777,.F.);
#8777 = EDGE_CURVE('',#8778,#95,#8780,.T.);
#8778 = VERTEX_POINT('',#8779);
#8779 = CARTESIAN_POINT('',(-0.146278541838,0.96,0.329451479476));
#8780 = B_SPLINE_CURVE_WITH_KNOTS('',1,(#8781,#8782),.UNSPECIFIED.,.F.,
  .F.,(2,2),(-0.,1.E-02),.PIECEWISE_BEZIER_KNOTS.);
#8781 = CARTESIAN_POINT('',(-0.146278541838,0.96,0.329451479476));
#8782 = CARTESIAN_POINT('',(-0.146278541838,0.95,0.329451479476));
#8783 = ORIENTED_EDGE('',*,*,#8784,.F.);
#8784 = EDGE_CURVE('',#8756,#8778,#8785,.T.);
#8785 = B_SPLINE_CURVE_WITH_KNOTS('',1,(#8786,#8787),.UNSPECIFIED.,.F.,
  .F.,(2,2),(-3.467483529186E-02,0.),.PIECEWISE_BEZIER_KNOTS.);
#8786 = CARTESIAN_POINT('',(-0.157663891021,0.96,0.296699105112));
#8787 = CARTESIAN_POINT('',(-0.146278541838,0.96,0.329451479476));
#8788 = ORIENTED_EDGE('',*,*,#8755,.T.);
#8789 = B_SPLINE_SURFACE_WITH_KNOTS('',1,1,(
    (#8790,#8791)
    ,(#8792,#8793
    )),.UNSPECIFIED.,.F.,.F.,.F.,(2,2),(2,2),(-8.389355525202E-16,
    3.467483529186E-02),(-1.E-02,0.),.PIECEWISE_BEZIER_KNOTS.);
#8790 = CARTESIAN_POINT('',(-0.146278541838,0.95,0.329451479476));
#8791 = CARTESIAN_POINT('',(-0.146278541838,0.96,0.329451479476));
#8792 = CARTESIAN_POINT('',(-0.157663891021,0.95,0.296699105112));
#8793 = CARTESIAN_POINT('',(-0.157663891021,0.96,0.296699105112));
#8794 = ADVANCED_FACE('',(#8795),#8811,.F.);
#8795 = FACE_BOUND('',#8796,.T.);
#8796 = EDGE_LOOP('',(#8797,#8798,#8805,#8810));
#8797 = ORIENTED_EDGE('',*,*,#94,.T.);
#8798 = ORIENTED_EDGE('',*,*,#8799,.F.);
#8799 = EDGE_CURVE('',#8800,#88,#8802,.T.);
#8800 = VERTEX_POINT('',#8801);
#8801 = CARTESIAN_POINT('',(-0.137731731766,0.96,0.329451479476));
#8802 = B_SPLINE_CURVE_WITH_KNOTS('',1,(#8803,#8804),.UNSPECIFIED.,.F.,
  .F.,(2,2),(-0.,1.E-02),.PIECEWISE_BEZIER_KNOTS.);
#8803 = CARTESIAN_POINT('',(-0.137731731766,0.96,0.329451479476));
#8804 = CARTESIAN_POINT('',(-0.137731731766,0.95,0.329451479476));
#8805 = ORIENTED_EDGE('',*,*,#8806,.F.);
#8806 = EDGE_CURVE('',#8778,#8800,#8807,.T.);
#8807 = B_SPLINE_CURVE_WITH_KNOTS('',1,(#8808,#8809),.UNSPECIFIED.,.F.,
  .F.,(2,2),(-8.546810072159E-03,0.),.PIECEWISE_BEZIER_KNOTS.);
#8808 = CARTESIAN_POINT('',(-0.146278541838,0.96,0.329451479476));
#8809 = CARTESIAN_POINT('',(-0.137731731766,0.96,0.329451479476));
#8810 = ORIENTED_EDGE('',*,*,#8777,.T.);
#8811 = B_SPLINE_SURFACE_WITH_KNOTS('',1,1,(
    (#8812,#8813)
    ,(#8814,#8815
    )),.UNSPECIFIED.,.F.,.F.,.F.,(2,2),(2,2),(-5.551115123125E-17,
    8.546810072159E-03),(-1.E-02,0.),.PIECEWISE_BEZIER_KNOTS.);
#8812 = CARTESIAN_POINT('',(-0.137731731766,0.95,0.329451479476));
#8813 = CARTESIAN_POINT('',(-0.137731731766,0.96,0.329451479476));
#8814 = CARTESIAN_POINT('',(-0.146278541838,0.95,0.329451479476));
#8815 = CARTESIAN_POINT('',(-0.146278541838,0.96,0.329451479476));
#8816 = ADVANCED_FACE('',(#8817),#8833,.F.);
#8817 = FACE_BOUND('',#8818,.T.);
#8818 = EDGE_LOOP('',(#8819,#8820,#8827,#8832));
#8819 = ORIENTED_EDGE('',*,*,#87,.T.);
#8820 = ORIENTED_EDGE('',*,*,#8821,.F.);
#8821 = EDGE_CURVE('',#8822,#81,#8824,.T.);
#8822 = VERTEX_POINT('',#8823);
#8823 = CARTESIAN_POINT('',(-0.15482535191,0.96,0.285968803416));
#8824 = B_SPLINE_CURVE_WITH_KNOTS('',1,(#8825,#8826),.UNSPECIFIED.,.F.,
  .F.,(2,2),(-0.,1.E-02),.PIECEWISE_BEZIER_KNOTS.);
#8825 = CARTESIAN_POINT('',(-0.15482535191,0.96,0.285968803416));
#8826 = CARTESIAN_POINT('',(-0.15482535191,0.95,0.285968803416));
#8827 = ORIENTED_EDGE('',*,*,#8828,.F.);
#8828 = EDGE_CURVE('',#8800,#8822,#8829,.T.);
#8829 = B_SPLINE_CURVE_WITH_KNOTS('',1,(#8830,#8831),.UNSPECIFIED.,.F.,
  .F.,(2,2),(-4.672188959154E-02,-0.),.PIECEWISE_BEZIER_KNOTS.);
#8830 = CARTESIAN_POINT('',(-0.137731731766,0.96,0.329451479476));
#8831 = CARTESIAN_POINT('',(-0.15482535191,0.96,0.285968803416));
#8832 = ORIENTED_EDGE('',*,*,#8799,.T.);
#8833 = B_SPLINE_SURFACE_WITH_KNOTS('',1,1,(
    (#8834,#8835)
    ,(#8836,#8837
    )),.UNSPECIFIED.,.F.,.F.,.F.,(2,2),(2,2),(0.,4.672188959154E-02),(
    -1.E-02,0.),.PIECEWISE_BEZIER_KNOTS.);
#8834 = CARTESIAN_POINT('',(-0.15482535191,0.95,0.285968803416));
#8835 = CARTESIAN_POINT('',(-0.15482535191,0.96,0.285968803416));
#8836 = CARTESIAN_POINT('',(-0.137731731766,0.95,0.329451479476));
#8837 = CARTESIAN_POINT('',(-0.137731731766,0.96,0.329451479476));
#8838 = ADVANCED_FACE('',(#8839),#8855,.F.);
#8839 = FACE_BOUND('',#8840,.T.);
#8840 = EDGE_LOOP('',(#8841,#8842,#8849,#8854));
#8841 = ORIENTED_EDGE('',*,*,#80,.T.);
#8842 = ORIENTED_EDGE('',*,*,#8843,.F.);
#8843 = EDGE_CURVE('',#8844,#72,#8846,.T.);
#8844 = VERTEX_POINT('',#8845);
#8845 = CARTESIAN_POINT('',(-0.15147213263,0.96,0.278045848094));
#8846 = B_SPLINE_CURVE_WITH_KNOTS('',1,(#8847,#8848),.UNSPECIFIED.,.F.,
  .F.,(2,2),(-0.,1.E-02),.PIECEWISE_BEZIER_KNOTS.);
#8847 = CARTESIAN_POINT('',(-0.15147213263,0.96,0.278045848094));
#8848 = CARTESIAN_POINT('',(-0.15147213263,0.95,0.278045848094));
#8849 = ORIENTED_EDGE('',*,*,#8850,.F.);
#8850 = EDGE_CURVE('',#8822,#8844,#8851,.T.);
#8851 = B_SPLINE_CURVE_WITH_KNOTS('',1,(#8852,#8853),.UNSPECIFIED.,.F.,
  .F.,(2,2),(-8.603330784243E-03,1.081796499784E-17),
  .PIECEWISE_BEZIER_KNOTS.);
#8852 = CARTESIAN_POINT('',(-0.15482535191,0.96,0.285968803416));
#8853 = CARTESIAN_POINT('',(-0.15147213263,0.96,0.278045848094));
#8854 = ORIENTED_EDGE('',*,*,#8821,.T.);
#8855 = B_SPLINE_SURFACE_WITH_KNOTS('',1,1,(
    (#8856,#8857)
    ,(#8858,#8859
    )),.UNSPECIFIED.,.F.,.F.,.F.,(2,2),(2,2),(-1.081796499784E-17,
    8.603330784244E-03),(-1.E-02,0.),.PIECEWISE_BEZIER_KNOTS.);
#8856 = CARTESIAN_POINT('',(-0.15147213263,0.95,0.278045848094));
#8857 = CARTESIAN_POINT('',(-0.15147213263,0.96,0.278045848094));
#8858 = CARTESIAN_POINT('',(-0.15482535191,0.95,0.285968803416));
#8859 = CARTESIAN_POINT('',(-0.15482535191,0.96,0.285968803416));
#8860 = ADVANCED_FACE('',(#8861),#8879,.F.);
#8861 = FACE_BOUND('',#8862,.F.);
#8862 = EDGE_LOOP('',(#8863,#8864,#8873,#8878));
#8863 = ORIENTED_EDGE('',*,*,#8843,.F.);
#8864 = ORIENTED_EDGE('',*,*,#8865,.T.);
#8865 = EDGE_CURVE('',#8844,#8866,#8868,.T.);
#8866 = VERTEX_POINT('',#8867);
#8867 = CARTESIAN_POINT('',(-0.14364275552,0.96,0.271900878808));
#8868 = B_SPLINE_CURVE_WITH_KNOTS('',3,(#8869,#8870,#8871,#8872),
  .UNSPECIFIED.,.F.,.F.,(4,4),(5.,6.),.PIECEWISE_BEZIER_KNOTS.);
#8869 = CARTESIAN_POINT('',(-0.15147213263,0.96,0.278045848094));
#8870 = CARTESIAN_POINT('',(-0.149740935699,0.96,0.273928406745));
#8871 = CARTESIAN_POINT('',(-0.147136342119,0.96,0.271900878808));
#8872 = CARTESIAN_POINT('',(-0.14364275552,0.96,0.271900878808));
#8873 = ORIENTED_EDGE('',*,*,#8874,.T.);
#8874 = EDGE_CURVE('',#8866,#63,#8875,.T.);
#8875 = B_SPLINE_CURVE_WITH_KNOTS('',1,(#8876,#8877),.UNSPECIFIED.,.F.,
  .F.,(2,2),(-0.,1.E-02),.PIECEWISE_BEZIER_KNOTS.);
#8876 = CARTESIAN_POINT('',(-0.14364275552,0.96,0.271900878808));
#8877 = CARTESIAN_POINT('',(-0.14364275552,0.95,0.271900878808));
#8878 = ORIENTED_EDGE('',*,*,#71,.F.);
#8879 = B_SPLINE_SURFACE_WITH_KNOTS('',3,1,(
    (#8880,#8881)
    ,(#8882,#8883)
    ,(#8884,#8885)
    ,(#8886,#8887
    )),.UNSPECIFIED.,.F.,.F.,.F.,(4,4),(2,2),(5.,6.),(0.,1.),
  .PIECEWISE_BEZIER_KNOTS.);
#8880 = CARTESIAN_POINT('',(-0.15147213263,0.96,0.278045848094));
#8881 = CARTESIAN_POINT('',(-0.15147213263,0.95,0.278045848094));
#8882 = CARTESIAN_POINT('',(-0.149740935699,0.96,0.273928406745));
#8883 = CARTESIAN_POINT('',(-0.149740935699,0.95,0.273928406745));
#8884 = CARTESIAN_POINT('',(-0.147136342119,0.96,0.271900878808));
#8885 = CARTESIAN_POINT('',(-0.147136342119,0.95,0.271900878808));
#8886 = CARTESIAN_POINT('',(-0.14364275552,0.96,0.271900878808));
#8887 = CARTESIAN_POINT('',(-0.14364275552,0.95,0.271900878808));
#8888 = ADVANCED_FACE('',(#8889),#8907,.F.);
#8889 = FACE_BOUND('',#8890,.F.);
#8890 = EDGE_LOOP('',(#8891,#8892,#8901,#8906));
#8891 = ORIENTED_EDGE('',*,*,#8874,.F.);
#8892 = ORIENTED_EDGE('',*,*,#8893,.T.);
#8893 = EDGE_CURVE('',#8866,#8894,#8896,.T.);
#8894 = VERTEX_POINT('',#8895);
#8895 = CARTESIAN_POINT('',(-0.139306965009,0.96,0.272774275458));
#8896 = B_SPLINE_CURVE_WITH_KNOTS('',3,(#8897,#8898,#8899,#8900),
  .UNSPECIFIED.,.F.,.F.,(4,4),(4.,5.),.PIECEWISE_BEZIER_KNOTS.);
#8897 = CARTESIAN_POINT('',(-0.14364275552,0.96,0.271900878808));
#8898 = CARTESIAN_POINT('',(-0.142239082333,0.96,0.271900878808));
#8899 = CARTESIAN_POINT('',(-0.140804216408,0.96,0.272181613446));
#8900 = CARTESIAN_POINT('',(-0.139306965009,0.96,0.272774275458));
#8901 = ORIENTED_EDGE('',*,*,#8902,.T.);
#8902 = EDGE_CURVE('',#8894,#56,#8903,.T.);
#8903 = B_SPLINE_CURVE_WITH_KNOTS('',1,(#8904,#8905),.UNSPECIFIED.,.F.,
  .F.,(2,2),(-0.,1.E-02),.PIECEWISE_BEZIER_KNOTS.);
#8904 = CARTESIAN_POINT('',(-0.139306965009,0.96,0.272774275458));
#8905 = CARTESIAN_POINT('',(-0.139306965009,0.95,0.272774275458));
#8906 = ORIENTED_EDGE('',*,*,#62,.F.);
#8907 = B_SPLINE_SURFACE_WITH_KNOTS('',3,1,(
    (#8908,#8909)
    ,(#8910,#8911)
    ,(#8912,#8913)
    ,(#8914,#8915
    )),.UNSPECIFIED.,.F.,.F.,.F.,(4,4),(2,2),(4.,5.),(0.,1.),
  .PIECEWISE_BEZIER_KNOTS.);
#8908 = CARTESIAN_POINT('',(-0.14364275552,0.96,0.271900878808));
#8909 = CARTESIAN_POINT('',(-0.14364275552,0.95,0.271900878808));
#8910 = CARTESIAN_POINT('',(-0.142239082333,0.96,0.271900878808));
#8911 = CARTESIAN_POINT('',(-0.142239082333,0.95,0.271900878808));
#8912 = CARTESIAN_POINT('',(-0.140804216408,0.96,0.272181613446));
#8913 = CARTESIAN_POINT('',(-0.140804216408,0.95,0.272181613446));
#8914 = CARTESIAN_POINT('',(-0.139306965009,0.96,0.272774275458));
#8915 = CARTESIAN_POINT('',(-0.139306965009,0.95,0.272774275458));
#8916 = ADVANCED_FACE('',(#8917),#8933,.F.);
#8917 = FACE_BOUND('',#8918,.T.);
#8918 = EDGE_LOOP('',(#8919,#8920,#8927,#8932));
#8919 = ORIENTED_EDGE('',*,*,#55,.T.);
#8920 = ORIENTED_EDGE('',*,*,#8921,.F.);
#8921 = EDGE_CURVE('',#8922,#47,#8924,.T.);
#8922 = VERTEX_POINT('',#8923);
#8923 = CARTESIAN_POINT('',(-0.139306965009,0.96,0.265974258685));
#8924 = B_SPLINE_CURVE_WITH_KNOTS('',1,(#8925,#8926),.UNSPECIFIED.,.F.,
  .F.,(2,2),(-0.,1.E-02),.PIECEWISE_BEZIER_KNOTS.);
#8925 = CARTESIAN_POINT('',(-0.139306965009,0.96,0.265974258685));
#8926 = CARTESIAN_POINT('',(-0.139306965009,0.95,0.265974258685));
#8927 = ORIENTED_EDGE('',*,*,#8928,.F.);
#8928 = EDGE_CURVE('',#8894,#8922,#8929,.T.);
#8929 = B_SPLINE_CURVE_WITH_KNOTS('',1,(#8930,#8931),.UNSPECIFIED.,.F.,
  .F.,(2,2),(-6.800016772865E-03,2.212689790791E-31),
  .PIECEWISE_BEZIER_KNOTS.);
#8930 = CARTESIAN_POINT('',(-0.139306965009,0.96,0.272774275458));
#8931 = CARTESIAN_POINT('',(-0.139306965009,0.96,0.265974258685));
#8932 = ORIENTED_EDGE('',*,*,#8902,.T.);
#8933 = B_SPLINE_SURFACE_WITH_KNOTS('',1,1,(
    (#8934,#8935)
    ,(#8936,#8937
    )),.UNSPECIFIED.,.F.,.F.,.F.,(2,2),(2,2),(-2.212689790791E-31,
    6.800016772866E-03),(-1.E-02,0.),.PIECEWISE_BEZIER_KNOTS.);
#8934 = CARTESIAN_POINT('',(-0.139306965009,0.95,0.265974258685));
#8935 = CARTESIAN_POINT('',(-0.139306965009,0.96,0.265974258685));
#8936 = CARTESIAN_POINT('',(-0.139306965009,0.95,0.272774275458));
#8937 = CARTESIAN_POINT('',(-0.139306965009,0.96,0.272774275458));
#8938 = ADVANCED_FACE('',(#8939),#8957,.F.);
#8939 = FACE_BOUND('',#8940,.F.);
#8940 = EDGE_LOOP('',(#8941,#8942,#8951,#8956));
#8941 = ORIENTED_EDGE('',*,*,#8921,.F.);
#8942 = ORIENTED_EDGE('',*,*,#8943,.T.);
#8943 = EDGE_CURVE('',#8922,#8944,#8946,.T.);
#8944 = VERTEX_POINT('',#8945);
#8945 = CARTESIAN_POINT('',(-0.144235417532,0.96,0.265350403935));
#8946 = B_SPLINE_CURVE_WITH_KNOTS('',3,(#8947,#8948,#8949,#8950),
  .UNSPECIFIED.,.F.,.F.,(4,4),(2.,3.),.PIECEWISE_BEZIER_KNOTS.);
#8947 = CARTESIAN_POINT('',(-0.139306965009,0.96,0.265974258685));
#8948 = CARTESIAN_POINT('',(-0.14066384909,0.96,0.265568753098));
#8949 = CARTESIAN_POINT('',(-0.142317064177,0.96,0.265350403935));
#8950 = CARTESIAN_POINT('',(-0.144235417532,0.96,0.265350403935));
#8951 = ORIENTED_EDGE('',*,*,#8952,.T.);
#8952 = EDGE_CURVE('',#8944,#38,#8953,.T.);
#8953 = B_SPLINE_CURVE_WITH_KNOTS('',1,(#8954,#8955),.UNSPECIFIED.,.F.,
  .F.,(2,2),(-0.,1.E-02),.PIECEWISE_BEZIER_KNOTS.);
#8954 = CARTESIAN_POINT('',(-0.144235417532,0.96,0.265350403935));
#8955 = CARTESIAN_POINT('',(-0.144235417532,0.95,0.265350403935));
#8956 = ORIENTED_EDGE('',*,*,#46,.F.);
#8957 = B_SPLINE_SURFACE_WITH_KNOTS('',3,1,(
    (#8958,#8959)
    ,(#8960,#8961)
    ,(#8962,#8963)
    ,(#8964,#8965
    )),.UNSPECIFIED.,.F.,.F.,.F.,(4,4),(2,2),(2.,3.),(0.,1.),
  .PIECEWISE_BEZIER_KNOTS.);
#8958 = CARTESIAN_POINT('',(-0.139306965009,0.96,0.265974258685));
#8959 = CARTESIAN_POINT('',(-0.139306965009,0.95,0.265974258685));
#8960 = CARTESIAN_POINT('',(-0.14066384909,0.96,0.265568753098));
#8961 = CARTESIAN_POINT('',(-0.14066384909,0.95,0.265568753098));
#8962 = CARTESIAN_POINT('',(-0.142317064177,0.96,0.265350403935));
#8963 = CARTESIAN_POINT('',(-0.142317064177,0.95,0.265350403935));
#8964 = CARTESIAN_POINT('',(-0.144235417532,0.96,0.265350403935));
#8965 = CARTESIAN_POINT('',(-0.144235417532,0.95,0.265350403935));
#8966 = ADVANCED_FACE('',(#8967),#8985,.F.);
#8967 = FACE_BOUND('',#8968,.F.);
#8968 = EDGE_LOOP('',(#8969,#8970,#8979,#8984));
#8969 = ORIENTED_EDGE('',*,*,#8952,.F.);
#8970 = ORIENTED_EDGE('',*,*,#8971,.T.);
#8971 = EDGE_CURVE('',#8944,#8972,#8974,.T.);
#8972 = VERTEX_POINT('',#8973);
#8973 = CARTESIAN_POINT('',(-0.159784997171,0.96,0.279293557594));
#8974 = B_SPLINE_CURVE_WITH_KNOTS('',3,(#8975,#8976,#8977,#8978),
  .UNSPECIFIED.,.F.,.F.,(4,4),(1.,2.),.PIECEWISE_BEZIER_KNOTS.);
#8975 = CARTESIAN_POINT('',(-0.144235417532,0.96,0.265350403935));
#8976 = CARTESIAN_POINT('',(-0.150926259724,0.96,0.265350403935));
#8977 = CARTESIAN_POINT('',(-0.156104254147,0.96,0.269998121821));
#8978 = CARTESIAN_POINT('',(-0.159784997171,0.96,0.279293557594));
#8979 = ORIENTED_EDGE('',*,*,#8980,.T.);
#8980 = EDGE_CURVE('',#8972,#31,#8981,.T.);
#8981 = B_SPLINE_CURVE_WITH_KNOTS('',1,(#8982,#8983),.UNSPECIFIED.,.F.,
  .F.,(2,2),(-0.,1.E-02),.PIECEWISE_BEZIER_KNOTS.);
#8982 = CARTESIAN_POINT('',(-0.159784997171,0.96,0.279293557594));
#8983 = CARTESIAN_POINT('',(-0.159784997171,0.95,0.279293557594));
#8984 = ORIENTED_EDGE('',*,*,#37,.F.);
#8985 = B_SPLINE_SURFACE_WITH_KNOTS('',3,1,(
    (#8986,#8987)
    ,(#8988,#8989)
    ,(#8990,#8991)
    ,(#8992,#8993
    )),.UNSPECIFIED.,.F.,.F.,.F.,(4,4),(2,2),(1.,2.),(0.,1.),
  .PIECEWISE_BEZIER_KNOTS.);
#8986 = CARTESIAN_POINT('',(-0.144235417532,0.96,0.265350403935));
#8987 = CARTESIAN_POINT('',(-0.144235417532,0.95,0.265350403935));
#8988 = CARTESIAN_POINT('',(-0.150926259724,0.96,0.265350403935));
#8989 = CARTESIAN_POINT('',(-0.150926259724,0.95,0.265350403935));
#8990 = CARTESIAN_POINT('',(-0.156104254147,0.96,0.269998121821));
#8991 = CARTESIAN_POINT('',(-0.156104254147,0.95,0.269998121821));
#8992 = CARTESIAN_POINT('',(-0.159784997171,0.96,0.279293557594));
#8993 = CARTESIAN_POINT('',(-0.159784997171,0.95,0.279293557594));
#8994 = ADVANCED_FACE('',(#8995),#9005,.F.);
#8995 = FACE_BOUND('',#8996,.T.);
#8996 = EDGE_LOOP('',(#8997,#8998,#8999,#9004));
#8997 = ORIENTED_EDGE('',*,*,#30,.T.);
#8998 = ORIENTED_EDGE('',*,*,#8669,.F.);
#8999 = ORIENTED_EDGE('',*,*,#9000,.F.);
#9000 = EDGE_CURVE('',#8972,#8663,#9001,.T.);
#9001 = B_SPLINE_CURVE_WITH_KNOTS('',1,(#9002,#9003),.UNSPECIFIED.,.F.,
  .F.,(2,2),(-5.39158143662E-02,0.),.PIECEWISE_BEZIER_KNOTS.);
#9002 = CARTESIAN_POINT('',(-0.159784997171,0.96,0.279293557594));
#9003 = CARTESIAN_POINT('',(-0.179561192739,0.96,0.329451479476));
#9004 = ORIENTED_EDGE('',*,*,#8980,.T.);
#9005 = B_SPLINE_SURFACE_WITH_KNOTS('',1,1,(
    (#9006,#9007)
    ,(#9008,#9009
    )),.UNSPECIFIED.,.F.,.F.,.F.,(2,2),(2,2),(0.,5.39158143662E-02),(
    -1.E-02,0.),.PIECEWISE_BEZIER_KNOTS.);
#9006 = CARTESIAN_POINT('',(-0.179561192739,0.95,0.329451479476));
#9007 = CARTESIAN_POINT('',(-0.179561192739,0.96,0.329451479476));
#9008 = CARTESIAN_POINT('',(-0.159784997171,0.95,0.279293557594));
#9009 = CARTESIAN_POINT('',(-0.159784997171,0.96,0.279293557594));
#9010 = ADVANCED_FACE('',(#9011),#9028,.T.);
#9011 = FACE_BOUND('',#9012,.T.);
#9012 = EDGE_LOOP('',(#9013,#9014,#9015,#9016,#9017,#9018,#9019,#9020,
    #9021,#9022,#9023,#9024,#9025,#9026,#9027));
#9013 = ORIENTED_EDGE('',*,*,#8662,.T.);
#9014 = ORIENTED_EDGE('',*,*,#8690,.T.);
#9015 = ORIENTED_EDGE('',*,*,#8705,.T.);
#9016 = ORIENTED_EDGE('',*,*,#8740,.T.);
#9017 = ORIENTED_EDGE('',*,*,#8762,.T.);
#9018 = ORIENTED_EDGE('',*,*,#8784,.T.);
#9019 = ORIENTED_EDGE('',*,*,#8806,.T.);
#9020 = ORIENTED_EDGE('',*,*,#8828,.T.);
#9021 = ORIENTED_EDGE('',*,*,#8850,.T.);
#9022 = ORIENTED_EDGE('',*,*,#8865,.T.);
#9023 = ORIENTED_EDGE('',*,*,#8893,.T.);
#9024 = ORIENTED_EDGE('',*,*,#8928,.T.);
#9025 = ORIENTED_EDGE('',*,*,#8943,.T.);
#9026 = ORIENTED_EDGE('',*,*,#8971,.T.);
#9027 = ORIENTED_EDGE('',*,*,#9000,.T.);
#9028 = B_SPLINE_SURFACE_WITH_KNOTS('',1,1,(
    (#9029,#9030)
    ,(#9031,#9032
    )),.UNSPECIFIED.,.F.,.F.,.F.,(2,2),(2,2),(-3.485788414535E-03,
    6.061528712655E-02),(-2.642219819964E-02,1.540726277374E-02),
  .PIECEWISE_BEZIER_KNOTS.);
#9029 = CARTESIAN_POINT('',(-0.179561192739,0.96,0.265350403935));
#9030 = CARTESIAN_POINT('',(-0.137731731766,0.96,0.265350403935));
#9031 = CARTESIAN_POINT('',(-0.179561192739,0.96,0.329451479476));
#9032 = CARTESIAN_POINT('',(-0.137731731766,0.96,0.329451479476));
#9033 = ADVANCED_FACE('',(#9034),#9056,.F.);
#9034 = FACE_BOUND('',#9035,.T.);
#9035 = EDGE_LOOP('',(#9036,#9037,#9044,#9051));
#9036 = ORIENTED_EDGE('',*,*,#928,.T.);
#9037 = ORIENTED_EDGE('',*,*,#9038,.F.);
#9038 = EDGE_CURVE('',#9039,#931,#9041,.T.);
#9039 = VERTEX_POINT('',#9040);
#9040 = CARTESIAN_POINT('',(-0.220610835275,0.96,0.292831205664));
#9041 = B_SPLINE_CURVE_WITH_KNOTS('',1,(#9042,#9043),.UNSPECIFIED.,.F.,
  .F.,(2,2),(-0.,1.E-02),.PIECEWISE_BEZIER_KNOTS.);
#9042 = CARTESIAN_POINT('',(-0.220610835275,0.96,0.292831205664));
#9043 = CARTESIAN_POINT('',(-0.220610835275,0.95,0.292831205664));
#9044 = ORIENTED_EDGE('',*,*,#9045,.F.);
#9045 = EDGE_CURVE('',#9046,#9039,#9048,.T.);
#9046 = VERTEX_POINT('',#9047);
#9047 = CARTESIAN_POINT('',(-0.220610835275,0.96,0.285875225204));
#9048 = B_SPLINE_CURVE_WITH_KNOTS('',1,(#9049,#9050),.UNSPECIFIED.,.F.,
  .F.,(2,2),(-6.955980460136E-03,0.),.PIECEWISE_BEZIER_KNOTS.);
#9049 = CARTESIAN_POINT('',(-0.220610835275,0.96,0.285875225204));
#9050 = CARTESIAN_POINT('',(-0.220610835275,0.96,0.292831205664));
#9051 = ORIENTED_EDGE('',*,*,#9052,.T.);
#9052 = EDGE_CURVE('',#9046,#929,#9053,.T.);
#9053 = B_SPLINE_CURVE_WITH_KNOTS('',1,(#9054,#9055),.UNSPECIFIED.,.F.,
  .F.,(2,2),(-0.,1.E-02),.PIECEWISE_BEZIER_KNOTS.);
#9054 = CARTESIAN_POINT('',(-0.220610835275,0.96,0.285875225204));
#9055 = CARTESIAN_POINT('',(-0.220610835275,0.95,0.285875225204));
#9056 = B_SPLINE_SURFACE_WITH_KNOTS('',1,1,(
    (#9057,#9058)
    ,(#9059,#9060
    )),.UNSPECIFIED.,.F.,.F.,.F.,(2,2),(2,2),(-7.216449660064E-16,
    6.955980460136E-03),(-1.E-02,0.),.PIECEWISE_BEZIER_KNOTS.);
#9057 = CARTESIAN_POINT('',(-0.220610835275,0.95,0.292831205664));
#9058 = CARTESIAN_POINT('',(-0.220610835275,0.96,0.292831205664));
#9059 = CARTESIAN_POINT('',(-0.220610835275,0.95,0.285875225204));
#9060 = CARTESIAN_POINT('',(-0.220610835275,0.96,0.285875225204));
#9061 = ADVANCED_FACE('',(#9062),#9078,.F.);
#9062 = FACE_BOUND('',#9063,.T.);
#9063 = EDGE_LOOP('',(#9064,#9065,#9072,#9077));
#9064 = ORIENTED_EDGE('',*,*,#1007,.T.);
#9065 = ORIENTED_EDGE('',*,*,#9066,.F.);
#9066 = EDGE_CURVE('',#9067,#1001,#9069,.T.);
#9067 = VERTEX_POINT('',#9068);
#9068 = CARTESIAN_POINT('',(-0.195672241653,0.96,0.292831205664));
#9069 = B_SPLINE_CURVE_WITH_KNOTS('',1,(#9070,#9071),.UNSPECIFIED.,.F.,
  .F.,(2,2),(-0.,1.E-02),.PIECEWISE_BEZIER_KNOTS.);
#9070 = CARTESIAN_POINT('',(-0.195672241653,0.96,0.292831205664));
#9071 = CARTESIAN_POINT('',(-0.195672241653,0.95,0.292831205664));
#9072 = ORIENTED_EDGE('',*,*,#9073,.F.);
#9073 = EDGE_CURVE('',#9039,#9067,#9074,.T.);
#9074 = B_SPLINE_CURVE_WITH_KNOTS('',1,(#9075,#9076),.UNSPECIFIED.,.F.,
  .F.,(2,2),(-2.493859362272E-02,0.),.PIECEWISE_BEZIER_KNOTS.);
#9075 = CARTESIAN_POINT('',(-0.220610835275,0.96,0.292831205664));
#9076 = CARTESIAN_POINT('',(-0.195672241653,0.96,0.292831205664));
#9077 = ORIENTED_EDGE('',*,*,#9038,.T.);
#9078 = B_SPLINE_SURFACE_WITH_KNOTS('',1,1,(
    (#9079,#9080)
    ,(#9081,#9082
    )),.UNSPECIFIED.,.F.,.F.,.F.,(2,2),(2,2),(-2.775557561563E-17,
    2.493859362272E-02),(-1.E-02,0.),.PIECEWISE_BEZIER_KNOTS.);
#9079 = CARTESIAN_POINT('',(-0.195672241653,0.95,0.292831205664));
#9080 = CARTESIAN_POINT('',(-0.195672241653,0.96,0.292831205664));
#9081 = CARTESIAN_POINT('',(-0.220610835275,0.95,0.292831205664));
#9082 = CARTESIAN_POINT('',(-0.220610835275,0.96,0.292831205664));
#9083 = ADVANCED_FACE('',(#9084),#9100,.F.);
#9084 = FACE_BOUND('',#9085,.T.);
#9085 = EDGE_LOOP('',(#9086,#9087,#9094,#9099));
#9086 = ORIENTED_EDGE('',*,*,#1000,.T.);
#9087 = ORIENTED_EDGE('',*,*,#9088,.F.);
#9088 = EDGE_CURVE('',#9089,#994,#9091,.T.);
#9089 = VERTEX_POINT('',#9090);
#9090 = CARTESIAN_POINT('',(-0.195672241653,0.96,0.313356026932));
#9091 = B_SPLINE_CURVE_WITH_KNOTS('',1,(#9092,#9093),.UNSPECIFIED.,.F.,
  .F.,(2,2),(-0.,1.E-02),.PIECEWISE_BEZIER_KNOTS.);
#9092 = CARTESIAN_POINT('',(-0.195672241653,0.96,0.313356026932));
#9093 = CARTESIAN_POINT('',(-0.195672241653,0.95,0.313356026932));
#9094 = ORIENTED_EDGE('',*,*,#9095,.F.);
#9095 = EDGE_CURVE('',#9067,#9089,#9096,.T.);
#9096 = B_SPLINE_CURVE_WITH_KNOTS('',1,(#9097,#9098),.UNSPECIFIED.,.F.,
  .F.,(2,2),(-2.052482126799E-02,0.),.PIECEWISE_BEZIER_KNOTS.);
#9097 = CARTESIAN_POINT('',(-0.195672241653,0.96,0.292831205664));
#9098 = CARTESIAN_POINT('',(-0.195672241653,0.96,0.313356026932));
#9099 = ORIENTED_EDGE('',*,*,#9066,.T.);
#9100 = B_SPLINE_SURFACE_WITH_KNOTS('',1,1,(
    (#9101,#9102)
    ,(#9103,#9104
    )),.UNSPECIFIED.,.F.,.F.,.F.,(2,2),(2,2),(-3.330669073875E-16,
    2.052482126799E-02),(-1.E-02,0.),.PIECEWISE_BEZIER_KNOTS.);
#9101 = CARTESIAN_POINT('',(-0.195672241653,0.95,0.313356026932));
#9102 = CARTESIAN_POINT('',(-0.195672241653,0.96,0.313356026932));
#9103 = CARTESIAN_POINT('',(-0.195672241653,0.95,0.292831205664));
#9104 = CARTESIAN_POINT('',(-0.195672241653,0.96,0.292831205664));
#9105 = ADVANCED_FACE('',(#9106),#9122,.F.);
#9106 = FACE_BOUND('',#9107,.T.);
#9107 = EDGE_LOOP('',(#9108,#9109,#9116,#9121));
#9108 = ORIENTED_EDGE('',*,*,#993,.T.);
#9109 = ORIENTED_EDGE('',*,*,#9110,.F.);
#9110 = EDGE_CURVE('',#9111,#987,#9113,.T.);
#9111 = VERTEX_POINT('',#9112);
#9112 = CARTESIAN_POINT('',(-0.217491561526,0.96,0.313356026932));
#9113 = B_SPLINE_CURVE_WITH_KNOTS('',1,(#9114,#9115),.UNSPECIFIED.,.F.,
  .F.,(2,2),(-0.,1.E-02),.PIECEWISE_BEZIER_KNOTS.);
#9114 = CARTESIAN_POINT('',(-0.217491561526,0.96,0.313356026932));
#9115 = CARTESIAN_POINT('',(-0.217491561526,0.95,0.313356026932));
#9116 = ORIENTED_EDGE('',*,*,#9117,.F.);
#9117 = EDGE_CURVE('',#9089,#9111,#9118,.T.);
#9118 = B_SPLINE_CURVE_WITH_KNOTS('',1,(#9119,#9120),.UNSPECIFIED.,.F.,
  .F.,(2,2),(-2.181931987358E-02,0.),.PIECEWISE_BEZIER_KNOTS.);
#9119 = CARTESIAN_POINT('',(-0.195672241653,0.96,0.313356026932));
#9120 = CARTESIAN_POINT('',(-0.217491561526,0.96,0.313356026932));
#9121 = ORIENTED_EDGE('',*,*,#9088,.T.);
#9122 = B_SPLINE_SURFACE_WITH_KNOTS('',1,1,(
    (#9123,#9124)
    ,(#9125,#9126
    )),.UNSPECIFIED.,.F.,.F.,.F.,(2,2),(2,2),(-2.775557561563E-17,
    2.181931987358E-02),(-1.E-02,0.),.PIECEWISE_BEZIER_KNOTS.);
#9123 = CARTESIAN_POINT('',(-0.217491561526,0.95,0.313356026932));
#9124 = CARTESIAN_POINT('',(-0.217491561526,0.96,0.313356026932));
#9125 = CARTESIAN_POINT('',(-0.195672241653,0.95,0.313356026932));
#9126 = CARTESIAN_POINT('',(-0.195672241653,0.96,0.313356026932));
#9127 = ADVANCED_FACE('',(#9128),#9144,.F.);
#9128 = FACE_BOUND('',#9129,.T.);
#9129 = EDGE_LOOP('',(#9130,#9131,#9138,#9143));
#9130 = ORIENTED_EDGE('',*,*,#986,.T.);
#9131 = ORIENTED_EDGE('',*,*,#9132,.F.);
#9132 = EDGE_CURVE('',#9133,#980,#9135,.T.);
#9133 = VERTEX_POINT('',#9134);
#9134 = CARTESIAN_POINT('',(-0.217491561526,0.96,0.32034320013));
#9135 = B_SPLINE_CURVE_WITH_KNOTS('',1,(#9136,#9137),.UNSPECIFIED.,.F.,
  .F.,(2,2),(-0.,1.E-02),.PIECEWISE_BEZIER_KNOTS.);
#9136 = CARTESIAN_POINT('',(-0.217491561526,0.96,0.32034320013));
#9137 = CARTESIAN_POINT('',(-0.217491561526,0.95,0.32034320013));
#9138 = ORIENTED_EDGE('',*,*,#9139,.F.);
#9139 = EDGE_CURVE('',#9111,#9133,#9140,.T.);
#9140 = B_SPLINE_CURVE_WITH_KNOTS('',1,(#9141,#9142),.UNSPECIFIED.,.F.,
  .F.,(2,2),(-6.987173197589E-03,0.),.PIECEWISE_BEZIER_KNOTS.);
#9141 = CARTESIAN_POINT('',(-0.217491561526,0.96,0.313356026932));
#9142 = CARTESIAN_POINT('',(-0.217491561526,0.96,0.32034320013));
#9143 = ORIENTED_EDGE('',*,*,#9110,.T.);
#9144 = B_SPLINE_SURFACE_WITH_KNOTS('',1,1,(
    (#9145,#9146)
    ,(#9147,#9148
    )),.UNSPECIFIED.,.F.,.F.,.F.,(2,2),(2,2),(0.,6.987173197589E-03),(
    -1.E-02,0.),.PIECEWISE_BEZIER_KNOTS.);
#9145 = CARTESIAN_POINT('',(-0.217491561526,0.95,0.32034320013));
#9146 = CARTESIAN_POINT('',(-0.217491561526,0.96,0.32034320013));
#9147 = CARTESIAN_POINT('',(-0.217491561526,0.95,0.313356026932));
#9148 = CARTESIAN_POINT('',(-0.217491561526,0.96,0.313356026932));
#9149 = ADVANCED_FACE('',(#9150),#9166,.F.);
#9150 = FACE_BOUND('',#9151,.T.);
#9151 = EDGE_LOOP('',(#9152,#9153,#9160,#9165));
#9152 = ORIENTED_EDGE('',*,*,#979,.T.);
#9153 = ORIENTED_EDGE('',*,*,#9154,.F.);
#9154 = EDGE_CURVE('',#9155,#973,#9157,.T.);
#9155 = VERTEX_POINT('',#9156);
#9156 = CARTESIAN_POINT('',(-0.195672241653,0.96,0.32034320013));
#9157 = B_SPLINE_CURVE_WITH_KNOTS('',1,(#9158,#9159),.UNSPECIFIED.,.F.,
  .F.,(2,2),(-0.,1.E-02),.PIECEWISE_BEZIER_KNOTS.);
#9158 = CARTESIAN_POINT('',(-0.195672241653,0.96,0.32034320013));
#9159 = CARTESIAN_POINT('',(-0.195672241653,0.95,0.32034320013));
#9160 = ORIENTED_EDGE('',*,*,#9161,.F.);
#9161 = EDGE_CURVE('',#9133,#9155,#9162,.T.);
#9162 = B_SPLINE_CURVE_WITH_KNOTS('',1,(#9163,#9164),.UNSPECIFIED.,.F.,
  .F.,(2,2),(-2.181931987358E-02,0.),.PIECEWISE_BEZIER_KNOTS.);
#9163 = CARTESIAN_POINT('',(-0.217491561526,0.96,0.32034320013));
#9164 = CARTESIAN_POINT('',(-0.195672241653,0.96,0.32034320013));
#9165 = ORIENTED_EDGE('',*,*,#9132,.T.);
#9166 = B_SPLINE_SURFACE_WITH_KNOTS('',1,1,(
    (#9167,#9168)
    ,(#9169,#9170
    )),.UNSPECIFIED.,.F.,.F.,.F.,(2,2),(2,2),(0.,2.181931987358E-02),(
    -1.E-02,0.),.PIECEWISE_BEZIER_KNOTS.);
#9167 = CARTESIAN_POINT('',(-0.195672241653,0.95,0.32034320013));
#9168 = CARTESIAN_POINT('',(-0.195672241653,0.96,0.32034320013));
#9169 = CARTESIAN_POINT('',(-0.217491561526,0.95,0.32034320013));
#9170 = CARTESIAN_POINT('',(-0.217491561526,0.96,0.32034320013));
#9171 = ADVANCED_FACE('',(#9172),#9188,.F.);
#9172 = FACE_BOUND('',#9173,.T.);
#9173 = EDGE_LOOP('',(#9174,#9175,#9182,#9187));
#9174 = ORIENTED_EDGE('',*,*,#972,.T.);
#9175 = ORIENTED_EDGE('',*,*,#9176,.F.);
#9176 = EDGE_CURVE('',#9177,#966,#9179,.T.);
#9177 = VERTEX_POINT('',#9178);
#9178 = CARTESIAN_POINT('',(-0.195672241653,0.96,0.339869853798));
#9179 = B_SPLINE_CURVE_WITH_KNOTS('',1,(#9180,#9181),.UNSPECIFIED.,.F.,
  .F.,(2,2),(-0.,1.E-02),.PIECEWISE_BEZIER_KNOTS.);
#9180 = CARTESIAN_POINT('',(-0.195672241653,0.96,0.339869853798));
#9181 = CARTESIAN_POINT('',(-0.195672241653,0.95,0.339869853798));
#9182 = ORIENTED_EDGE('',*,*,#9183,.F.);
#9183 = EDGE_CURVE('',#9155,#9177,#9184,.T.);
#9184 = B_SPLINE_CURVE_WITH_KNOTS('',1,(#9185,#9186),.UNSPECIFIED.,.F.,
  .F.,(2,2),(-1.952665366864E-02,0.),.PIECEWISE_BEZIER_KNOTS.);
#9185 = CARTESIAN_POINT('',(-0.195672241653,0.96,0.32034320013));
#9186 = CARTESIAN_POINT('',(-0.195672241653,0.96,0.339869853798));
#9187 = ORIENTED_EDGE('',*,*,#9154,.T.);
#9188 = B_SPLINE_SURFACE_WITH_KNOTS('',1,1,(
    (#9189,#9190)
    ,(#9191,#9192
    )),.UNSPECIFIED.,.F.,.F.,.F.,(2,2),(2,2),(-4.996003610813E-16,
    1.952665366864E-02),(-1.E-02,0.),.PIECEWISE_BEZIER_KNOTS.);
#9189 = CARTESIAN_POINT('',(-0.195672241653,0.95,0.339869853798));
#9190 = CARTESIAN_POINT('',(-0.195672241653,0.96,0.339869853798));
#9191 = CARTESIAN_POINT('',(-0.195672241653,0.95,0.32034320013));
#9192 = CARTESIAN_POINT('',(-0.195672241653,0.96,0.32034320013));
#9193 = ADVANCED_FACE('',(#9194),#9210,.F.);
#9194 = FACE_BOUND('',#9195,.T.);
#9195 = EDGE_LOOP('',(#9196,#9197,#9204,#9209));
#9196 = ORIENTED_EDGE('',*,*,#965,.T.);
#9197 = ORIENTED_EDGE('',*,*,#9198,.F.);
#9198 = EDGE_CURVE('',#9199,#959,#9201,.T.);
#9199 = VERTEX_POINT('',#9200);
#9200 = CARTESIAN_POINT('',(-0.219222758457,0.96,0.339869853798));
#9201 = B_SPLINE_CURVE_WITH_KNOTS('',1,(#9202,#9203),.UNSPECIFIED.,.F.,
  .F.,(2,2),(-0.,1.E-02),.PIECEWISE_BEZIER_KNOTS.);
#9202 = CARTESIAN_POINT('',(-0.219222758457,0.96,0.339869853798));
#9203 = CARTESIAN_POINT('',(-0.219222758457,0.95,0.339869853798));
#9204 = ORIENTED_EDGE('',*,*,#9205,.F.);
#9205 = EDGE_CURVE('',#9177,#9199,#9206,.T.);
#9206 = B_SPLINE_CURVE_WITH_KNOTS('',1,(#9207,#9208),.UNSPECIFIED.,.F.,
  .F.,(2,2),(-2.355051680436E-02,0.),.PIECEWISE_BEZIER_KNOTS.);
#9207 = CARTESIAN_POINT('',(-0.195672241653,0.96,0.339869853798));
#9208 = CARTESIAN_POINT('',(-0.219222758457,0.96,0.339869853798));
#9209 = ORIENTED_EDGE('',*,*,#9176,.T.);
#9210 = B_SPLINE_SURFACE_WITH_KNOTS('',1,1,(
    (#9211,#9212)
    ,(#9213,#9214
    )),.UNSPECIFIED.,.F.,.F.,.F.,(2,2),(2,2),(0.,2.355051680436E-02),(
    -1.E-02,0.),.PIECEWISE_BEZIER_KNOTS.);
#9211 = CARTESIAN_POINT('',(-0.219222758457,0.95,0.339869853798));
#9212 = CARTESIAN_POINT('',(-0.219222758457,0.96,0.339869853798));
#9213 = CARTESIAN_POINT('',(-0.195672241653,0.95,0.339869853798));
#9214 = CARTESIAN_POINT('',(-0.195672241653,0.96,0.339869853798));
#9215 = ADVANCED_FACE('',(#9216),#9232,.F.);
#9216 = FACE_BOUND('',#9217,.T.);
#9217 = EDGE_LOOP('',(#9218,#9219,#9226,#9231));
#9218 = ORIENTED_EDGE('',*,*,#958,.T.);
#9219 = ORIENTED_EDGE('',*,*,#9220,.F.);
#9220 = EDGE_CURVE('',#9221,#952,#9223,.T.);
#9221 = VERTEX_POINT('',#9222);
#9222 = CARTESIAN_POINT('',(-0.219222758457,0.96,0.346888219733));
#9223 = B_SPLINE_CURVE_WITH_KNOTS('',1,(#9224,#9225),.UNSPECIFIED.,.F.,
  .F.,(2,2),(-0.,1.E-02),.PIECEWISE_BEZIER_KNOTS.);
#9224 = CARTESIAN_POINT('',(-0.219222758457,0.96,0.346888219733));
#9225 = CARTESIAN_POINT('',(-0.219222758457,0.95,0.346888219733));
#9226 = ORIENTED_EDGE('',*,*,#9227,.F.);
#9227 = EDGE_CURVE('',#9199,#9221,#9228,.T.);
#9228 = B_SPLINE_CURVE_WITH_KNOTS('',1,(#9229,#9230),.UNSPECIFIED.,.F.,
  .F.,(2,2),(-7.018365935043E-03,0.),.PIECEWISE_BEZIER_KNOTS.);
#9229 = CARTESIAN_POINT('',(-0.219222758457,0.96,0.339869853798));
#9230 = CARTESIAN_POINT('',(-0.219222758457,0.96,0.346888219733));
#9231 = ORIENTED_EDGE('',*,*,#9198,.T.);
#9232 = B_SPLINE_SURFACE_WITH_KNOTS('',1,1,(
    (#9233,#9234)
    ,(#9235,#9236
    )),.UNSPECIFIED.,.F.,.F.,.F.,(2,2),(2,2),(0.,7.018365935043E-03),(
    -1.E-02,0.),.PIECEWISE_BEZIER_KNOTS.);
#9233 = CARTESIAN_POINT('',(-0.219222758457,0.95,0.346888219733));
#9234 = CARTESIAN_POINT('',(-0.219222758457,0.96,0.346888219733));
#9235 = CARTESIAN_POINT('',(-0.219222758457,0.95,0.339869853798));
#9236 = CARTESIAN_POINT('',(-0.219222758457,0.96,0.339869853798));
#9237 = ADVANCED_FACE('',(#9238),#9254,.F.);
#9238 = FACE_BOUND('',#9239,.T.);
#9239 = EDGE_LOOP('',(#9240,#9241,#9248,#9253));
#9240 = ORIENTED_EDGE('',*,*,#951,.T.);
#9241 = ORIENTED_EDGE('',*,*,#9242,.F.);
#9242 = EDGE_CURVE('',#9243,#945,#9245,.T.);
#9243 = VERTEX_POINT('',#9244);
#9244 = CARTESIAN_POINT('',(-0.187796075436,0.96,0.346888219733));
#9245 = B_SPLINE_CURVE_WITH_KNOTS('',1,(#9246,#9247),.UNSPECIFIED.,.F.,
  .F.,(2,2),(-0.,1.E-02),.PIECEWISE_BEZIER_KNOTS.);
#9246 = CARTESIAN_POINT('',(-0.187796075436,0.96,0.346888219733));
#9247 = CARTESIAN_POINT('',(-0.187796075436,0.95,0.346888219733));
#9248 = ORIENTED_EDGE('',*,*,#9249,.F.);
#9249 = EDGE_CURVE('',#9221,#9243,#9250,.T.);
#9250 = B_SPLINE_CURVE_WITH_KNOTS('',1,(#9251,#9252),.UNSPECIFIED.,.F.,
  .F.,(2,2),(-3.142668302063E-02,0.),.PIECEWISE_BEZIER_KNOTS.);
#9251 = CARTESIAN_POINT('',(-0.219222758457,0.96,0.346888219733));
#9252 = CARTESIAN_POINT('',(-0.187796075436,0.96,0.346888219733));
#9253 = ORIENTED_EDGE('',*,*,#9220,.T.);
#9254 = B_SPLINE_SURFACE_WITH_KNOTS('',1,1,(
    (#9255,#9256)
    ,(#9257,#9258
    )),.UNSPECIFIED.,.F.,.F.,.F.,(2,2),(2,2),(0.,3.142668302063E-02),(
    -1.E-02,0.),.PIECEWISE_BEZIER_KNOTS.);
#9255 = CARTESIAN_POINT('',(-0.187796075436,0.95,0.346888219733));
#9256 = CARTESIAN_POINT('',(-0.187796075436,0.96,0.346888219733));
#9257 = CARTESIAN_POINT('',(-0.219222758457,0.95,0.346888219733));
#9258 = CARTESIAN_POINT('',(-0.219222758457,0.96,0.346888219733));
#9259 = ADVANCED_FACE('',(#9260),#9276,.F.);
#9260 = FACE_BOUND('',#9261,.T.);
#9261 = EDGE_LOOP('',(#9262,#9263,#9270,#9275));
#9262 = ORIENTED_EDGE('',*,*,#944,.T.);
#9263 = ORIENTED_EDGE('',*,*,#9264,.F.);
#9264 = EDGE_CURVE('',#9265,#938,#9267,.T.);
#9265 = VERTEX_POINT('',#9266);
#9266 = CARTESIAN_POINT('',(-0.187796075436,0.96,0.285875225204));
#9267 = B_SPLINE_CURVE_WITH_KNOTS('',1,(#9268,#9269),.UNSPECIFIED.,.F.,
  .F.,(2,2),(-0.,1.E-02),.PIECEWISE_BEZIER_KNOTS.);
#9268 = CARTESIAN_POINT('',(-0.187796075436,0.96,0.285875225204));
#9269 = CARTESIAN_POINT('',(-0.187796075436,0.95,0.285875225204));
#9270 = ORIENTED_EDGE('',*,*,#9271,.F.);
#9271 = EDGE_CURVE('',#9243,#9265,#9272,.T.);
#9272 = B_SPLINE_CURVE_WITH_KNOTS('',1,(#9273,#9274),.UNSPECIFIED.,.F.,
  .F.,(2,2),(-6.10129945294E-02,-0.),.PIECEWISE_BEZIER_KNOTS.);
#9273 = CARTESIAN_POINT('',(-0.187796075436,0.96,0.346888219733));
#9274 = CARTESIAN_POINT('',(-0.187796075436,0.96,0.285875225204));
#9275 = ORIENTED_EDGE('',*,*,#9242,.T.);
#9276 = B_SPLINE_SURFACE_WITH_KNOTS('',1,1,(
    (#9277,#9278)
    ,(#9279,#9280
    )),.UNSPECIFIED.,.F.,.F.,.F.,(2,2),(2,2),(0.,6.10129945294E-02),(
    -1.E-02,0.),.PIECEWISE_BEZIER_KNOTS.);
#9277 = CARTESIAN_POINT('',(-0.187796075436,0.95,0.285875225204));
#9278 = CARTESIAN_POINT('',(-0.187796075436,0.96,0.285875225204));
#9279 = CARTESIAN_POINT('',(-0.187796075436,0.95,0.346888219733));
#9280 = CARTESIAN_POINT('',(-0.187796075436,0.96,0.346888219733));
#9281 = ADVANCED_FACE('',(#9282),#9292,.F.);
#9282 = FACE_BOUND('',#9283,.T.);
#9283 = EDGE_LOOP('',(#9284,#9285,#9286,#9291));
#9284 = ORIENTED_EDGE('',*,*,#937,.T.);
#9285 = ORIENTED_EDGE('',*,*,#9052,.F.);
#9286 = ORIENTED_EDGE('',*,*,#9287,.F.);
#9287 = EDGE_CURVE('',#9265,#9046,#9288,.T.);
#9288 = B_SPLINE_CURVE_WITH_KNOTS('',1,(#9289,#9290),.UNSPECIFIED.,.F.,
  .F.,(2,2),(-3.2814759839E-02,0.),.PIECEWISE_BEZIER_KNOTS.);
#9289 = CARTESIAN_POINT('',(-0.187796075436,0.96,0.285875225204));
#9290 = CARTESIAN_POINT('',(-0.220610835275,0.96,0.285875225204));
#9291 = ORIENTED_EDGE('',*,*,#9264,.T.);
#9292 = B_SPLINE_SURFACE_WITH_KNOTS('',1,1,(
    (#9293,#9294)
    ,(#9295,#9296
    )),.UNSPECIFIED.,.F.,.F.,.F.,(2,2),(2,2),(0.,3.2814759839E-02),(
    -1.E-02,0.),.PIECEWISE_BEZIER_KNOTS.);
#9293 = CARTESIAN_POINT('',(-0.220610835275,0.95,0.285875225204));
#9294 = CARTESIAN_POINT('',(-0.220610835275,0.96,0.285875225204));
#9295 = CARTESIAN_POINT('',(-0.187796075436,0.95,0.285875225204));
#9296 = CARTESIAN_POINT('',(-0.187796075436,0.96,0.285875225204));
#9297 = ADVANCED_FACE('',(#9298),#9312,.F.);
#9298 = FACE_BOUND('',#9299,.T.);
#9299 = EDGE_LOOP('',(#9300,#9301,#9302,#9303,#9304,#9305,#9306,#9307,
    #9308,#9309,#9310,#9311));
#9300 = ORIENTED_EDGE('',*,*,#9045,.T.);
#9301 = ORIENTED_EDGE('',*,*,#9073,.T.);
#9302 = ORIENTED_EDGE('',*,*,#9095,.T.);
#9303 = ORIENTED_EDGE('',*,*,#9117,.T.);
#9304 = ORIENTED_EDGE('',*,*,#9139,.T.);
#9305 = ORIENTED_EDGE('',*,*,#9161,.T.);
#9306 = ORIENTED_EDGE('',*,*,#9183,.T.);
#9307 = ORIENTED_EDGE('',*,*,#9205,.T.);
#9308 = ORIENTED_EDGE('',*,*,#9227,.T.);
#9309 = ORIENTED_EDGE('',*,*,#9249,.T.);
#9310 = ORIENTED_EDGE('',*,*,#9271,.T.);
#9311 = ORIENTED_EDGE('',*,*,#9287,.T.);
#9312 = B_SPLINE_SURFACE_WITH_KNOTS('',1,1,(
    (#9313,#9314)
    ,(#9315,#9316
    )),.UNSPECIFIED.,.F.,.F.,.F.,(2,2),(2,2),(-0.346888119733,
    -0.285875125204),(-0.220610835275,-0.187796075436),
  .PIECEWISE_BEZIER_KNOTS.);
#9313 = CARTESIAN_POINT('',(-0.220610835275,0.96,0.346888219733));
#9314 = CARTESIAN_POINT('',(-0.187796075436,0.96,0.346888219733));
#9315 = CARTESIAN_POINT('',(-0.220610835275,0.96,0.285875225204));
#9316 = CARTESIAN_POINT('',(-0.187796075436,0.96,0.285875225204));
#9317 = ADVANCED_FACE('',(#9318,#9377),#9436,.T.);
#9318 = FACE_BOUND('',#9319,.T.);
#9319 = EDGE_LOOP('',(#9320,#9329,#9338,#9347,#9356,#9365,#9372));
#9320 = ORIENTED_EDGE('',*,*,#9321,.T.);
#9321 = EDGE_CURVE('',#9322,#9324,#9326,.T.);
#9322 = VERTEX_POINT('',#9323);
#9323 = CARTESIAN_POINT('',(-0.232136551778,0.96,0.285875225204));
#9324 = VERTEX_POINT('',#9325);
#9325 = CARTESIAN_POINT('',(-0.248918244547,0.96,0.285875225204));
#9326 = B_SPLINE_CURVE_WITH_KNOTS('',1,(#9327,#9328),.UNSPECIFIED.,.F.,
  .F.,(2,2),(-1.678169276936E-02,-5.551115123126E-17),
  .PIECEWISE_BEZIER_KNOTS.);
#9327 = CARTESIAN_POINT('',(-0.232136551778,0.96,0.285875225204));
#9328 = CARTESIAN_POINT('',(-0.248918244547,0.96,0.285875225204));
#9329 = ORIENTED_EDGE('',*,*,#9330,.T.);
#9330 = EDGE_CURVE('',#9324,#9331,#9333,.T.);
#9331 = VERTEX_POINT('',#9332);
#9332 = CARTESIAN_POINT('',(-0.27260912867,0.96,0.294422035276));
#9333 = B_SPLINE_CURVE_WITH_KNOTS('',3,(#9334,#9335,#9336,#9337),
  .UNSPECIFIED.,.F.,.F.,(4,4),(5.,6.),.PIECEWISE_BEZIER_KNOTS.);
#9334 = CARTESIAN_POINT('',(-0.248918244547,0.96,0.285875225204));
#9335 = CARTESIAN_POINT('',(-0.2585723968,0.96,0.285875225204));
#9336 = CARTESIAN_POINT('',(-0.266479755754,0.96,0.288713764315));
#9337 = CARTESIAN_POINT('',(-0.27260912867,0.96,0.294422035276));
#9338 = ORIENTED_EDGE('',*,*,#9339,.T.);
#9339 = EDGE_CURVE('',#9331,#9340,#9342,.T.);
#9340 = VERTEX_POINT('',#9341);
#9341 = CARTESIAN_POINT('',(-0.28181098623,0.96,0.317161540905));
#9342 = B_SPLINE_CURVE_WITH_KNOTS('',3,(#9343,#9344,#9345,#9346),
  .UNSPECIFIED.,.F.,.F.,(4,4),(4.,5.),.PIECEWISE_BEZIER_KNOTS.);
#9343 = CARTESIAN_POINT('',(-0.27260912867,0.96,0.294422035276));
#9344 = CARTESIAN_POINT('',(-0.278738501587,0.96,0.300130306236));
#9345 = CARTESIAN_POINT('',(-0.28181098623,0.96,0.307710141446));
#9346 = CARTESIAN_POINT('',(-0.28181098623,0.96,0.317161540905));
#9347 = ORIENTED_EDGE('',*,*,#9348,.T.);
#9348 = EDGE_CURVE('',#9340,#9349,#9351,.T.);
#9349 = VERTEX_POINT('',#9350);
#9350 = CARTESIAN_POINT('',(-0.27260912867,0.96,0.338809300723));
#9351 = B_SPLINE_CURVE_WITH_KNOTS('',3,(#9352,#9353,#9354,#9355),
  .UNSPECIFIED.,.F.,.F.,(4,4),(3.,4.),.PIECEWISE_BEZIER_KNOTS.);
#9352 = CARTESIAN_POINT('',(-0.28181098623,0.96,0.317161540905));
#9353 = CARTESIAN_POINT('',(-0.28181098623,0.96,0.326207434778));
#9354 = CARTESIAN_POINT('',(-0.278738501587,0.96,0.333412957138));
#9355 = CARTESIAN_POINT('',(-0.27260912867,0.96,0.338809300723));
#9356 = ORIENTED_EDGE('',*,*,#9357,.T.);
#9357 = EDGE_CURVE('',#9349,#9358,#9360,.T.);
#9358 = VERTEX_POINT('',#9359);
#9359 = CARTESIAN_POINT('',(-0.249542099297,0.96,0.346888219733));
#9360 = B_SPLINE_CURVE_WITH_KNOTS('',3,(#9361,#9362,#9363,#9364),
  .UNSPECIFIED.,.F.,.F.,(4,4),(2.,3.),.PIECEWISE_BEZIER_KNOTS.);
#9361 = CARTESIAN_POINT('',(-0.27260912867,0.96,0.338809300723));
#9362 = CARTESIAN_POINT('',(-0.266479755754,0.96,0.344205644309));
#9363 = CARTESIAN_POINT('',(-0.258790745962,0.96,0.346888219733));
#9364 = CARTESIAN_POINT('',(-0.249542099297,0.96,0.346888219733));
#9365 = ORIENTED_EDGE('',*,*,#9366,.T.);
#9366 = EDGE_CURVE('',#9358,#9367,#9369,.T.);
#9367 = VERTEX_POINT('',#9368);
#9368 = CARTESIAN_POINT('',(-0.232136551778,0.96,0.346888219733));
#9369 = B_SPLINE_CURVE_WITH_KNOTS('',1,(#9370,#9371),.UNSPECIFIED.,.F.,
  .F.,(2,2),(-1.740554751886E-02,0.),.PIECEWISE_BEZIER_KNOTS.);
#9370 = CARTESIAN_POINT('',(-0.249542099297,0.96,0.346888219733));
#9371 = CARTESIAN_POINT('',(-0.232136551778,0.96,0.346888219733));
#9372 = ORIENTED_EDGE('',*,*,#9373,.T.);
#9373 = EDGE_CURVE('',#9367,#9322,#9374,.T.);
#9374 = B_SPLINE_CURVE_WITH_KNOTS('',1,(#9375,#9376),.UNSPECIFIED.,.F.,
  .F.,(2,2),(-6.10129945294E-02,-0.),.PIECEWISE_BEZIER_KNOTS.);
#9375 = CARTESIAN_POINT('',(-0.232136551778,0.96,0.346888219733));
#9376 = CARTESIAN_POINT('',(-0.232136551778,0.96,0.285875225204));
#9377 = FACE_BOUND('',#9378,.T.);
#9378 = EDGE_LOOP('',(#9379,#9388,#9395,#9404,#9413,#9422,#9431));
#9379 = ORIENTED_EDGE('',*,*,#9380,.F.);
#9380 = EDGE_CURVE('',#9381,#9383,#9385,.T.);
#9381 = VERTEX_POINT('',#9382);
#9382 = CARTESIAN_POINT('',(-0.240012717994,0.96,0.339869853798));
#9383 = VERTEX_POINT('',#9384);
#9384 = CARTESIAN_POINT('',(-0.240012717994,0.96,0.292831205664));
#9385 = B_SPLINE_CURVE_WITH_KNOTS('',1,(#9386,#9387),.UNSPECIFIED.,.F.,
  .F.,(2,2),(0.,4.703864813422E-02),.PIECEWISE_BEZIER_KNOTS.);
#9386 = CARTESIAN_POINT('',(-0.240012717994,0.96,0.339869853798));
#9387 = CARTESIAN_POINT('',(-0.240012717994,0.96,0.292831205664));
#9388 = ORIENTED_EDGE('',*,*,#9389,.F.);
#9389 = EDGE_CURVE('',#9390,#9381,#9392,.T.);
#9390 = VERTEX_POINT('',#9391);
#9391 = CARTESIAN_POINT('',(-0.249230171922,0.96,0.339869853798));
#9392 = B_SPLINE_CURVE_WITH_KNOTS('',1,(#9393,#9394),.UNSPECIFIED.,.F.,
  .F.,(2,2),(0.,9.217453928043E-03),.PIECEWISE_BEZIER_KNOTS.);
#9393 = CARTESIAN_POINT('',(-0.249230171922,0.96,0.339869853798));
#9394 = CARTESIAN_POINT('',(-0.240012717994,0.96,0.339869853798));
#9395 = ORIENTED_EDGE('',*,*,#9396,.F.);
#9396 = EDGE_CURVE('',#9397,#9390,#9399,.T.);
#9397 = VERTEX_POINT('',#9398);
#9398 = CARTESIAN_POINT('',(-0.266838472235,0.96,0.3341303901));
#9399 = B_SPLINE_CURVE_WITH_KNOTS('',3,(#9400,#9401,#9402,#9403),
  .UNSPECIFIED.,.F.,.F.,(4,4),(5.,6.),.PIECEWISE_BEZIER_KNOTS.);
#9400 = CARTESIAN_POINT('',(-0.266838472235,0.96,0.3341303901));
#9401 = CARTESIAN_POINT('',(-0.262377910774,0.96,0.337967096811));
#9402 = CARTESIAN_POINT('',(-0.256498079757,0.96,0.339869853798));
#9403 = CARTESIAN_POINT('',(-0.249230171922,0.96,0.339869853798));
#9404 = ORIENTED_EDGE('',*,*,#9405,.F.);
#9405 = EDGE_CURVE('',#9406,#9397,#9408,.T.);
#9406 = VERTEX_POINT('',#9407);
#9407 = CARTESIAN_POINT('',(-0.273529314426,0.96,0.316943191743));
#9408 = B_SPLINE_CURVE_WITH_KNOTS('',3,(#9409,#9410,#9411,#9412),
  .UNSPECIFIED.,.F.,.F.,(4,4),(4.,5.),.PIECEWISE_BEZIER_KNOTS.);
#9409 = CARTESIAN_POINT('',(-0.273529314426,0.96,0.316943191743));
#9410 = CARTESIAN_POINT('',(-0.273529314426,0.96,0.324554219691));
#9411 = CARTESIAN_POINT('',(-0.271299033696,0.96,0.330293683389));
#9412 = CARTESIAN_POINT('',(-0.266838472235,0.96,0.3341303901));
#9413 = ORIENTED_EDGE('',*,*,#9414,.F.);
#9414 = EDGE_CURVE('',#9415,#9406,#9417,.T.);
#9415 = VERTEX_POINT('',#9416);
#9416 = CARTESIAN_POINT('',(-0.267010032291,0.96,0.299194524112));
#9417 = B_SPLINE_CURVE_WITH_KNOTS('',3,(#9418,#9419,#9420,#9421),
  .UNSPECIFIED.,.F.,.F.,(4,4),(3.,4.),.PIECEWISE_BEZIER_KNOTS.);
#9418 = CARTESIAN_POINT('',(-0.267010032291,0.96,0.299194524112));
#9419 = CARTESIAN_POINT('',(-0.271361419171,0.96,0.303405543673));
#9420 = CARTESIAN_POINT('',(-0.273529314426,0.96,0.309332163796));
#9421 = CARTESIAN_POINT('',(-0.273529314426,0.96,0.316943191743));
#9422 = ORIENTED_EDGE('',*,*,#9423,.F.);
#9423 = EDGE_CURVE('',#9424,#9415,#9426,.T.);
#9424 = VERTEX_POINT('',#9425);
#9425 = CARTESIAN_POINT('',(-0.248871455441,0.96,0.292831205664));
#9426 = B_SPLINE_CURVE_WITH_KNOTS('',3,(#9427,#9428,#9429,#9430),
  .UNSPECIFIED.,.F.,.F.,(4,4),(2.,3.),.PIECEWISE_BEZIER_KNOTS.);
#9427 = CARTESIAN_POINT('',(-0.248871455441,0.96,0.292831205664));
#9428 = CARTESIAN_POINT('',(-0.256622850707,0.96,0.292831205664));
#9429 = CARTESIAN_POINT('',(-0.26267424178,0.96,0.294952311813));
#9430 = CARTESIAN_POINT('',(-0.267010032291,0.96,0.299194524112));
#9431 = ORIENTED_EDGE('',*,*,#9432,.F.);
#9432 = EDGE_CURVE('',#9383,#9424,#9433,.T.);
#9433 = B_SPLINE_CURVE_WITH_KNOTS('',1,(#9434,#9435),.UNSPECIFIED.,.F.,
  .F.,(2,2),(0.,8.858737446907E-03),.PIECEWISE_BEZIER_KNOTS.);
#9434 = CARTESIAN_POINT('',(-0.240012717994,0.96,0.292831205664));
#9435 = CARTESIAN_POINT('',(-0.248871455441,0.96,0.292831205664));
#9436 = B_SPLINE_SURFACE_WITH_KNOTS('',1,1,(
    (#9437,#9438)
    ,(#9439,#9440
    )),.UNSPECIFIED.,.F.,.F.,.F.,(2,2),(2,2),(-5.899716386905E-02,
    2.015830660353E-03),(-1.956564459051E-02,3.010878986149E-02),
  .PIECEWISE_BEZIER_KNOTS.);
#9437 = CARTESIAN_POINT('',(-0.28181098623,0.96,0.285875225204));
#9438 = CARTESIAN_POINT('',(-0.232136551778,0.96,0.285875225204));
#9439 = CARTESIAN_POINT('',(-0.28181098623,0.96,0.346888219733));
#9440 = CARTESIAN_POINT('',(-0.232136551778,0.96,0.346888219733));
#9441 = ADVANCED_FACE('',(#9442),#9456,.F.);
#9442 = FACE_BOUND('',#9443,.T.);
#9443 = EDGE_LOOP('',(#9444,#9445,#9450,#9451));
#9444 = ORIENTED_EDGE('',*,*,#1014,.T.);
#9445 = ORIENTED_EDGE('',*,*,#9446,.F.);
#9446 = EDGE_CURVE('',#9324,#1017,#9447,.T.);
#9447 = B_SPLINE_CURVE_WITH_KNOTS('',1,(#9448,#9449),.UNSPECIFIED.,.F.,
  .F.,(2,2),(-0.,1.E-02),.PIECEWISE_BEZIER_KNOTS.);
#9448 = CARTESIAN_POINT('',(-0.248918244547,0.96,0.285875225204));
#9449 = CARTESIAN_POINT('',(-0.248918244547,0.95,0.285875225204));
#9450 = ORIENTED_EDGE('',*,*,#9321,.F.);
#9451 = ORIENTED_EDGE('',*,*,#9452,.T.);
#9452 = EDGE_CURVE('',#9322,#1015,#9453,.T.);
#9453 = B_SPLINE_CURVE_WITH_KNOTS('',1,(#9454,#9455),.UNSPECIFIED.,.F.,
  .F.,(2,2),(-0.,1.E-02),.PIECEWISE_BEZIER_KNOTS.);
#9454 = CARTESIAN_POINT('',(-0.232136551778,0.96,0.285875225204));
#9455 = CARTESIAN_POINT('',(-0.232136551778,0.95,0.285875225204));
#9456 = B_SPLINE_SURFACE_WITH_KNOTS('',1,1,(
    (#9457,#9458)
    ,(#9459,#9460
    )),.UNSPECIFIED.,.F.,.F.,.F.,(2,2),(2,2),(5.551115123126E-17,
    1.678169276936E-02),(-1.E-02,0.),.PIECEWISE_BEZIER_KNOTS.);
#9457 = CARTESIAN_POINT('',(-0.248918244547,0.95,0.285875225204));
#9458 = CARTESIAN_POINT('',(-0.248918244547,0.96,0.285875225204));
#9459 = CARTESIAN_POINT('',(-0.232136551778,0.95,0.285875225204));
#9460 = CARTESIAN_POINT('',(-0.232136551778,0.96,0.285875225204));
#9461 = ADVANCED_FACE('',(#9462),#9472,.F.);
#9462 = FACE_BOUND('',#9463,.F.);
#9463 = EDGE_LOOP('',(#9464,#9465,#9466,#9471));
#9464 = ORIENTED_EDGE('',*,*,#9446,.F.);
#9465 = ORIENTED_EDGE('',*,*,#9330,.T.);
#9466 = ORIENTED_EDGE('',*,*,#9467,.T.);
#9467 = EDGE_CURVE('',#9331,#1056,#9468,.T.);
#9468 = B_SPLINE_CURVE_WITH_KNOTS('',1,(#9469,#9470),.UNSPECIFIED.,.F.,
  .F.,(2,2),(-0.,1.E-02),.PIECEWISE_BEZIER_KNOTS.);
#9469 = CARTESIAN_POINT('',(-0.27260912867,0.96,0.294422035276));
#9470 = CARTESIAN_POINT('',(-0.27260912867,0.95,0.294422035276));
#9471 = ORIENTED_EDGE('',*,*,#1064,.F.);
#9472 = B_SPLINE_SURFACE_WITH_KNOTS('',3,1,(
    (#9473,#9474)
    ,(#9475,#9476)
    ,(#9477,#9478)
    ,(#9479,#9480
    )),.UNSPECIFIED.,.F.,.F.,.F.,(4,4),(2,2),(5.,6.),(0.,1.),
  .PIECEWISE_BEZIER_KNOTS.);
#9473 = CARTESIAN_POINT('',(-0.248918244547,0.96,0.285875225204));
#9474 = CARTESIAN_POINT('',(-0.248918244547,0.95,0.285875225204));
#9475 = CARTESIAN_POINT('',(-0.2585723968,0.96,0.285875225204));
#9476 = CARTESIAN_POINT('',(-0.2585723968,0.95,0.285875225204));
#9477 = CARTESIAN_POINT('',(-0.266479755754,0.96,0.288713764315));
#9478 = CARTESIAN_POINT('',(-0.266479755754,0.95,0.288713764315));
#9479 = CARTESIAN_POINT('',(-0.27260912867,0.96,0.294422035276));
#9480 = CARTESIAN_POINT('',(-0.27260912867,0.95,0.294422035276));
#9481 = ADVANCED_FACE('',(#9482),#9492,.F.);
#9482 = FACE_BOUND('',#9483,.F.);
#9483 = EDGE_LOOP('',(#9484,#9485,#9486,#9491));
#9484 = ORIENTED_EDGE('',*,*,#9467,.F.);
#9485 = ORIENTED_EDGE('',*,*,#9339,.T.);
#9486 = ORIENTED_EDGE('',*,*,#9487,.T.);
#9487 = EDGE_CURVE('',#9340,#1047,#9488,.T.);
#9488 = B_SPLINE_CURVE_WITH_KNOTS('',1,(#9489,#9490),.UNSPECIFIED.,.F.,
  .F.,(2,2),(-0.,1.E-02),.PIECEWISE_BEZIER_KNOTS.);
#9489 = CARTESIAN_POINT('',(-0.28181098623,0.96,0.317161540905));
#9490 = CARTESIAN_POINT('',(-0.28181098623,0.95,0.317161540905));
#9491 = ORIENTED_EDGE('',*,*,#1055,.F.);
#9492 = B_SPLINE_SURFACE_WITH_KNOTS('',3,1,(
    (#9493,#9494)
    ,(#9495,#9496)
    ,(#9497,#9498)
    ,(#9499,#9500
    )),.UNSPECIFIED.,.F.,.F.,.F.,(4,4),(2,2),(4.,5.),(0.,1.),
  .PIECEWISE_BEZIER_KNOTS.);
#9493 = CARTESIAN_POINT('',(-0.27260912867,0.96,0.294422035276));
#9494 = CARTESIAN_POINT('',(-0.27260912867,0.95,0.294422035276));
#9495 = CARTESIAN_POINT('',(-0.278738501587,0.96,0.300130306236));
#9496 = CARTESIAN_POINT('',(-0.278738501587,0.95,0.300130306236));
#9497 = CARTESIAN_POINT('',(-0.28181098623,0.96,0.307710141446));
#9498 = CARTESIAN_POINT('',(-0.28181098623,0.95,0.307710141446));
#9499 = CARTESIAN_POINT('',(-0.28181098623,0.96,0.317161540905));
#9500 = CARTESIAN_POINT('',(-0.28181098623,0.95,0.317161540905));
#9501 = ADVANCED_FACE('',(#9502),#9512,.F.);
#9502 = FACE_BOUND('',#9503,.F.);
#9503 = EDGE_LOOP('',(#9504,#9505,#9506,#9511));
#9504 = ORIENTED_EDGE('',*,*,#9487,.F.);
#9505 = ORIENTED_EDGE('',*,*,#9348,.T.);
#9506 = ORIENTED_EDGE('',*,*,#9507,.T.);
#9507 = EDGE_CURVE('',#9349,#1038,#9508,.T.);
#9508 = B_SPLINE_CURVE_WITH_KNOTS('',1,(#9509,#9510),.UNSPECIFIED.,.F.,
  .F.,(2,2),(-0.,1.E-02),.PIECEWISE_BEZIER_KNOTS.);
#9509 = CARTESIAN_POINT('',(-0.27260912867,0.96,0.338809300723));
#9510 = CARTESIAN_POINT('',(-0.27260912867,0.95,0.338809300723));
#9511 = ORIENTED_EDGE('',*,*,#1046,.F.);
#9512 = B_SPLINE_SURFACE_WITH_KNOTS('',3,1,(
    (#9513,#9514)
    ,(#9515,#9516)
    ,(#9517,#9518)
    ,(#9519,#9520
    )),.UNSPECIFIED.,.F.,.F.,.F.,(4,4),(2,2),(3.,4.),(0.,1.),
  .PIECEWISE_BEZIER_KNOTS.);
#9513 = CARTESIAN_POINT('',(-0.28181098623,0.96,0.317161540905));
#9514 = CARTESIAN_POINT('',(-0.28181098623,0.95,0.317161540905));
#9515 = CARTESIAN_POINT('',(-0.28181098623,0.96,0.326207434778));
#9516 = CARTESIAN_POINT('',(-0.28181098623,0.95,0.326207434778));
#9517 = CARTESIAN_POINT('',(-0.278738501587,0.96,0.333412957138));
#9518 = CARTESIAN_POINT('',(-0.278738501587,0.95,0.333412957138));
#9519 = CARTESIAN_POINT('',(-0.27260912867,0.96,0.338809300723));
#9520 = CARTESIAN_POINT('',(-0.27260912867,0.95,0.338809300723));
#9521 = ADVANCED_FACE('',(#9522),#9532,.F.);
#9522 = FACE_BOUND('',#9523,.F.);
#9523 = EDGE_LOOP('',(#9524,#9525,#9526,#9531));
#9524 = ORIENTED_EDGE('',*,*,#9507,.F.);
#9525 = ORIENTED_EDGE('',*,*,#9357,.T.);
#9526 = ORIENTED_EDGE('',*,*,#9527,.T.);
#9527 = EDGE_CURVE('',#9358,#1031,#9528,.T.);
#9528 = B_SPLINE_CURVE_WITH_KNOTS('',1,(#9529,#9530),.UNSPECIFIED.,.F.,
  .F.,(2,2),(-0.,1.E-02),.PIECEWISE_BEZIER_KNOTS.);
#9529 = CARTESIAN_POINT('',(-0.249542099297,0.96,0.346888219733));
#9530 = CARTESIAN_POINT('',(-0.249542099297,0.95,0.346888219733));
#9531 = ORIENTED_EDGE('',*,*,#1037,.F.);
#9532 = B_SPLINE_SURFACE_WITH_KNOTS('',3,1,(
    (#9533,#9534)
    ,(#9535,#9536)
    ,(#9537,#9538)
    ,(#9539,#9540
    )),.UNSPECIFIED.,.F.,.F.,.F.,(4,4),(2,2),(2.,3.),(0.,1.),
  .PIECEWISE_BEZIER_KNOTS.);
#9533 = CARTESIAN_POINT('',(-0.27260912867,0.96,0.338809300723));
#9534 = CARTESIAN_POINT('',(-0.27260912867,0.95,0.338809300723));
#9535 = CARTESIAN_POINT('',(-0.266479755754,0.96,0.344205644309));
#9536 = CARTESIAN_POINT('',(-0.266479755754,0.95,0.344205644309));
#9537 = CARTESIAN_POINT('',(-0.258790745962,0.96,0.346888219733));
#9538 = CARTESIAN_POINT('',(-0.258790745962,0.95,0.346888219733));
#9539 = CARTESIAN_POINT('',(-0.249542099297,0.96,0.346888219733));
#9540 = CARTESIAN_POINT('',(-0.249542099297,0.95,0.346888219733));
#9541 = ADVANCED_FACE('',(#9542),#9552,.F.);
#9542 = FACE_BOUND('',#9543,.T.);
#9543 = EDGE_LOOP('',(#9544,#9545,#9550,#9551));
#9544 = ORIENTED_EDGE('',*,*,#1030,.T.);
#9545 = ORIENTED_EDGE('',*,*,#9546,.F.);
#9546 = EDGE_CURVE('',#9367,#1024,#9547,.T.);
#9547 = B_SPLINE_CURVE_WITH_KNOTS('',1,(#9548,#9549),.UNSPECIFIED.,.F.,
  .F.,(2,2),(-0.,1.E-02),.PIECEWISE_BEZIER_KNOTS.);
#9548 = CARTESIAN_POINT('',(-0.232136551778,0.96,0.346888219733));
#9549 = CARTESIAN_POINT('',(-0.232136551778,0.95,0.346888219733));
#9550 = ORIENTED_EDGE('',*,*,#9366,.F.);
#9551 = ORIENTED_EDGE('',*,*,#9527,.T.);
#9552 = B_SPLINE_SURFACE_WITH_KNOTS('',1,1,(
    (#9553,#9554)
    ,(#9555,#9556
    )),.UNSPECIFIED.,.F.,.F.,.F.,(2,2),(2,2),(0.,1.740554751886E-02),(
    -1.E-02,0.),.PIECEWISE_BEZIER_KNOTS.);
#9553 = CARTESIAN_POINT('',(-0.232136551778,0.95,0.346888219733));
#9554 = CARTESIAN_POINT('',(-0.232136551778,0.96,0.346888219733));
#9555 = CARTESIAN_POINT('',(-0.249542099297,0.95,0.346888219733));
#9556 = CARTESIAN_POINT('',(-0.249542099297,0.96,0.346888219733));
#9557 = ADVANCED_FACE('',(#9558),#9564,.F.);
#9558 = FACE_BOUND('',#9559,.T.);
#9559 = EDGE_LOOP('',(#9560,#9561,#9562,#9563));
#9560 = ORIENTED_EDGE('',*,*,#1023,.T.);
#9561 = ORIENTED_EDGE('',*,*,#9452,.F.);
#9562 = ORIENTED_EDGE('',*,*,#9373,.F.);
#9563 = ORIENTED_EDGE('',*,*,#9546,.T.);
#9564 = B_SPLINE_SURFACE_WITH_KNOTS('',1,1,(
    (#9565,#9566)
    ,(#9567,#9568
    )),.UNSPECIFIED.,.F.,.F.,.F.,(2,2),(2,2),(0.,6.10129945294E-02),(
    -1.E-02,0.),.PIECEWISE_BEZIER_KNOTS.);
#9565 = CARTESIAN_POINT('',(-0.232136551778,0.95,0.285875225204));
#9566 = CARTESIAN_POINT('',(-0.232136551778,0.96,0.285875225204));
#9567 = CARTESIAN_POINT('',(-0.232136551778,0.95,0.346888219733));
#9568 = CARTESIAN_POINT('',(-0.232136551778,0.96,0.346888219733));
#9569 = ADVANCED_FACE('',(#9570),#9592,.T.);
#9570 = FACE_BOUND('',#9571,.T.);
#9571 = EDGE_LOOP('',(#9572,#9581,#9586,#9587));
#9572 = ORIENTED_EDGE('',*,*,#9573,.F.);
#9573 = EDGE_CURVE('',#9574,#9576,#9578,.T.);
#9574 = VERTEX_POINT('',#9575);
#9575 = CARTESIAN_POINT('',(-0.249230171922,0.95,0.339869853798));
#9576 = VERTEX_POINT('',#9577);
#9577 = CARTESIAN_POINT('',(-0.240012717994,0.95,0.339869853798));
#9578 = B_SPLINE_CURVE_WITH_KNOTS('',1,(#9579,#9580),.UNSPECIFIED.,.F.,
  .F.,(2,2),(0.,9.217453928043E-03),.PIECEWISE_BEZIER_KNOTS.);
#9579 = CARTESIAN_POINT('',(-0.249230171922,0.95,0.339869853798));
#9580 = CARTESIAN_POINT('',(-0.240012717994,0.95,0.339869853798));
#9581 = ORIENTED_EDGE('',*,*,#9582,.F.);
#9582 = EDGE_CURVE('',#9390,#9574,#9583,.T.);
#9583 = B_SPLINE_CURVE_WITH_KNOTS('',1,(#9584,#9585),.UNSPECIFIED.,.F.,
  .F.,(2,2),(-0.,1.E-02),.PIECEWISE_BEZIER_KNOTS.);
#9584 = CARTESIAN_POINT('',(-0.249230171922,0.96,0.339869853798));
#9585 = CARTESIAN_POINT('',(-0.249230171922,0.95,0.339869853798));
#9586 = ORIENTED_EDGE('',*,*,#9389,.T.);
#9587 = ORIENTED_EDGE('',*,*,#9588,.T.);
#9588 = EDGE_CURVE('',#9381,#9576,#9589,.T.);
#9589 = B_SPLINE_CURVE_WITH_KNOTS('',1,(#9590,#9591),.UNSPECIFIED.,.F.,
  .F.,(2,2),(-0.,1.E-02),.PIECEWISE_BEZIER_KNOTS.);
#9590 = CARTESIAN_POINT('',(-0.240012717994,0.96,0.339869853798));
#9591 = CARTESIAN_POINT('',(-0.240012717994,0.95,0.339869853798));
#9592 = B_SPLINE_SURFACE_WITH_KNOTS('',1,1,(
    (#9593,#9594)
    ,(#9595,#9596
    )),.UNSPECIFIED.,.F.,.F.,.F.,(2,2),(2,2),(-9.217453928043E-03,0.),(
    -1.E-02,0.),.PIECEWISE_BEZIER_KNOTS.);
#9593 = CARTESIAN_POINT('',(-0.240012717994,0.95,0.339869853798));
#9594 = CARTESIAN_POINT('',(-0.240012717994,0.96,0.339869853798));
#9595 = CARTESIAN_POINT('',(-0.249230171922,0.95,0.339869853798));
#9596 = CARTESIAN_POINT('',(-0.249230171922,0.96,0.339869853798));
#9597 = ADVANCED_FACE('',(#9598),#9614,.T.);
#9598 = FACE_BOUND('',#9599,.T.);
#9599 = EDGE_LOOP('',(#9600,#9607,#9608,#9609));
#9600 = ORIENTED_EDGE('',*,*,#9601,.F.);
#9601 = EDGE_CURVE('',#9576,#9602,#9604,.T.);
#9602 = VERTEX_POINT('',#9603);
#9603 = CARTESIAN_POINT('',(-0.240012717994,0.95,0.292831205664));
#9604 = B_SPLINE_CURVE_WITH_KNOTS('',1,(#9605,#9606),.UNSPECIFIED.,.F.,
  .F.,(2,2),(0.,4.703864813422E-02),.PIECEWISE_BEZIER_KNOTS.);
#9605 = CARTESIAN_POINT('',(-0.240012717994,0.95,0.339869853798));
#9606 = CARTESIAN_POINT('',(-0.240012717994,0.95,0.292831205664));
#9607 = ORIENTED_EDGE('',*,*,#9588,.F.);
#9608 = ORIENTED_EDGE('',*,*,#9380,.T.);
#9609 = ORIENTED_EDGE('',*,*,#9610,.T.);
#9610 = EDGE_CURVE('',#9383,#9602,#9611,.T.);
#9611 = B_SPLINE_CURVE_WITH_KNOTS('',1,(#9612,#9613),.UNSPECIFIED.,.F.,
  .F.,(2,2),(-0.,1.E-02),.PIECEWISE_BEZIER_KNOTS.);
#9612 = CARTESIAN_POINT('',(-0.240012717994,0.96,0.292831205664));
#9613 = CARTESIAN_POINT('',(-0.240012717994,0.95,0.292831205664));
#9614 = B_SPLINE_SURFACE_WITH_KNOTS('',1,1,(
    (#9615,#9616)
    ,(#9617,#9618
    )),.UNSPECIFIED.,.F.,.F.,.F.,(2,2),(2,2),(-4.703864813422E-02,0.),(
    -1.E-02,0.),.PIECEWISE_BEZIER_KNOTS.);
#9615 = CARTESIAN_POINT('',(-0.240012717994,0.95,0.292831205664));
#9616 = CARTESIAN_POINT('',(-0.240012717994,0.96,0.292831205664));
#9617 = CARTESIAN_POINT('',(-0.240012717994,0.95,0.339869853798));
#9618 = CARTESIAN_POINT('',(-0.240012717994,0.96,0.339869853798));
#9619 = ADVANCED_FACE('',(#9620),#9636,.T.);
#9620 = FACE_BOUND('',#9621,.T.);
#9621 = EDGE_LOOP('',(#9622,#9629,#9630,#9631));
#9622 = ORIENTED_EDGE('',*,*,#9623,.F.);
#9623 = EDGE_CURVE('',#9602,#9624,#9626,.T.);
#9624 = VERTEX_POINT('',#9625);
#9625 = CARTESIAN_POINT('',(-0.248871455441,0.95,0.292831205664));
#9626 = B_SPLINE_CURVE_WITH_KNOTS('',1,(#9627,#9628),.UNSPECIFIED.,.F.,
  .F.,(2,2),(0.,8.858737446907E-03),.PIECEWISE_BEZIER_KNOTS.);
#9627 = CARTESIAN_POINT('',(-0.240012717994,0.95,0.292831205664));
#9628 = CARTESIAN_POINT('',(-0.248871455441,0.95,0.292831205664));
#9629 = ORIENTED_EDGE('',*,*,#9610,.F.);
#9630 = ORIENTED_EDGE('',*,*,#9432,.T.);
#9631 = ORIENTED_EDGE('',*,*,#9632,.T.);
#9632 = EDGE_CURVE('',#9424,#9624,#9633,.T.);
#9633 = B_SPLINE_CURVE_WITH_KNOTS('',1,(#9634,#9635),.UNSPECIFIED.,.F.,
  .F.,(2,2),(-0.,1.E-02),.PIECEWISE_BEZIER_KNOTS.);
#9634 = CARTESIAN_POINT('',(-0.248871455441,0.96,0.292831205664));
#9635 = CARTESIAN_POINT('',(-0.248871455441,0.95,0.292831205664));
#9636 = B_SPLINE_SURFACE_WITH_KNOTS('',1,1,(
    (#9637,#9638)
    ,(#9639,#9640
    )),.UNSPECIFIED.,.F.,.F.,.F.,(2,2),(2,2),(-8.858737446907E-03,0.),(
    -1.E-02,0.),.PIECEWISE_BEZIER_KNOTS.);
#9637 = CARTESIAN_POINT('',(-0.248871455441,0.95,0.292831205664));
#9638 = CARTESIAN_POINT('',(-0.248871455441,0.96,0.292831205664));
#9639 = CARTESIAN_POINT('',(-0.240012717994,0.95,0.292831205664));
#9640 = CARTESIAN_POINT('',(-0.240012717994,0.96,0.292831205664));
#9641 = ADVANCED_FACE('',(#9642),#9660,.T.);
#9642 = FACE_BOUND('',#9643,.T.);
#9643 = EDGE_LOOP('',(#9644,#9653,#9654,#9655));
#9644 = ORIENTED_EDGE('',*,*,#9645,.F.);
#9645 = EDGE_CURVE('',#9624,#9646,#9648,.T.);
#9646 = VERTEX_POINT('',#9647);
#9647 = CARTESIAN_POINT('',(-0.267010032291,0.95,0.299194524112));
#9648 = B_SPLINE_CURVE_WITH_KNOTS('',3,(#9649,#9650,#9651,#9652),
  .UNSPECIFIED.,.F.,.F.,(4,4),(2.,3.),.PIECEWISE_BEZIER_KNOTS.);
#9649 = CARTESIAN_POINT('',(-0.248871455441,0.95,0.292831205664));
#9650 = CARTESIAN_POINT('',(-0.256622850707,0.95,0.292831205664));
#9651 = CARTESIAN_POINT('',(-0.26267424178,0.95,0.294952311813));
#9652 = CARTESIAN_POINT('',(-0.267010032291,0.95,0.299194524112));
#9653 = ORIENTED_EDGE('',*,*,#9632,.F.);
#9654 = ORIENTED_EDGE('',*,*,#9423,.T.);
#9655 = ORIENTED_EDGE('',*,*,#9656,.T.);
#9656 = EDGE_CURVE('',#9415,#9646,#9657,.T.);
#9657 = B_SPLINE_CURVE_WITH_KNOTS('',1,(#9658,#9659),.UNSPECIFIED.,.F.,
  .F.,(2,2),(-0.,1.E-02),.PIECEWISE_BEZIER_KNOTS.);
#9658 = CARTESIAN_POINT('',(-0.267010032291,0.96,0.299194524112));
#9659 = CARTESIAN_POINT('',(-0.267010032291,0.95,0.299194524112));
#9660 = B_SPLINE_SURFACE_WITH_KNOTS('',3,1,(
    (#9661,#9662)
    ,(#9663,#9664)
    ,(#9665,#9666)
    ,(#9667,#9668
    )),.UNSPECIFIED.,.F.,.F.,.F.,(4,4),(2,2),(2.,3.),(0.,1.),
  .PIECEWISE_BEZIER_KNOTS.);
#9661 = CARTESIAN_POINT('',(-0.248871455441,0.96,0.292831205664));
#9662 = CARTESIAN_POINT('',(-0.248871455441,0.95,0.292831205664));
#9663 = CARTESIAN_POINT('',(-0.256622850707,0.96,0.292831205664));
#9664 = CARTESIAN_POINT('',(-0.256622850707,0.95,0.292831205664));
#9665 = CARTESIAN_POINT('',(-0.26267424178,0.96,0.294952311813));
#9666 = CARTESIAN_POINT('',(-0.26267424178,0.95,0.294952311813));
#9667 = CARTESIAN_POINT('',(-0.267010032291,0.96,0.299194524112));
#9668 = CARTESIAN_POINT('',(-0.267010032291,0.95,0.299194524112));
#9669 = ADVANCED_FACE('',(#9670),#9688,.T.);
#9670 = FACE_BOUND('',#9671,.T.);
#9671 = EDGE_LOOP('',(#9672,#9681,#9682,#9683));
#9672 = ORIENTED_EDGE('',*,*,#9673,.F.);
#9673 = EDGE_CURVE('',#9646,#9674,#9676,.T.);
#9674 = VERTEX_POINT('',#9675);
#9675 = CARTESIAN_POINT('',(-0.273529314426,0.95,0.316943191743));
#9676 = B_SPLINE_CURVE_WITH_KNOTS('',3,(#9677,#9678,#9679,#9680),
  .UNSPECIFIED.,.F.,.F.,(4,4),(3.,4.),.PIECEWISE_BEZIER_KNOTS.);
#9677 = CARTESIAN_POINT('',(-0.267010032291,0.95,0.299194524112));
#9678 = CARTESIAN_POINT('',(-0.271361419171,0.95,0.303405543673));
#9679 = CARTESIAN_POINT('',(-0.273529314426,0.95,0.309332163796));
#9680 = CARTESIAN_POINT('',(-0.273529314426,0.95,0.316943191743));
#9681 = ORIENTED_EDGE('',*,*,#9656,.F.);
#9682 = ORIENTED_EDGE('',*,*,#9414,.T.);
#9683 = ORIENTED_EDGE('',*,*,#9684,.T.);
#9684 = EDGE_CURVE('',#9406,#9674,#9685,.T.);
#9685 = B_SPLINE_CURVE_WITH_KNOTS('',1,(#9686,#9687),.UNSPECIFIED.,.F.,
  .F.,(2,2),(-0.,1.E-02),.PIECEWISE_BEZIER_KNOTS.);
#9686 = CARTESIAN_POINT('',(-0.273529314426,0.96,0.316943191743));
#9687 = CARTESIAN_POINT('',(-0.273529314426,0.95,0.316943191743));
#9688 = B_SPLINE_SURFACE_WITH_KNOTS('',3,1,(
    (#9689,#9690)
    ,(#9691,#9692)
    ,(#9693,#9694)
    ,(#9695,#9696
    )),.UNSPECIFIED.,.F.,.F.,.F.,(4,4),(2,2),(3.,4.),(0.,1.),
  .PIECEWISE_BEZIER_KNOTS.);
#9689 = CARTESIAN_POINT('',(-0.267010032291,0.96,0.299194524112));
#9690 = CARTESIAN_POINT('',(-0.267010032291,0.95,0.299194524112));
#9691 = CARTESIAN_POINT('',(-0.271361419171,0.96,0.303405543673));
#9692 = CARTESIAN_POINT('',(-0.271361419171,0.95,0.303405543673));
#9693 = CARTESIAN_POINT('',(-0.273529314426,0.96,0.309332163796));
#9694 = CARTESIAN_POINT('',(-0.273529314426,0.95,0.309332163796));
#9695 = CARTESIAN_POINT('',(-0.273529314426,0.96,0.316943191743));
#9696 = CARTESIAN_POINT('',(-0.273529314426,0.95,0.316943191743));
#9697 = ADVANCED_FACE('',(#9698),#9716,.T.);
#9698 = FACE_BOUND('',#9699,.T.);
#9699 = EDGE_LOOP('',(#9700,#9709,#9710,#9711));
#9700 = ORIENTED_EDGE('',*,*,#9701,.F.);
#9701 = EDGE_CURVE('',#9674,#9702,#9704,.T.);
#9702 = VERTEX_POINT('',#9703);
#9703 = CARTESIAN_POINT('',(-0.266838472235,0.95,0.3341303901));
#9704 = B_SPLINE_CURVE_WITH_KNOTS('',3,(#9705,#9706,#9707,#9708),
  .UNSPECIFIED.,.F.,.F.,(4,4),(4.,5.),.PIECEWISE_BEZIER_KNOTS.);
#9705 = CARTESIAN_POINT('',(-0.273529314426,0.95,0.316943191743));
#9706 = CARTESIAN_POINT('',(-0.273529314426,0.95,0.324554219691));
#9707 = CARTESIAN_POINT('',(-0.271299033696,0.95,0.330293683389));
#9708 = CARTESIAN_POINT('',(-0.266838472235,0.95,0.3341303901));
#9709 = ORIENTED_EDGE('',*,*,#9684,.F.);
#9710 = ORIENTED_EDGE('',*,*,#9405,.T.);
#9711 = ORIENTED_EDGE('',*,*,#9712,.T.);
#9712 = EDGE_CURVE('',#9397,#9702,#9713,.T.);
#9713 = B_SPLINE_CURVE_WITH_KNOTS('',1,(#9714,#9715),.UNSPECIFIED.,.F.,
  .F.,(2,2),(-0.,1.E-02),.PIECEWISE_BEZIER_KNOTS.);
#9714 = CARTESIAN_POINT('',(-0.266838472235,0.96,0.3341303901));
#9715 = CARTESIAN_POINT('',(-0.266838472235,0.95,0.3341303901));
#9716 = B_SPLINE_SURFACE_WITH_KNOTS('',3,1,(
    (#9717,#9718)
    ,(#9719,#9720)
    ,(#9721,#9722)
    ,(#9723,#9724
    )),.UNSPECIFIED.,.F.,.F.,.F.,(4,4),(2,2),(4.,5.),(0.,1.),
  .PIECEWISE_BEZIER_KNOTS.);
#9717 = CARTESIAN_POINT('',(-0.273529314426,0.96,0.316943191743));
#9718 = CARTESIAN_POINT('',(-0.273529314426,0.95,0.316943191743));
#9719 = CARTESIAN_POINT('',(-0.273529314426,0.96,0.324554219691));
#9720 = CARTESIAN_POINT('',(-0.273529314426,0.95,0.324554219691));
#9721 = CARTESIAN_POINT('',(-0.271299033696,0.96,0.330293683389));
#9722 = CARTESIAN_POINT('',(-0.271299033696,0.95,0.330293683389));
#9723 = CARTESIAN_POINT('',(-0.266838472235,0.96,0.3341303901));
#9724 = CARTESIAN_POINT('',(-0.266838472235,0.95,0.3341303901));
#9725 = ADVANCED_FACE('',(#9726),#9738,.T.);
#9726 = FACE_BOUND('',#9727,.T.);
#9727 = EDGE_LOOP('',(#9728,#9735,#9736,#9737));
#9728 = ORIENTED_EDGE('',*,*,#9729,.F.);
#9729 = EDGE_CURVE('',#9702,#9574,#9730,.T.);
#9730 = B_SPLINE_CURVE_WITH_KNOTS('',3,(#9731,#9732,#9733,#9734),
  .UNSPECIFIED.,.F.,.F.,(4,4),(5.,6.),.PIECEWISE_BEZIER_KNOTS.);
#9731 = CARTESIAN_POINT('',(-0.266838472235,0.95,0.3341303901));
#9732 = CARTESIAN_POINT('',(-0.262377910774,0.95,0.337967096811));
#9733 = CARTESIAN_POINT('',(-0.256498079757,0.95,0.339869853798));
#9734 = CARTESIAN_POINT('',(-0.249230171922,0.95,0.339869853798));
#9735 = ORIENTED_EDGE('',*,*,#9712,.F.);
#9736 = ORIENTED_EDGE('',*,*,#9396,.T.);
#9737 = ORIENTED_EDGE('',*,*,#9582,.T.);
#9738 = B_SPLINE_SURFACE_WITH_KNOTS('',3,1,(
    (#9739,#9740)
    ,(#9741,#9742)
    ,(#9743,#9744)
    ,(#9745,#9746
    )),.UNSPECIFIED.,.F.,.F.,.F.,(4,4),(2,2),(5.,6.),(0.,1.),
  .PIECEWISE_BEZIER_KNOTS.);
#9739 = CARTESIAN_POINT('',(-0.266838472235,0.96,0.3341303901));
#9740 = CARTESIAN_POINT('',(-0.266838472235,0.95,0.3341303901));
#9741 = CARTESIAN_POINT('',(-0.262377910774,0.96,0.337967096811));
#9742 = CARTESIAN_POINT('',(-0.262377910774,0.95,0.337967096811));
#9743 = CARTESIAN_POINT('',(-0.256498079757,0.96,0.339869853798));
#9744 = CARTESIAN_POINT('',(-0.256498079757,0.95,0.339869853798));
#9745 = CARTESIAN_POINT('',(-0.249230171922,0.96,0.339869853798));
#9746 = CARTESIAN_POINT('',(-0.249230171922,0.95,0.339869853798));
#9747 = ADVANCED_FACE('',(#9748),#9757,.F.);
#9748 = FACE_BOUND('',#9749,.T.);
#9749 = EDGE_LOOP('',(#9750,#9751,#9752,#9753,#9754,#9755,#9756));
#9750 = ORIENTED_EDGE('',*,*,#9729,.T.);
#9751 = ORIENTED_EDGE('',*,*,#9573,.T.);
#9752 = ORIENTED_EDGE('',*,*,#9601,.T.);
#9753 = ORIENTED_EDGE('',*,*,#9623,.T.);
#9754 = ORIENTED_EDGE('',*,*,#9645,.T.);
#9755 = ORIENTED_EDGE('',*,*,#9673,.T.);
#9756 = ORIENTED_EDGE('',*,*,#9701,.T.);
#9757 = B_SPLINE_SURFACE_WITH_KNOTS('',1,1,(
    (#9758,#9759)
    ,(#9760,#9761
    )),.UNSPECIFIED.,.F.,.F.,.F.,(2,2),(2,2),(-9.789869753798,
    -9.742831105664),(0.376470685574,0.409987282006),
  .PIECEWISE_BEZIER_KNOTS.);
#9758 = CARTESIAN_POINT('',(-0.273529314426,0.95,0.339869853798));
#9759 = CARTESIAN_POINT('',(-0.240012717994,0.95,0.339869853798));
#9760 = CARTESIAN_POINT('',(-0.273529314426,0.95,0.292831205664));
#9761 = CARTESIAN_POINT('',(-0.240012717994,0.95,0.292831205664));
#9762 = ADVANCED_FACE('',(#9763,#9821),#9869,.F.);
#9763 = FACE_BOUND('',#9764,.T.);
#9764 = EDGE_LOOP('',(#9765,#9774,#9781,#9788,#9795,#9802,#9809,#9816));
#9765 = ORIENTED_EDGE('',*,*,#9766,.T.);
#9766 = EDGE_CURVE('',#9767,#9769,#9771,.T.);
#9767 = VERTEX_POINT('',#9768);
#9768 = CARTESIAN_POINT('',(-0.340094616229,0.96,0.285875225204));
#9769 = VERTEX_POINT('',#9770);
#9770 = CARTESIAN_POINT('',(-0.316856026799,0.96,0.346888219733));
#9771 = B_SPLINE_CURVE_WITH_KNOTS('',1,(#9772,#9773),.UNSPECIFIED.,.F.,
  .F.,(2,2),(-6.528872444851E-02,0.),.PIECEWISE_BEZIER_KNOTS.);
#9772 = CARTESIAN_POINT('',(-0.340094616229,0.96,0.285875225204));
#9773 = CARTESIAN_POINT('',(-0.316856026799,0.96,0.346888219733));
#9774 = ORIENTED_EDGE('',*,*,#9775,.T.);
#9775 = EDGE_CURVE('',#9769,#9776,#9778,.T.);
#9776 = VERTEX_POINT('',#9777);
#9777 = CARTESIAN_POINT('',(-0.308433987677,0.96,0.346888219733));
#9778 = B_SPLINE_CURVE_WITH_KNOTS('',1,(#9779,#9780),.UNSPECIFIED.,.F.,
  .F.,(2,2),(-8.422039122552E-03,0.),.PIECEWISE_BEZIER_KNOTS.);
#9779 = CARTESIAN_POINT('',(-0.316856026799,0.96,0.346888219733));
#9780 = CARTESIAN_POINT('',(-0.308433987677,0.96,0.346888219733));
#9781 = ORIENTED_EDGE('',*,*,#9782,.T.);
#9782 = EDGE_CURVE('',#9776,#9783,#9785,.T.);
#9783 = VERTEX_POINT('',#9784);
#9784 = CARTESIAN_POINT('',(-0.285195398247,0.96,0.285875225204));
#9785 = B_SPLINE_CURVE_WITH_KNOTS('',1,(#9786,#9787),.UNSPECIFIED.,.F.,
  .F.,(2,2),(-6.528872444865E-02,0.),.PIECEWISE_BEZIER_KNOTS.);
#9786 = CARTESIAN_POINT('',(-0.308433987677,0.96,0.346888219733));
#9787 = CARTESIAN_POINT('',(-0.285195398247,0.96,0.285875225204));
#9788 = ORIENTED_EDGE('',*,*,#9789,.T.);
#9789 = EDGE_CURVE('',#9783,#9790,#9792,.T.);
#9790 = VERTEX_POINT('',#9791);
#9791 = CARTESIAN_POINT('',(-0.293898172007,0.96,0.285875225204));
#9792 = B_SPLINE_CURVE_WITH_KNOTS('',1,(#9793,#9794),.UNSPECIFIED.,.F.,
  .F.,(2,2),(-8.702773759636E-03,0.),.PIECEWISE_BEZIER_KNOTS.);
#9793 = CARTESIAN_POINT('',(-0.285195398247,0.96,0.285875225204));
#9794 = CARTESIAN_POINT('',(-0.293898172007,0.96,0.285875225204));
#9795 = ORIENTED_EDGE('',*,*,#9796,.T.);
#9796 = EDGE_CURVE('',#9790,#9797,#9799,.T.);
#9797 = VERTEX_POINT('',#9798);
#9798 = CARTESIAN_POINT('',(-0.299762406655,0.96,0.30256333976));
#9799 = B_SPLINE_CURVE_WITH_KNOTS('',1,(#9800,#9801),.UNSPECIFIED.,.F.,
  .F.,(2,2),(-1.768848256523E-02,0.),.PIECEWISE_BEZIER_KNOTS.);
#9800 = CARTESIAN_POINT('',(-0.293898172007,0.96,0.285875225204));
#9801 = CARTESIAN_POINT('',(-0.299762406655,0.96,0.30256333976));
#9802 = ORIENTED_EDGE('',*,*,#9803,.T.);
#9803 = EDGE_CURVE('',#9797,#9804,#9806,.T.);
#9804 = VERTEX_POINT('',#9805);
#9805 = CARTESIAN_POINT('',(-0.32516889134,0.96,0.30256333976));
#9806 = B_SPLINE_CURVE_WITH_KNOTS('',1,(#9807,#9808),.UNSPECIFIED.,.F.,
  .F.,(2,2),(-2.540648468536E-02,0.),.PIECEWISE_BEZIER_KNOTS.);
#9807 = CARTESIAN_POINT('',(-0.299762406655,0.96,0.30256333976));
#9808 = CARTESIAN_POINT('',(-0.32516889134,0.96,0.30256333976));
#9809 = ORIENTED_EDGE('',*,*,#9810,.T.);
#9810 = EDGE_CURVE('',#9804,#9811,#9813,.T.);
#9811 = VERTEX_POINT('',#9812);
#9812 = CARTESIAN_POINT('',(-0.33139184247,0.96,0.285875225204));
#9813 = B_SPLINE_CURVE_WITH_KNOTS('',1,(#9814,#9815),.UNSPECIFIED.,.F.,
  .F.,(2,2),(-1.781062290361E-02,-0.),.PIECEWISE_BEZIER_KNOTS.);
#9814 = CARTESIAN_POINT('',(-0.32516889134,0.96,0.30256333976));
#9815 = CARTESIAN_POINT('',(-0.33139184247,0.96,0.285875225204));
#9816 = ORIENTED_EDGE('',*,*,#9817,.T.);
#9817 = EDGE_CURVE('',#9811,#9767,#9818,.T.);
#9818 = B_SPLINE_CURVE_WITH_KNOTS('',1,(#9819,#9820),.UNSPECIFIED.,.F.,
  .F.,(2,2),(-8.70277375922E-03,0.),.PIECEWISE_BEZIER_KNOTS.);
#9819 = CARTESIAN_POINT('',(-0.33139184247,0.96,0.285875225204));
#9820 = CARTESIAN_POINT('',(-0.340094616229,0.96,0.285875225204));
#9821 = FACE_BOUND('',#9822,.T.);
#9822 = EDGE_LOOP('',(#9823,#9832,#9839,#9848,#9855,#9864));
#9823 = ORIENTED_EDGE('',*,*,#9824,.F.);
#9824 = EDGE_CURVE('',#9825,#9827,#9829,.T.);
#9825 = VERTEX_POINT('',#9826);
#9826 = CARTESIAN_POINT('',(-0.302257825654,0.96,0.309456934746));
#9827 = VERTEX_POINT('',#9828);
#9828 = CARTESIAN_POINT('',(-0.322735857816,0.96,0.309456934746));
#9829 = B_SPLINE_CURVE_WITH_KNOTS('',1,(#9830,#9831),.UNSPECIFIED.,.F.,
  .F.,(2,2),(0.,2.047803216182E-02),.PIECEWISE_BEZIER_KNOTS.);
#9830 = CARTESIAN_POINT('',(-0.302257825654,0.96,0.309456934746));
#9831 = CARTESIAN_POINT('',(-0.322735857816,0.96,0.309456934746));
#9832 = ORIENTED_EDGE('',*,*,#9833,.F.);
#9833 = EDGE_CURVE('',#9834,#9825,#9836,.T.);
#9834 = VERTEX_POINT('',#9835);
#9835 = CARTESIAN_POINT('',(-0.31138170137,0.96,0.334816630325));
#9836 = B_SPLINE_CURVE_WITH_KNOTS('',1,(#9837,#9838),.UNSPECIFIED.,.F.,
  .F.,(2,2),(5.223342800968E-17,2.695105318789E-02),
  .PIECEWISE_BEZIER_KNOTS.);
#9837 = CARTESIAN_POINT('',(-0.31138170137,0.96,0.334816630325));
#9838 = CARTESIAN_POINT('',(-0.302257825654,0.96,0.309456934746));
#9839 = ORIENTED_EDGE('',*,*,#9840,.F.);
#9840 = EDGE_CURVE('',#9841,#9834,#9843,.T.);
#9841 = VERTEX_POINT('',#9842);
#9842 = CARTESIAN_POINT('',(-0.312379868969,0.96,0.339090035361));
#9843 = B_SPLINE_CURVE_WITH_KNOTS('',3,(#9844,#9845,#9846,#9847),
  .UNSPECIFIED.,.F.,.F.,(4,4),(3.,4.),.PIECEWISE_BEZIER_KNOTS.);
#9844 = CARTESIAN_POINT('',(-0.312379868969,0.96,0.339090035361));
#9845 = CARTESIAN_POINT('',(-0.312083537963,0.96,0.337249663849));
#9846 = CARTESIAN_POINT('',(-0.31175601422,0.96,0.335814797924));
#9847 = CARTESIAN_POINT('',(-0.31138170137,0.96,0.334816630325));
#9848 = ORIENTED_EDGE('',*,*,#9849,.F.);
#9849 = EDGE_CURVE('',#9850,#9841,#9852,.T.);
#9850 = VERTEX_POINT('',#9851);
#9851 = CARTESIAN_POINT('',(-0.312567025395,0.96,0.339090035361));
#9852 = B_SPLINE_CURVE_WITH_KNOTS('',1,(#9853,#9854),.UNSPECIFIED.,.F.,
  .F.,(2,2),(5.551115123126E-17,1.871564251401E-04),
  .PIECEWISE_BEZIER_KNOTS.);
#9853 = CARTESIAN_POINT('',(-0.312567025395,0.96,0.339090035361));
#9854 = CARTESIAN_POINT('',(-0.312379868969,0.96,0.339090035361));
#9855 = ORIENTED_EDGE('',*,*,#9856,.F.);
#9856 = EDGE_CURVE('',#9857,#9850,#9859,.T.);
#9857 = VERTEX_POINT('',#9858);
#9858 = CARTESIAN_POINT('',(-0.313518403888,0.96,0.334816630325));
#9859 = B_SPLINE_CURVE_WITH_KNOTS('',3,(#9860,#9861,#9862,#9863),
  .UNSPECIFIED.,.F.,.F.,(4,4),(1.,2.),.PIECEWISE_BEZIER_KNOTS.);
#9860 = CARTESIAN_POINT('',(-0.313518403888,0.96,0.334816630325));
#9861 = CARTESIAN_POINT('',(-0.313222072882,0.96,0.335658834237));
#9862 = CARTESIAN_POINT('',(-0.312910145507,0.96,0.337062507424));
#9863 = CARTESIAN_POINT('',(-0.312567025395,0.96,0.339090035361));
#9864 = ORIENTED_EDGE('',*,*,#9865,.F.);
#9865 = EDGE_CURVE('',#9827,#9857,#9866,.T.);
#9866 = B_SPLINE_CURVE_WITH_KNOTS('',1,(#9867,#9868),.UNSPECIFIED.,.F.,
  .F.,(2,2),(0.,2.698287636246E-02),.PIECEWISE_BEZIER_KNOTS.);
#9867 = CARTESIAN_POINT('',(-0.322735857816,0.96,0.309456934746));
#9868 = CARTESIAN_POINT('',(-0.313518403888,0.96,0.334816630325));
#9869 = B_SPLINE_SURFACE_WITH_KNOTS('',1,1,(
    (#9870,#9871)
    ,(#9872,#9873
    )),.UNSPECIFIED.,.F.,.F.,.F.,(2,2),(2,2),(-0.346888119733,
    -0.285875125204),(-0.340094616229,-0.285195398247),
  .PIECEWISE_BEZIER_KNOTS.);
#9870 = CARTESIAN_POINT('',(-0.340094616229,0.96,0.346888219733));
#9871 = CARTESIAN_POINT('',(-0.285195398247,0.96,0.346888219733));
#9872 = CARTESIAN_POINT('',(-0.340094616229,0.96,0.285875225204));
#9873 = CARTESIAN_POINT('',(-0.285195398247,0.96,0.285875225204));
#9874 = ADVANCED_FACE('',(#9875),#9889,.F.);
#9875 = FACE_BOUND('',#9876,.T.);
#9876 = EDGE_LOOP('',(#9877,#9878,#9883,#9884));
#9877 = ORIENTED_EDGE('',*,*,#1073,.T.);
#9878 = ORIENTED_EDGE('',*,*,#9879,.F.);
#9879 = EDGE_CURVE('',#9769,#1076,#9880,.T.);
#9880 = B_SPLINE_CURVE_WITH_KNOTS('',1,(#9881,#9882),.UNSPECIFIED.,.F.,
  .F.,(2,2),(-0.,1.E-02),.PIECEWISE_BEZIER_KNOTS.);
#9881 = CARTESIAN_POINT('',(-0.316856026799,0.96,0.346888219733));
#9882 = CARTESIAN_POINT('',(-0.316856026799,0.95,0.346888219733));
#9883 = ORIENTED_EDGE('',*,*,#9766,.F.);
#9884 = ORIENTED_EDGE('',*,*,#9885,.T.);
#9885 = EDGE_CURVE('',#9767,#1074,#9886,.T.);
#9886 = B_SPLINE_CURVE_WITH_KNOTS('',1,(#9887,#9888),.UNSPECIFIED.,.F.,
  .F.,(2,2),(-0.,1.E-02),.PIECEWISE_BEZIER_KNOTS.);
#9887 = CARTESIAN_POINT('',(-0.340094616229,0.96,0.285875225204));
#9888 = CARTESIAN_POINT('',(-0.340094616229,0.95,0.285875225204));
#9889 = B_SPLINE_SURFACE_WITH_KNOTS('',1,1,(
    (#9890,#9891)
    ,(#9892,#9893
    )),.UNSPECIFIED.,.F.,.F.,.F.,(2,2),(2,2),(0.,6.528872444851E-02),(
    -1.E-02,0.),.PIECEWISE_BEZIER_KNOTS.);
#9890 = CARTESIAN_POINT('',(-0.316856026799,0.95,0.346888219733));
#9891 = CARTESIAN_POINT('',(-0.316856026799,0.96,0.346888219733));
#9892 = CARTESIAN_POINT('',(-0.340094616229,0.95,0.285875225204));
#9893 = CARTESIAN_POINT('',(-0.340094616229,0.96,0.285875225204));
#9894 = ADVANCED_FACE('',(#9895),#9905,.F.);
#9895 = FACE_BOUND('',#9896,.T.);
#9896 = EDGE_LOOP('',(#9897,#9898,#9903,#9904));
#9897 = ORIENTED_EDGE('',*,*,#1124,.T.);
#9898 = ORIENTED_EDGE('',*,*,#9899,.F.);
#9899 = EDGE_CURVE('',#9776,#1118,#9900,.T.);
#9900 = B_SPLINE_CURVE_WITH_KNOTS('',1,(#9901,#9902),.UNSPECIFIED.,.F.,
  .F.,(2,2),(-0.,1.E-02),.PIECEWISE_BEZIER_KNOTS.);
#9901 = CARTESIAN_POINT('',(-0.308433987677,0.96,0.346888219733));
#9902 = CARTESIAN_POINT('',(-0.308433987677,0.95,0.346888219733));
#9903 = ORIENTED_EDGE('',*,*,#9775,.F.);
#9904 = ORIENTED_EDGE('',*,*,#9879,.T.);
#9905 = B_SPLINE_SURFACE_WITH_KNOTS('',1,1,(
    (#9906,#9907)
    ,(#9908,#9909
    )),.UNSPECIFIED.,.F.,.F.,.F.,(2,2),(2,2),(0.,8.422039122552E-03),(
    -1.E-02,0.),.PIECEWISE_BEZIER_KNOTS.);
#9906 = CARTESIAN_POINT('',(-0.308433987677,0.95,0.346888219733));
#9907 = CARTESIAN_POINT('',(-0.308433987677,0.96,0.346888219733));
#9908 = CARTESIAN_POINT('',(-0.316856026799,0.95,0.346888219733));
#9909 = CARTESIAN_POINT('',(-0.316856026799,0.96,0.346888219733));
#9910 = ADVANCED_FACE('',(#9911),#9921,.F.);
#9911 = FACE_BOUND('',#9912,.T.);
#9912 = EDGE_LOOP('',(#9913,#9914,#9919,#9920));
#9913 = ORIENTED_EDGE('',*,*,#1117,.T.);
#9914 = ORIENTED_EDGE('',*,*,#9915,.F.);
#9915 = EDGE_CURVE('',#9783,#1111,#9916,.T.);
#9916 = B_SPLINE_CURVE_WITH_KNOTS('',1,(#9917,#9918),.UNSPECIFIED.,.F.,
  .F.,(2,2),(-0.,1.E-02),.PIECEWISE_BEZIER_KNOTS.);
#9917 = CARTESIAN_POINT('',(-0.285195398247,0.96,0.285875225204));
#9918 = CARTESIAN_POINT('',(-0.285195398247,0.95,0.285875225204));
#9919 = ORIENTED_EDGE('',*,*,#9782,.F.);
#9920 = ORIENTED_EDGE('',*,*,#9899,.T.);
#9921 = B_SPLINE_SURFACE_WITH_KNOTS('',1,1,(
    (#9922,#9923)
    ,(#9924,#9925
    )),.UNSPECIFIED.,.F.,.F.,.F.,(2,2),(2,2),(0.,6.528872444865E-02),(
    -1.E-02,0.),.PIECEWISE_BEZIER_KNOTS.);
#9922 = CARTESIAN_POINT('',(-0.285195398247,0.95,0.285875225204));
#9923 = CARTESIAN_POINT('',(-0.285195398247,0.96,0.285875225204));
#9924 = CARTESIAN_POINT('',(-0.308433987677,0.95,0.346888219733));
#9925 = CARTESIAN_POINT('',(-0.308433987677,0.96,0.346888219733));
#9926 = ADVANCED_FACE('',(#9927),#9937,.F.);
#9927 = FACE_BOUND('',#9928,.T.);
#9928 = EDGE_LOOP('',(#9929,#9930,#9935,#9936));
#9929 = ORIENTED_EDGE('',*,*,#1110,.T.);
#9930 = ORIENTED_EDGE('',*,*,#9931,.F.);
#9931 = EDGE_CURVE('',#9790,#1104,#9932,.T.);
#9932 = B_SPLINE_CURVE_WITH_KNOTS('',1,(#9933,#9934),.UNSPECIFIED.,.F.,
  .F.,(2,2),(-0.,1.E-02),.PIECEWISE_BEZIER_KNOTS.);
#9933 = CARTESIAN_POINT('',(-0.293898172007,0.96,0.285875225204));
#9934 = CARTESIAN_POINT('',(-0.293898172007,0.95,0.285875225204));
#9935 = ORIENTED_EDGE('',*,*,#9789,.F.);
#9936 = ORIENTED_EDGE('',*,*,#9915,.T.);
#9937 = B_SPLINE_SURFACE_WITH_KNOTS('',1,1,(
    (#9938,#9939)
    ,(#9940,#9941
    )),.UNSPECIFIED.,.F.,.F.,.F.,(2,2),(2,2),(0.,8.702773759636E-03),(
    -1.E-02,0.),.PIECEWISE_BEZIER_KNOTS.);
#9938 = CARTESIAN_POINT('',(-0.293898172007,0.95,0.285875225204));
#9939 = CARTESIAN_POINT('',(-0.293898172007,0.96,0.285875225204));
#9940 = CARTESIAN_POINT('',(-0.285195398247,0.95,0.285875225204));
#9941 = CARTESIAN_POINT('',(-0.285195398247,0.96,0.285875225204));
#9942 = ADVANCED_FACE('',(#9943),#9953,.F.);
#9943 = FACE_BOUND('',#9944,.T.);
#9944 = EDGE_LOOP('',(#9945,#9946,#9951,#9952));
#9945 = ORIENTED_EDGE('',*,*,#1103,.T.);
#9946 = ORIENTED_EDGE('',*,*,#9947,.F.);
#9947 = EDGE_CURVE('',#9797,#1097,#9948,.T.);
#9948 = B_SPLINE_CURVE_WITH_KNOTS('',1,(#9949,#9950),.UNSPECIFIED.,.F.,
  .F.,(2,2),(-0.,1.E-02),.PIECEWISE_BEZIER_KNOTS.);
#9949 = CARTESIAN_POINT('',(-0.299762406655,0.96,0.30256333976));
#9950 = CARTESIAN_POINT('',(-0.299762406655,0.95,0.30256333976));
#9951 = ORIENTED_EDGE('',*,*,#9796,.F.);
#9952 = ORIENTED_EDGE('',*,*,#9931,.T.);
#9953 = B_SPLINE_SURFACE_WITH_KNOTS('',1,1,(
    (#9954,#9955)
    ,(#9956,#9957
    )),.UNSPECIFIED.,.F.,.F.,.F.,(2,2),(2,2),(0.,1.768848256523E-02),(
    -1.E-02,0.),.PIECEWISE_BEZIER_KNOTS.);
#9954 = CARTESIAN_POINT('',(-0.299762406655,0.95,0.30256333976));
#9955 = CARTESIAN_POINT('',(-0.299762406655,0.96,0.30256333976));
#9956 = CARTESIAN_POINT('',(-0.293898172007,0.95,0.285875225204));
#9957 = CARTESIAN_POINT('',(-0.293898172007,0.96,0.285875225204));
#9958 = ADVANCED_FACE('',(#9959),#9969,.F.);
#9959 = FACE_BOUND('',#9960,.T.);
#9960 = EDGE_LOOP('',(#9961,#9962,#9967,#9968));
#9961 = ORIENTED_EDGE('',*,*,#1096,.T.);
#9962 = ORIENTED_EDGE('',*,*,#9963,.F.);
#9963 = EDGE_CURVE('',#9804,#1090,#9964,.T.);
#9964 = B_SPLINE_CURVE_WITH_KNOTS('',1,(#9965,#9966),.UNSPECIFIED.,.F.,
  .F.,(2,2),(-0.,1.E-02),.PIECEWISE_BEZIER_KNOTS.);
#9965 = CARTESIAN_POINT('',(-0.32516889134,0.96,0.30256333976));
#9966 = CARTESIAN_POINT('',(-0.32516889134,0.95,0.30256333976));
#9967 = ORIENTED_EDGE('',*,*,#9803,.F.);
#9968 = ORIENTED_EDGE('',*,*,#9947,.T.);
#9969 = B_SPLINE_SURFACE_WITH_KNOTS('',1,1,(
    (#9970,#9971)
    ,(#9972,#9973
    )),.UNSPECIFIED.,.F.,.F.,.F.,(2,2),(2,2),(0.,2.540648468536E-02),(
    -1.E-02,0.),.PIECEWISE_BEZIER_KNOTS.);
#9970 = CARTESIAN_POINT('',(-0.32516889134,0.95,0.30256333976));
#9971 = CARTESIAN_POINT('',(-0.32516889134,0.96,0.30256333976));
#9972 = CARTESIAN_POINT('',(-0.299762406655,0.95,0.30256333976));
#9973 = CARTESIAN_POINT('',(-0.299762406655,0.96,0.30256333976));
#9974 = ADVANCED_FACE('',(#9975),#9985,.F.);
#9975 = FACE_BOUND('',#9976,.T.);
#9976 = EDGE_LOOP('',(#9977,#9978,#9983,#9984));
#9977 = ORIENTED_EDGE('',*,*,#1089,.T.);
#9978 = ORIENTED_EDGE('',*,*,#9979,.F.);
#9979 = EDGE_CURVE('',#9811,#1083,#9980,.T.);
#9980 = B_SPLINE_CURVE_WITH_KNOTS('',1,(#9981,#9982),.UNSPECIFIED.,.F.,
  .F.,(2,2),(-0.,1.E-02),.PIECEWISE_BEZIER_KNOTS.);
#9981 = CARTESIAN_POINT('',(-0.33139184247,0.96,0.285875225204));
#9982 = CARTESIAN_POINT('',(-0.33139184247,0.95,0.285875225204));
#9983 = ORIENTED_EDGE('',*,*,#9810,.F.);
#9984 = ORIENTED_EDGE('',*,*,#9963,.T.);
#9985 = B_SPLINE_SURFACE_WITH_KNOTS('',1,1,(
    (#9986,#9987)
    ,(#9988,#9989
    )),.UNSPECIFIED.,.F.,.F.,.F.,(2,2),(2,2),(-7.281761218012E-16,
    1.781062290361E-02),(-1.E-02,0.),.PIECEWISE_BEZIER_KNOTS.);
#9986 = CARTESIAN_POINT('',(-0.33139184247,0.95,0.285875225204));
#9987 = CARTESIAN_POINT('',(-0.33139184247,0.96,0.285875225204));
#9988 = CARTESIAN_POINT('',(-0.32516889134,0.95,0.30256333976));
#9989 = CARTESIAN_POINT('',(-0.32516889134,0.96,0.30256333976));
#9990 = ADVANCED_FACE('',(#9991),#9997,.F.);
#9991 = FACE_BOUND('',#9992,.T.);
#9992 = EDGE_LOOP('',(#9993,#9994,#9995,#9996));
#9993 = ORIENTED_EDGE('',*,*,#1082,.T.);
#9994 = ORIENTED_EDGE('',*,*,#9885,.F.);
#9995 = ORIENTED_EDGE('',*,*,#9817,.F.);
#9996 = ORIENTED_EDGE('',*,*,#9979,.T.);
#9997 = B_SPLINE_SURFACE_WITH_KNOTS('',1,1,(
    (#9998,#9999)
    ,(#10000,#10001
    )),.UNSPECIFIED.,.F.,.F.,.F.,(2,2),(2,2),(0.,8.70277375922E-03),(
    -1.E-02,0.),.PIECEWISE_BEZIER_KNOTS.);
#9998 = CARTESIAN_POINT('',(-0.340094616229,0.95,0.285875225204));
#9999 = CARTESIAN_POINT('',(-0.340094616229,0.96,0.285875225204));
#10000 = CARTESIAN_POINT('',(-0.33139184247,0.95,0.285875225204));
#10001 = CARTESIAN_POINT('',(-0.33139184247,0.96,0.285875225204));
#10002 = ADVANCED_FACE('',(#10003),#10025,.T.);
#10003 = FACE_BOUND('',#10004,.T.);
#10004 = EDGE_LOOP('',(#10005,#10014,#10019,#10020));
#10005 = ORIENTED_EDGE('',*,*,#10006,.F.);
#10006 = EDGE_CURVE('',#10007,#10009,#10011,.T.);
#10007 = VERTEX_POINT('',#10008);
#10008 = CARTESIAN_POINT('',(-0.302257825654,0.95,0.309456934746));
#10009 = VERTEX_POINT('',#10010);
#10010 = CARTESIAN_POINT('',(-0.322735857816,0.95,0.309456934746));
#10011 = B_SPLINE_CURVE_WITH_KNOTS('',1,(#10012,#10013),.UNSPECIFIED.,
  .F.,.F.,(2,2),(9.436895709314E-16,2.047803216182E-02),
  .PIECEWISE_BEZIER_KNOTS.);
#10012 = CARTESIAN_POINT('',(-0.302257825654,0.95,0.309456934746));
#10013 = CARTESIAN_POINT('',(-0.322735857816,0.95,0.309456934746));
#10014 = ORIENTED_EDGE('',*,*,#10015,.F.);
#10015 = EDGE_CURVE('',#9825,#10007,#10016,.T.);
#10016 = B_SPLINE_CURVE_WITH_KNOTS('',1,(#10017,#10018),.UNSPECIFIED.,
  .F.,.F.,(2,2),(-0.,1.E-02),.PIECEWISE_BEZIER_KNOTS.);
#10017 = CARTESIAN_POINT('',(-0.302257825654,0.96,0.309456934746));
#10018 = CARTESIAN_POINT('',(-0.302257825654,0.95,0.309456934746));
#10019 = ORIENTED_EDGE('',*,*,#9824,.T.);
#10020 = ORIENTED_EDGE('',*,*,#10021,.T.);
#10021 = EDGE_CURVE('',#9827,#10009,#10022,.T.);
#10022 = B_SPLINE_CURVE_WITH_KNOTS('',1,(#10023,#10024),.UNSPECIFIED.,
  .F.,.F.,(2,2),(-0.,1.E-02),.PIECEWISE_BEZIER_KNOTS.);
#10023 = CARTESIAN_POINT('',(-0.322735857816,0.96,0.309456934746));
#10024 = CARTESIAN_POINT('',(-0.322735857816,0.95,0.309456934746));
#10025 = B_SPLINE_SURFACE_WITH_KNOTS('',1,1,(
    (#10026,#10027)
    ,(#10028,#10029
    )),.UNSPECIFIED.,.F.,.F.,.F.,(2,2),(2,2),(-2.047803216182E-02,0.),(
    -1.E-02,0.),.PIECEWISE_BEZIER_KNOTS.);
#10026 = CARTESIAN_POINT('',(-0.322735857816,0.95,0.309456934746));
#10027 = CARTESIAN_POINT('',(-0.322735857816,0.96,0.309456934746));
#10028 = CARTESIAN_POINT('',(-0.302257825654,0.95,0.309456934746));
#10029 = CARTESIAN_POINT('',(-0.302257825654,0.96,0.309456934746));
#10030 = ADVANCED_FACE('',(#10031),#10047,.T.);
#10031 = FACE_BOUND('',#10032,.T.);
#10032 = EDGE_LOOP('',(#10033,#10040,#10041,#10042));
#10033 = ORIENTED_EDGE('',*,*,#10034,.F.);
#10034 = EDGE_CURVE('',#10009,#10035,#10037,.T.);
#10035 = VERTEX_POINT('',#10036);
#10036 = CARTESIAN_POINT('',(-0.313518403888,0.95,0.334816630325));
#10037 = B_SPLINE_CURVE_WITH_KNOTS('',1,(#10038,#10039),.UNSPECIFIED.,
  .F.,.F.,(2,2),(0.,2.698287636246E-02),.PIECEWISE_BEZIER_KNOTS.);
#10038 = CARTESIAN_POINT('',(-0.322735857816,0.95,0.309456934746));
#10039 = CARTESIAN_POINT('',(-0.313518403888,0.95,0.334816630325));
#10040 = ORIENTED_EDGE('',*,*,#10021,.F.);
#10041 = ORIENTED_EDGE('',*,*,#9865,.T.);
#10042 = ORIENTED_EDGE('',*,*,#10043,.T.);
#10043 = EDGE_CURVE('',#9857,#10035,#10044,.T.);
#10044 = B_SPLINE_CURVE_WITH_KNOTS('',1,(#10045,#10046),.UNSPECIFIED.,
  .F.,.F.,(2,2),(-0.,1.E-02),.PIECEWISE_BEZIER_KNOTS.);
#10045 = CARTESIAN_POINT('',(-0.313518403888,0.96,0.334816630325));
#10046 = CARTESIAN_POINT('',(-0.313518403888,0.95,0.334816630325));
#10047 = B_SPLINE_SURFACE_WITH_KNOTS('',1,1,(
    (#10048,#10049)
    ,(#10050,#10051
    )),.UNSPECIFIED.,.F.,.F.,.F.,(2,2),(2,2),(-2.698287636246E-02,0.),(
    -1.E-02,0.),.PIECEWISE_BEZIER_KNOTS.);
#10048 = CARTESIAN_POINT('',(-0.313518403888,0.95,0.334816630325));
#10049 = CARTESIAN_POINT('',(-0.313518403888,0.96,0.334816630325));
#10050 = CARTESIAN_POINT('',(-0.322735857816,0.95,0.309456934746));
#10051 = CARTESIAN_POINT('',(-0.322735857816,0.96,0.309456934746));
#10052 = ADVANCED_FACE('',(#10053),#10071,.T.);
#10053 = FACE_BOUND('',#10054,.T.);
#10054 = EDGE_LOOP('',(#10055,#10064,#10065,#10066));
#10055 = ORIENTED_EDGE('',*,*,#10056,.F.);
#10056 = EDGE_CURVE('',#10035,#10057,#10059,.T.);
#10057 = VERTEX_POINT('',#10058);
#10058 = CARTESIAN_POINT('',(-0.312567025395,0.95,0.339090035361));
#10059 = B_SPLINE_CURVE_WITH_KNOTS('',3,(#10060,#10061,#10062,#10063),
  .UNSPECIFIED.,.F.,.F.,(4,4),(1.,2.),.PIECEWISE_BEZIER_KNOTS.);
#10060 = CARTESIAN_POINT('',(-0.313518403888,0.95,0.334816630325));
#10061 = CARTESIAN_POINT('',(-0.313222072882,0.95,0.335658834237));
#10062 = CARTESIAN_POINT('',(-0.312910145507,0.95,0.337062507424));
#10063 = CARTESIAN_POINT('',(-0.312567025395,0.95,0.339090035361));
#10064 = ORIENTED_EDGE('',*,*,#10043,.F.);
#10065 = ORIENTED_EDGE('',*,*,#9856,.T.);
#10066 = ORIENTED_EDGE('',*,*,#10067,.T.);
#10067 = EDGE_CURVE('',#9850,#10057,#10068,.T.);
#10068 = B_SPLINE_CURVE_WITH_KNOTS('',1,(#10069,#10070),.UNSPECIFIED.,
  .F.,.F.,(2,2),(-0.,1.E-02),.PIECEWISE_BEZIER_KNOTS.);
#10069 = CARTESIAN_POINT('',(-0.312567025395,0.96,0.339090035361));
#10070 = CARTESIAN_POINT('',(-0.312567025395,0.95,0.339090035361));
#10071 = B_SPLINE_SURFACE_WITH_KNOTS('',3,1,(
    (#10072,#10073)
    ,(#10074,#10075)
    ,(#10076,#10077)
    ,(#10078,#10079
    )),.UNSPECIFIED.,.F.,.F.,.F.,(4,4),(2,2),(1.,2.),(0.,1.),
  .PIECEWISE_BEZIER_KNOTS.);
#10072 = CARTESIAN_POINT('',(-0.313518403888,0.96,0.334816630325));
#10073 = CARTESIAN_POINT('',(-0.313518403888,0.95,0.334816630325));
#10074 = CARTESIAN_POINT('',(-0.313222072882,0.96,0.335658834237));
#10075 = CARTESIAN_POINT('',(-0.313222072882,0.95,0.335658834237));
#10076 = CARTESIAN_POINT('',(-0.312910145507,0.96,0.337062507424));
#10077 = CARTESIAN_POINT('',(-0.312910145507,0.95,0.337062507424));
#10078 = CARTESIAN_POINT('',(-0.312567025395,0.96,0.339090035361));
#10079 = CARTESIAN_POINT('',(-0.312567025395,0.95,0.339090035361));
#10080 = ADVANCED_FACE('',(#10081),#10097,.T.);
#10081 = FACE_BOUND('',#10082,.T.);
#10082 = EDGE_LOOP('',(#10083,#10090,#10091,#10092));
#10083 = ORIENTED_EDGE('',*,*,#10084,.F.);
#10084 = EDGE_CURVE('',#10057,#10085,#10087,.T.);
#10085 = VERTEX_POINT('',#10086);
#10086 = CARTESIAN_POINT('',(-0.312379868969,0.95,0.339090035361));
#10087 = B_SPLINE_CURVE_WITH_KNOTS('',1,(#10088,#10089),.UNSPECIFIED.,
  .F.,.F.,(2,2),(5.551115123126E-17,1.871564251401E-04),
  .PIECEWISE_BEZIER_KNOTS.);
#10088 = CARTESIAN_POINT('',(-0.312567025395,0.95,0.339090035361));
#10089 = CARTESIAN_POINT('',(-0.312379868969,0.95,0.339090035361));
#10090 = ORIENTED_EDGE('',*,*,#10067,.F.);
#10091 = ORIENTED_EDGE('',*,*,#9849,.T.);
#10092 = ORIENTED_EDGE('',*,*,#10093,.T.);
#10093 = EDGE_CURVE('',#9841,#10085,#10094,.T.);
#10094 = B_SPLINE_CURVE_WITH_KNOTS('',1,(#10095,#10096),.UNSPECIFIED.,
  .F.,.F.,(2,2),(-0.,1.E-02),.PIECEWISE_BEZIER_KNOTS.);
#10095 = CARTESIAN_POINT('',(-0.312379868969,0.96,0.339090035361));
#10096 = CARTESIAN_POINT('',(-0.312379868969,0.95,0.339090035361));
#10097 = B_SPLINE_SURFACE_WITH_KNOTS('',1,1,(
    (#10098,#10099)
    ,(#10100,#10101
    )),.UNSPECIFIED.,.F.,.F.,.F.,(2,2),(2,2),(-1.871564251401E-04,
    -5.551115123126E-17),(-1.E-02,0.),.PIECEWISE_BEZIER_KNOTS.);
#10098 = CARTESIAN_POINT('',(-0.312379868969,0.95,0.339090035361));
#10099 = CARTESIAN_POINT('',(-0.312379868969,0.96,0.339090035361));
#10100 = CARTESIAN_POINT('',(-0.312567025395,0.95,0.339090035361));
#10101 = CARTESIAN_POINT('',(-0.312567025395,0.96,0.339090035361));
#10102 = ADVANCED_FACE('',(#10103),#10121,.T.);
#10103 = FACE_BOUND('',#10104,.T.);
#10104 = EDGE_LOOP('',(#10105,#10114,#10115,#10116));
#10105 = ORIENTED_EDGE('',*,*,#10106,.F.);
#10106 = EDGE_CURVE('',#10085,#10107,#10109,.T.);
#10107 = VERTEX_POINT('',#10108);
#10108 = CARTESIAN_POINT('',(-0.31138170137,0.95,0.334816630325));
#10109 = B_SPLINE_CURVE_WITH_KNOTS('',3,(#10110,#10111,#10112,#10113),
  .UNSPECIFIED.,.F.,.F.,(4,4),(3.,4.),.PIECEWISE_BEZIER_KNOTS.);
#10110 = CARTESIAN_POINT('',(-0.312379868969,0.95,0.339090035361));
#10111 = CARTESIAN_POINT('',(-0.312083537963,0.95,0.337249663849));
#10112 = CARTESIAN_POINT('',(-0.31175601422,0.95,0.335814797924));
#10113 = CARTESIAN_POINT('',(-0.31138170137,0.95,0.334816630325));
#10114 = ORIENTED_EDGE('',*,*,#10093,.F.);
#10115 = ORIENTED_EDGE('',*,*,#9840,.T.);
#10116 = ORIENTED_EDGE('',*,*,#10117,.T.);
#10117 = EDGE_CURVE('',#9834,#10107,#10118,.T.);
#10118 = B_SPLINE_CURVE_WITH_KNOTS('',1,(#10119,#10120),.UNSPECIFIED.,
  .F.,.F.,(2,2),(2.22044604925E-16,1.E-02),.PIECEWISE_BEZIER_KNOTS.);
#10119 = CARTESIAN_POINT('',(-0.31138170137,0.96,0.334816630325));
#10120 = CARTESIAN_POINT('',(-0.31138170137,0.95,0.334816630325));
#10121 = B_SPLINE_SURFACE_WITH_KNOTS('',3,1,(
    (#10122,#10123)
    ,(#10124,#10125)
    ,(#10126,#10127)
    ,(#10128,#10129
    )),.UNSPECIFIED.,.F.,.F.,.F.,(4,4),(2,2),(3.,4.),(0.,1.),
  .PIECEWISE_BEZIER_KNOTS.);
#10122 = CARTESIAN_POINT('',(-0.312379868969,0.96,0.339090035361));
#10123 = CARTESIAN_POINT('',(-0.312379868969,0.95,0.339090035361));
#10124 = CARTESIAN_POINT('',(-0.312083537963,0.96,0.337249663849));
#10125 = CARTESIAN_POINT('',(-0.312083537963,0.95,0.337249663849));
#10126 = CARTESIAN_POINT('',(-0.31175601422,0.96,0.335814797924));
#10127 = CARTESIAN_POINT('',(-0.31175601422,0.95,0.335814797924));
#10128 = CARTESIAN_POINT('',(-0.31138170137,0.96,0.334816630325));
#10129 = CARTESIAN_POINT('',(-0.31138170137,0.95,0.334816630325));
#10130 = ADVANCED_FACE('',(#10131),#10141,.T.);
#10131 = FACE_BOUND('',#10132,.T.);
#10132 = EDGE_LOOP('',(#10133,#10138,#10139,#10140));
#10133 = ORIENTED_EDGE('',*,*,#10134,.F.);
#10134 = EDGE_CURVE('',#10107,#10007,#10135,.T.);
#10135 = B_SPLINE_CURVE_WITH_KNOTS('',1,(#10136,#10137),.UNSPECIFIED.,
  .F.,.F.,(2,2),(5.223342800968E-17,2.695105318789E-02),
  .PIECEWISE_BEZIER_KNOTS.);
#10136 = CARTESIAN_POINT('',(-0.31138170137,0.95,0.334816630325));
#10137 = CARTESIAN_POINT('',(-0.302257825654,0.95,0.309456934746));
#10138 = ORIENTED_EDGE('',*,*,#10117,.F.);
#10139 = ORIENTED_EDGE('',*,*,#9833,.T.);
#10140 = ORIENTED_EDGE('',*,*,#10015,.T.);
#10141 = B_SPLINE_SURFACE_WITH_KNOTS('',1,1,(
    (#10142,#10143)
    ,(#10144,#10145
    )),.UNSPECIFIED.,.F.,.F.,.F.,(2,2),(2,2),(-2.695105318789E-02,
    -5.223342800968E-17),(-1.E-02,0.),.PIECEWISE_BEZIER_KNOTS.);
#10142 = CARTESIAN_POINT('',(-0.302257825654,0.95,0.309456934746));
#10143 = CARTESIAN_POINT('',(-0.302257825654,0.96,0.309456934746));
#10144 = CARTESIAN_POINT('',(-0.31138170137,0.95,0.334816630325));
#10145 = CARTESIAN_POINT('',(-0.31138170137,0.96,0.334816630325));
#10146 = ADVANCED_FACE('',(#10147),#10155,.F.);
#10147 = FACE_BOUND('',#10148,.T.);
#10148 = EDGE_LOOP('',(#10149,#10150,#10151,#10152,#10153,#10154));
#10149 = ORIENTED_EDGE('',*,*,#10134,.T.);
#10150 = ORIENTED_EDGE('',*,*,#10006,.T.);
#10151 = ORIENTED_EDGE('',*,*,#10034,.T.);
#10152 = ORIENTED_EDGE('',*,*,#10056,.T.);
#10153 = ORIENTED_EDGE('',*,*,#10084,.T.);
#10154 = ORIENTED_EDGE('',*,*,#10106,.T.);
#10155 = B_SPLINE_SURFACE_WITH_KNOTS('',1,1,(
    (#10156,#10157)
    ,(#10158,#10159
    )),.UNSPECIFIED.,.F.,.F.,.F.,(2,2),(2,2),(-9.789089935361,
    -9.759456834746),(0.327264142184,0.347742174346),
  .PIECEWISE_BEZIER_KNOTS.);
#10156 = CARTESIAN_POINT('',(-0.322735857816,0.95,0.339090035361));
#10157 = CARTESIAN_POINT('',(-0.302257825654,0.95,0.339090035361));
#10158 = CARTESIAN_POINT('',(-0.322735857816,0.95,0.309456934746));
#10159 = CARTESIAN_POINT('',(-0.302257825654,0.95,0.309456934746));
#10160 = ADVANCED_FACE('',(#10161,#10450),#10475,.F.);
#10161 = FACE_BOUND('',#10162,.T.);
#10162 = EDGE_LOOP('',(#10163,#10174,#10183,#10192,#10201,#10210,#10219,
    #10228,#10237,#10246,#10255,#10264,#10273,#10282,#10289,#10296,
    #10303,#10312,#10321,#10330,#10339,#10348,#10357,#10366,#10375,
    #10384,#10393,#10400,#10409,#10418,#10427,#10434,#10443));
#10163 = ORIENTED_EDGE('',*,*,#10164,.T.);
#10164 = EDGE_CURVE('',#10165,#10167,#10169,.T.);
#10165 = VERTEX_POINT('',#10166);
#10166 = CARTESIAN_POINT('',(3.114344263289E-02,0.96,0.346395083335));
#10167 = VERTEX_POINT('',#10168);
#10168 = CARTESIAN_POINT('',(7.40892516701E-02,0.96,0.403222364246));
#10169 = B_SPLINE_CURVE_WITH_KNOTS('',3,(#10170,#10171,#10172,#10173),
  .UNSPECIFIED.,.F.,.F.,(4,4),(35.,36.),.PIECEWISE_BEZIER_KNOTS.);
#10170 = CARTESIAN_POINT('',(3.114344263289E-02,0.96,0.346395083335));
#10171 = CARTESIAN_POINT('',(3.157723216497E-02,0.96,0.372422835858));
#10172 = CARTESIAN_POINT('',(4.936288429181E-02,0.96,0.395414036834));
#10173 = CARTESIAN_POINT('',(7.40892516701E-02,0.96,0.403222364246));
#10174 = ORIENTED_EDGE('',*,*,#10175,.T.);
#10175 = EDGE_CURVE('',#10167,#10176,#10178,.T.);
#10176 = VERTEX_POINT('',#10177);
#10177 = CARTESIAN_POINT('',(9.751425045256E-02,0.96,0.437492260602));
#10178 = B_SPLINE_CURVE_WITH_KNOTS('',3,(#10179,#10180,#10181,#10182),
  .UNSPECIFIED.,.F.,.F.,(4,4),(0.,1.),.PIECEWISE_BEZIER_KNOTS.);
#10179 = CARTESIAN_POINT('',(7.40892516701E-02,0.96,0.403222364246));
#10180 = CARTESIAN_POINT('',(7.886100271376E-02,0.96,0.416236248781));
#10181 = CARTESIAN_POINT('',(8.710313620527E-02,0.96,0.427948744035));
#10182 = CARTESIAN_POINT('',(9.751425045256E-02,0.96,0.437492260602));
#10183 = ORIENTED_EDGE('',*,*,#10184,.T.);
#10184 = EDGE_CURVE('',#10176,#10185,#10187,.T.);
#10185 = VERTEX_POINT('',#10186);
#10186 = CARTESIAN_POINT('',(0.156510520393,0.96,0.460049661704));
#10187 = B_SPLINE_CURVE_WITH_KNOTS('',3,(#10188,#10189,#10190,#10191),
  .UNSPECIFIED.,.F.,.F.,(4,4),(1.,2.),.PIECEWISE_BEZIER_KNOTS.);
#10188 = CARTESIAN_POINT('',(9.751425045256E-02,0.96,0.437492260602));
#10189 = CARTESIAN_POINT('',(0.113998500888,0.96,0.451807534935));
#10190 = CARTESIAN_POINT('',(0.134820712834,0.96,0.460049661704));
#10191 = CARTESIAN_POINT('',(0.156510520393,0.96,0.460049661704));
#10192 = ORIENTED_EDGE('',*,*,#10193,.T.);
#10193 = EDGE_CURVE('',#10185,#10194,#10196,.T.);
#10194 = VERTEX_POINT('',#10195);
#10195 = CARTESIAN_POINT('',(0.208566058534,0.96,0.443131611394));
#10196 = B_SPLINE_CURVE_WITH_KNOTS('',3,(#10197,#10198,#10199,#10200),
  .UNSPECIFIED.,.F.,.F.,(4,4),(2.,3.),.PIECEWISE_BEZIER_KNOTS.);
#10197 = CARTESIAN_POINT('',(0.156510520393,0.96,0.460049661704));
#10198 = CARTESIAN_POINT('',(0.17559754939,0.96,0.460049661704));
#10199 = CARTESIAN_POINT('',(0.193383193242,0.96,0.453976515691));
#10200 = CARTESIAN_POINT('',(0.208566058534,0.96,0.443131611394));
#10201 = ORIENTED_EDGE('',*,*,#10202,.T.);
#10202 = EDGE_CURVE('',#10194,#10203,#10205,.T.);
#10203 = VERTEX_POINT('',#10204);
#10204 = CARTESIAN_POINT('',(0.22765308753,0.96,0.424044580329));
#10205 = B_SPLINE_CURVE_WITH_KNOTS('',3,(#10206,#10207,#10208,#10209),
  .UNSPECIFIED.,.F.,.F.,(4,4),(3.,4.),.PIECEWISE_BEZIER_KNOTS.);
#10206 = CARTESIAN_POINT('',(0.208566058534,0.96,0.443131611394));
#10207 = CARTESIAN_POINT('',(0.215940596413,0.96,0.437926056339));
#10208 = CARTESIAN_POINT('',(0.222013740875,0.96,0.431419114072));
#10209 = CARTESIAN_POINT('',(0.22765308753,0.96,0.424044580329));
#10210 = ORIENTED_EDGE('',*,*,#10211,.T.);
#10211 = EDGE_CURVE('',#10203,#10212,#10214,.T.);
#10212 = VERTEX_POINT('',#10213);
#10213 = CARTESIAN_POINT('',(0.237630395698,0.96,0.424912171804));
#10214 = B_SPLINE_CURVE_WITH_KNOTS('',3,(#10215,#10216,#10217,#10218),
  .UNSPECIFIED.,.F.,.F.,(4,4),(4.,5.),.PIECEWISE_BEZIER_KNOTS.);
#10215 = CARTESIAN_POINT('',(0.22765308753,0.96,0.424044580329));
#10216 = CARTESIAN_POINT('',(0.23112345343,0.96,0.424478378135));
#10217 = CARTESIAN_POINT('',(0.234160029798,0.96,0.424912171804));
#10218 = CARTESIAN_POINT('',(0.237630395698,0.96,0.424912171804));
#10219 = ORIENTED_EDGE('',*,*,#10220,.T.);
#10220 = EDGE_CURVE('',#10212,#10221,#10223,.T.);
#10221 = VERTEX_POINT('',#10222);
#10222 = CARTESIAN_POINT('',(0.287516953082,0.96,0.404089955721));
#10223 = B_SPLINE_CURVE_WITH_KNOTS('',3,(#10224,#10225,#10226,#10227),
  .UNSPECIFIED.,.F.,.F.,(4,4),(5.,6.),.PIECEWISE_BEZIER_KNOTS.);
#10224 = CARTESIAN_POINT('',(0.237630395698,0.96,0.424912171804));
#10225 = CARTESIAN_POINT('',(0.256283631025,0.96,0.424912171804));
#10226 = CARTESIAN_POINT('',(0.274069270741,0.96,0.417537638062));
#10227 = CARTESIAN_POINT('',(0.287516953082,0.96,0.404089955721));
#10228 = ORIENTED_EDGE('',*,*,#10229,.T.);
#10229 = EDGE_CURVE('',#10221,#10230,#10232,.T.);
#10230 = VERTEX_POINT('',#10231);
#10231 = CARTESIAN_POINT('',(0.307905383771,0.96,0.354637200279));
#10232 = B_SPLINE_CURVE_WITH_KNOTS('',3,(#10233,#10234,#10235,#10236),
  .UNSPECIFIED.,.F.,.F.,(4,4),(6.,7.),.PIECEWISE_BEZIER_KNOTS.);
#10233 = CARTESIAN_POINT('',(0.287516953082,0.96,0.404089955721));
#10234 = CARTESIAN_POINT('',(0.300530848994,0.96,0.391076075322));
#10235 = CARTESIAN_POINT('',(0.307905383771,0.96,0.373290431469));
#10236 = CARTESIAN_POINT('',(0.307905383771,0.96,0.354637200279));
#10237 = ORIENTED_EDGE('',*,*,#10238,.T.);
#10238 = EDGE_CURVE('',#10230,#10239,#10241,.T.);
#10239 = VERTEX_POINT('',#10240);
#10240 = CARTESIAN_POINT('',(0.289685946249,0.96,0.30735342973));
#10241 = B_SPLINE_CURVE_WITH_KNOTS('',3,(#10242,#10243,#10244,#10245),
  .UNSPECIFIED.,.F.,.F.,(4,4),(7.,8.),.PIECEWISE_BEZIER_KNOTS.);
#10242 = CARTESIAN_POINT('',(0.307905383771,0.96,0.354637200279));
#10243 = CARTESIAN_POINT('',(0.307905383771,0.96,0.337285354232));
#10244 = CARTESIAN_POINT('',(0.301398441504,0.96,0.320367297717));
#10245 = CARTESIAN_POINT('',(0.289685946249,0.96,0.30735342973));
#10246 = ORIENTED_EDGE('',*,*,#10247,.T.);
#10247 = EDGE_CURVE('',#10239,#10248,#10250,.T.);
#10248 = VERTEX_POINT('',#10249);
#10249 = CARTESIAN_POINT('',(0.254982254156,0.96,0.286531217783));
#10250 = B_SPLINE_CURVE_WITH_KNOTS('',3,(#10251,#10252,#10253,#10254),
  .UNSPECIFIED.,.F.,.F.,(4,4),(8.,9.),.PIECEWISE_BEZIER_KNOTS.);
#10251 = CARTESIAN_POINT('',(0.289685946249,0.96,0.30735342973));
#10252 = CARTESIAN_POINT('',(0.280142431751,0.96,0.296942315482));
#10253 = CARTESIAN_POINT('',(0.26842993236,0.96,0.290001583683));
#10254 = CARTESIAN_POINT('',(0.254982254156,0.96,0.286531217783));
#10255 = ORIENTED_EDGE('',*,*,#10256,.T.);
#10256 = EDGE_CURVE('',#10248,#10257,#10259,.T.);
#10257 = VERTEX_POINT('',#10258);
#10258 = CARTESIAN_POINT('',(0.213771615657,0.96,0.257033082813));
#10259 = B_SPLINE_CURVE_WITH_KNOTS('',3,(#10260,#10261,#10262,#10263),
  .UNSPECIFIED.,.F.,.F.,(4,4),(9.,10.),.PIECEWISE_BEZIER_KNOTS.);
#10260 = CARTESIAN_POINT('',(0.254982254156,0.96,0.286531217783));
#10261 = CARTESIAN_POINT('',(0.249342903363,0.96,0.269179371736));
#10262 = CARTESIAN_POINT('',(0.232858652928,0.96,0.257033082813));
#10263 = CARTESIAN_POINT('',(0.213771615657,0.96,0.257033082813));
#10264 = ORIENTED_EDGE('',*,*,#10265,.T.);
#10265 = EDGE_CURVE('',#10257,#10266,#10268,.T.);
#10266 = VERTEX_POINT('',#10267);
#10267 = CARTESIAN_POINT('',(0.17039200054,0.96,0.30041269793));
#10268 = B_SPLINE_CURVE_WITH_KNOTS('',3,(#10269,#10270,#10271,#10272),
  .UNSPECIFIED.,.F.,.F.,(4,4),(10.,11.),.PIECEWISE_BEZIER_KNOTS.);
#10269 = CARTESIAN_POINT('',(0.213771615657,0.96,0.257033082813));
#10270 = CARTESIAN_POINT('',(0.189912827343,0.96,0.257033082813));
#10271 = CARTESIAN_POINT('',(0.17039200054,0.96,0.276553909616));
#10272 = CARTESIAN_POINT('',(0.17039200054,0.96,0.30041269793));
#10273 = ORIENTED_EDGE('',*,*,#10274,.T.);
#10274 = EDGE_CURVE('',#10266,#10275,#10277,.T.);
#10275 = VERTEX_POINT('',#10276);
#10276 = CARTESIAN_POINT('',(0.17039200054,0.96,0.304750659442));
#10277 = B_SPLINE_CURVE_WITH_KNOTS('',3,(#10278,#10279,#10280,#10281),
  .UNSPECIFIED.,.F.,.F.,(4,4),(11.,12.),.PIECEWISE_BEZIER_KNOTS.);
#10278 = CARTESIAN_POINT('',(0.17039200054,0.96,0.30041269793));
#10279 = CARTESIAN_POINT('',(0.17039200054,0.96,0.301714083074));
#10280 = CARTESIAN_POINT('',(0.17039200054,0.96,0.303015468218));
#10281 = CARTESIAN_POINT('',(0.17039200054,0.96,0.304750659442));
#10282 = ORIENTED_EDGE('',*,*,#10283,.T.);
#10283 = EDGE_CURVE('',#10275,#10284,#10286,.T.);
#10284 = VERTEX_POINT('',#10285);
#10285 = CARTESIAN_POINT('',(0.109660539376,0.96,0.336851572974));
#10286 = B_SPLINE_CURVE_WITH_KNOTS('',1,(#10287,#10288),.UNSPECIFIED.,
  .F.,.F.,(2,2),(0.,6.869336958323E-02),.PIECEWISE_BEZIER_KNOTS.);
#10287 = CARTESIAN_POINT('',(0.17039200054,0.96,0.304750659442));
#10288 = CARTESIAN_POINT('',(0.109660539376,0.96,0.336851572974));
#10289 = ORIENTED_EDGE('',*,*,#10290,.T.);
#10290 = EDGE_CURVE('',#10284,#10291,#10293,.T.);
#10291 = VERTEX_POINT('',#10292);
#10292 = CARTESIAN_POINT('',(0.123108213443,0.96,0.35984277395));
#10293 = B_SPLINE_CURVE_WITH_KNOTS('',1,(#10294,#10295),.UNSPECIFIED.,
  .F.,.F.,(2,2),(0.,2.663522592649E-02),.PIECEWISE_BEZIER_KNOTS.);
#10294 = CARTESIAN_POINT('',(0.109660539376,0.96,0.336851572974));
#10295 = CARTESIAN_POINT('',(0.123108213443,0.96,0.35984277395));
#10296 = ORIENTED_EDGE('',*,*,#10297,.T.);
#10297 = EDGE_CURVE('',#10291,#10298,#10300,.T.);
#10298 = VERTEX_POINT('',#10299);
#10299 = CARTESIAN_POINT('',(0.181236896045,0.96,0.329477043368));
#10300 = B_SPLINE_CURVE_WITH_KNOTS('',1,(#10301,#10302),.UNSPECIFIED.,
  .F.,.F.,(2,2),(0.,6.558217238577E-02),.PIECEWISE_BEZIER_KNOTS.);
#10301 = CARTESIAN_POINT('',(0.123108213443,0.96,0.35984277395));
#10302 = CARTESIAN_POINT('',(0.181236896045,0.96,0.329477043368));
#10303 = ORIENTED_EDGE('',*,*,#10304,.T.);
#10304 = EDGE_CURVE('',#10298,#10305,#10307,.T.);
#10305 = VERTEX_POINT('',#10306);
#10306 = CARTESIAN_POINT('',(0.213771607383,0.96,0.344226110854));
#10307 = B_SPLINE_CURVE_WITH_KNOTS('',3,(#10308,#10309,#10310,#10311),
  .UNSPECIFIED.,.F.,.F.,(4,4),(15.,16.),.PIECEWISE_BEZIER_KNOTS.);
#10308 = CARTESIAN_POINT('',(0.181236896045,0.96,0.329477043368));
#10309 = CARTESIAN_POINT('',(0.189045223457,0.96,0.338586764198));
#10310 = CARTESIAN_POINT('',(0.200757722848,0.96,0.344226110854));
#10311 = CARTESIAN_POINT('',(0.213771607383,0.96,0.344226110854));
#10312 = ORIENTED_EDGE('',*,*,#10313,.T.);
#10313 = EDGE_CURVE('',#10305,#10314,#10316,.T.);
#10314 = VERTEX_POINT('',#10315);
#10315 = CARTESIAN_POINT('',(0.254548443939,0.96,0.315595563221));
#10316 = B_SPLINE_CURVE_WITH_KNOTS('',3,(#10317,#10318,#10319,#10320),
  .UNSPECIFIED.,.F.,.F.,(4,4),(16.,17.),.PIECEWISE_BEZIER_KNOTS.);
#10317 = CARTESIAN_POINT('',(0.213771607383,0.96,0.344226110854));
#10318 = CARTESIAN_POINT('',(0.232424846848,0.96,0.344226110854));
#10319 = CARTESIAN_POINT('',(0.248475299477,0.96,0.332079821931));
#10320 = CARTESIAN_POINT('',(0.254548443939,0.96,0.315595563221));
#10321 = ORIENTED_EDGE('',*,*,#10322,.T.);
#10322 = EDGE_CURVE('',#10314,#10323,#10325,.T.);
#10323 = VERTEX_POINT('',#10324);
#10324 = CARTESIAN_POINT('',(0.280576213009,0.96,0.355504812439));
#10325 = B_SPLINE_CURVE_WITH_KNOTS('',3,(#10326,#10327,#10328,#10329),
  .UNSPECIFIED.,.F.,.F.,(4,4),(17.,18.),.PIECEWISE_BEZIER_KNOTS.);
#10326 = CARTESIAN_POINT('',(0.254548443939,0.96,0.315595563221));
#10327 = CARTESIAN_POINT('',(0.269731309229,0.96,0.322536303295));
#10328 = CARTESIAN_POINT('',(0.280576213009,0.96,0.337719168586));
#10329 = CARTESIAN_POINT('',(0.280576213009,0.96,0.355504812439));
#10330 = ORIENTED_EDGE('',*,*,#10331,.T.);
#10331 = EDGE_CURVE('',#10323,#10332,#10334,.T.);
#10332 = VERTEX_POINT('',#10333);
#10333 = CARTESIAN_POINT('',(0.237196597892,0.96,0.398884427556));
#10334 = B_SPLINE_CURVE_WITH_KNOTS('',3,(#10335,#10336,#10337,#10338),
  .UNSPECIFIED.,.F.,.F.,(4,4),(18.,19.),.PIECEWISE_BEZIER_KNOTS.);
#10335 = CARTESIAN_POINT('',(0.280576213009,0.96,0.355504812439));
#10336 = CARTESIAN_POINT('',(0.280576213009,0.96,0.379363600753));
#10337 = CARTESIAN_POINT('',(0.261055386206,0.96,0.398884427556));
#10338 = CARTESIAN_POINT('',(0.237196597892,0.96,0.398884427556));
#10339 = ORIENTED_EDGE('',*,*,#10340,.T.);
#10340 = EDGE_CURVE('',#10332,#10341,#10343,.T.);
#10341 = VERTEX_POINT('',#10342);
#10342 = CARTESIAN_POINT('',(0.214205405189,0.96,0.392377485288));
#10343 = B_SPLINE_CURVE_WITH_KNOTS('',3,(#10344,#10345,#10346,#10347),
  .UNSPECIFIED.,.F.,.F.,(4,4),(19.,20.),.PIECEWISE_BEZIER_KNOTS.);
#10344 = CARTESIAN_POINT('',(0.237196597892,0.96,0.398884427556));
#10345 = CARTESIAN_POINT('',(0.228954472674,0.96,0.398884427556));
#10346 = CARTESIAN_POINT('',(0.220712347457,0.96,0.396281648994));
#10347 = CARTESIAN_POINT('',(0.214205405189,0.96,0.392377485288));
#10348 = ORIENTED_EDGE('',*,*,#10349,.T.);
#10349 = EDGE_CURVE('',#10341,#10350,#10352,.T.);
#10350 = VERTEX_POINT('',#10351);
#10351 = CARTESIAN_POINT('',(0.156076730861,0.96,0.434021892634));
#10352 = B_SPLINE_CURVE_WITH_KNOTS('',3,(#10353,#10354,#10355,#10356),
  .UNSPECIFIED.,.F.,.F.,(4,4),(20.,21.),.PIECEWISE_BEZIER_KNOTS.);
#10353 = CARTESIAN_POINT('',(0.214205405189,0.96,0.392377485288));
#10354 = CARTESIAN_POINT('',(0.205963288246,0.96,0.416670046587));
#10355 = CARTESIAN_POINT('',(0.183405885075,0.96,0.434021892634));
#10356 = CARTESIAN_POINT('',(0.156076730861,0.96,0.434021892634));
#10357 = ORIENTED_EDGE('',*,*,#10358,.T.);
#10358 = EDGE_CURVE('',#10350,#10359,#10361,.T.);
#10359 = VERTEX_POINT('',#10360);
#10360 = CARTESIAN_POINT('',(9.534526969677E-02,0.96,0.379797373737));
#10361 = B_SPLINE_CURVE_WITH_KNOTS('',3,(#10362,#10363,#10364,#10365),
  .UNSPECIFIED.,.F.,.F.,(4,4),(21.,22.),.PIECEWISE_BEZIER_KNOTS.);
#10362 = CARTESIAN_POINT('',(0.156076730861,0.96,0.434021892634));
#10363 = CARTESIAN_POINT('',(0.124843404667,0.96,0.434021892634));
#10364 = CARTESIAN_POINT('',(9.88156355966E-02,0.96,0.410163104319));
#10365 = CARTESIAN_POINT('',(9.534526969677E-02,0.96,0.379797373737));
#10366 = ORIENTED_EDGE('',*,*,#10367,.T.);
#10367 = EDGE_CURVE('',#10359,#10368,#10370,.T.);
#10368 = VERTEX_POINT('',#10369);
#10369 = CARTESIAN_POINT('',(9.187490379694E-02,0.96,0.379797373737));
#10370 = B_SPLINE_CURVE_WITH_KNOTS('',3,(#10371,#10372,#10373,#10374),
  .UNSPECIFIED.,.F.,.F.,(4,4),(22.,23.),.PIECEWISE_BEZIER_KNOTS.);
#10371 = CARTESIAN_POINT('',(9.534526969677E-02,0.96,0.379797373737));
#10372 = CARTESIAN_POINT('',(9.404388455294E-02,0.96,0.379797373737));
#10373 = CARTESIAN_POINT('',(9.317628894098E-02,0.96,0.379797373737));
#10374 = CARTESIAN_POINT('',(9.187490379694E-02,0.96,0.379797373737));
#10375 = ORIENTED_EDGE('',*,*,#10376,.T.);
#10376 = EDGE_CURVE('',#10368,#10377,#10379,.T.);
#10377 = VERTEX_POINT('',#10378);
#10378 = CARTESIAN_POINT('',(5.803880731519E-02,0.96,0.345961277255));
#10379 = B_SPLINE_CURVE_WITH_KNOTS('',3,(#10380,#10381,#10382,#10383),
  .UNSPECIFIED.,.F.,.F.,(4,4),(23.,24.),.PIECEWISE_BEZIER_KNOTS.);
#10380 = CARTESIAN_POINT('',(9.187490379694E-02,0.96,0.379797373737));
#10381 = CARTESIAN_POINT('',(7.322167260615E-02,0.96,0.379797373737));
#10382 = CARTESIAN_POINT('',(5.803880731519E-02,0.96,0.364614508446));
#10383 = CARTESIAN_POINT('',(5.803880731519E-02,0.96,0.345961277255));
#10384 = ORIENTED_EDGE('',*,*,#10385,.T.);
#10385 = EDGE_CURVE('',#10377,#10386,#10388,.T.);
#10386 = VERTEX_POINT('',#10387);
#10387 = CARTESIAN_POINT('',(8.927213350907E-02,0.96,0.312125180774));
#10388 = B_SPLINE_CURVE_WITH_KNOTS('',3,(#10389,#10390,#10391,#10392),
  .UNSPECIFIED.,.F.,.F.,(4,4),(24.,25.),.PIECEWISE_BEZIER_KNOTS.);
#10389 = CARTESIAN_POINT('',(5.803880731519E-02,0.96,0.345961277255));
#10390 = CARTESIAN_POINT('',(5.803880731519E-02,0.96,0.328175633402));
#10391 = CARTESIAN_POINT('',(7.148648138244E-02,0.96,0.313426565918));
#10392 = CARTESIAN_POINT('',(8.927213350907E-02,0.96,0.312125180774));
#10393 = ORIENTED_EDGE('',*,*,#10394,.T.);
#10394 = EDGE_CURVE('',#10386,#10395,#10397,.T.);
#10395 = VERTEX_POINT('',#10396);
#10396 = CARTESIAN_POINT('',(0.108792960312,0.96,0.312125180774));
#10397 = B_SPLINE_CURVE_WITH_KNOTS('',1,(#10398,#10399),.UNSPECIFIED.,
  .F.,.F.,(2,2),(2.775557561563E-17,1.952082680275E-02),
  .PIECEWISE_BEZIER_KNOTS.);
#10398 = CARTESIAN_POINT('',(8.927213350907E-02,0.96,0.312125180774));
#10399 = CARTESIAN_POINT('',(0.108792960312,0.96,0.312125180774));
#10400 = ORIENTED_EDGE('',*,*,#10401,.T.);
#10401 = EDGE_CURVE('',#10395,#10402,#10404,.T.);
#10402 = VERTEX_POINT('',#10403);
#10403 = CARTESIAN_POINT('',(0.1113957306,0.96,0.312558970306));
#10404 = B_SPLINE_CURVE_WITH_KNOTS('',3,(#10405,#10406,#10407,#10408),
  .UNSPECIFIED.,.F.,.F.,(4,4),(26.,27.),.PIECEWISE_BEZIER_KNOTS.);
#10405 = CARTESIAN_POINT('',(0.108792960312,0.96,0.312125180774));
#10406 = CARTESIAN_POINT('',(0.109660555924,0.96,0.312125180774));
#10407 = CARTESIAN_POINT('',(0.110528151536,0.96,0.312558970306));
#10408 = CARTESIAN_POINT('',(0.1113957306,0.96,0.312558970306));
#10409 = ORIENTED_EDGE('',*,*,#10410,.T.);
#10410 = EDGE_CURVE('',#10402,#10411,#10413,.T.);
#10411 = VERTEX_POINT('',#10412);
#10412 = CARTESIAN_POINT('',(0.124843404667,0.96,0.299111296238));
#10413 = B_SPLINE_CURVE_WITH_KNOTS('',3,(#10414,#10415,#10416,#10417),
  .UNSPECIFIED.,.F.,.F.,(4,4),(27.,28.),.PIECEWISE_BEZIER_KNOTS.);
#10414 = CARTESIAN_POINT('',(0.1113957306,0.96,0.312558970306));
#10415 = CARTESIAN_POINT('',(0.118770268479,0.96,0.312558970306));
#10416 = CARTESIAN_POINT('',(0.124843404667,0.96,0.30648581757));
#10417 = CARTESIAN_POINT('',(0.124843404667,0.96,0.299111296238));
#10418 = ORIENTED_EDGE('',*,*,#10419,.T.);
#10419 = EDGE_CURVE('',#10411,#10420,#10422,.T.);
#10420 = VERTEX_POINT('',#10421);
#10421 = CARTESIAN_POINT('',(0.112263309664,0.96,0.285663622171));
#10422 = B_SPLINE_CURVE_WITH_KNOTS('',3,(#10423,#10424,#10425,#10426),
  .UNSPECIFIED.,.F.,.F.,(4,4),(28.,29.),.PIECEWISE_BEZIER_KNOTS.);
#10423 = CARTESIAN_POINT('',(0.124843404667,0.96,0.299111296238));
#10424 = CARTESIAN_POINT('',(0.124843404667,0.96,0.292170564439));
#10425 = CARTESIAN_POINT('',(0.119204058011,0.96,0.286097411703));
#10426 = CARTESIAN_POINT('',(0.112263309664,0.96,0.285663622171));
#10427 = ORIENTED_EDGE('',*,*,#10428,.T.);
#10428 = EDGE_CURVE('',#10420,#10429,#10431,.T.);
#10429 = VERTEX_POINT('',#10430);
#10430 = CARTESIAN_POINT('',(8.666934667319E-02,0.96,0.285663622171));
#10431 = B_SPLINE_CURVE_WITH_KNOTS('',1,(#10432,#10433),.UNSPECIFIED.,
  .F.,.F.,(2,2),(-1.387778780781E-17,2.559396299045E-02),
  .PIECEWISE_BEZIER_KNOTS.);
#10432 = CARTESIAN_POINT('',(0.112263309664,0.96,0.285663622171));
#10433 = CARTESIAN_POINT('',(8.666934667319E-02,0.96,0.285663622171));
#10434 = ORIENTED_EDGE('',*,*,#10435,.T.);
#10435 = EDGE_CURVE('',#10429,#10436,#10438,.T.);
#10436 = VERTEX_POINT('',#10437);
#10437 = CARTESIAN_POINT('',(4.719390353602E-02,0.96,0.305184448974));
#10438 = B_SPLINE_CURVE_WITH_KNOTS('',3,(#10439,#10440,#10441,#10442),
  .UNSPECIFIED.,.F.,.F.,(4,4),(33.,34.),.PIECEWISE_BEZIER_KNOTS.);
#10439 = CARTESIAN_POINT('',(8.666934667319E-02,0.96,0.285663622171));
#10440 = CARTESIAN_POINT('',(7.148648138244E-02,0.96,0.286965007315));
#10441 = CARTESIAN_POINT('',(5.76050012351E-02,0.96,0.293905755663));
#10442 = CARTESIAN_POINT('',(4.719390353602E-02,0.96,0.305184448974));
#10443 = ORIENTED_EDGE('',*,*,#10444,.T.);
#10444 = EDGE_CURVE('',#10436,#10165,#10445,.T.);
#10445 = B_SPLINE_CURVE_WITH_KNOTS('',3,(#10446,#10447,#10448,#10449),
  .UNSPECIFIED.,.F.,.F.,(4,4),(34.,35.),.PIECEWISE_BEZIER_KNOTS.);
#10446 = CARTESIAN_POINT('',(4.719390353602E-02,0.96,0.305184448974));
#10447 = CARTESIAN_POINT('',(3.678278928852E-02,0.96,0.316463142285));
#10448 = CARTESIAN_POINT('',(3.114344263289E-02,0.96,0.331212218044));
#10449 = CARTESIAN_POINT('',(3.114344263289E-02,0.96,0.346395083335));
#10450 = FACE_BOUND('',#10451,.T.);
#10451 = EDGE_LOOP('',(#10452,#10466));
#10452 = ORIENTED_EDGE('',*,*,#10453,.F.);
#10453 = EDGE_CURVE('',#10454,#10456,#10458,.T.);
#10454 = VERTEX_POINT('',#10455);
#10455 = CARTESIAN_POINT('',(0.214205413463,0.96,0.283060818787));
#10456 = VERTEX_POINT('',#10457);
#10457 = CARTESIAN_POINT('',(0.214205413463,0.96,0.316896931817));
#10458 = B_SPLINE_CURVE_WITH_KNOTS('',3,(#10459,#10460,#10461,#10462,
    #10463,#10464,#10465),.UNSPECIFIED.,.F.,.F.,(4,3,4),(0.,1.,2.),
  .PIECEWISE_BEZIER_KNOTS.);
#10459 = CARTESIAN_POINT('',(0.214205413463,0.96,0.283060818787));
#10460 = CARTESIAN_POINT('',(0.204661903102,0.96,0.283060818787));
#10461 = CARTESIAN_POINT('',(0.197287365222,0.96,0.290869162747));
#10462 = CARTESIAN_POINT('',(0.197287365222,0.96,0.299978875302));
#10463 = CARTESIAN_POINT('',(0.197287365222,0.96,0.309522393938));
#10464 = CARTESIAN_POINT('',(0.205095692634,0.96,0.316896931817));
#10465 = CARTESIAN_POINT('',(0.214205413463,0.96,0.316896931817));
#10466 = ORIENTED_EDGE('',*,*,#10467,.F.);
#10467 = EDGE_CURVE('',#10456,#10454,#10468,.T.);
#10468 = B_SPLINE_CURVE_WITH_KNOTS('',3,(#10469,#10470,#10471,#10472,
    #10473,#10474),.UNSPECIFIED.,.F.,.F.,(4,2,4),(2.,3.,4.),
  .UNSPECIFIED.);
#10469 = CARTESIAN_POINT('',(0.214205413463,0.96,0.316896931817));
#10470 = CARTESIAN_POINT('',(0.223315134292,0.96,0.316896931817));
#10471 = CARTESIAN_POINT('',(0.231123461704,0.96,0.309522393938));
#10472 = CARTESIAN_POINT('',(0.231123461704,0.96,0.290435356667));
#10473 = CARTESIAN_POINT('',(0.223315134292,0.96,0.283060818787));
#10474 = CARTESIAN_POINT('',(0.214205413463,0.96,0.283060818787));
#10475 = B_SPLINE_SURFACE_WITH_KNOTS('',1,1,(
    (#10476,#10477)
    ,(#10478,#10479
    )),.UNSPECIFIED.,.F.,.F.,.F.,(2,2),(2,2),(-7.840865349696E-02,
    0.124607925394),(-1.236318782627E-02,0.264398753312),
  .PIECEWISE_BEZIER_KNOTS.);
#10476 = CARTESIAN_POINT('',(3.114344263289E-02,0.96,0.460049661704));
#10477 = CARTESIAN_POINT('',(0.307905383771,0.96,0.460049661704));
#10478 = CARTESIAN_POINT('',(3.114344263289E-02,0.96,0.257033082813));
#10479 = CARTESIAN_POINT('',(0.307905383771,0.96,0.257033082813));
#10480 = ADVANCED_FACE('',(#10481),#10495,.F.);
#10481 = FACE_BOUND('',#10482,.F.);
#10482 = EDGE_LOOP('',(#10483,#10488,#10489,#10494));
#10483 = ORIENTED_EDGE('',*,*,#10484,.F.);
#10484 = EDGE_CURVE('',#10165,#1132,#10485,.T.);
#10485 = B_SPLINE_CURVE_WITH_KNOTS('',1,(#10486,#10487),.UNSPECIFIED.,
  .F.,.F.,(2,2),(-0.,1.E-02),.PIECEWISE_BEZIER_KNOTS.);
#10486 = CARTESIAN_POINT('',(3.114344263289E-02,0.96,0.346395083335));
#10487 = CARTESIAN_POINT('',(3.114344263289E-02,0.95,0.346395083335));
#10488 = ORIENTED_EDGE('',*,*,#10164,.T.);
#10489 = ORIENTED_EDGE('',*,*,#10490,.T.);
#10490 = EDGE_CURVE('',#10167,#1134,#10491,.T.);
#10491 = B_SPLINE_CURVE_WITH_KNOTS('',1,(#10492,#10493),.UNSPECIFIED.,
  .F.,.F.,(2,2),(-0.,1.E-02),.PIECEWISE_BEZIER_KNOTS.);
#10492 = CARTESIAN_POINT('',(7.40892516701E-02,0.96,0.403222364246));
#10493 = CARTESIAN_POINT('',(7.40892516701E-02,0.95,0.403222364246));
#10494 = ORIENTED_EDGE('',*,*,#1131,.F.);
#10495 = B_SPLINE_SURFACE_WITH_KNOTS('',3,1,(
    (#10496,#10497)
    ,(#10498,#10499)
    ,(#10500,#10501)
    ,(#10502,#10503
    )),.UNSPECIFIED.,.F.,.F.,.F.,(4,4),(2,2),(35.,36.),(0.,1.),
  .PIECEWISE_BEZIER_KNOTS.);
#10496 = CARTESIAN_POINT('',(3.114344263289E-02,0.96,0.346395083335));
#10497 = CARTESIAN_POINT('',(3.114344263289E-02,0.95,0.346395083335));
#10498 = CARTESIAN_POINT('',(3.157723216497E-02,0.96,0.372422835858));
#10499 = CARTESIAN_POINT('',(3.157723216497E-02,0.95,0.372422835858));
#10500 = CARTESIAN_POINT('',(4.936288429181E-02,0.96,0.395414036834));
#10501 = CARTESIAN_POINT('',(4.936288429181E-02,0.95,0.395414036834));
#10502 = CARTESIAN_POINT('',(7.40892516701E-02,0.96,0.403222364246));
#10503 = CARTESIAN_POINT('',(7.40892516701E-02,0.95,0.403222364246));
#10504 = ADVANCED_FACE('',(#10505),#10515,.F.);
#10505 = FACE_BOUND('',#10506,.F.);
#10506 = EDGE_LOOP('',(#10507,#10508,#10509,#10514));
#10507 = ORIENTED_EDGE('',*,*,#10490,.F.);
#10508 = ORIENTED_EDGE('',*,*,#10175,.T.);
#10509 = ORIENTED_EDGE('',*,*,#10510,.T.);
#10510 = EDGE_CURVE('',#10176,#1403,#10511,.T.);
#10511 = B_SPLINE_CURVE_WITH_KNOTS('',1,(#10512,#10513),.UNSPECIFIED.,
  .F.,.F.,(2,2),(-0.,1.E-02),.PIECEWISE_BEZIER_KNOTS.);
#10512 = CARTESIAN_POINT('',(9.751425045256E-02,0.96,0.437492260602));
#10513 = CARTESIAN_POINT('',(9.751425045256E-02,0.95,0.437492260602));
#10514 = ORIENTED_EDGE('',*,*,#1411,.F.);
#10515 = B_SPLINE_SURFACE_WITH_KNOTS('',3,1,(
    (#10516,#10517)
    ,(#10518,#10519)
    ,(#10520,#10521)
    ,(#10522,#10523
    )),.UNSPECIFIED.,.F.,.F.,.F.,(4,4),(2,2),(0.,1.),(0.,1.),
  .PIECEWISE_BEZIER_KNOTS.);
#10516 = CARTESIAN_POINT('',(7.40892516701E-02,0.96,0.403222364246));
#10517 = CARTESIAN_POINT('',(7.40892516701E-02,0.95,0.403222364246));
#10518 = CARTESIAN_POINT('',(7.886100271376E-02,0.96,0.416236248781));
#10519 = CARTESIAN_POINT('',(7.886100271376E-02,0.95,0.416236248781));
#10520 = CARTESIAN_POINT('',(8.710313620527E-02,0.96,0.427948744035));
#10521 = CARTESIAN_POINT('',(8.710313620527E-02,0.95,0.427948744035));
#10522 = CARTESIAN_POINT('',(9.751425045256E-02,0.96,0.437492260602));
#10523 = CARTESIAN_POINT('',(9.751425045256E-02,0.95,0.437492260602));
#10524 = ADVANCED_FACE('',(#10525),#10535,.F.);
#10525 = FACE_BOUND('',#10526,.F.);
#10526 = EDGE_LOOP('',(#10527,#10528,#10529,#10534));
#10527 = ORIENTED_EDGE('',*,*,#10510,.F.);
#10528 = ORIENTED_EDGE('',*,*,#10184,.T.);
#10529 = ORIENTED_EDGE('',*,*,#10530,.T.);
#10530 = EDGE_CURVE('',#10185,#1394,#10531,.T.);
#10531 = B_SPLINE_CURVE_WITH_KNOTS('',1,(#10532,#10533),.UNSPECIFIED.,
  .F.,.F.,(2,2),(-0.,1.E-02),.PIECEWISE_BEZIER_KNOTS.);
#10532 = CARTESIAN_POINT('',(0.156510520393,0.96,0.460049661704));
#10533 = CARTESIAN_POINT('',(0.156510520393,0.95,0.460049661704));
#10534 = ORIENTED_EDGE('',*,*,#1402,.F.);
#10535 = B_SPLINE_SURFACE_WITH_KNOTS('',3,1,(
    (#10536,#10537)
    ,(#10538,#10539)
    ,(#10540,#10541)
    ,(#10542,#10543
    )),.UNSPECIFIED.,.F.,.F.,.F.,(4,4),(2,2),(1.,2.),(0.,1.),
  .PIECEWISE_BEZIER_KNOTS.);
#10536 = CARTESIAN_POINT('',(9.751425045256E-02,0.96,0.437492260602));
#10537 = CARTESIAN_POINT('',(9.751425045256E-02,0.95,0.437492260602));
#10538 = CARTESIAN_POINT('',(0.113998500888,0.96,0.451807534935));
#10539 = CARTESIAN_POINT('',(0.113998500888,0.95,0.451807534935));
#10540 = CARTESIAN_POINT('',(0.134820712834,0.96,0.460049661704));
#10541 = CARTESIAN_POINT('',(0.134820712834,0.95,0.460049661704));
#10542 = CARTESIAN_POINT('',(0.156510520393,0.96,0.460049661704));
#10543 = CARTESIAN_POINT('',(0.156510520393,0.95,0.460049661704));
#10544 = ADVANCED_FACE('',(#10545),#10555,.F.);
#10545 = FACE_BOUND('',#10546,.F.);
#10546 = EDGE_LOOP('',(#10547,#10548,#10549,#10554));
#10547 = ORIENTED_EDGE('',*,*,#10530,.F.);
#10548 = ORIENTED_EDGE('',*,*,#10193,.T.);
#10549 = ORIENTED_EDGE('',*,*,#10550,.T.);
#10550 = EDGE_CURVE('',#10194,#1385,#10551,.T.);
#10551 = B_SPLINE_CURVE_WITH_KNOTS('',1,(#10552,#10553),.UNSPECIFIED.,
  .F.,.F.,(2,2),(-0.,1.E-02),.PIECEWISE_BEZIER_KNOTS.);
#10552 = CARTESIAN_POINT('',(0.208566058534,0.96,0.443131611394));
#10553 = CARTESIAN_POINT('',(0.208566058534,0.95,0.443131611394));
#10554 = ORIENTED_EDGE('',*,*,#1393,.F.);
#10555 = B_SPLINE_SURFACE_WITH_KNOTS('',3,1,(
    (#10556,#10557)
    ,(#10558,#10559)
    ,(#10560,#10561)
    ,(#10562,#10563
    )),.UNSPECIFIED.,.F.,.F.,.F.,(4,4),(2,2),(2.,3.),(0.,1.),
  .PIECEWISE_BEZIER_KNOTS.);
#10556 = CARTESIAN_POINT('',(0.156510520393,0.96,0.460049661704));
#10557 = CARTESIAN_POINT('',(0.156510520393,0.95,0.460049661704));
#10558 = CARTESIAN_POINT('',(0.17559754939,0.96,0.460049661704));
#10559 = CARTESIAN_POINT('',(0.17559754939,0.95,0.460049661704));
#10560 = CARTESIAN_POINT('',(0.193383193242,0.96,0.453976515691));
#10561 = CARTESIAN_POINT('',(0.193383193242,0.95,0.453976515691));
#10562 = CARTESIAN_POINT('',(0.208566058534,0.96,0.443131611394));
#10563 = CARTESIAN_POINT('',(0.208566058534,0.95,0.443131611394));
#10564 = ADVANCED_FACE('',(#10565),#10575,.F.);
#10565 = FACE_BOUND('',#10566,.F.);
#10566 = EDGE_LOOP('',(#10567,#10568,#10569,#10574));
#10567 = ORIENTED_EDGE('',*,*,#10550,.F.);
#10568 = ORIENTED_EDGE('',*,*,#10202,.T.);
#10569 = ORIENTED_EDGE('',*,*,#10570,.T.);
#10570 = EDGE_CURVE('',#10203,#1376,#10571,.T.);
#10571 = B_SPLINE_CURVE_WITH_KNOTS('',1,(#10572,#10573),.UNSPECIFIED.,
  .F.,.F.,(2,2),(-0.,1.E-02),.PIECEWISE_BEZIER_KNOTS.);
#10572 = CARTESIAN_POINT('',(0.22765308753,0.96,0.424044580329));
#10573 = CARTESIAN_POINT('',(0.22765308753,0.95,0.424044580329));
#10574 = ORIENTED_EDGE('',*,*,#1384,.F.);
#10575 = B_SPLINE_SURFACE_WITH_KNOTS('',3,1,(
    (#10576,#10577)
    ,(#10578,#10579)
    ,(#10580,#10581)
    ,(#10582,#10583
    )),.UNSPECIFIED.,.F.,.F.,.F.,(4,4),(2,2),(3.,4.),(0.,1.),
  .PIECEWISE_BEZIER_KNOTS.);
#10576 = CARTESIAN_POINT('',(0.208566058534,0.96,0.443131611394));
#10577 = CARTESIAN_POINT('',(0.208566058534,0.95,0.443131611394));
#10578 = CARTESIAN_POINT('',(0.215940596413,0.96,0.437926056339));
#10579 = CARTESIAN_POINT('',(0.215940596413,0.95,0.437926056339));
#10580 = CARTESIAN_POINT('',(0.222013740875,0.96,0.431419114072));
#10581 = CARTESIAN_POINT('',(0.222013740875,0.95,0.431419114072));
#10582 = CARTESIAN_POINT('',(0.22765308753,0.96,0.424044580329));
#10583 = CARTESIAN_POINT('',(0.22765308753,0.95,0.424044580329));
#10584 = ADVANCED_FACE('',(#10585),#10595,.F.);
#10585 = FACE_BOUND('',#10586,.F.);
#10586 = EDGE_LOOP('',(#10587,#10588,#10589,#10594));
#10587 = ORIENTED_EDGE('',*,*,#10570,.F.);
#10588 = ORIENTED_EDGE('',*,*,#10211,.T.);
#10589 = ORIENTED_EDGE('',*,*,#10590,.T.);
#10590 = EDGE_CURVE('',#10212,#1367,#10591,.T.);
#10591 = B_SPLINE_CURVE_WITH_KNOTS('',1,(#10592,#10593),.UNSPECIFIED.,
  .F.,.F.,(2,2),(-0.,1.E-02),.PIECEWISE_BEZIER_KNOTS.);
#10592 = CARTESIAN_POINT('',(0.237630395698,0.96,0.424912171804));
#10593 = CARTESIAN_POINT('',(0.237630395698,0.95,0.424912171804));
#10594 = ORIENTED_EDGE('',*,*,#1375,.F.);
#10595 = B_SPLINE_SURFACE_WITH_KNOTS('',3,1,(
    (#10596,#10597)
    ,(#10598,#10599)
    ,(#10600,#10601)
    ,(#10602,#10603
    )),.UNSPECIFIED.,.F.,.F.,.F.,(4,4),(2,2),(4.,5.),(0.,1.),
  .PIECEWISE_BEZIER_KNOTS.);
#10596 = CARTESIAN_POINT('',(0.22765308753,0.96,0.424044580329));
#10597 = CARTESIAN_POINT('',(0.22765308753,0.95,0.424044580329));
#10598 = CARTESIAN_POINT('',(0.23112345343,0.96,0.424478378135));
#10599 = CARTESIAN_POINT('',(0.23112345343,0.95,0.424478378135));
#10600 = CARTESIAN_POINT('',(0.234160029798,0.96,0.424912171804));
#10601 = CARTESIAN_POINT('',(0.234160029798,0.95,0.424912171804));
#10602 = CARTESIAN_POINT('',(0.237630395698,0.96,0.424912171804));
#10603 = CARTESIAN_POINT('',(0.237630395698,0.95,0.424912171804));
#10604 = ADVANCED_FACE('',(#10605),#10615,.F.);
#10605 = FACE_BOUND('',#10606,.F.);
#10606 = EDGE_LOOP('',(#10607,#10608,#10609,#10614));
#10607 = ORIENTED_EDGE('',*,*,#10590,.F.);
#10608 = ORIENTED_EDGE('',*,*,#10220,.T.);
#10609 = ORIENTED_EDGE('',*,*,#10610,.T.);
#10610 = EDGE_CURVE('',#10221,#1358,#10611,.T.);
#10611 = B_SPLINE_CURVE_WITH_KNOTS('',1,(#10612,#10613),.UNSPECIFIED.,
  .F.,.F.,(2,2),(-0.,1.E-02),.PIECEWISE_BEZIER_KNOTS.);
#10612 = CARTESIAN_POINT('',(0.287516953082,0.96,0.404089955721));
#10613 = CARTESIAN_POINT('',(0.287516953082,0.95,0.404089955721));
#10614 = ORIENTED_EDGE('',*,*,#1366,.F.);
#10615 = B_SPLINE_SURFACE_WITH_KNOTS('',3,1,(
    (#10616,#10617)
    ,(#10618,#10619)
    ,(#10620,#10621)
    ,(#10622,#10623
    )),.UNSPECIFIED.,.F.,.F.,.F.,(4,4),(2,2),(5.,6.),(0.,1.),
  .PIECEWISE_BEZIER_KNOTS.);
#10616 = CARTESIAN_POINT('',(0.237630395698,0.96,0.424912171804));
#10617 = CARTESIAN_POINT('',(0.237630395698,0.95,0.424912171804));
#10618 = CARTESIAN_POINT('',(0.256283631025,0.96,0.424912171804));
#10619 = CARTESIAN_POINT('',(0.256283631025,0.95,0.424912171804));
#10620 = CARTESIAN_POINT('',(0.274069270741,0.96,0.417537638062));
#10621 = CARTESIAN_POINT('',(0.274069270741,0.95,0.417537638062));
#10622 = CARTESIAN_POINT('',(0.287516953082,0.96,0.404089955721));
#10623 = CARTESIAN_POINT('',(0.287516953082,0.95,0.404089955721));
#10624 = ADVANCED_FACE('',(#10625),#10635,.F.);
#10625 = FACE_BOUND('',#10626,.F.);
#10626 = EDGE_LOOP('',(#10627,#10628,#10629,#10634));
#10627 = ORIENTED_EDGE('',*,*,#10610,.F.);
#10628 = ORIENTED_EDGE('',*,*,#10229,.T.);
#10629 = ORIENTED_EDGE('',*,*,#10630,.T.);
#10630 = EDGE_CURVE('',#10230,#1349,#10631,.T.);
#10631 = B_SPLINE_CURVE_WITH_KNOTS('',1,(#10632,#10633),.UNSPECIFIED.,
  .F.,.F.,(2,2),(-0.,1.E-02),.PIECEWISE_BEZIER_KNOTS.);
#10632 = CARTESIAN_POINT('',(0.307905383771,0.96,0.354637200279));
#10633 = CARTESIAN_POINT('',(0.307905383771,0.95,0.354637200279));
#10634 = ORIENTED_EDGE('',*,*,#1357,.F.);
#10635 = B_SPLINE_SURFACE_WITH_KNOTS('',3,1,(
    (#10636,#10637)
    ,(#10638,#10639)
    ,(#10640,#10641)
    ,(#10642,#10643
    )),.UNSPECIFIED.,.F.,.F.,.F.,(4,4),(2,2),(6.,7.),(0.,1.),
  .PIECEWISE_BEZIER_KNOTS.);
#10636 = CARTESIAN_POINT('',(0.287516953082,0.96,0.404089955721));
#10637 = CARTESIAN_POINT('',(0.287516953082,0.95,0.404089955721));
#10638 = CARTESIAN_POINT('',(0.300530848994,0.96,0.391076075322));
#10639 = CARTESIAN_POINT('',(0.300530848994,0.95,0.391076075322));
#10640 = CARTESIAN_POINT('',(0.307905383771,0.96,0.373290431469));
#10641 = CARTESIAN_POINT('',(0.307905383771,0.95,0.373290431469));
#10642 = CARTESIAN_POINT('',(0.307905383771,0.96,0.354637200279));
#10643 = CARTESIAN_POINT('',(0.307905383771,0.95,0.354637200279));
#10644 = ADVANCED_FACE('',(#10645),#10655,.F.);
#10645 = FACE_BOUND('',#10646,.F.);
#10646 = EDGE_LOOP('',(#10647,#10648,#10649,#10654));
#10647 = ORIENTED_EDGE('',*,*,#10630,.F.);
#10648 = ORIENTED_EDGE('',*,*,#10238,.T.);
#10649 = ORIENTED_EDGE('',*,*,#10650,.T.);
#10650 = EDGE_CURVE('',#10239,#1340,#10651,.T.);
#10651 = B_SPLINE_CURVE_WITH_KNOTS('',1,(#10652,#10653),.UNSPECIFIED.,
  .F.,.F.,(2,2),(-0.,1.E-02),.PIECEWISE_BEZIER_KNOTS.);
#10652 = CARTESIAN_POINT('',(0.289685946249,0.96,0.30735342973));
#10653 = CARTESIAN_POINT('',(0.289685946249,0.95,0.30735342973));
#10654 = ORIENTED_EDGE('',*,*,#1348,.F.);
#10655 = B_SPLINE_SURFACE_WITH_KNOTS('',3,1,(
    (#10656,#10657)
    ,(#10658,#10659)
    ,(#10660,#10661)
    ,(#10662,#10663
    )),.UNSPECIFIED.,.F.,.F.,.F.,(4,4),(2,2),(7.,8.),(0.,1.),
  .PIECEWISE_BEZIER_KNOTS.);
#10656 = CARTESIAN_POINT('',(0.307905383771,0.96,0.354637200279));
#10657 = CARTESIAN_POINT('',(0.307905383771,0.95,0.354637200279));
#10658 = CARTESIAN_POINT('',(0.307905383771,0.96,0.337285354232));
#10659 = CARTESIAN_POINT('',(0.307905383771,0.95,0.337285354232));
#10660 = CARTESIAN_POINT('',(0.301398441504,0.96,0.320367297717));
#10661 = CARTESIAN_POINT('',(0.301398441504,0.95,0.320367297717));
#10662 = CARTESIAN_POINT('',(0.289685946249,0.96,0.30735342973));
#10663 = CARTESIAN_POINT('',(0.289685946249,0.95,0.30735342973));
#10664 = ADVANCED_FACE('',(#10665),#10675,.F.);
#10665 = FACE_BOUND('',#10666,.F.);
#10666 = EDGE_LOOP('',(#10667,#10668,#10669,#10674));
#10667 = ORIENTED_EDGE('',*,*,#10650,.F.);
#10668 = ORIENTED_EDGE('',*,*,#10247,.T.);
#10669 = ORIENTED_EDGE('',*,*,#10670,.T.);
#10670 = EDGE_CURVE('',#10248,#1331,#10671,.T.);
#10671 = B_SPLINE_CURVE_WITH_KNOTS('',1,(#10672,#10673),.UNSPECIFIED.,
  .F.,.F.,(2,2),(-0.,1.E-02),.PIECEWISE_BEZIER_KNOTS.);
#10672 = CARTESIAN_POINT('',(0.254982254156,0.96,0.286531217783));
#10673 = CARTESIAN_POINT('',(0.254982254156,0.95,0.286531217783));
#10674 = ORIENTED_EDGE('',*,*,#1339,.F.);
#10675 = B_SPLINE_SURFACE_WITH_KNOTS('',3,1,(
    (#10676,#10677)
    ,(#10678,#10679)
    ,(#10680,#10681)
    ,(#10682,#10683
    )),.UNSPECIFIED.,.F.,.F.,.F.,(4,4),(2,2),(8.,9.),(0.,1.),
  .PIECEWISE_BEZIER_KNOTS.);
#10676 = CARTESIAN_POINT('',(0.289685946249,0.96,0.30735342973));
#10677 = CARTESIAN_POINT('',(0.289685946249,0.95,0.30735342973));
#10678 = CARTESIAN_POINT('',(0.280142431751,0.96,0.296942315482));
#10679 = CARTESIAN_POINT('',(0.280142431751,0.95,0.296942315482));
#10680 = CARTESIAN_POINT('',(0.26842993236,0.96,0.290001583683));
#10681 = CARTESIAN_POINT('',(0.26842993236,0.95,0.290001583683));
#10682 = CARTESIAN_POINT('',(0.254982254156,0.96,0.286531217783));
#10683 = CARTESIAN_POINT('',(0.254982254156,0.95,0.286531217783));
#10684 = ADVANCED_FACE('',(#10685),#10695,.F.);
#10685 = FACE_BOUND('',#10686,.F.);
#10686 = EDGE_LOOP('',(#10687,#10688,#10689,#10694));
#10687 = ORIENTED_EDGE('',*,*,#10670,.F.);
#10688 = ORIENTED_EDGE('',*,*,#10256,.T.);
#10689 = ORIENTED_EDGE('',*,*,#10690,.T.);
#10690 = EDGE_CURVE('',#10257,#1322,#10691,.T.);
#10691 = B_SPLINE_CURVE_WITH_KNOTS('',1,(#10692,#10693),.UNSPECIFIED.,
  .F.,.F.,(2,2),(-0.,1.E-02),.PIECEWISE_BEZIER_KNOTS.);
#10692 = CARTESIAN_POINT('',(0.213771615657,0.96,0.257033082813));
#10693 = CARTESIAN_POINT('',(0.213771615657,0.95,0.257033082813));
#10694 = ORIENTED_EDGE('',*,*,#1330,.F.);
#10695 = B_SPLINE_SURFACE_WITH_KNOTS('',3,1,(
    (#10696,#10697)
    ,(#10698,#10699)
    ,(#10700,#10701)
    ,(#10702,#10703
    )),.UNSPECIFIED.,.F.,.F.,.F.,(4,4),(2,2),(9.,10.),(0.,1.),
  .PIECEWISE_BEZIER_KNOTS.);
#10696 = CARTESIAN_POINT('',(0.254982254156,0.96,0.286531217783));
#10697 = CARTESIAN_POINT('',(0.254982254156,0.95,0.286531217783));
#10698 = CARTESIAN_POINT('',(0.249342903363,0.96,0.269179371736));
#10699 = CARTESIAN_POINT('',(0.249342903363,0.95,0.269179371736));
#10700 = CARTESIAN_POINT('',(0.232858652928,0.96,0.257033082813));
#10701 = CARTESIAN_POINT('',(0.232858652928,0.95,0.257033082813));
#10702 = CARTESIAN_POINT('',(0.213771615657,0.96,0.257033082813));
#10703 = CARTESIAN_POINT('',(0.213771615657,0.95,0.257033082813));
#10704 = ADVANCED_FACE('',(#10705),#10715,.F.);
#10705 = FACE_BOUND('',#10706,.F.);
#10706 = EDGE_LOOP('',(#10707,#10708,#10709,#10714));
#10707 = ORIENTED_EDGE('',*,*,#10690,.F.);
#10708 = ORIENTED_EDGE('',*,*,#10265,.T.);
#10709 = ORIENTED_EDGE('',*,*,#10710,.T.);
#10710 = EDGE_CURVE('',#10266,#1313,#10711,.T.);
#10711 = B_SPLINE_CURVE_WITH_KNOTS('',1,(#10712,#10713),.UNSPECIFIED.,
  .F.,.F.,(2,2),(-0.,1.E-02),.PIECEWISE_BEZIER_KNOTS.);
#10712 = CARTESIAN_POINT('',(0.17039200054,0.96,0.30041269793));
#10713 = CARTESIAN_POINT('',(0.17039200054,0.95,0.30041269793));
#10714 = ORIENTED_EDGE('',*,*,#1321,.F.);
#10715 = B_SPLINE_SURFACE_WITH_KNOTS('',3,1,(
    (#10716,#10717)
    ,(#10718,#10719)
    ,(#10720,#10721)
    ,(#10722,#10723
    )),.UNSPECIFIED.,.F.,.F.,.F.,(4,4),(2,2),(10.,11.),(0.,1.),
  .PIECEWISE_BEZIER_KNOTS.);
#10716 = CARTESIAN_POINT('',(0.213771615657,0.96,0.257033082813));
#10717 = CARTESIAN_POINT('',(0.213771615657,0.95,0.257033082813));
#10718 = CARTESIAN_POINT('',(0.189912827343,0.96,0.257033082813));
#10719 = CARTESIAN_POINT('',(0.189912827343,0.95,0.257033082813));
#10720 = CARTESIAN_POINT('',(0.17039200054,0.96,0.276553909616));
#10721 = CARTESIAN_POINT('',(0.17039200054,0.95,0.276553909616));
#10722 = CARTESIAN_POINT('',(0.17039200054,0.96,0.30041269793));
#10723 = CARTESIAN_POINT('',(0.17039200054,0.95,0.30041269793));
#10724 = ADVANCED_FACE('',(#10725),#10735,.F.);
#10725 = FACE_BOUND('',#10726,.T.);
#10726 = EDGE_LOOP('',(#10727,#10728,#10733,#10734));
#10727 = ORIENTED_EDGE('',*,*,#1312,.T.);
#10728 = ORIENTED_EDGE('',*,*,#10729,.F.);
#10729 = EDGE_CURVE('',#10275,#1306,#10730,.T.);
#10730 = B_SPLINE_CURVE_WITH_KNOTS('',1,(#10731,#10732),.UNSPECIFIED.,
  .F.,.F.,(2,2),(-0.,1.E-02),.PIECEWISE_BEZIER_KNOTS.);
#10731 = CARTESIAN_POINT('',(0.17039200054,0.96,0.304750659442));
#10732 = CARTESIAN_POINT('',(0.17039200054,0.95,0.304750659442));
#10733 = ORIENTED_EDGE('',*,*,#10274,.F.);
#10734 = ORIENTED_EDGE('',*,*,#10710,.T.);
#10735 = B_SPLINE_SURFACE_WITH_KNOTS('',1,1,(
    (#10736,#10737)
    ,(#10738,#10739
    )),.UNSPECIFIED.,.F.,.F.,.F.,(2,2),(2,2),(-4.337961512E-03,0.),(
    -1.E-02,0.),.PIECEWISE_BEZIER_KNOTS.);
#10736 = CARTESIAN_POINT('',(0.17039200054,0.95,0.304750659442));
#10737 = CARTESIAN_POINT('',(0.17039200054,0.96,0.304750659442));
#10738 = CARTESIAN_POINT('',(0.17039200054,0.95,0.30041269793));
#10739 = CARTESIAN_POINT('',(0.17039200054,0.96,0.30041269793));
#10740 = ADVANCED_FACE('',(#10741),#10751,.F.);
#10741 = FACE_BOUND('',#10742,.T.);
#10742 = EDGE_LOOP('',(#10743,#10744,#10749,#10750));
#10743 = ORIENTED_EDGE('',*,*,#1305,.T.);
#10744 = ORIENTED_EDGE('',*,*,#10745,.F.);
#10745 = EDGE_CURVE('',#10284,#1299,#10746,.T.);
#10746 = B_SPLINE_CURVE_WITH_KNOTS('',1,(#10747,#10748),.UNSPECIFIED.,
  .F.,.F.,(2,2),(-0.,1.E-02),.PIECEWISE_BEZIER_KNOTS.);
#10747 = CARTESIAN_POINT('',(0.109660539376,0.96,0.336851572974));
#10748 = CARTESIAN_POINT('',(0.109660539376,0.95,0.336851572974));
#10749 = ORIENTED_EDGE('',*,*,#10283,.F.);
#10750 = ORIENTED_EDGE('',*,*,#10729,.T.);
#10751 = B_SPLINE_SURFACE_WITH_KNOTS('',1,1,(
    (#10752,#10753)
    ,(#10754,#10755
    )),.UNSPECIFIED.,.F.,.F.,.F.,(2,2),(2,2),(-6.869336958323E-02,0.),(
    -1.E-02,0.),.PIECEWISE_BEZIER_KNOTS.);
#10752 = CARTESIAN_POINT('',(0.109660539376,0.95,0.336851572974));
#10753 = CARTESIAN_POINT('',(0.109660539376,0.96,0.336851572974));
#10754 = CARTESIAN_POINT('',(0.17039200054,0.95,0.304750659442));
#10755 = CARTESIAN_POINT('',(0.17039200054,0.96,0.304750659442));
#10756 = ADVANCED_FACE('',(#10757),#10767,.F.);
#10757 = FACE_BOUND('',#10758,.T.);
#10758 = EDGE_LOOP('',(#10759,#10760,#10765,#10766));
#10759 = ORIENTED_EDGE('',*,*,#1298,.T.);
#10760 = ORIENTED_EDGE('',*,*,#10761,.F.);
#10761 = EDGE_CURVE('',#10291,#1292,#10762,.T.);
#10762 = B_SPLINE_CURVE_WITH_KNOTS('',1,(#10763,#10764),.UNSPECIFIED.,
  .F.,.F.,(2,2),(-0.,1.E-02),.PIECEWISE_BEZIER_KNOTS.);
#10763 = CARTESIAN_POINT('',(0.123108213443,0.96,0.35984277395));
#10764 = CARTESIAN_POINT('',(0.123108213443,0.95,0.35984277395));
#10765 = ORIENTED_EDGE('',*,*,#10290,.F.);
#10766 = ORIENTED_EDGE('',*,*,#10745,.T.);
#10767 = B_SPLINE_SURFACE_WITH_KNOTS('',1,1,(
    (#10768,#10769)
    ,(#10770,#10771
    )),.UNSPECIFIED.,.F.,.F.,.F.,(2,2),(2,2),(-2.663522592649E-02,
    1.5435001317E-15),(-1.E-02,0.),.PIECEWISE_BEZIER_KNOTS.);
#10768 = CARTESIAN_POINT('',(0.123108213443,0.95,0.35984277395));
#10769 = CARTESIAN_POINT('',(0.123108213443,0.96,0.35984277395));
#10770 = CARTESIAN_POINT('',(0.109660539376,0.95,0.336851572974));
#10771 = CARTESIAN_POINT('',(0.109660539376,0.96,0.336851572974));
#10772 = ADVANCED_FACE('',(#10773),#10783,.F.);
#10773 = FACE_BOUND('',#10774,.T.);
#10774 = EDGE_LOOP('',(#10775,#10776,#10781,#10782));
#10775 = ORIENTED_EDGE('',*,*,#1291,.T.);
#10776 = ORIENTED_EDGE('',*,*,#10777,.F.);
#10777 = EDGE_CURVE('',#10298,#1283,#10778,.T.);
#10778 = B_SPLINE_CURVE_WITH_KNOTS('',1,(#10779,#10780),.UNSPECIFIED.,
  .F.,.F.,(2,2),(-0.,1.E-02),.PIECEWISE_BEZIER_KNOTS.);
#10779 = CARTESIAN_POINT('',(0.181236896045,0.96,0.329477043368));
#10780 = CARTESIAN_POINT('',(0.181236896045,0.95,0.329477043368));
#10781 = ORIENTED_EDGE('',*,*,#10297,.F.);
#10782 = ORIENTED_EDGE('',*,*,#10761,.T.);
#10783 = B_SPLINE_SURFACE_WITH_KNOTS('',1,1,(
    (#10784,#10785)
    ,(#10786,#10787
    )),.UNSPECIFIED.,.F.,.F.,.F.,(2,2),(2,2),(-6.558217238577E-02,0.),(
    -1.E-02,0.),.PIECEWISE_BEZIER_KNOTS.);
#10784 = CARTESIAN_POINT('',(0.181236896045,0.95,0.329477043368));
#10785 = CARTESIAN_POINT('',(0.181236896045,0.96,0.329477043368));
#10786 = CARTESIAN_POINT('',(0.123108213443,0.95,0.35984277395));
#10787 = CARTESIAN_POINT('',(0.123108213443,0.96,0.35984277395));
#10788 = ADVANCED_FACE('',(#10789),#10799,.F.);
#10789 = FACE_BOUND('',#10790,.F.);
#10790 = EDGE_LOOP('',(#10791,#10792,#10793,#10798));
#10791 = ORIENTED_EDGE('',*,*,#10777,.F.);
#10792 = ORIENTED_EDGE('',*,*,#10304,.T.);
#10793 = ORIENTED_EDGE('',*,*,#10794,.T.);
#10794 = EDGE_CURVE('',#10305,#1274,#10795,.T.);
#10795 = B_SPLINE_CURVE_WITH_KNOTS('',1,(#10796,#10797),.UNSPECIFIED.,
  .F.,.F.,(2,2),(-0.,1.E-02),.PIECEWISE_BEZIER_KNOTS.);
#10796 = CARTESIAN_POINT('',(0.213771607383,0.96,0.344226110854));
#10797 = CARTESIAN_POINT('',(0.213771607383,0.95,0.344226110854));
#10798 = ORIENTED_EDGE('',*,*,#1282,.F.);
#10799 = B_SPLINE_SURFACE_WITH_KNOTS('',3,1,(
    (#10800,#10801)
    ,(#10802,#10803)
    ,(#10804,#10805)
    ,(#10806,#10807
    )),.UNSPECIFIED.,.F.,.F.,.F.,(4,4),(2,2),(15.,16.),(0.,1.),
  .PIECEWISE_BEZIER_KNOTS.);
#10800 = CARTESIAN_POINT('',(0.181236896045,0.96,0.329477043368));
#10801 = CARTESIAN_POINT('',(0.181236896045,0.95,0.329477043368));
#10802 = CARTESIAN_POINT('',(0.189045223457,0.96,0.338586764198));
#10803 = CARTESIAN_POINT('',(0.189045223457,0.95,0.338586764198));
#10804 = CARTESIAN_POINT('',(0.200757722848,0.96,0.344226110854));
#10805 = CARTESIAN_POINT('',(0.200757722848,0.95,0.344226110854));
#10806 = CARTESIAN_POINT('',(0.213771607383,0.96,0.344226110854));
#10807 = CARTESIAN_POINT('',(0.213771607383,0.95,0.344226110854));
#10808 = ADVANCED_FACE('',(#10809),#10819,.F.);
#10809 = FACE_BOUND('',#10810,.F.);
#10810 = EDGE_LOOP('',(#10811,#10812,#10813,#10818));
#10811 = ORIENTED_EDGE('',*,*,#10794,.F.);
#10812 = ORIENTED_EDGE('',*,*,#10313,.T.);
#10813 = ORIENTED_EDGE('',*,*,#10814,.T.);
#10814 = EDGE_CURVE('',#10314,#1265,#10815,.T.);
#10815 = B_SPLINE_CURVE_WITH_KNOTS('',1,(#10816,#10817),.UNSPECIFIED.,
  .F.,.F.,(2,2),(-0.,1.E-02),.PIECEWISE_BEZIER_KNOTS.);
#10816 = CARTESIAN_POINT('',(0.254548443939,0.96,0.315595563221));
#10817 = CARTESIAN_POINT('',(0.254548443939,0.95,0.315595563221));
#10818 = ORIENTED_EDGE('',*,*,#1273,.F.);
#10819 = B_SPLINE_SURFACE_WITH_KNOTS('',3,1,(
    (#10820,#10821)
    ,(#10822,#10823)
    ,(#10824,#10825)
    ,(#10826,#10827
    )),.UNSPECIFIED.,.F.,.F.,.F.,(4,4),(2,2),(16.,17.),(0.,1.),
  .PIECEWISE_BEZIER_KNOTS.);
#10820 = CARTESIAN_POINT('',(0.213771607383,0.96,0.344226110854));
#10821 = CARTESIAN_POINT('',(0.213771607383,0.95,0.344226110854));
#10822 = CARTESIAN_POINT('',(0.232424846848,0.96,0.344226110854));
#10823 = CARTESIAN_POINT('',(0.232424846848,0.95,0.344226110854));
#10824 = CARTESIAN_POINT('',(0.248475299477,0.96,0.332079821931));
#10825 = CARTESIAN_POINT('',(0.248475299477,0.95,0.332079821931));
#10826 = CARTESIAN_POINT('',(0.254548443939,0.96,0.315595563221));
#10827 = CARTESIAN_POINT('',(0.254548443939,0.95,0.315595563221));
#10828 = ADVANCED_FACE('',(#10829),#10839,.F.);
#10829 = FACE_BOUND('',#10830,.F.);
#10830 = EDGE_LOOP('',(#10831,#10832,#10833,#10838));
#10831 = ORIENTED_EDGE('',*,*,#10814,.F.);
#10832 = ORIENTED_EDGE('',*,*,#10322,.T.);
#10833 = ORIENTED_EDGE('',*,*,#10834,.T.);
#10834 = EDGE_CURVE('',#10323,#1256,#10835,.T.);
#10835 = B_SPLINE_CURVE_WITH_KNOTS('',1,(#10836,#10837),.UNSPECIFIED.,
  .F.,.F.,(2,2),(-0.,1.E-02),.PIECEWISE_BEZIER_KNOTS.);
#10836 = CARTESIAN_POINT('',(0.280576213009,0.96,0.355504812439));
#10837 = CARTESIAN_POINT('',(0.280576213009,0.95,0.355504812439));
#10838 = ORIENTED_EDGE('',*,*,#1264,.F.);
#10839 = B_SPLINE_SURFACE_WITH_KNOTS('',3,1,(
    (#10840,#10841)
    ,(#10842,#10843)
    ,(#10844,#10845)
    ,(#10846,#10847
    )),.UNSPECIFIED.,.F.,.F.,.F.,(4,4),(2,2),(17.,18.),(0.,1.),
  .PIECEWISE_BEZIER_KNOTS.);
#10840 = CARTESIAN_POINT('',(0.254548443939,0.96,0.315595563221));
#10841 = CARTESIAN_POINT('',(0.254548443939,0.95,0.315595563221));
#10842 = CARTESIAN_POINT('',(0.269731309229,0.96,0.322536303295));
#10843 = CARTESIAN_POINT('',(0.269731309229,0.95,0.322536303295));
#10844 = CARTESIAN_POINT('',(0.280576213009,0.96,0.337719168586));
#10845 = CARTESIAN_POINT('',(0.280576213009,0.95,0.337719168586));
#10846 = CARTESIAN_POINT('',(0.280576213009,0.96,0.355504812439));
#10847 = CARTESIAN_POINT('',(0.280576213009,0.95,0.355504812439));
#10848 = ADVANCED_FACE('',(#10849),#10859,.F.);
#10849 = FACE_BOUND('',#10850,.F.);
#10850 = EDGE_LOOP('',(#10851,#10852,#10853,#10858));
#10851 = ORIENTED_EDGE('',*,*,#10834,.F.);
#10852 = ORIENTED_EDGE('',*,*,#10331,.T.);
#10853 = ORIENTED_EDGE('',*,*,#10854,.T.);
#10854 = EDGE_CURVE('',#10332,#1247,#10855,.T.);
#10855 = B_SPLINE_CURVE_WITH_KNOTS('',1,(#10856,#10857),.UNSPECIFIED.,
  .F.,.F.,(2,2),(-0.,1.E-02),.PIECEWISE_BEZIER_KNOTS.);
#10856 = CARTESIAN_POINT('',(0.237196597892,0.96,0.398884427556));
#10857 = CARTESIAN_POINT('',(0.237196597892,0.95,0.398884427556));
#10858 = ORIENTED_EDGE('',*,*,#1255,.F.);
#10859 = B_SPLINE_SURFACE_WITH_KNOTS('',3,1,(
    (#10860,#10861)
    ,(#10862,#10863)
    ,(#10864,#10865)
    ,(#10866,#10867
    )),.UNSPECIFIED.,.F.,.F.,.F.,(4,4),(2,2),(18.,19.),(0.,1.),
  .PIECEWISE_BEZIER_KNOTS.);
#10860 = CARTESIAN_POINT('',(0.280576213009,0.96,0.355504812439));
#10861 = CARTESIAN_POINT('',(0.280576213009,0.95,0.355504812439));
#10862 = CARTESIAN_POINT('',(0.280576213009,0.96,0.379363600753));
#10863 = CARTESIAN_POINT('',(0.280576213009,0.95,0.379363600753));
#10864 = CARTESIAN_POINT('',(0.261055386206,0.96,0.398884427556));
#10865 = CARTESIAN_POINT('',(0.261055386206,0.95,0.398884427556));
#10866 = CARTESIAN_POINT('',(0.237196597892,0.96,0.398884427556));
#10867 = CARTESIAN_POINT('',(0.237196597892,0.95,0.398884427556));
#10868 = ADVANCED_FACE('',(#10869),#10879,.F.);
#10869 = FACE_BOUND('',#10870,.F.);
#10870 = EDGE_LOOP('',(#10871,#10872,#10873,#10878));
#10871 = ORIENTED_EDGE('',*,*,#10854,.F.);
#10872 = ORIENTED_EDGE('',*,*,#10340,.T.);
#10873 = ORIENTED_EDGE('',*,*,#10874,.T.);
#10874 = EDGE_CURVE('',#10341,#1238,#10875,.T.);
#10875 = B_SPLINE_CURVE_WITH_KNOTS('',1,(#10876,#10877),.UNSPECIFIED.,
  .F.,.F.,(2,2),(-0.,1.E-02),.PIECEWISE_BEZIER_KNOTS.);
#10876 = CARTESIAN_POINT('',(0.214205405189,0.96,0.392377485288));
#10877 = CARTESIAN_POINT('',(0.214205405189,0.95,0.392377485288));
#10878 = ORIENTED_EDGE('',*,*,#1246,.F.);
#10879 = B_SPLINE_SURFACE_WITH_KNOTS('',3,1,(
    (#10880,#10881)
    ,(#10882,#10883)
    ,(#10884,#10885)
    ,(#10886,#10887
    )),.UNSPECIFIED.,.F.,.F.,.F.,(4,4),(2,2),(19.,20.),(0.,1.),
  .PIECEWISE_BEZIER_KNOTS.);
#10880 = CARTESIAN_POINT('',(0.237196597892,0.96,0.398884427556));
#10881 = CARTESIAN_POINT('',(0.237196597892,0.95,0.398884427556));
#10882 = CARTESIAN_POINT('',(0.228954472674,0.96,0.398884427556));
#10883 = CARTESIAN_POINT('',(0.228954472674,0.95,0.398884427556));
#10884 = CARTESIAN_POINT('',(0.220712347457,0.96,0.396281648994));
#10885 = CARTESIAN_POINT('',(0.220712347457,0.95,0.396281648994));
#10886 = CARTESIAN_POINT('',(0.214205405189,0.96,0.392377485288));
#10887 = CARTESIAN_POINT('',(0.214205405189,0.95,0.392377485288));
#10888 = ADVANCED_FACE('',(#10889),#10899,.F.);
#10889 = FACE_BOUND('',#10890,.F.);
#10890 = EDGE_LOOP('',(#10891,#10892,#10893,#10898));
#10891 = ORIENTED_EDGE('',*,*,#10874,.F.);
#10892 = ORIENTED_EDGE('',*,*,#10349,.T.);
#10893 = ORIENTED_EDGE('',*,*,#10894,.T.);
#10894 = EDGE_CURVE('',#10350,#1229,#10895,.T.);
#10895 = B_SPLINE_CURVE_WITH_KNOTS('',1,(#10896,#10897),.UNSPECIFIED.,
  .F.,.F.,(2,2),(-0.,1.E-02),.PIECEWISE_BEZIER_KNOTS.);
#10896 = CARTESIAN_POINT('',(0.156076730861,0.96,0.434021892634));
#10897 = CARTESIAN_POINT('',(0.156076730861,0.95,0.434021892634));
#10898 = ORIENTED_EDGE('',*,*,#1237,.F.);
#10899 = B_SPLINE_SURFACE_WITH_KNOTS('',3,1,(
    (#10900,#10901)
    ,(#10902,#10903)
    ,(#10904,#10905)
    ,(#10906,#10907
    )),.UNSPECIFIED.,.F.,.F.,.F.,(4,4),(2,2),(20.,21.),(0.,1.),
  .PIECEWISE_BEZIER_KNOTS.);
#10900 = CARTESIAN_POINT('',(0.214205405189,0.96,0.392377485288));
#10901 = CARTESIAN_POINT('',(0.214205405189,0.95,0.392377485288));
#10902 = CARTESIAN_POINT('',(0.205963288246,0.96,0.416670046587));
#10903 = CARTESIAN_POINT('',(0.205963288246,0.95,0.416670046587));
#10904 = CARTESIAN_POINT('',(0.183405885075,0.96,0.434021892634));
#10905 = CARTESIAN_POINT('',(0.183405885075,0.95,0.434021892634));
#10906 = CARTESIAN_POINT('',(0.156076730861,0.96,0.434021892634));
#10907 = CARTESIAN_POINT('',(0.156076730861,0.95,0.434021892634));
#10908 = ADVANCED_FACE('',(#10909),#10919,.F.);
#10909 = FACE_BOUND('',#10910,.F.);
#10910 = EDGE_LOOP('',(#10911,#10912,#10913,#10918));
#10911 = ORIENTED_EDGE('',*,*,#10894,.F.);
#10912 = ORIENTED_EDGE('',*,*,#10358,.T.);
#10913 = ORIENTED_EDGE('',*,*,#10914,.T.);
#10914 = EDGE_CURVE('',#10359,#1220,#10915,.T.);
#10915 = B_SPLINE_CURVE_WITH_KNOTS('',1,(#10916,#10917),.UNSPECIFIED.,
  .F.,.F.,(2,2),(-0.,1.E-02),.PIECEWISE_BEZIER_KNOTS.);
#10916 = CARTESIAN_POINT('',(9.534526969677E-02,0.96,0.379797373737));
#10917 = CARTESIAN_POINT('',(9.534526969677E-02,0.95,0.379797373737));
#10918 = ORIENTED_EDGE('',*,*,#1228,.F.);
#10919 = B_SPLINE_SURFACE_WITH_KNOTS('',3,1,(
    (#10920,#10921)
    ,(#10922,#10923)
    ,(#10924,#10925)
    ,(#10926,#10927
    )),.UNSPECIFIED.,.F.,.F.,.F.,(4,4),(2,2),(21.,22.),(0.,1.),
  .PIECEWISE_BEZIER_KNOTS.);
#10920 = CARTESIAN_POINT('',(0.156076730861,0.96,0.434021892634));
#10921 = CARTESIAN_POINT('',(0.156076730861,0.95,0.434021892634));
#10922 = CARTESIAN_POINT('',(0.124843404667,0.96,0.434021892634));
#10923 = CARTESIAN_POINT('',(0.124843404667,0.95,0.434021892634));
#10924 = CARTESIAN_POINT('',(9.88156355966E-02,0.96,0.410163104319));
#10925 = CARTESIAN_POINT('',(9.88156355966E-02,0.95,0.410163104319));
#10926 = CARTESIAN_POINT('',(9.534526969677E-02,0.96,0.379797373737));
#10927 = CARTESIAN_POINT('',(9.534526969677E-02,0.95,0.379797373737));
#10928 = ADVANCED_FACE('',(#10929),#10939,.F.);
#10929 = FACE_BOUND('',#10930,.T.);
#10930 = EDGE_LOOP('',(#10931,#10932,#10937,#10938));
#10931 = ORIENTED_EDGE('',*,*,#1219,.T.);
#10932 = ORIENTED_EDGE('',*,*,#10933,.F.);
#10933 = EDGE_CURVE('',#10368,#1211,#10934,.T.);
#10934 = B_SPLINE_CURVE_WITH_KNOTS('',1,(#10935,#10936),.UNSPECIFIED.,
  .F.,.F.,(2,2),(-0.,1.E-02),.PIECEWISE_BEZIER_KNOTS.);
#10935 = CARTESIAN_POINT('',(9.187490379694E-02,0.96,0.379797373737));
#10936 = CARTESIAN_POINT('',(9.187490379694E-02,0.95,0.379797373737));
#10937 = ORIENTED_EDGE('',*,*,#10367,.F.);
#10938 = ORIENTED_EDGE('',*,*,#10914,.T.);
#10939 = B_SPLINE_SURFACE_WITH_KNOTS('',1,1,(
    (#10940,#10941)
    ,(#10942,#10943
    )),.UNSPECIFIED.,.F.,.F.,.F.,(2,2),(2,2),(-3.470365899831E-03,0.),(
    -1.E-02,0.),.PIECEWISE_BEZIER_KNOTS.);
#10940 = CARTESIAN_POINT('',(9.187490379694E-02,0.95,0.379797373737));
#10941 = CARTESIAN_POINT('',(9.187490379694E-02,0.96,0.379797373737));
#10942 = CARTESIAN_POINT('',(9.534526969677E-02,0.95,0.379797373737));
#10943 = CARTESIAN_POINT('',(9.534526969677E-02,0.96,0.379797373737));
#10944 = ADVANCED_FACE('',(#10945),#10955,.F.);
#10945 = FACE_BOUND('',#10946,.F.);
#10946 = EDGE_LOOP('',(#10947,#10948,#10949,#10954));
#10947 = ORIENTED_EDGE('',*,*,#10933,.F.);
#10948 = ORIENTED_EDGE('',*,*,#10376,.T.);
#10949 = ORIENTED_EDGE('',*,*,#10950,.T.);
#10950 = EDGE_CURVE('',#10377,#1202,#10951,.T.);
#10951 = B_SPLINE_CURVE_WITH_KNOTS('',1,(#10952,#10953),.UNSPECIFIED.,
  .F.,.F.,(2,2),(-0.,1.E-02),.PIECEWISE_BEZIER_KNOTS.);
#10952 = CARTESIAN_POINT('',(5.803880731519E-02,0.96,0.345961277255));
#10953 = CARTESIAN_POINT('',(5.803880731519E-02,0.95,0.345961277255));
#10954 = ORIENTED_EDGE('',*,*,#1210,.F.);
#10955 = B_SPLINE_SURFACE_WITH_KNOTS('',3,1,(
    (#10956,#10957)
    ,(#10958,#10959)
    ,(#10960,#10961)
    ,(#10962,#10963
    )),.UNSPECIFIED.,.F.,.F.,.F.,(4,4),(2,2),(23.,24.),(0.,1.),
  .PIECEWISE_BEZIER_KNOTS.);
#10956 = CARTESIAN_POINT('',(9.187490379694E-02,0.96,0.379797373737));
#10957 = CARTESIAN_POINT('',(9.187490379694E-02,0.95,0.379797373737));
#10958 = CARTESIAN_POINT('',(7.322167260615E-02,0.96,0.379797373737));
#10959 = CARTESIAN_POINT('',(7.322167260615E-02,0.95,0.379797373737));
#10960 = CARTESIAN_POINT('',(5.803880731519E-02,0.96,0.364614508446));
#10961 = CARTESIAN_POINT('',(5.803880731519E-02,0.95,0.364614508446));
#10962 = CARTESIAN_POINT('',(5.803880731519E-02,0.96,0.345961277255));
#10963 = CARTESIAN_POINT('',(5.803880731519E-02,0.95,0.345961277255));
#10964 = ADVANCED_FACE('',(#10965),#10975,.F.);
#10965 = FACE_BOUND('',#10966,.F.);
#10966 = EDGE_LOOP('',(#10967,#10968,#10969,#10974));
#10967 = ORIENTED_EDGE('',*,*,#10950,.F.);
#10968 = ORIENTED_EDGE('',*,*,#10385,.T.);
#10969 = ORIENTED_EDGE('',*,*,#10970,.T.);
#10970 = EDGE_CURVE('',#10386,#1195,#10971,.T.);
#10971 = B_SPLINE_CURVE_WITH_KNOTS('',1,(#10972,#10973),.UNSPECIFIED.,
  .F.,.F.,(2,2),(-0.,1.E-02),.PIECEWISE_BEZIER_KNOTS.);
#10972 = CARTESIAN_POINT('',(8.927213350907E-02,0.96,0.312125180774));
#10973 = CARTESIAN_POINT('',(8.927213350907E-02,0.95,0.312125180774));
#10974 = ORIENTED_EDGE('',*,*,#1201,.F.);
#10975 = B_SPLINE_SURFACE_WITH_KNOTS('',3,1,(
    (#10976,#10977)
    ,(#10978,#10979)
    ,(#10980,#10981)
    ,(#10982,#10983
    )),.UNSPECIFIED.,.F.,.F.,.F.,(4,4),(2,2),(24.,25.),(0.,1.),
  .PIECEWISE_BEZIER_KNOTS.);
#10976 = CARTESIAN_POINT('',(5.803880731519E-02,0.96,0.345961277255));
#10977 = CARTESIAN_POINT('',(5.803880731519E-02,0.95,0.345961277255));
#10978 = CARTESIAN_POINT('',(5.803880731519E-02,0.96,0.328175633402));
#10979 = CARTESIAN_POINT('',(5.803880731519E-02,0.95,0.328175633402));
#10980 = CARTESIAN_POINT('',(7.148648138244E-02,0.96,0.313426565918));
#10981 = CARTESIAN_POINT('',(7.148648138244E-02,0.95,0.313426565918));
#10982 = CARTESIAN_POINT('',(8.927213350907E-02,0.96,0.312125180774));
#10983 = CARTESIAN_POINT('',(8.927213350907E-02,0.95,0.312125180774));
#10984 = ADVANCED_FACE('',(#10985),#10995,.F.);
#10985 = FACE_BOUND('',#10986,.T.);
#10986 = EDGE_LOOP('',(#10987,#10988,#10993,#10994));
#10987 = ORIENTED_EDGE('',*,*,#1194,.T.);
#10988 = ORIENTED_EDGE('',*,*,#10989,.F.);
#10989 = EDGE_CURVE('',#10395,#1186,#10990,.T.);
#10990 = B_SPLINE_CURVE_WITH_KNOTS('',1,(#10991,#10992),.UNSPECIFIED.,
  .F.,.F.,(2,2),(-0.,1.E-02),.PIECEWISE_BEZIER_KNOTS.);
#10991 = CARTESIAN_POINT('',(0.108792960312,0.96,0.312125180774));
#10992 = CARTESIAN_POINT('',(0.108792960312,0.95,0.312125180774));
#10993 = ORIENTED_EDGE('',*,*,#10394,.F.);
#10994 = ORIENTED_EDGE('',*,*,#10970,.T.);
#10995 = B_SPLINE_SURFACE_WITH_KNOTS('',1,1,(
    (#10996,#10997)
    ,(#10998,#10999
    )),.UNSPECIFIED.,.F.,.F.,.F.,(2,2),(2,2),(-1.952082680275E-02,
    -2.775557561563E-17),(-1.E-02,0.),.PIECEWISE_BEZIER_KNOTS.);
#10996 = CARTESIAN_POINT('',(0.108792960312,0.95,0.312125180774));
#10997 = CARTESIAN_POINT('',(0.108792960312,0.96,0.312125180774));
#10998 = CARTESIAN_POINT('',(8.927213350907E-02,0.95,0.312125180774));
#10999 = CARTESIAN_POINT('',(8.927213350907E-02,0.96,0.312125180774));
#11000 = ADVANCED_FACE('',(#11001),#11011,.F.);
#11001 = FACE_BOUND('',#11002,.F.);
#11002 = EDGE_LOOP('',(#11003,#11004,#11005,#11010));
#11003 = ORIENTED_EDGE('',*,*,#10989,.F.);
#11004 = ORIENTED_EDGE('',*,*,#10401,.T.);
#11005 = ORIENTED_EDGE('',*,*,#11006,.T.);
#11006 = EDGE_CURVE('',#10402,#1177,#11007,.T.);
#11007 = B_SPLINE_CURVE_WITH_KNOTS('',1,(#11008,#11009),.UNSPECIFIED.,
  .F.,.F.,(2,2),(-0.,1.E-02),.PIECEWISE_BEZIER_KNOTS.);
#11008 = CARTESIAN_POINT('',(0.1113957306,0.96,0.312558970306));
#11009 = CARTESIAN_POINT('',(0.1113957306,0.95,0.312558970306));
#11010 = ORIENTED_EDGE('',*,*,#1185,.F.);
#11011 = B_SPLINE_SURFACE_WITH_KNOTS('',3,1,(
    (#11012,#11013)
    ,(#11014,#11015)
    ,(#11016,#11017)
    ,(#11018,#11019
    )),.UNSPECIFIED.,.F.,.F.,.F.,(4,4),(2,2),(26.,27.),(0.,1.),
  .PIECEWISE_BEZIER_KNOTS.);
#11012 = CARTESIAN_POINT('',(0.108792960312,0.96,0.312125180774));
#11013 = CARTESIAN_POINT('',(0.108792960312,0.95,0.312125180774));
#11014 = CARTESIAN_POINT('',(0.109660555924,0.96,0.312125180774));
#11015 = CARTESIAN_POINT('',(0.109660555924,0.95,0.312125180774));
#11016 = CARTESIAN_POINT('',(0.110528151536,0.96,0.312558970306));
#11017 = CARTESIAN_POINT('',(0.110528151536,0.95,0.312558970306));
#11018 = CARTESIAN_POINT('',(0.1113957306,0.96,0.312558970306));
#11019 = CARTESIAN_POINT('',(0.1113957306,0.95,0.312558970306));
#11020 = ADVANCED_FACE('',(#11021),#11031,.F.);
#11021 = FACE_BOUND('',#11022,.F.);
#11022 = EDGE_LOOP('',(#11023,#11024,#11025,#11030));
#11023 = ORIENTED_EDGE('',*,*,#11006,.F.);
#11024 = ORIENTED_EDGE('',*,*,#10410,.T.);
#11025 = ORIENTED_EDGE('',*,*,#11026,.T.);
#11026 = EDGE_CURVE('',#10411,#1168,#11027,.T.);
#11027 = B_SPLINE_CURVE_WITH_KNOTS('',1,(#11028,#11029),.UNSPECIFIED.,
  .F.,.F.,(2,2),(-0.,1.E-02),.PIECEWISE_BEZIER_KNOTS.);
#11028 = CARTESIAN_POINT('',(0.124843404667,0.96,0.299111296238));
#11029 = CARTESIAN_POINT('',(0.124843404667,0.95,0.299111296238));
#11030 = ORIENTED_EDGE('',*,*,#1176,.F.);
#11031 = B_SPLINE_SURFACE_WITH_KNOTS('',3,1,(
    (#11032,#11033)
    ,(#11034,#11035)
    ,(#11036,#11037)
    ,(#11038,#11039
    )),.UNSPECIFIED.,.F.,.F.,.F.,(4,4),(2,2),(27.,28.),(0.,1.),
  .PIECEWISE_BEZIER_KNOTS.);
#11032 = CARTESIAN_POINT('',(0.1113957306,0.96,0.312558970306));
#11033 = CARTESIAN_POINT('',(0.1113957306,0.95,0.312558970306));
#11034 = CARTESIAN_POINT('',(0.118770268479,0.96,0.312558970306));
#11035 = CARTESIAN_POINT('',(0.118770268479,0.95,0.312558970306));
#11036 = CARTESIAN_POINT('',(0.124843404667,0.96,0.30648581757));
#11037 = CARTESIAN_POINT('',(0.124843404667,0.95,0.30648581757));
#11038 = CARTESIAN_POINT('',(0.124843404667,0.96,0.299111296238));
#11039 = CARTESIAN_POINT('',(0.124843404667,0.95,0.299111296238));
#11040 = ADVANCED_FACE('',(#11041),#11051,.F.);
#11041 = FACE_BOUND('',#11042,.F.);
#11042 = EDGE_LOOP('',(#11043,#11044,#11045,#11050));
#11043 = ORIENTED_EDGE('',*,*,#11026,.F.);
#11044 = ORIENTED_EDGE('',*,*,#10419,.T.);
#11045 = ORIENTED_EDGE('',*,*,#11046,.T.);
#11046 = EDGE_CURVE('',#10420,#1161,#11047,.T.);
#11047 = B_SPLINE_CURVE_WITH_KNOTS('',1,(#11048,#11049),.UNSPECIFIED.,
  .F.,.F.,(2,2),(-0.,1.E-02),.PIECEWISE_BEZIER_KNOTS.);
#11048 = CARTESIAN_POINT('',(0.112263309664,0.96,0.285663622171));
#11049 = CARTESIAN_POINT('',(0.112263309664,0.95,0.285663622171));
#11050 = ORIENTED_EDGE('',*,*,#1167,.F.);
#11051 = B_SPLINE_SURFACE_WITH_KNOTS('',3,1,(
    (#11052,#11053)
    ,(#11054,#11055)
    ,(#11056,#11057)
    ,(#11058,#11059
    )),.UNSPECIFIED.,.F.,.F.,.F.,(4,4),(2,2),(28.,29.),(0.,1.),
  .PIECEWISE_BEZIER_KNOTS.);
#11052 = CARTESIAN_POINT('',(0.124843404667,0.96,0.299111296238));
#11053 = CARTESIAN_POINT('',(0.124843404667,0.95,0.299111296238));
#11054 = CARTESIAN_POINT('',(0.124843404667,0.96,0.292170564439));
#11055 = CARTESIAN_POINT('',(0.124843404667,0.95,0.292170564439));
#11056 = CARTESIAN_POINT('',(0.119204058011,0.96,0.286097411703));
#11057 = CARTESIAN_POINT('',(0.119204058011,0.95,0.286097411703));
#11058 = CARTESIAN_POINT('',(0.112263309664,0.96,0.285663622171));
#11059 = CARTESIAN_POINT('',(0.112263309664,0.95,0.285663622171));
#11060 = ADVANCED_FACE('',(#11061),#11071,.F.);
#11061 = FACE_BOUND('',#11062,.T.);
#11062 = EDGE_LOOP('',(#11063,#11064,#11069,#11070));
#11063 = ORIENTED_EDGE('',*,*,#1160,.T.);
#11064 = ORIENTED_EDGE('',*,*,#11065,.F.);
#11065 = EDGE_CURVE('',#10429,#1152,#11066,.T.);
#11066 = B_SPLINE_CURVE_WITH_KNOTS('',1,(#11067,#11068),.UNSPECIFIED.,
  .F.,.F.,(2,2),(-0.,1.E-02),.PIECEWISE_BEZIER_KNOTS.);
#11067 = CARTESIAN_POINT('',(8.666934667319E-02,0.96,0.285663622171));
#11068 = CARTESIAN_POINT('',(8.666934667319E-02,0.95,0.285663622171));
#11069 = ORIENTED_EDGE('',*,*,#10428,.F.);
#11070 = ORIENTED_EDGE('',*,*,#11046,.T.);
#11071 = B_SPLINE_SURFACE_WITH_KNOTS('',1,1,(
    (#11072,#11073)
    ,(#11074,#11075
    )),.UNSPECIFIED.,.F.,.F.,.F.,(2,2),(2,2),(-1.301385144039E-03,
    2.429257784641E-02),(-1.E-02,0.),.PIECEWISE_BEZIER_KNOTS.);
#11072 = CARTESIAN_POINT('',(8.666934667319E-02,0.95,0.285663622171));
#11073 = CARTESIAN_POINT('',(8.666934667319E-02,0.96,0.285663622171));
#11074 = CARTESIAN_POINT('',(0.112263309664,0.95,0.285663622171));
#11075 = CARTESIAN_POINT('',(0.112263309664,0.96,0.285663622171));
#11076 = ADVANCED_FACE('',(#11077),#11087,.F.);
#11077 = FACE_BOUND('',#11078,.F.);
#11078 = EDGE_LOOP('',(#11079,#11080,#11081,#11086));
#11079 = ORIENTED_EDGE('',*,*,#11065,.F.);
#11080 = ORIENTED_EDGE('',*,*,#10435,.T.);
#11081 = ORIENTED_EDGE('',*,*,#11082,.T.);
#11082 = EDGE_CURVE('',#10436,#1143,#11083,.T.);
#11083 = B_SPLINE_CURVE_WITH_KNOTS('',1,(#11084,#11085),.UNSPECIFIED.,
  .F.,.F.,(2,2),(-0.,1.E-02),.PIECEWISE_BEZIER_KNOTS.);
#11084 = CARTESIAN_POINT('',(4.719390353602E-02,0.96,0.305184448974));
#11085 = CARTESIAN_POINT('',(4.719390353602E-02,0.95,0.305184448974));
#11086 = ORIENTED_EDGE('',*,*,#1151,.F.);
#11087 = B_SPLINE_SURFACE_WITH_KNOTS('',3,1,(
    (#11088,#11089)
    ,(#11090,#11091)
    ,(#11092,#11093)
    ,(#11094,#11095
    )),.UNSPECIFIED.,.F.,.F.,.F.,(4,4),(2,2),(33.,34.),(0.,1.),
  .PIECEWISE_BEZIER_KNOTS.);
#11088 = CARTESIAN_POINT('',(8.666934667319E-02,0.96,0.285663622171));
#11089 = CARTESIAN_POINT('',(8.666934667319E-02,0.95,0.285663622171));
#11090 = CARTESIAN_POINT('',(7.148648138244E-02,0.96,0.286965007315));
#11091 = CARTESIAN_POINT('',(7.148648138244E-02,0.95,0.286965007315));
#11092 = CARTESIAN_POINT('',(5.76050012351E-02,0.96,0.293905755663));
#11093 = CARTESIAN_POINT('',(5.76050012351E-02,0.95,0.293905755663));
#11094 = CARTESIAN_POINT('',(4.719390353602E-02,0.96,0.305184448974));
#11095 = CARTESIAN_POINT('',(4.719390353602E-02,0.95,0.305184448974));
#11096 = ADVANCED_FACE('',(#11097),#11103,.F.);
#11097 = FACE_BOUND('',#11098,.F.);
#11098 = EDGE_LOOP('',(#11099,#11100,#11101,#11102));
#11099 = ORIENTED_EDGE('',*,*,#11082,.F.);
#11100 = ORIENTED_EDGE('',*,*,#10444,.T.);
#11101 = ORIENTED_EDGE('',*,*,#10484,.T.);
#11102 = ORIENTED_EDGE('',*,*,#1142,.F.);
#11103 = B_SPLINE_SURFACE_WITH_KNOTS('',3,1,(
    (#11104,#11105)
    ,(#11106,#11107)
    ,(#11108,#11109)
    ,(#11110,#11111
    )),.UNSPECIFIED.,.F.,.F.,.F.,(4,4),(2,2),(34.,35.),(0.,1.),
  .PIECEWISE_BEZIER_KNOTS.);
#11104 = CARTESIAN_POINT('',(4.719390353602E-02,0.96,0.305184448974));
#11105 = CARTESIAN_POINT('',(4.719390353602E-02,0.95,0.305184448974));
#11106 = CARTESIAN_POINT('',(3.678278928852E-02,0.96,0.316463142285));
#11107 = CARTESIAN_POINT('',(3.678278928852E-02,0.95,0.316463142285));
#11108 = CARTESIAN_POINT('',(3.114344263289E-02,0.96,0.331212218044));
#11109 = CARTESIAN_POINT('',(3.114344263289E-02,0.95,0.331212218044));
#11110 = CARTESIAN_POINT('',(3.114344263289E-02,0.96,0.346395083335));
#11111 = CARTESIAN_POINT('',(3.114344263289E-02,0.95,0.346395083335));
#11112 = ADVANCED_FACE('',(#11113),#11140,.T.);
#11113 = FACE_BOUND('',#11114,.T.);
#11114 = EDGE_LOOP('',(#11115,#11129,#11134,#11135));
#11115 = ORIENTED_EDGE('',*,*,#11116,.F.);
#11116 = EDGE_CURVE('',#11117,#11119,#11121,.T.);
#11117 = VERTEX_POINT('',#11118);
#11118 = CARTESIAN_POINT('',(0.214205413463,0.95,0.283060818787));
#11119 = VERTEX_POINT('',#11120);
#11120 = CARTESIAN_POINT('',(0.214205413463,0.95,0.316896931817));
#11121 = B_SPLINE_CURVE_WITH_KNOTS('',3,(#11122,#11123,#11124,#11125,
    #11126,#11127,#11128),.UNSPECIFIED.,.F.,.F.,(4,3,4),(0.,1.,2.),
  .PIECEWISE_BEZIER_KNOTS.);
#11122 = CARTESIAN_POINT('',(0.214205413463,0.95,0.283060818787));
#11123 = CARTESIAN_POINT('',(0.204661903102,0.95,0.283060818787));
#11124 = CARTESIAN_POINT('',(0.197287365222,0.95,0.290869162747));
#11125 = CARTESIAN_POINT('',(0.197287365222,0.95,0.299978875302));
#11126 = CARTESIAN_POINT('',(0.197287365222,0.95,0.309522393938));
#11127 = CARTESIAN_POINT('',(0.205095692634,0.95,0.316896931817));
#11128 = CARTESIAN_POINT('',(0.214205413463,0.95,0.316896931817));
#11129 = ORIENTED_EDGE('',*,*,#11130,.F.);
#11130 = EDGE_CURVE('',#10454,#11117,#11131,.T.);
#11131 = B_SPLINE_CURVE_WITH_KNOTS('',1,(#11132,#11133),.UNSPECIFIED.,
  .F.,.F.,(2,2),(-0.,1.E-02),.PIECEWISE_BEZIER_KNOTS.);
#11132 = CARTESIAN_POINT('',(0.214205413463,0.96,0.283060818787));
#11133 = CARTESIAN_POINT('',(0.214205413463,0.95,0.283060818787));
#11134 = ORIENTED_EDGE('',*,*,#10453,.T.);
#11135 = ORIENTED_EDGE('',*,*,#11136,.T.);
#11136 = EDGE_CURVE('',#10456,#11119,#11137,.T.);
#11137 = B_SPLINE_CURVE_WITH_KNOTS('',1,(#11138,#11139),.UNSPECIFIED.,
  .F.,.F.,(2,2),(-0.,1.E-02),.PIECEWISE_BEZIER_KNOTS.);
#11138 = CARTESIAN_POINT('',(0.214205413463,0.96,0.316896931817));
#11139 = CARTESIAN_POINT('',(0.214205413463,0.95,0.316896931817));
#11140 = B_SPLINE_SURFACE_WITH_KNOTS('',3,1,(
    (#11141,#11142)
    ,(#11143,#11144)
    ,(#11145,#11146)
    ,(#11147,#11148)
    ,(#11149,#11150)
    ,(#11151,#11152)
    ,(#11153,#11154
  )),.UNSPECIFIED.,.F.,.F.,.F.,(4,3,4),(2,2),(0.,1.,2.),(0.,1.),
  .PIECEWISE_BEZIER_KNOTS.);
#11141 = CARTESIAN_POINT('',(0.214205413463,0.96,0.283060818787));
#11142 = CARTESIAN_POINT('',(0.214205413463,0.95,0.283060818787));
#11143 = CARTESIAN_POINT('',(0.204661903102,0.96,0.283060818787));
#11144 = CARTESIAN_POINT('',(0.204661903102,0.95,0.283060818787));
#11145 = CARTESIAN_POINT('',(0.197287365222,0.96,0.290869162747));
#11146 = CARTESIAN_POINT('',(0.197287365222,0.95,0.290869162747));
#11147 = CARTESIAN_POINT('',(0.197287365222,0.96,0.299978875302));
#11148 = CARTESIAN_POINT('',(0.197287365222,0.95,0.299978875302));
#11149 = CARTESIAN_POINT('',(0.197287365222,0.96,0.309522393938));
#11150 = CARTESIAN_POINT('',(0.197287365222,0.95,0.309522393938));
#11151 = CARTESIAN_POINT('',(0.205095692634,0.96,0.316896931817));
#11152 = CARTESIAN_POINT('',(0.205095692634,0.95,0.316896931817));
#11153 = CARTESIAN_POINT('',(0.214205413463,0.96,0.316896931817));
#11154 = CARTESIAN_POINT('',(0.214205413463,0.95,0.316896931817));
#11155 = ADVANCED_FACE('',(#11156),#11170,.T.);
#11156 = FACE_BOUND('',#11157,.T.);
#11157 = EDGE_LOOP('',(#11158,#11167,#11168,#11169));
#11158 = ORIENTED_EDGE('',*,*,#11159,.F.);
#11159 = EDGE_CURVE('',#11119,#11117,#11160,.T.);
#11160 = B_SPLINE_CURVE_WITH_KNOTS('',3,(#11161,#11162,#11163,#11164,
    #11165,#11166),.UNSPECIFIED.,.F.,.F.,(4,2,4),(2.,3.,4.),
  .UNSPECIFIED.);
#11161 = CARTESIAN_POINT('',(0.214205413463,0.95,0.316896931817));
#11162 = CARTESIAN_POINT('',(0.223315134292,0.95,0.316896931817));
#11163 = CARTESIAN_POINT('',(0.231123461704,0.95,0.309522393938));
#11164 = CARTESIAN_POINT('',(0.231123461704,0.95,0.290435356667));
#11165 = CARTESIAN_POINT('',(0.223315134292,0.95,0.283060818787));
#11166 = CARTESIAN_POINT('',(0.214205413463,0.95,0.283060818787));
#11167 = ORIENTED_EDGE('',*,*,#11136,.F.);
#11168 = ORIENTED_EDGE('',*,*,#10467,.T.);
#11169 = ORIENTED_EDGE('',*,*,#11130,.T.);
#11170 = B_SPLINE_SURFACE_WITH_KNOTS('',3,1,(
    (#11171,#11172)
    ,(#11173,#11174)
    ,(#11175,#11176)
    ,(#11177,#11178)
    ,(#11179,#11180)
    ,(#11181,#11182
  )),.UNSPECIFIED.,.F.,.F.,.F.,(4,2,4),(2,2),(2.,3.,4.),(0.,1.),
  .UNSPECIFIED.);
#11171 = CARTESIAN_POINT('',(0.214205413463,0.96,0.316896931817));
#11172 = CARTESIAN_POINT('',(0.214205413463,0.95,0.316896931817));
#11173 = CARTESIAN_POINT('',(0.223315134292,0.96,0.316896931817));
#11174 = CARTESIAN_POINT('',(0.223315134292,0.95,0.316896931817));
#11175 = CARTESIAN_POINT('',(0.231123461704,0.96,0.309522393938));
#11176 = CARTESIAN_POINT('',(0.231123461704,0.95,0.309522393938));
#11177 = CARTESIAN_POINT('',(0.231123461704,0.96,0.290435356667));
#11178 = CARTESIAN_POINT('',(0.231123461704,0.95,0.290435356667));
#11179 = CARTESIAN_POINT('',(0.223315134292,0.96,0.283060818787));
#11180 = CARTESIAN_POINT('',(0.223315134292,0.95,0.283060818787));
#11181 = CARTESIAN_POINT('',(0.214205413463,0.96,0.283060818787));
#11182 = CARTESIAN_POINT('',(0.214205413463,0.95,0.283060818787));
#11183 = ADVANCED_FACE('',(#11184),#11188,.F.);
#11184 = FACE_BOUND('',#11185,.T.);
#11185 = EDGE_LOOP('',(#11186,#11187));
#11186 = ORIENTED_EDGE('',*,*,#11159,.T.);
#11187 = ORIENTED_EDGE('',*,*,#11116,.T.);
#11188 = B_SPLINE_SURFACE_WITH_KNOTS('',1,1,(
    (#11189,#11190)
    ,(#11191,#11192
    )),.UNSPECIFIED.,.F.,.F.,.F.,(2,2),(2,2),(-9.766896831817,
    -9.733060718787),(0.847287365222,0.881123461704),
  .PIECEWISE_BEZIER_KNOTS.);
#11189 = CARTESIAN_POINT('',(0.197287365222,0.95,0.316896931817));
#11190 = CARTESIAN_POINT('',(0.231123461704,0.95,0.316896931817));
#11191 = CARTESIAN_POINT('',(0.197287365222,0.95,0.283060818787));
#11192 = CARTESIAN_POINT('',(0.231123461704,0.95,0.283060818787));
#11193 = ( GEOMETRIC_REPRESENTATION_CONTEXT(3) 
GLOBAL_UNCERTAINTY_ASSIGNED_CONTEXT((#11197)) 
GLOBAL_UNIT_ASSIGNED_CONTEXT((#11194,#11195,#11196)) 
REPRESENTATION_CONTEXT('Context #1',
  '3D Context with UNIT and UNCERTAINTY') );
#11194 = ( LENGTH_UNIT() NAMED_UNIT(*) SI_UNIT(.MILLI.,.METRE.) );
#11195 = ( NAMED_UNIT(*) PLANE_ANGLE_UNIT() SI_UNIT($,.RADIAN.) );
#11196 = ( NAMED_UNIT(*) SI_UNIT($,.STERADIAN.) SOLID_ANGLE_UNIT() );
#11197 = UNCERTAINTY_MEASURE_WITH_UNIT(LENGTH_MEASURE(1.E-07),#11194,
  'distance_accuracy_value','confusion accuracy');
#11198 = PRODUCT_RELATED_PRODUCT_CATEGORY('part',$,(#7));
#11199 = MECHANICAL_DESIGN_GEOMETRIC_PRESENTATION_REPRESENTATION('',(
    #11200,#11210,#11218,#11225,#11232,#11239,#11246,#11253,#11261,
    #11268,#11275,#11282,#11289,#11296,#11303,#11310,#11317,#11324,
    #11331,#11338,#11345,#11352,#11359,#11366,#11373,#11380,#11387,
    #11394,#11401,#11408,#11415,#11422,#11429,#11436,#11443,#11450,
    #11457,#11464,#11471,#11478,#11485,#11492,#11499,#11506,#11513,
    #11520,#11527,#11534,#11541,#11548,#11555,#11562,#11569,#11576,
    #11583,#11590,#11597,#11604,#11611,#11618,#11625,#11632,#11639,
    #11646,#11653,#11660,#11667,#11674,#11681,#11688,#11695,#11702,
    #11709,#11716,#11723,#11730,#11737,#11744,#11751,#11758,#11765,
    #11772,#11779,#11786,#11793,#11800,#11807,#11814,#11821,#11828,
    #11835,#11842,#11849,#11856,#11863,#11870,#11877,#11884,#11891,
    #11898,#11905,#11912,#11919,#11926,#11933,#11940,#11947,#11954,
    #11961,#11968,#11975,#11982,#11989,#11996,#12003,#12010,#12017,
    #12024,#12031,#12038,#12045,#12052,#12059,#12066,#12073,#12080,
    #12087,#12094,#12101,#12108,#12115,#12122,#12129,#12136,#12143,
    #12150,#12157,#12164,#12171,#12178,#12185,#12192,#12199,#12206,
    #12213,#12220,#12227,#12234,#12241,#12248,#12255,#12262,#12269,
    #12276,#12283,#12290,#12297,#12304,#12311,#12318,#12325,#12332,
    #12339,#12346,#12353,#12360,#12367,#12374,#12381,#12388,#12395,
    #12402,#12409,#12416,#12423,#12430,#12437,#12444,#12451,#12458,
    #12465,#12472,#12479,#12486,#12493,#12500,#12507,#12514,#12521,
    #12528,#12535,#12542,#12549,#12556,#12563,#12570,#12577,#12584,
    #12591,#12598,#12605,#12612,#12619,#12626,#12633,#12640,#12647,
    #12654,#12661,#12668,#12675,#12682,#12689,#12696,#12703,#12710,
    #12717,#12724,#12731,#12738,#12745,#12752,#12759,#12766,#12773),
  #11193);
#11200 = STYLED_ITEM('color',(#11201),#15);
#11201 = PRESENTATION_STYLE_ASSIGNMENT((#11202,#11208));
#11202 = SURFACE_STYLE_USAGE(.BOTH.,#11203);
#11203 = SURFACE_SIDE_STYLE('',(#11204));
#11204 = SURFACE_STYLE_FILL_AREA(#11205);
#11205 = FILL_AREA_STYLE('',(#11206));
#11206 = FILL_AREA_STYLE_COLOUR('',#11207);
#11207 = COLOUR_RGB('',0.752941164258,0.752941164258,0.752941164258);
#11208 = CURVE_STYLE('',#11209,POSITIVE_LENGTH_MEASURE(0.1),#11207);
#11209 = DRAUGHTING_PRE_DEFINED_CURVE_FONT('continuous');
#11210 = OVER_RIDING_STYLED_ITEM('overriding color',(#11211),#17,#11200
  );
#11211 = PRESENTATION_STYLE_ASSIGNMENT((#11212));
#11212 = SURFACE_STYLE_USAGE(.BOTH.,#11213);
#11213 = SURFACE_SIDE_STYLE('',(#11214));
#11214 = SURFACE_STYLE_FILL_AREA(#11215);
#11215 = FILL_AREA_STYLE('',(#11216));
#11216 = FILL_AREA_STYLE_COLOUR('',#11217);
#11217 = COLOUR_RGB('',0.113725487964,0.113725487964,0.113725487964);
#11218 = OVER_RIDING_STYLED_ITEM('overriding color',(#11219),#1422,
  #11200);
#11219 = PRESENTATION_STYLE_ASSIGNMENT((#11220));
#11220 = SURFACE_STYLE_USAGE(.BOTH.,#11221);
#11221 = SURFACE_SIDE_STYLE('',(#11222));
#11222 = SURFACE_STYLE_FILL_AREA(#11223);
#11223 = FILL_AREA_STYLE('',(#11224));
#11224 = FILL_AREA_STYLE_COLOUR('',#11217);
#11225 = OVER_RIDING_STYLED_ITEM('overriding color',(#11226),#1989,
  #11200);
#11226 = PRESENTATION_STYLE_ASSIGNMENT((#11227));
#11227 = SURFACE_STYLE_USAGE(.BOTH.,#11228);
#11228 = SURFACE_SIDE_STYLE('',(#11229));
#11229 = SURFACE_STYLE_FILL_AREA(#11230);
#11230 = FILL_AREA_STYLE('',(#11231));
#11231 = FILL_AREA_STYLE_COLOUR('',#11217);
#11232 = OVER_RIDING_STYLED_ITEM('overriding color',(#11233),#2341,
  #11200);
#11233 = PRESENTATION_STYLE_ASSIGNMENT((#11234));
#11234 = SURFACE_STYLE_USAGE(.BOTH.,#11235);
#11235 = SURFACE_SIDE_STYLE('',(#11236));
#11236 = SURFACE_STYLE_FILL_AREA(#11237);
#11237 = FILL_AREA_STYLE('',(#11238));
#11238 = FILL_AREA_STYLE_COLOUR('',#11217);
#11239 = OVER_RIDING_STYLED_ITEM('overriding color',(#11240),#5384,
  #11200);
#11240 = PRESENTATION_STYLE_ASSIGNMENT((#11241));
#11241 = SURFACE_STYLE_USAGE(.BOTH.,#11242);
#11242 = SURFACE_SIDE_STYLE('',(#11243));
#11243 = SURFACE_STYLE_FILL_AREA(#11244);
#11244 = FILL_AREA_STYLE('',(#11245));
#11245 = FILL_AREA_STYLE_COLOUR('',#11217);
#11246 = OVER_RIDING_STYLED_ITEM('overriding color',(#11247),#5395,
  #11200);
#11247 = PRESENTATION_STYLE_ASSIGNMENT((#11248));
#11248 = SURFACE_STYLE_USAGE(.BOTH.,#11249);
#11249 = SURFACE_SIDE_STYLE('',(#11250));
#11250 = SURFACE_STYLE_FILL_AREA(#11251);
#11251 = FILL_AREA_STYLE('',(#11252));
#11252 = FILL_AREA_STYLE_COLOUR('',#11217);
#11253 = OVER_RIDING_STYLED_ITEM('overriding color',(#11254),#5410,
  #11200);
#11254 = PRESENTATION_STYLE_ASSIGNMENT((#11255));
#11255 = SURFACE_STYLE_USAGE(.BOTH.,#11256);
#11256 = SURFACE_SIDE_STYLE('',(#11257));
#11257 = SURFACE_STYLE_FILL_AREA(#11258);
#11258 = FILL_AREA_STYLE('',(#11259));
#11259 = FILL_AREA_STYLE_COLOUR('',#11260);
#11260 = DRAUGHTING_PRE_DEFINED_COLOUR('white');
#11261 = OVER_RIDING_STYLED_ITEM('overriding color',(#11262),#5438,
  #11200);
#11262 = PRESENTATION_STYLE_ASSIGNMENT((#11263));
#11263 = SURFACE_STYLE_USAGE(.BOTH.,#11264);
#11264 = SURFACE_SIDE_STYLE('',(#11265));
#11265 = SURFACE_STYLE_FILL_AREA(#11266);
#11266 = FILL_AREA_STYLE('',(#11267));
#11267 = FILL_AREA_STYLE_COLOUR('',#11260);
#11268 = OVER_RIDING_STYLED_ITEM('overriding color',(#11269),#5460,
  #11200);
#11269 = PRESENTATION_STYLE_ASSIGNMENT((#11270));
#11270 = SURFACE_STYLE_USAGE(.BOTH.,#11271);
#11271 = SURFACE_SIDE_STYLE('',(#11272));
#11272 = SURFACE_STYLE_FILL_AREA(#11273);
#11273 = FILL_AREA_STYLE('',(#11274));
#11274 = FILL_AREA_STYLE_COLOUR('',#11260);
#11275 = OVER_RIDING_STYLED_ITEM('overriding color',(#11276),#5482,
  #11200);
#11276 = PRESENTATION_STYLE_ASSIGNMENT((#11277));
#11277 = SURFACE_STYLE_USAGE(.BOTH.,#11278);
#11278 = SURFACE_SIDE_STYLE('',(#11279));
#11279 = SURFACE_STYLE_FILL_AREA(#11280);
#11280 = FILL_AREA_STYLE('',(#11281));
#11281 = FILL_AREA_STYLE_COLOUR('',#11260);
#11282 = OVER_RIDING_STYLED_ITEM('overriding color',(#11283),#5504,
  #11200);
#11283 = PRESENTATION_STYLE_ASSIGNMENT((#11284));
#11284 = SURFACE_STYLE_USAGE(.BOTH.,#11285);
#11285 = SURFACE_SIDE_STYLE('',(#11286));
#11286 = SURFACE_STYLE_FILL_AREA(#11287);
#11287 = FILL_AREA_STYLE('',(#11288));
#11288 = FILL_AREA_STYLE_COLOUR('',#11260);
#11289 = OVER_RIDING_STYLED_ITEM('overriding color',(#11290),#5526,
  #11200);
#11290 = PRESENTATION_STYLE_ASSIGNMENT((#11291));
#11291 = SURFACE_STYLE_USAGE(.BOTH.,#11292);
#11292 = SURFACE_SIDE_STYLE('',(#11293));
#11293 = SURFACE_STYLE_FILL_AREA(#11294);
#11294 = FILL_AREA_STYLE('',(#11295));
#11295 = FILL_AREA_STYLE_COLOUR('',#11260);
#11296 = OVER_RIDING_STYLED_ITEM('overriding color',(#11297),#5542,
  #11200);
#11297 = PRESENTATION_STYLE_ASSIGNMENT((#11298));
#11298 = SURFACE_STYLE_USAGE(.BOTH.,#11299);
#11299 = SURFACE_SIDE_STYLE('',(#11300));
#11300 = SURFACE_STYLE_FILL_AREA(#11301);
#11301 = FILL_AREA_STYLE('',(#11302));
#11302 = FILL_AREA_STYLE_COLOUR('',#11260);
#11303 = OVER_RIDING_STYLED_ITEM('overriding color',(#11304),#5556,
  #11200);
#11304 = PRESENTATION_STYLE_ASSIGNMENT((#11305));
#11305 = SURFACE_STYLE_USAGE(.BOTH.,#11306);
#11306 = SURFACE_SIDE_STYLE('',(#11307));
#11307 = SURFACE_STYLE_FILL_AREA(#11308);
#11308 = FILL_AREA_STYLE('',(#11309));
#11309 = FILL_AREA_STYLE_COLOUR('',#11260);
#11310 = OVER_RIDING_STYLED_ITEM('overriding color',(#11311),#5590,
  #11200);
#11311 = PRESENTATION_STYLE_ASSIGNMENT((#11312));
#11312 = SURFACE_STYLE_USAGE(.BOTH.,#11313);
#11313 = SURFACE_SIDE_STYLE('',(#11314));
#11314 = SURFACE_STYLE_FILL_AREA(#11315);
#11315 = FILL_AREA_STYLE('',(#11316));
#11316 = FILL_AREA_STYLE_COLOUR('',#11260);
#11317 = OVER_RIDING_STYLED_ITEM('overriding color',(#11318),#5612,
  #11200);
#11318 = PRESENTATION_STYLE_ASSIGNMENT((#11319));
#11319 = SURFACE_STYLE_USAGE(.BOTH.,#11320);
#11320 = SURFACE_SIDE_STYLE('',(#11321));
#11321 = SURFACE_STYLE_FILL_AREA(#11322);
#11322 = FILL_AREA_STYLE('',(#11323));
#11323 = FILL_AREA_STYLE_COLOUR('',#11260);
#11324 = OVER_RIDING_STYLED_ITEM('overriding color',(#11325),#5640,
  #11200);
#11325 = PRESENTATION_STYLE_ASSIGNMENT((#11326));
#11326 = SURFACE_STYLE_USAGE(.BOTH.,#11327);
#11327 = SURFACE_SIDE_STYLE('',(#11328));
#11328 = SURFACE_STYLE_FILL_AREA(#11329);
#11329 = FILL_AREA_STYLE('',(#11330));
#11330 = FILL_AREA_STYLE_COLOUR('',#11260);
#11331 = OVER_RIDING_STYLED_ITEM('overriding color',(#11332),#5668,
  #11200);
#11332 = PRESENTATION_STYLE_ASSIGNMENT((#11333));
#11333 = SURFACE_STYLE_USAGE(.BOTH.,#11334);
#11334 = SURFACE_SIDE_STYLE('',(#11335));
#11335 = SURFACE_STYLE_FILL_AREA(#11336);
#11336 = FILL_AREA_STYLE('',(#11337));
#11337 = FILL_AREA_STYLE_COLOUR('',#11260);
#11338 = OVER_RIDING_STYLED_ITEM('overriding color',(#11339),#5696,
  #11200);
#11339 = PRESENTATION_STYLE_ASSIGNMENT((#11340));
#11340 = SURFACE_STYLE_USAGE(.BOTH.,#11341);
#11341 = SURFACE_SIDE_STYLE('',(#11342));
#11342 = SURFACE_STYLE_FILL_AREA(#11343);
#11343 = FILL_AREA_STYLE('',(#11344));
#11344 = FILL_AREA_STYLE_COLOUR('',#11260);
#11345 = OVER_RIDING_STYLED_ITEM('overriding color',(#11346),#5724,
  #11200);
#11346 = PRESENTATION_STYLE_ASSIGNMENT((#11347));
#11347 = SURFACE_STYLE_USAGE(.BOTH.,#11348);
#11348 = SURFACE_SIDE_STYLE('',(#11349));
#11349 = SURFACE_STYLE_FILL_AREA(#11350);
#11350 = FILL_AREA_STYLE('',(#11351));
#11351 = FILL_AREA_STYLE_COLOUR('',#11260);
#11352 = OVER_RIDING_STYLED_ITEM('overriding color',(#11353),#5752,
  #11200);
#11353 = PRESENTATION_STYLE_ASSIGNMENT((#11354));
#11354 = SURFACE_STYLE_USAGE(.BOTH.,#11355);
#11355 = SURFACE_SIDE_STYLE('',(#11356));
#11356 = SURFACE_STYLE_FILL_AREA(#11357);
#11357 = FILL_AREA_STYLE('',(#11358));
#11358 = FILL_AREA_STYLE_COLOUR('',#11260);
#11359 = OVER_RIDING_STYLED_ITEM('overriding color',(#11360),#5780,
  #11200);
#11360 = PRESENTATION_STYLE_ASSIGNMENT((#11361));
#11361 = SURFACE_STYLE_USAGE(.BOTH.,#11362);
#11362 = SURFACE_SIDE_STYLE('',(#11363));
#11363 = SURFACE_STYLE_FILL_AREA(#11364);
#11364 = FILL_AREA_STYLE('',(#11365));
#11365 = FILL_AREA_STYLE_COLOUR('',#11260);
#11366 = OVER_RIDING_STYLED_ITEM('overriding color',(#11367),#5802,
  #11200);
#11367 = PRESENTATION_STYLE_ASSIGNMENT((#11368));
#11368 = SURFACE_STYLE_USAGE(.BOTH.,#11369);
#11369 = SURFACE_SIDE_STYLE('',(#11370));
#11370 = SURFACE_STYLE_FILL_AREA(#11371);
#11371 = FILL_AREA_STYLE('',(#11372));
#11372 = FILL_AREA_STYLE_COLOUR('',#11260);
#11373 = OVER_RIDING_STYLED_ITEM('overriding color',(#11374),#5830,
  #11200);
#11374 = PRESENTATION_STYLE_ASSIGNMENT((#11375));
#11375 = SURFACE_STYLE_USAGE(.BOTH.,#11376);
#11376 = SURFACE_SIDE_STYLE('',(#11377));
#11377 = SURFACE_STYLE_FILL_AREA(#11378);
#11378 = FILL_AREA_STYLE('',(#11379));
#11379 = FILL_AREA_STYLE_COLOUR('',#11260);
#11380 = OVER_RIDING_STYLED_ITEM('overriding color',(#11381),#5858,
  #11200);
#11381 = PRESENTATION_STYLE_ASSIGNMENT((#11382));
#11382 = SURFACE_STYLE_USAGE(.BOTH.,#11383);
#11383 = SURFACE_SIDE_STYLE('',(#11384));
#11384 = SURFACE_STYLE_FILL_AREA(#11385);
#11385 = FILL_AREA_STYLE('',(#11386));
#11386 = FILL_AREA_STYLE_COLOUR('',#11260);
#11387 = OVER_RIDING_STYLED_ITEM('overriding color',(#11388),#5886,
  #11200);
#11388 = PRESENTATION_STYLE_ASSIGNMENT((#11389));
#11389 = SURFACE_STYLE_USAGE(.BOTH.,#11390);
#11390 = SURFACE_SIDE_STYLE('',(#11391));
#11391 = SURFACE_STYLE_FILL_AREA(#11392);
#11392 = FILL_AREA_STYLE('',(#11393));
#11393 = FILL_AREA_STYLE_COLOUR('',#11260);
#11394 = OVER_RIDING_STYLED_ITEM('overriding color',(#11395),#5914,
  #11200);
#11395 = PRESENTATION_STYLE_ASSIGNMENT((#11396));
#11396 = SURFACE_STYLE_USAGE(.BOTH.,#11397);
#11397 = SURFACE_SIDE_STYLE('',(#11398));
#11398 = SURFACE_STYLE_FILL_AREA(#11399);
#11399 = FILL_AREA_STYLE('',(#11400));
#11400 = FILL_AREA_STYLE_COLOUR('',#11260);
#11401 = OVER_RIDING_STYLED_ITEM('overriding color',(#11402),#5936,
  #11200);
#11402 = PRESENTATION_STYLE_ASSIGNMENT((#11403));
#11403 = SURFACE_STYLE_USAGE(.BOTH.,#11404);
#11404 = SURFACE_SIDE_STYLE('',(#11405));
#11405 = SURFACE_STYLE_FILL_AREA(#11406);
#11406 = FILL_AREA_STYLE('',(#11407));
#11407 = FILL_AREA_STYLE_COLOUR('',#11260);
#11408 = OVER_RIDING_STYLED_ITEM('overriding color',(#11409),#5958,
  #11200);
#11409 = PRESENTATION_STYLE_ASSIGNMENT((#11410));
#11410 = SURFACE_STYLE_USAGE(.BOTH.,#11411);
#11411 = SURFACE_SIDE_STYLE('',(#11412));
#11412 = SURFACE_STYLE_FILL_AREA(#11413);
#11413 = FILL_AREA_STYLE('',(#11414));
#11414 = FILL_AREA_STYLE_COLOUR('',#11260);
#11415 = OVER_RIDING_STYLED_ITEM('overriding color',(#11416),#5986,
  #11200);
#11416 = PRESENTATION_STYLE_ASSIGNMENT((#11417));
#11417 = SURFACE_STYLE_USAGE(.BOTH.,#11418);
#11418 = SURFACE_SIDE_STYLE('',(#11419));
#11419 = SURFACE_STYLE_FILL_AREA(#11420);
#11420 = FILL_AREA_STYLE('',(#11421));
#11421 = FILL_AREA_STYLE_COLOUR('',#11260);
#11422 = OVER_RIDING_STYLED_ITEM('overriding color',(#11423),#6008,
  #11200);
#11423 = PRESENTATION_STYLE_ASSIGNMENT((#11424));
#11424 = SURFACE_STYLE_USAGE(.BOTH.,#11425);
#11425 = SURFACE_SIDE_STYLE('',(#11426));
#11426 = SURFACE_STYLE_FILL_AREA(#11427);
#11427 = FILL_AREA_STYLE('',(#11428));
#11428 = FILL_AREA_STYLE_COLOUR('',#11260);
#11429 = OVER_RIDING_STYLED_ITEM('overriding color',(#11430),#6030,
  #11200);
#11430 = PRESENTATION_STYLE_ASSIGNMENT((#11431));
#11431 = SURFACE_STYLE_USAGE(.BOTH.,#11432);
#11432 = SURFACE_SIDE_STYLE('',(#11433));
#11433 = SURFACE_STYLE_FILL_AREA(#11434);
#11434 = FILL_AREA_STYLE('',(#11435));
#11435 = FILL_AREA_STYLE_COLOUR('',#11260);
#11436 = OVER_RIDING_STYLED_ITEM('overriding color',(#11437),#6052,
  #11200);
#11437 = PRESENTATION_STYLE_ASSIGNMENT((#11438));
#11438 = SURFACE_STYLE_USAGE(.BOTH.,#11439);
#11439 = SURFACE_SIDE_STYLE('',(#11440));
#11440 = SURFACE_STYLE_FILL_AREA(#11441);
#11441 = FILL_AREA_STYLE('',(#11442));
#11442 = FILL_AREA_STYLE_COLOUR('',#11260);
#11443 = OVER_RIDING_STYLED_ITEM('overriding color',(#11444),#6074,
  #11200);
#11444 = PRESENTATION_STYLE_ASSIGNMENT((#11445));
#11445 = SURFACE_STYLE_USAGE(.BOTH.,#11446);
#11446 = SURFACE_SIDE_STYLE('',(#11447));
#11447 = SURFACE_STYLE_FILL_AREA(#11448);
#11448 = FILL_AREA_STYLE('',(#11449));
#11449 = FILL_AREA_STYLE_COLOUR('',#11260);
#11450 = OVER_RIDING_STYLED_ITEM('overriding color',(#11451),#6096,
  #11200);
#11451 = PRESENTATION_STYLE_ASSIGNMENT((#11452));
#11452 = SURFACE_STYLE_USAGE(.BOTH.,#11453);
#11453 = SURFACE_SIDE_STYLE('',(#11454));
#11454 = SURFACE_STYLE_FILL_AREA(#11455);
#11455 = FILL_AREA_STYLE('',(#11456));
#11456 = FILL_AREA_STYLE_COLOUR('',#11260);
#11457 = OVER_RIDING_STYLED_ITEM('overriding color',(#11458),#6118,
  #11200);
#11458 = PRESENTATION_STYLE_ASSIGNMENT((#11459));
#11459 = SURFACE_STYLE_USAGE(.BOTH.,#11460);
#11460 = SURFACE_SIDE_STYLE('',(#11461));
#11461 = SURFACE_STYLE_FILL_AREA(#11462);
#11462 = FILL_AREA_STYLE('',(#11463));
#11463 = FILL_AREA_STYLE_COLOUR('',#11260);
#11464 = OVER_RIDING_STYLED_ITEM('overriding color',(#11465),#6140,
  #11200);
#11465 = PRESENTATION_STYLE_ASSIGNMENT((#11466));
#11466 = SURFACE_STYLE_USAGE(.BOTH.,#11467);
#11467 = SURFACE_SIDE_STYLE('',(#11468));
#11468 = SURFACE_STYLE_FILL_AREA(#11469);
#11469 = FILL_AREA_STYLE('',(#11470));
#11470 = FILL_AREA_STYLE_COLOUR('',#11260);
#11471 = OVER_RIDING_STYLED_ITEM('overriding color',(#11472),#6162,
  #11200);
#11472 = PRESENTATION_STYLE_ASSIGNMENT((#11473));
#11473 = SURFACE_STYLE_USAGE(.BOTH.,#11474);
#11474 = SURFACE_SIDE_STYLE('',(#11475));
#11475 = SURFACE_STYLE_FILL_AREA(#11476);
#11476 = FILL_AREA_STYLE('',(#11477));
#11477 = FILL_AREA_STYLE_COLOUR('',#11260);
#11478 = OVER_RIDING_STYLED_ITEM('overriding color',(#11479),#6184,
  #11200);
#11479 = PRESENTATION_STYLE_ASSIGNMENT((#11480));
#11480 = SURFACE_STYLE_USAGE(.BOTH.,#11481);
#11481 = SURFACE_SIDE_STYLE('',(#11482));
#11482 = SURFACE_STYLE_FILL_AREA(#11483);
#11483 = FILL_AREA_STYLE('',(#11484));
#11484 = FILL_AREA_STYLE_COLOUR('',#11260);
#11485 = OVER_RIDING_STYLED_ITEM('overriding color',(#11486),#6206,
  #11200);
#11486 = PRESENTATION_STYLE_ASSIGNMENT((#11487));
#11487 = SURFACE_STYLE_USAGE(.BOTH.,#11488);
#11488 = SURFACE_SIDE_STYLE('',(#11489));
#11489 = SURFACE_STYLE_FILL_AREA(#11490);
#11490 = FILL_AREA_STYLE('',(#11491));
#11491 = FILL_AREA_STYLE_COLOUR('',#11260);
#11492 = OVER_RIDING_STYLED_ITEM('overriding color',(#11493),#6222,
  #11200);
#11493 = PRESENTATION_STYLE_ASSIGNMENT((#11494));
#11494 = SURFACE_STYLE_USAGE(.BOTH.,#11495);
#11495 = SURFACE_SIDE_STYLE('',(#11496));
#11496 = SURFACE_STYLE_FILL_AREA(#11497);
#11497 = FILL_AREA_STYLE('',(#11498));
#11498 = FILL_AREA_STYLE_COLOUR('',#11260);
#11499 = OVER_RIDING_STYLED_ITEM('overriding color',(#11500),#6242,
  #11200);
#11500 = PRESENTATION_STYLE_ASSIGNMENT((#11501));
#11501 = SURFACE_STYLE_USAGE(.BOTH.,#11502);
#11502 = SURFACE_SIDE_STYLE('',(#11503));
#11503 = SURFACE_STYLE_FILL_AREA(#11504);
#11504 = FILL_AREA_STYLE('',(#11505));
#11505 = FILL_AREA_STYLE_COLOUR('',#11260);
#11506 = OVER_RIDING_STYLED_ITEM('overriding color',(#11507),#6366,
  #11200);
#11507 = PRESENTATION_STYLE_ASSIGNMENT((#11508));
#11508 = SURFACE_STYLE_USAGE(.BOTH.,#11509);
#11509 = SURFACE_SIDE_STYLE('',(#11510));
#11510 = SURFACE_STYLE_FILL_AREA(#11511);
#11511 = FILL_AREA_STYLE('',(#11512));
#11512 = FILL_AREA_STYLE_COLOUR('',#11260);
#11513 = OVER_RIDING_STYLED_ITEM('overriding color',(#11514),#6386,
  #11200);
#11514 = PRESENTATION_STYLE_ASSIGNMENT((#11515));
#11515 = SURFACE_STYLE_USAGE(.BOTH.,#11516);
#11516 = SURFACE_SIDE_STYLE('',(#11517));
#11517 = SURFACE_STYLE_FILL_AREA(#11518);
#11518 = FILL_AREA_STYLE('',(#11519));
#11519 = FILL_AREA_STYLE_COLOUR('',#11260);
#11520 = OVER_RIDING_STYLED_ITEM('overriding color',(#11521),#6406,
  #11200);
#11521 = PRESENTATION_STYLE_ASSIGNMENT((#11522));
#11522 = SURFACE_STYLE_USAGE(.BOTH.,#11523);
#11523 = SURFACE_SIDE_STYLE('',(#11524));
#11524 = SURFACE_STYLE_FILL_AREA(#11525);
#11525 = FILL_AREA_STYLE('',(#11526));
#11526 = FILL_AREA_STYLE_COLOUR('',#11260);
#11527 = OVER_RIDING_STYLED_ITEM('overriding color',(#11528),#6426,
  #11200);
#11528 = PRESENTATION_STYLE_ASSIGNMENT((#11529));
#11529 = SURFACE_STYLE_USAGE(.BOTH.,#11530);
#11530 = SURFACE_SIDE_STYLE('',(#11531));
#11531 = SURFACE_STYLE_FILL_AREA(#11532);
#11532 = FILL_AREA_STYLE('',(#11533));
#11533 = FILL_AREA_STYLE_COLOUR('',#11260);
#11534 = OVER_RIDING_STYLED_ITEM('overriding color',(#11535),#6446,
  #11200);
#11535 = PRESENTATION_STYLE_ASSIGNMENT((#11536));
#11536 = SURFACE_STYLE_USAGE(.BOTH.,#11537);
#11537 = SURFACE_SIDE_STYLE('',(#11538));
#11538 = SURFACE_STYLE_FILL_AREA(#11539);
#11539 = FILL_AREA_STYLE('',(#11540));
#11540 = FILL_AREA_STYLE_COLOUR('',#11260);
#11541 = OVER_RIDING_STYLED_ITEM('overriding color',(#11542),#6466,
  #11200);
#11542 = PRESENTATION_STYLE_ASSIGNMENT((#11543));
#11543 = SURFACE_STYLE_USAGE(.BOTH.,#11544);
#11544 = SURFACE_SIDE_STYLE('',(#11545));
#11545 = SURFACE_STYLE_FILL_AREA(#11546);
#11546 = FILL_AREA_STYLE('',(#11547));
#11547 = FILL_AREA_STYLE_COLOUR('',#11260);
#11548 = OVER_RIDING_STYLED_ITEM('overriding color',(#11549),#6482,
  #11200);
#11549 = PRESENTATION_STYLE_ASSIGNMENT((#11550));
#11550 = SURFACE_STYLE_USAGE(.BOTH.,#11551);
#11551 = SURFACE_SIDE_STYLE('',(#11552));
#11552 = SURFACE_STYLE_FILL_AREA(#11553);
#11553 = FILL_AREA_STYLE('',(#11554));
#11554 = FILL_AREA_STYLE_COLOUR('',#11260);
#11555 = OVER_RIDING_STYLED_ITEM('overriding color',(#11556),#6494,
  #11200);
#11556 = PRESENTATION_STYLE_ASSIGNMENT((#11557));
#11557 = SURFACE_STYLE_USAGE(.BOTH.,#11558);
#11558 = SURFACE_SIDE_STYLE('',(#11559));
#11559 = SURFACE_STYLE_FILL_AREA(#11560);
#11560 = FILL_AREA_STYLE('',(#11561));
#11561 = FILL_AREA_STYLE_COLOUR('',#11260);
#11562 = OVER_RIDING_STYLED_ITEM('overriding color',(#11563),#6522,
  #11200);
#11563 = PRESENTATION_STYLE_ASSIGNMENT((#11564));
#11564 = SURFACE_STYLE_USAGE(.BOTH.,#11565);
#11565 = SURFACE_SIDE_STYLE('',(#11566));
#11566 = SURFACE_STYLE_FILL_AREA(#11567);
#11567 = FILL_AREA_STYLE('',(#11568));
#11568 = FILL_AREA_STYLE_COLOUR('',#11260);
#11569 = OVER_RIDING_STYLED_ITEM('overriding color',(#11570),#6544,
  #11200);
#11570 = PRESENTATION_STYLE_ASSIGNMENT((#11571));
#11571 = SURFACE_STYLE_USAGE(.BOTH.,#11572);
#11572 = SURFACE_SIDE_STYLE('',(#11573));
#11573 = SURFACE_STYLE_FILL_AREA(#11574);
#11574 = FILL_AREA_STYLE('',(#11575));
#11575 = FILL_AREA_STYLE_COLOUR('',#11260);
#11576 = OVER_RIDING_STYLED_ITEM('overriding color',(#11577),#6566,
  #11200);
#11577 = PRESENTATION_STYLE_ASSIGNMENT((#11578));
#11578 = SURFACE_STYLE_USAGE(.BOTH.,#11579);
#11579 = SURFACE_SIDE_STYLE('',(#11580));
#11580 = SURFACE_STYLE_FILL_AREA(#11581);
#11581 = FILL_AREA_STYLE('',(#11582));
#11582 = FILL_AREA_STYLE_COLOUR('',#11260);
#11583 = OVER_RIDING_STYLED_ITEM('overriding color',(#11584),#6594,
  #11200);
#11584 = PRESENTATION_STYLE_ASSIGNMENT((#11585));
#11585 = SURFACE_STYLE_USAGE(.BOTH.,#11586);
#11586 = SURFACE_SIDE_STYLE('',(#11587));
#11587 = SURFACE_STYLE_FILL_AREA(#11588);
#11588 = FILL_AREA_STYLE('',(#11589));
#11589 = FILL_AREA_STYLE_COLOUR('',#11260);
#11590 = OVER_RIDING_STYLED_ITEM('overriding color',(#11591),#6622,
  #11200);
#11591 = PRESENTATION_STYLE_ASSIGNMENT((#11592));
#11592 = SURFACE_STYLE_USAGE(.BOTH.,#11593);
#11593 = SURFACE_SIDE_STYLE('',(#11594));
#11594 = SURFACE_STYLE_FILL_AREA(#11595);
#11595 = FILL_AREA_STYLE('',(#11596));
#11596 = FILL_AREA_STYLE_COLOUR('',#11260);
#11597 = OVER_RIDING_STYLED_ITEM('overriding color',(#11598),#6650,
  #11200);
#11598 = PRESENTATION_STYLE_ASSIGNMENT((#11599));
#11599 = SURFACE_STYLE_USAGE(.BOTH.,#11600);
#11600 = SURFACE_SIDE_STYLE('',(#11601));
#11601 = SURFACE_STYLE_FILL_AREA(#11602);
#11602 = FILL_AREA_STYLE('',(#11603));
#11603 = FILL_AREA_STYLE_COLOUR('',#11260);
#11604 = OVER_RIDING_STYLED_ITEM('overriding color',(#11605),#6687,
  #11200);
#11605 = PRESENTATION_STYLE_ASSIGNMENT((#11606));
#11606 = SURFACE_STYLE_USAGE(.BOTH.,#11607);
#11607 = SURFACE_SIDE_STYLE('',(#11608));
#11608 = SURFACE_STYLE_FILL_AREA(#11609);
#11609 = FILL_AREA_STYLE('',(#11610));
#11610 = FILL_AREA_STYLE_COLOUR('',#11260);
#11611 = OVER_RIDING_STYLED_ITEM('overriding color',(#11612),#6799,
  #11200);
#11612 = PRESENTATION_STYLE_ASSIGNMENT((#11613));
#11613 = SURFACE_STYLE_USAGE(.BOTH.,#11614);
#11614 = SURFACE_SIDE_STYLE('',(#11615));
#11615 = SURFACE_STYLE_FILL_AREA(#11616);
#11616 = FILL_AREA_STYLE('',(#11617));
#11617 = FILL_AREA_STYLE_COLOUR('',#11260);
#11618 = OVER_RIDING_STYLED_ITEM('overriding color',(#11619),#6819,
  #11200);
#11619 = PRESENTATION_STYLE_ASSIGNMENT((#11620));
#11620 = SURFACE_STYLE_USAGE(.BOTH.,#11621);
#11621 = SURFACE_SIDE_STYLE('',(#11622));
#11622 = SURFACE_STYLE_FILL_AREA(#11623);
#11623 = FILL_AREA_STYLE('',(#11624));
#11624 = FILL_AREA_STYLE_COLOUR('',#11260);
#11625 = OVER_RIDING_STYLED_ITEM('overriding color',(#11626),#6835,
  #11200);
#11626 = PRESENTATION_STYLE_ASSIGNMENT((#11627));
#11627 = SURFACE_STYLE_USAGE(.BOTH.,#11628);
#11628 = SURFACE_SIDE_STYLE('',(#11629));
#11629 = SURFACE_STYLE_FILL_AREA(#11630);
#11630 = FILL_AREA_STYLE('',(#11631));
#11631 = FILL_AREA_STYLE_COLOUR('',#11260);
#11632 = OVER_RIDING_STYLED_ITEM('overriding color',(#11633),#6851,
  #11200);
#11633 = PRESENTATION_STYLE_ASSIGNMENT((#11634));
#11634 = SURFACE_STYLE_USAGE(.BOTH.,#11635);
#11635 = SURFACE_SIDE_STYLE('',(#11636));
#11636 = SURFACE_STYLE_FILL_AREA(#11637);
#11637 = FILL_AREA_STYLE('',(#11638));
#11638 = FILL_AREA_STYLE_COLOUR('',#11260);
#11639 = OVER_RIDING_STYLED_ITEM('overriding color',(#11640),#6867,
  #11200);
#11640 = PRESENTATION_STYLE_ASSIGNMENT((#11641));
#11641 = SURFACE_STYLE_USAGE(.BOTH.,#11642);
#11642 = SURFACE_SIDE_STYLE('',(#11643));
#11643 = SURFACE_STYLE_FILL_AREA(#11644);
#11644 = FILL_AREA_STYLE('',(#11645));
#11645 = FILL_AREA_STYLE_COLOUR('',#11260);
#11646 = OVER_RIDING_STYLED_ITEM('overriding color',(#11647),#6883,
  #11200);
#11647 = PRESENTATION_STYLE_ASSIGNMENT((#11648));
#11648 = SURFACE_STYLE_USAGE(.BOTH.,#11649);
#11649 = SURFACE_SIDE_STYLE('',(#11650));
#11650 = SURFACE_STYLE_FILL_AREA(#11651);
#11651 = FILL_AREA_STYLE('',(#11652));
#11652 = FILL_AREA_STYLE_COLOUR('',#11260);
#11653 = OVER_RIDING_STYLED_ITEM('overriding color',(#11654),#6899,
  #11200);
#11654 = PRESENTATION_STYLE_ASSIGNMENT((#11655));
#11655 = SURFACE_STYLE_USAGE(.BOTH.,#11656);
#11656 = SURFACE_SIDE_STYLE('',(#11657));
#11657 = SURFACE_STYLE_FILL_AREA(#11658);
#11658 = FILL_AREA_STYLE('',(#11659));
#11659 = FILL_AREA_STYLE_COLOUR('',#11260);
#11660 = OVER_RIDING_STYLED_ITEM('overriding color',(#11661),#6915,
  #11200);
#11661 = PRESENTATION_STYLE_ASSIGNMENT((#11662));
#11662 = SURFACE_STYLE_USAGE(.BOTH.,#11663);
#11663 = SURFACE_SIDE_STYLE('',(#11664));
#11664 = SURFACE_STYLE_FILL_AREA(#11665);
#11665 = FILL_AREA_STYLE('',(#11666));
#11666 = FILL_AREA_STYLE_COLOUR('',#11260);
#11667 = OVER_RIDING_STYLED_ITEM('overriding color',(#11668),#6927,
  #11200);
#11668 = PRESENTATION_STYLE_ASSIGNMENT((#11669));
#11669 = SURFACE_STYLE_USAGE(.BOTH.,#11670);
#11670 = SURFACE_SIDE_STYLE('',(#11671));
#11671 = SURFACE_STYLE_FILL_AREA(#11672);
#11672 = FILL_AREA_STYLE('',(#11673));
#11673 = FILL_AREA_STYLE_COLOUR('',#11260);
#11674 = OVER_RIDING_STYLED_ITEM('overriding color',(#11675),#6955,
  #11200);
#11675 = PRESENTATION_STYLE_ASSIGNMENT((#11676));
#11676 = SURFACE_STYLE_USAGE(.BOTH.,#11677);
#11677 = SURFACE_SIDE_STYLE('',(#11678));
#11678 = SURFACE_STYLE_FILL_AREA(#11679);
#11679 = FILL_AREA_STYLE('',(#11680));
#11680 = FILL_AREA_STYLE_COLOUR('',#11260);
#11681 = OVER_RIDING_STYLED_ITEM('overriding color',(#11682),#6977,
  #11200);
#11682 = PRESENTATION_STYLE_ASSIGNMENT((#11683));
#11683 = SURFACE_STYLE_USAGE(.BOTH.,#11684);
#11684 = SURFACE_SIDE_STYLE('',(#11685));
#11685 = SURFACE_STYLE_FILL_AREA(#11686);
#11686 = FILL_AREA_STYLE('',(#11687));
#11687 = FILL_AREA_STYLE_COLOUR('',#11260);
#11688 = OVER_RIDING_STYLED_ITEM('overriding color',(#11689),#7005,
  #11200);
#11689 = PRESENTATION_STYLE_ASSIGNMENT((#11690));
#11690 = SURFACE_STYLE_USAGE(.BOTH.,#11691);
#11691 = SURFACE_SIDE_STYLE('',(#11692));
#11692 = SURFACE_STYLE_FILL_AREA(#11693);
#11693 = FILL_AREA_STYLE('',(#11694));
#11694 = FILL_AREA_STYLE_COLOUR('',#11260);
#11695 = OVER_RIDING_STYLED_ITEM('overriding color',(#11696),#7027,
  #11200);
#11696 = PRESENTATION_STYLE_ASSIGNMENT((#11697));
#11697 = SURFACE_STYLE_USAGE(.BOTH.,#11698);
#11698 = SURFACE_SIDE_STYLE('',(#11699));
#11699 = SURFACE_STYLE_FILL_AREA(#11700);
#11700 = FILL_AREA_STYLE('',(#11701));
#11701 = FILL_AREA_STYLE_COLOUR('',#11260);
#11702 = OVER_RIDING_STYLED_ITEM('overriding color',(#11703),#7055,
  #11200);
#11703 = PRESENTATION_STYLE_ASSIGNMENT((#11704));
#11704 = SURFACE_STYLE_USAGE(.BOTH.,#11705);
#11705 = SURFACE_SIDE_STYLE('',(#11706));
#11706 = SURFACE_STYLE_FILL_AREA(#11707);
#11707 = FILL_AREA_STYLE('',(#11708));
#11708 = FILL_AREA_STYLE_COLOUR('',#11260);
#11709 = OVER_RIDING_STYLED_ITEM('overriding color',(#11710),#7085,
  #11200);
#11710 = PRESENTATION_STYLE_ASSIGNMENT((#11711));
#11711 = SURFACE_STYLE_USAGE(.BOTH.,#11712);
#11712 = SURFACE_SIDE_STYLE('',(#11713));
#11713 = SURFACE_STYLE_FILL_AREA(#11714);
#11714 = FILL_AREA_STYLE('',(#11715));
#11715 = FILL_AREA_STYLE_COLOUR('',#11260);
#11716 = OVER_RIDING_STYLED_ITEM('overriding color',(#11717),#7113,
  #11200);
#11717 = PRESENTATION_STYLE_ASSIGNMENT((#11718));
#11718 = SURFACE_STYLE_USAGE(.BOTH.,#11719);
#11719 = SURFACE_SIDE_STYLE('',(#11720));
#11720 = SURFACE_STYLE_FILL_AREA(#11721);
#11721 = FILL_AREA_STYLE('',(#11722));
#11722 = FILL_AREA_STYLE_COLOUR('',#11260);
#11723 = OVER_RIDING_STYLED_ITEM('overriding color',(#11724),#7135,
  #11200);
#11724 = PRESENTATION_STYLE_ASSIGNMENT((#11725));
#11725 = SURFACE_STYLE_USAGE(.BOTH.,#11726);
#11726 = SURFACE_SIDE_STYLE('',(#11727));
#11727 = SURFACE_STYLE_FILL_AREA(#11728);
#11728 = FILL_AREA_STYLE('',(#11729));
#11729 = FILL_AREA_STYLE_COLOUR('',#11260);
#11730 = OVER_RIDING_STYLED_ITEM('overriding color',(#11731),#7157,
  #11200);
#11731 = PRESENTATION_STYLE_ASSIGNMENT((#11732));
#11732 = SURFACE_STYLE_USAGE(.BOTH.,#11733);
#11733 = SURFACE_SIDE_STYLE('',(#11734));
#11734 = SURFACE_STYLE_FILL_AREA(#11735);
#11735 = FILL_AREA_STYLE('',(#11736));
#11736 = FILL_AREA_STYLE_COLOUR('',#11260);
#11737 = OVER_RIDING_STYLED_ITEM('overriding color',(#11738),#7179,
  #11200);
#11738 = PRESENTATION_STYLE_ASSIGNMENT((#11739));
#11739 = SURFACE_STYLE_USAGE(.BOTH.,#11740);
#11740 = SURFACE_SIDE_STYLE('',(#11741));
#11741 = SURFACE_STYLE_FILL_AREA(#11742);
#11742 = FILL_AREA_STYLE('',(#11743));
#11743 = FILL_AREA_STYLE_COLOUR('',#11260);
#11744 = OVER_RIDING_STYLED_ITEM('overriding color',(#11745),#7201,
  #11200);
#11745 = PRESENTATION_STYLE_ASSIGNMENT((#11746));
#11746 = SURFACE_STYLE_USAGE(.BOTH.,#11747);
#11747 = SURFACE_SIDE_STYLE('',(#11748));
#11748 = SURFACE_STYLE_FILL_AREA(#11749);
#11749 = FILL_AREA_STYLE('',(#11750));
#11750 = FILL_AREA_STYLE_COLOUR('',#11260);
#11751 = OVER_RIDING_STYLED_ITEM('overriding color',(#11752),#7223,
  #11200);
#11752 = PRESENTATION_STYLE_ASSIGNMENT((#11753));
#11753 = SURFACE_STYLE_USAGE(.BOTH.,#11754);
#11754 = SURFACE_SIDE_STYLE('',(#11755));
#11755 = SURFACE_STYLE_FILL_AREA(#11756);
#11756 = FILL_AREA_STYLE('',(#11757));
#11757 = FILL_AREA_STYLE_COLOUR('',#11260);
#11758 = OVER_RIDING_STYLED_ITEM('overriding color',(#11759),#7245,
  #11200);
#11759 = PRESENTATION_STYLE_ASSIGNMENT((#11760));
#11760 = SURFACE_STYLE_USAGE(.BOTH.,#11761);
#11761 = SURFACE_SIDE_STYLE('',(#11762));
#11762 = SURFACE_STYLE_FILL_AREA(#11763);
#11763 = FILL_AREA_STYLE('',(#11764));
#11764 = FILL_AREA_STYLE_COLOUR('',#11260);
#11765 = OVER_RIDING_STYLED_ITEM('overriding color',(#11766),#7267,
  #11200);
#11766 = PRESENTATION_STYLE_ASSIGNMENT((#11767));
#11767 = SURFACE_STYLE_USAGE(.BOTH.,#11768);
#11768 = SURFACE_SIDE_STYLE('',(#11769));
#11769 = SURFACE_STYLE_FILL_AREA(#11770);
#11770 = FILL_AREA_STYLE('',(#11771));
#11771 = FILL_AREA_STYLE_COLOUR('',#11260);
#11772 = OVER_RIDING_STYLED_ITEM('overriding color',(#11773),#7289,
  #11200);
#11773 = PRESENTATION_STYLE_ASSIGNMENT((#11774));
#11774 = SURFACE_STYLE_USAGE(.BOTH.,#11775);
#11775 = SURFACE_SIDE_STYLE('',(#11776));
#11776 = SURFACE_STYLE_FILL_AREA(#11777);
#11777 = FILL_AREA_STYLE('',(#11778));
#11778 = FILL_AREA_STYLE_COLOUR('',#11260);
#11779 = OVER_RIDING_STYLED_ITEM('overriding color',(#11780),#7311,
  #11200);
#11780 = PRESENTATION_STYLE_ASSIGNMENT((#11781));
#11781 = SURFACE_STYLE_USAGE(.BOTH.,#11782);
#11782 = SURFACE_SIDE_STYLE('',(#11783));
#11783 = SURFACE_STYLE_FILL_AREA(#11784);
#11784 = FILL_AREA_STYLE('',(#11785));
#11785 = FILL_AREA_STYLE_COLOUR('',#11260);
#11786 = OVER_RIDING_STYLED_ITEM('overriding color',(#11787),#7333,
  #11200);
#11787 = PRESENTATION_STYLE_ASSIGNMENT((#11788));
#11788 = SURFACE_STYLE_USAGE(.BOTH.,#11789);
#11789 = SURFACE_SIDE_STYLE('',(#11790));
#11790 = SURFACE_STYLE_FILL_AREA(#11791);
#11791 = FILL_AREA_STYLE('',(#11792));
#11792 = FILL_AREA_STYLE_COLOUR('',#11260);
#11793 = OVER_RIDING_STYLED_ITEM('overriding color',(#11794),#7349,
  #11200);
#11794 = PRESENTATION_STYLE_ASSIGNMENT((#11795));
#11795 = SURFACE_STYLE_USAGE(.BOTH.,#11796);
#11796 = SURFACE_SIDE_STYLE('',(#11797));
#11797 = SURFACE_STYLE_FILL_AREA(#11798);
#11798 = FILL_AREA_STYLE('',(#11799));
#11799 = FILL_AREA_STYLE_COLOUR('',#11260);
#11800 = OVER_RIDING_STYLED_ITEM('overriding color',(#11801),#7369,
  #11200);
#11801 = PRESENTATION_STYLE_ASSIGNMENT((#11802));
#11802 = SURFACE_STYLE_USAGE(.BOTH.,#11803);
#11803 = SURFACE_SIDE_STYLE('',(#11804));
#11804 = SURFACE_STYLE_FILL_AREA(#11805);
#11805 = FILL_AREA_STYLE('',(#11806));
#11806 = FILL_AREA_STYLE_COLOUR('',#11260);
#11807 = OVER_RIDING_STYLED_ITEM('overriding color',(#11808),#7561,
  #11200);
#11808 = PRESENTATION_STYLE_ASSIGNMENT((#11809));
#11809 = SURFACE_STYLE_USAGE(.BOTH.,#11810);
#11810 = SURFACE_SIDE_STYLE('',(#11811));
#11811 = SURFACE_STYLE_FILL_AREA(#11812);
#11812 = FILL_AREA_STYLE('',(#11813));
#11813 = FILL_AREA_STYLE_COLOUR('',#11260);
#11814 = OVER_RIDING_STYLED_ITEM('overriding color',(#11815),#7585,
  #11200);
#11815 = PRESENTATION_STYLE_ASSIGNMENT((#11816));
#11816 = SURFACE_STYLE_USAGE(.BOTH.,#11817);
#11817 = SURFACE_SIDE_STYLE('',(#11818));
#11818 = SURFACE_STYLE_FILL_AREA(#11819);
#11819 = FILL_AREA_STYLE('',(#11820));
#11820 = FILL_AREA_STYLE_COLOUR('',#11260);
#11821 = OVER_RIDING_STYLED_ITEM('overriding color',(#11822),#7601,
  #11200);
#11822 = PRESENTATION_STYLE_ASSIGNMENT((#11823));
#11823 = SURFACE_STYLE_USAGE(.BOTH.,#11824);
#11824 = SURFACE_SIDE_STYLE('',(#11825));
#11825 = SURFACE_STYLE_FILL_AREA(#11826);
#11826 = FILL_AREA_STYLE('',(#11827));
#11827 = FILL_AREA_STYLE_COLOUR('',#11260);
#11828 = OVER_RIDING_STYLED_ITEM('overriding color',(#11829),#7621,
  #11200);
#11829 = PRESENTATION_STYLE_ASSIGNMENT((#11830));
#11830 = SURFACE_STYLE_USAGE(.BOTH.,#11831);
#11831 = SURFACE_SIDE_STYLE('',(#11832));
#11832 = SURFACE_STYLE_FILL_AREA(#11833);
#11833 = FILL_AREA_STYLE('',(#11834));
#11834 = FILL_AREA_STYLE_COLOUR('',#11260);
#11835 = OVER_RIDING_STYLED_ITEM('overriding color',(#11836),#7641,
  #11200);
#11836 = PRESENTATION_STYLE_ASSIGNMENT((#11837));
#11837 = SURFACE_STYLE_USAGE(.BOTH.,#11838);
#11838 = SURFACE_SIDE_STYLE('',(#11839));
#11839 = SURFACE_STYLE_FILL_AREA(#11840);
#11840 = FILL_AREA_STYLE('',(#11841));
#11841 = FILL_AREA_STYLE_COLOUR('',#11260);
#11842 = OVER_RIDING_STYLED_ITEM('overriding color',(#11843),#7657,
  #11200);
#11843 = PRESENTATION_STYLE_ASSIGNMENT((#11844));
#11844 = SURFACE_STYLE_USAGE(.BOTH.,#11845);
#11845 = SURFACE_SIDE_STYLE('',(#11846));
#11846 = SURFACE_STYLE_FILL_AREA(#11847);
#11847 = FILL_AREA_STYLE('',(#11848));
#11848 = FILL_AREA_STYLE_COLOUR('',#11260);
#11849 = OVER_RIDING_STYLED_ITEM('overriding color',(#11850),#7677,
  #11200);
#11850 = PRESENTATION_STYLE_ASSIGNMENT((#11851));
#11851 = SURFACE_STYLE_USAGE(.BOTH.,#11852);
#11852 = SURFACE_SIDE_STYLE('',(#11853));
#11853 = SURFACE_STYLE_FILL_AREA(#11854);
#11854 = FILL_AREA_STYLE('',(#11855));
#11855 = FILL_AREA_STYLE_COLOUR('',#11260);
#11856 = OVER_RIDING_STYLED_ITEM('overriding color',(#11857),#7697,
  #11200);
#11857 = PRESENTATION_STYLE_ASSIGNMENT((#11858));
#11858 = SURFACE_STYLE_USAGE(.BOTH.,#11859);
#11859 = SURFACE_SIDE_STYLE('',(#11860));
#11860 = SURFACE_STYLE_FILL_AREA(#11861);
#11861 = FILL_AREA_STYLE('',(#11862));
#11862 = FILL_AREA_STYLE_COLOUR('',#11260);
#11863 = OVER_RIDING_STYLED_ITEM('overriding color',(#11864),#7717,
  #11200);
#11864 = PRESENTATION_STYLE_ASSIGNMENT((#11865));
#11865 = SURFACE_STYLE_USAGE(.BOTH.,#11866);
#11866 = SURFACE_SIDE_STYLE('',(#11867));
#11867 = SURFACE_STYLE_FILL_AREA(#11868);
#11868 = FILL_AREA_STYLE('',(#11869));
#11869 = FILL_AREA_STYLE_COLOUR('',#11260);
#11870 = OVER_RIDING_STYLED_ITEM('overriding color',(#11871),#7737,
  #11200);
#11871 = PRESENTATION_STYLE_ASSIGNMENT((#11872));
#11872 = SURFACE_STYLE_USAGE(.BOTH.,#11873);
#11873 = SURFACE_SIDE_STYLE('',(#11874));
#11874 = SURFACE_STYLE_FILL_AREA(#11875);
#11875 = FILL_AREA_STYLE('',(#11876));
#11876 = FILL_AREA_STYLE_COLOUR('',#11260);
#11877 = OVER_RIDING_STYLED_ITEM('overriding color',(#11878),#7753,
  #11200);
#11878 = PRESENTATION_STYLE_ASSIGNMENT((#11879));
#11879 = SURFACE_STYLE_USAGE(.BOTH.,#11880);
#11880 = SURFACE_SIDE_STYLE('',(#11881));
#11881 = SURFACE_STYLE_FILL_AREA(#11882);
#11882 = FILL_AREA_STYLE('',(#11883));
#11883 = FILL_AREA_STYLE_COLOUR('',#11260);
#11884 = OVER_RIDING_STYLED_ITEM('overriding color',(#11885),#7769,
  #11200);
#11885 = PRESENTATION_STYLE_ASSIGNMENT((#11886));
#11886 = SURFACE_STYLE_USAGE(.BOTH.,#11887);
#11887 = SURFACE_SIDE_STYLE('',(#11888));
#11888 = SURFACE_STYLE_FILL_AREA(#11889);
#11889 = FILL_AREA_STYLE('',(#11890));
#11890 = FILL_AREA_STYLE_COLOUR('',#11260);
#11891 = OVER_RIDING_STYLED_ITEM('overriding color',(#11892),#7785,
  #11200);
#11892 = PRESENTATION_STYLE_ASSIGNMENT((#11893));
#11893 = SURFACE_STYLE_USAGE(.BOTH.,#11894);
#11894 = SURFACE_SIDE_STYLE('',(#11895));
#11895 = SURFACE_STYLE_FILL_AREA(#11896);
#11896 = FILL_AREA_STYLE('',(#11897));
#11897 = FILL_AREA_STYLE_COLOUR('',#11260);
#11898 = OVER_RIDING_STYLED_ITEM('overriding color',(#11899),#7801,
  #11200);
#11899 = PRESENTATION_STYLE_ASSIGNMENT((#11900));
#11900 = SURFACE_STYLE_USAGE(.BOTH.,#11901);
#11901 = SURFACE_SIDE_STYLE('',(#11902));
#11902 = SURFACE_STYLE_FILL_AREA(#11903);
#11903 = FILL_AREA_STYLE('',(#11904));
#11904 = FILL_AREA_STYLE_COLOUR('',#11260);
#11905 = OVER_RIDING_STYLED_ITEM('overriding color',(#11906),#7817,
  #11200);
#11906 = PRESENTATION_STYLE_ASSIGNMENT((#11907));
#11907 = SURFACE_STYLE_USAGE(.BOTH.,#11908);
#11908 = SURFACE_SIDE_STYLE('',(#11909));
#11909 = SURFACE_STYLE_FILL_AREA(#11910);
#11910 = FILL_AREA_STYLE('',(#11911));
#11911 = FILL_AREA_STYLE_COLOUR('',#11260);
#11912 = OVER_RIDING_STYLED_ITEM('overriding color',(#11913),#7851,
  #11200);
#11913 = PRESENTATION_STYLE_ASSIGNMENT((#11914));
#11914 = SURFACE_STYLE_USAGE(.BOTH.,#11915);
#11915 = SURFACE_SIDE_STYLE('',(#11916));
#11916 = SURFACE_STYLE_FILL_AREA(#11917);
#11917 = FILL_AREA_STYLE('',(#11918));
#11918 = FILL_AREA_STYLE_COLOUR('',#11260);
#11919 = OVER_RIDING_STYLED_ITEM('overriding color',(#11920),#7879,
  #11200);
#11920 = PRESENTATION_STYLE_ASSIGNMENT((#11921));
#11921 = SURFACE_STYLE_USAGE(.BOTH.,#11922);
#11922 = SURFACE_SIDE_STYLE('',(#11923));
#11923 = SURFACE_STYLE_FILL_AREA(#11924);
#11924 = FILL_AREA_STYLE('',(#11925));
#11925 = FILL_AREA_STYLE_COLOUR('',#11260);
#11926 = OVER_RIDING_STYLED_ITEM('overriding color',(#11927),#7907,
  #11200);
#11927 = PRESENTATION_STYLE_ASSIGNMENT((#11928));
#11928 = SURFACE_STYLE_USAGE(.BOTH.,#11929);
#11929 = SURFACE_SIDE_STYLE('',(#11930));
#11930 = SURFACE_STYLE_FILL_AREA(#11931);
#11931 = FILL_AREA_STYLE('',(#11932));
#11932 = FILL_AREA_STYLE_COLOUR('',#11260);
#11933 = OVER_RIDING_STYLED_ITEM('overriding color',(#11934),#7935,
  #11200);
#11934 = PRESENTATION_STYLE_ASSIGNMENT((#11935));
#11935 = SURFACE_STYLE_USAGE(.BOTH.,#11936);
#11936 = SURFACE_SIDE_STYLE('',(#11937));
#11937 = SURFACE_STYLE_FILL_AREA(#11938);
#11938 = FILL_AREA_STYLE('',(#11939));
#11939 = FILL_AREA_STYLE_COLOUR('',#11260);
#11940 = OVER_RIDING_STYLED_ITEM('overriding color',(#11941),#7963,
  #11200);
#11941 = PRESENTATION_STYLE_ASSIGNMENT((#11942));
#11942 = SURFACE_STYLE_USAGE(.BOTH.,#11943);
#11943 = SURFACE_SIDE_STYLE('',(#11944));
#11944 = SURFACE_STYLE_FILL_AREA(#11945);
#11945 = FILL_AREA_STYLE('',(#11946));
#11946 = FILL_AREA_STYLE_COLOUR('',#11260);
#11947 = OVER_RIDING_STYLED_ITEM('overriding color',(#11948),#7991,
  #11200);
#11948 = PRESENTATION_STYLE_ASSIGNMENT((#11949));
#11949 = SURFACE_STYLE_USAGE(.BOTH.,#11950);
#11950 = SURFACE_SIDE_STYLE('',(#11951));
#11951 = SURFACE_STYLE_FILL_AREA(#11952);
#11952 = FILL_AREA_STYLE('',(#11953));
#11953 = FILL_AREA_STYLE_COLOUR('',#11260);
#11954 = OVER_RIDING_STYLED_ITEM('overriding color',(#11955),#8013,
  #11200);
#11955 = PRESENTATION_STYLE_ASSIGNMENT((#11956));
#11956 = SURFACE_STYLE_USAGE(.BOTH.,#11957);
#11957 = SURFACE_SIDE_STYLE('',(#11958));
#11958 = SURFACE_STYLE_FILL_AREA(#11959);
#11959 = FILL_AREA_STYLE('',(#11960));
#11960 = FILL_AREA_STYLE_COLOUR('',#11260);
#11961 = OVER_RIDING_STYLED_ITEM('overriding color',(#11962),#8045,
  #11200);
#11962 = PRESENTATION_STYLE_ASSIGNMENT((#11963));
#11963 = SURFACE_STYLE_USAGE(.BOTH.,#11964);
#11964 = SURFACE_SIDE_STYLE('',(#11965));
#11965 = SURFACE_STYLE_FILL_AREA(#11966);
#11966 = FILL_AREA_STYLE('',(#11967));
#11967 = FILL_AREA_STYLE_COLOUR('',#11260);
#11968 = OVER_RIDING_STYLED_ITEM('overriding color',(#11969),#8079,
  #11200);
#11969 = PRESENTATION_STYLE_ASSIGNMENT((#11970));
#11970 = SURFACE_STYLE_USAGE(.BOTH.,#11971);
#11971 = SURFACE_SIDE_STYLE('',(#11972));
#11972 = SURFACE_STYLE_FILL_AREA(#11973);
#11973 = FILL_AREA_STYLE('',(#11974));
#11974 = FILL_AREA_STYLE_COLOUR('',#11260);
#11975 = OVER_RIDING_STYLED_ITEM('overriding color',(#11976),#8101,
  #11200);
#11976 = PRESENTATION_STYLE_ASSIGNMENT((#11977));
#11977 = SURFACE_STYLE_USAGE(.BOTH.,#11978);
#11978 = SURFACE_SIDE_STYLE('',(#11979));
#11979 = SURFACE_STYLE_FILL_AREA(#11980);
#11980 = FILL_AREA_STYLE('',(#11981));
#11981 = FILL_AREA_STYLE_COLOUR('',#11260);
#11982 = OVER_RIDING_STYLED_ITEM('overriding color',(#11983),#8129,
  #11200);
#11983 = PRESENTATION_STYLE_ASSIGNMENT((#11984));
#11984 = SURFACE_STYLE_USAGE(.BOTH.,#11985);
#11985 = SURFACE_SIDE_STYLE('',(#11986));
#11986 = SURFACE_STYLE_FILL_AREA(#11987);
#11987 = FILL_AREA_STYLE('',(#11988));
#11988 = FILL_AREA_STYLE_COLOUR('',#11260);
#11989 = OVER_RIDING_STYLED_ITEM('overriding color',(#11990),#8157,
  #11200);
#11990 = PRESENTATION_STYLE_ASSIGNMENT((#11991));
#11991 = SURFACE_STYLE_USAGE(.BOTH.,#11992);
#11992 = SURFACE_SIDE_STYLE('',(#11993));
#11993 = SURFACE_STYLE_FILL_AREA(#11994);
#11994 = FILL_AREA_STYLE('',(#11995));
#11995 = FILL_AREA_STYLE_COLOUR('',#11260);
#11996 = OVER_RIDING_STYLED_ITEM('overriding color',(#11997),#8185,
  #11200);
#11997 = PRESENTATION_STYLE_ASSIGNMENT((#11998));
#11998 = SURFACE_STYLE_USAGE(.BOTH.,#11999);
#11999 = SURFACE_SIDE_STYLE('',(#12000));
#12000 = SURFACE_STYLE_FILL_AREA(#12001);
#12001 = FILL_AREA_STYLE('',(#12002));
#12002 = FILL_AREA_STYLE_COLOUR('',#11260);
#12003 = OVER_RIDING_STYLED_ITEM('overriding color',(#12004),#8213,
  #11200);
#12004 = PRESENTATION_STYLE_ASSIGNMENT((#12005));
#12005 = SURFACE_STYLE_USAGE(.BOTH.,#12006);
#12006 = SURFACE_SIDE_STYLE('',(#12007));
#12007 = SURFACE_STYLE_FILL_AREA(#12008);
#12008 = FILL_AREA_STYLE('',(#12009));
#12009 = FILL_AREA_STYLE_COLOUR('',#11260);
#12010 = OVER_RIDING_STYLED_ITEM('overriding color',(#12011),#8241,
  #11200);
#12011 = PRESENTATION_STYLE_ASSIGNMENT((#12012));
#12012 = SURFACE_STYLE_USAGE(.BOTH.,#12013);
#12013 = SURFACE_SIDE_STYLE('',(#12014));
#12014 = SURFACE_STYLE_FILL_AREA(#12015);
#12015 = FILL_AREA_STYLE('',(#12016));
#12016 = FILL_AREA_STYLE_COLOUR('',#11260);
#12017 = OVER_RIDING_STYLED_ITEM('overriding color',(#12018),#8269,
  #11200);
#12018 = PRESENTATION_STYLE_ASSIGNMENT((#12019));
#12019 = SURFACE_STYLE_USAGE(.BOTH.,#12020);
#12020 = SURFACE_SIDE_STYLE('',(#12021));
#12021 = SURFACE_STYLE_FILL_AREA(#12022);
#12022 = FILL_AREA_STYLE('',(#12023));
#12023 = FILL_AREA_STYLE_COLOUR('',#11260);
#12024 = OVER_RIDING_STYLED_ITEM('overriding color',(#12025),#8297,
  #11200);
#12025 = PRESENTATION_STYLE_ASSIGNMENT((#12026));
#12026 = SURFACE_STYLE_USAGE(.BOTH.,#12027);
#12027 = SURFACE_SIDE_STYLE('',(#12028));
#12028 = SURFACE_STYLE_FILL_AREA(#12029);
#12029 = FILL_AREA_STYLE('',(#12030));
#12030 = FILL_AREA_STYLE_COLOUR('',#11260);
#12031 = OVER_RIDING_STYLED_ITEM('overriding color',(#12032),#8325,
  #11200);
#12032 = PRESENTATION_STYLE_ASSIGNMENT((#12033));
#12033 = SURFACE_STYLE_USAGE(.BOTH.,#12034);
#12034 = SURFACE_SIDE_STYLE('',(#12035));
#12035 = SURFACE_STYLE_FILL_AREA(#12036);
#12036 = FILL_AREA_STYLE('',(#12037));
#12037 = FILL_AREA_STYLE_COLOUR('',#11260);
#12038 = OVER_RIDING_STYLED_ITEM('overriding color',(#12039),#8353,
  #11200);
#12039 = PRESENTATION_STYLE_ASSIGNMENT((#12040));
#12040 = SURFACE_STYLE_USAGE(.BOTH.,#12041);
#12041 = SURFACE_SIDE_STYLE('',(#12042));
#12042 = SURFACE_STYLE_FILL_AREA(#12043);
#12043 = FILL_AREA_STYLE('',(#12044));
#12044 = FILL_AREA_STYLE_COLOUR('',#11260);
#12045 = OVER_RIDING_STYLED_ITEM('overriding color',(#12046),#8381,
  #11200);
#12046 = PRESENTATION_STYLE_ASSIGNMENT((#12047));
#12047 = SURFACE_STYLE_USAGE(.BOTH.,#12048);
#12048 = SURFACE_SIDE_STYLE('',(#12049));
#12049 = SURFACE_STYLE_FILL_AREA(#12050);
#12050 = FILL_AREA_STYLE('',(#12051));
#12051 = FILL_AREA_STYLE_COLOUR('',#11260);
#12052 = OVER_RIDING_STYLED_ITEM('overriding color',(#12053),#8403,
  #11200);
#12053 = PRESENTATION_STYLE_ASSIGNMENT((#12054));
#12054 = SURFACE_STYLE_USAGE(.BOTH.,#12055);
#12055 = SURFACE_SIDE_STYLE('',(#12056));
#12056 = SURFACE_STYLE_FILL_AREA(#12057);
#12057 = FILL_AREA_STYLE('',(#12058));
#12058 = FILL_AREA_STYLE_COLOUR('',#11260);
#12059 = OVER_RIDING_STYLED_ITEM('overriding color',(#12060),#8431,
  #11200);
#12060 = PRESENTATION_STYLE_ASSIGNMENT((#12061));
#12061 = SURFACE_STYLE_USAGE(.BOTH.,#12062);
#12062 = SURFACE_SIDE_STYLE('',(#12063));
#12063 = SURFACE_STYLE_FILL_AREA(#12064);
#12064 = FILL_AREA_STYLE('',(#12065));
#12065 = FILL_AREA_STYLE_COLOUR('',#11260);
#12066 = OVER_RIDING_STYLED_ITEM('overriding color',(#12067),#8459,
  #11200);
#12067 = PRESENTATION_STYLE_ASSIGNMENT((#12068));
#12068 = SURFACE_STYLE_USAGE(.BOTH.,#12069);
#12069 = SURFACE_SIDE_STYLE('',(#12070));
#12070 = SURFACE_STYLE_FILL_AREA(#12071);
#12071 = FILL_AREA_STYLE('',(#12072));
#12072 = FILL_AREA_STYLE_COLOUR('',#11260);
#12073 = OVER_RIDING_STYLED_ITEM('overriding color',(#12074),#8487,
  #11200);
#12074 = PRESENTATION_STYLE_ASSIGNMENT((#12075));
#12075 = SURFACE_STYLE_USAGE(.BOTH.,#12076);
#12076 = SURFACE_SIDE_STYLE('',(#12077));
#12077 = SURFACE_STYLE_FILL_AREA(#12078);
#12078 = FILL_AREA_STYLE('',(#12079));
#12079 = FILL_AREA_STYLE_COLOUR('',#11260);
#12080 = OVER_RIDING_STYLED_ITEM('overriding color',(#12081),#8515,
  #11200);
#12081 = PRESENTATION_STYLE_ASSIGNMENT((#12082));
#12082 = SURFACE_STYLE_USAGE(.BOTH.,#12083);
#12083 = SURFACE_SIDE_STYLE('',(#12084));
#12084 = SURFACE_STYLE_FILL_AREA(#12085);
#12085 = FILL_AREA_STYLE('',(#12086));
#12086 = FILL_AREA_STYLE_COLOUR('',#11260);
#12087 = OVER_RIDING_STYLED_ITEM('overriding color',(#12088),#8543,
  #11200);
#12088 = PRESENTATION_STYLE_ASSIGNMENT((#12089));
#12089 = SURFACE_STYLE_USAGE(.BOTH.,#12090);
#12090 = SURFACE_SIDE_STYLE('',(#12091));
#12091 = SURFACE_STYLE_FILL_AREA(#12092);
#12092 = FILL_AREA_STYLE('',(#12093));
#12093 = FILL_AREA_STYLE_COLOUR('',#11260);
#12094 = OVER_RIDING_STYLED_ITEM('overriding color',(#12095),#8571,
  #11200);
#12095 = PRESENTATION_STYLE_ASSIGNMENT((#12096));
#12096 = SURFACE_STYLE_USAGE(.BOTH.,#12097);
#12097 = SURFACE_SIDE_STYLE('',(#12098));
#12098 = SURFACE_STYLE_FILL_AREA(#12099);
#12099 = FILL_AREA_STYLE('',(#12100));
#12100 = FILL_AREA_STYLE_COLOUR('',#11260);
#12101 = OVER_RIDING_STYLED_ITEM('overriding color',(#12102),#8599,
  #11200);
#12102 = PRESENTATION_STYLE_ASSIGNMENT((#12103));
#12103 = SURFACE_STYLE_USAGE(.BOTH.,#12104);
#12104 = SURFACE_SIDE_STYLE('',(#12105));
#12105 = SURFACE_STYLE_FILL_AREA(#12106);
#12106 = FILL_AREA_STYLE('',(#12107));
#12107 = FILL_AREA_STYLE_COLOUR('',#11260);
#12108 = OVER_RIDING_STYLED_ITEM('overriding color',(#12109),#8621,
  #11200);
#12109 = PRESENTATION_STYLE_ASSIGNMENT((#12110));
#12110 = SURFACE_STYLE_USAGE(.BOTH.,#12111);
#12111 = SURFACE_SIDE_STYLE('',(#12112));
#12112 = SURFACE_STYLE_FILL_AREA(#12113);
#12113 = FILL_AREA_STYLE('',(#12114));
#12114 = FILL_AREA_STYLE_COLOUR('',#11260);
#12115 = OVER_RIDING_STYLED_ITEM('overriding color',(#12116),#8650,
  #11200);
#12116 = PRESENTATION_STYLE_ASSIGNMENT((#12117));
#12117 = SURFACE_STYLE_USAGE(.BOTH.,#12118);
#12118 = SURFACE_SIDE_STYLE('',(#12119));
#12119 = SURFACE_STYLE_FILL_AREA(#12120);
#12120 = FILL_AREA_STYLE('',(#12121));
#12121 = FILL_AREA_STYLE_COLOUR('',#11260);
#12122 = OVER_RIDING_STYLED_ITEM('overriding color',(#12123),#8678,
  #11200);
#12123 = PRESENTATION_STYLE_ASSIGNMENT((#12124));
#12124 = SURFACE_STYLE_USAGE(.BOTH.,#12125);
#12125 = SURFACE_SIDE_STYLE('',(#12126));
#12126 = SURFACE_STYLE_FILL_AREA(#12127);
#12127 = FILL_AREA_STYLE('',(#12128));
#12128 = FILL_AREA_STYLE_COLOUR('',#11260);
#12129 = OVER_RIDING_STYLED_ITEM('overriding color',(#12130),#8700,
  #11200);
#12130 = PRESENTATION_STYLE_ASSIGNMENT((#12131));
#12131 = SURFACE_STYLE_USAGE(.BOTH.,#12132);
#12132 = SURFACE_SIDE_STYLE('',(#12133));
#12133 = SURFACE_STYLE_FILL_AREA(#12134);
#12134 = FILL_AREA_STYLE('',(#12135));
#12135 = FILL_AREA_STYLE_COLOUR('',#11260);
#12136 = OVER_RIDING_STYLED_ITEM('overriding color',(#12137),#8728,
  #11200);
#12137 = PRESENTATION_STYLE_ASSIGNMENT((#12138));
#12138 = SURFACE_STYLE_USAGE(.BOTH.,#12139);
#12139 = SURFACE_SIDE_STYLE('',(#12140));
#12140 = SURFACE_STYLE_FILL_AREA(#12141);
#12141 = FILL_AREA_STYLE('',(#12142));
#12142 = FILL_AREA_STYLE_COLOUR('',#11260);
#12143 = OVER_RIDING_STYLED_ITEM('overriding color',(#12144),#8750,
  #11200);
#12144 = PRESENTATION_STYLE_ASSIGNMENT((#12145));
#12145 = SURFACE_STYLE_USAGE(.BOTH.,#12146);
#12146 = SURFACE_SIDE_STYLE('',(#12147));
#12147 = SURFACE_STYLE_FILL_AREA(#12148);
#12148 = FILL_AREA_STYLE('',(#12149));
#12149 = FILL_AREA_STYLE_COLOUR('',#11260);
#12150 = OVER_RIDING_STYLED_ITEM('overriding color',(#12151),#8772,
  #11200);
#12151 = PRESENTATION_STYLE_ASSIGNMENT((#12152));
#12152 = SURFACE_STYLE_USAGE(.BOTH.,#12153);
#12153 = SURFACE_SIDE_STYLE('',(#12154));
#12154 = SURFACE_STYLE_FILL_AREA(#12155);
#12155 = FILL_AREA_STYLE('',(#12156));
#12156 = FILL_AREA_STYLE_COLOUR('',#11260);
#12157 = OVER_RIDING_STYLED_ITEM('overriding color',(#12158),#8794,
  #11200);
#12158 = PRESENTATION_STYLE_ASSIGNMENT((#12159));
#12159 = SURFACE_STYLE_USAGE(.BOTH.,#12160);
#12160 = SURFACE_SIDE_STYLE('',(#12161));
#12161 = SURFACE_STYLE_FILL_AREA(#12162);
#12162 = FILL_AREA_STYLE('',(#12163));
#12163 = FILL_AREA_STYLE_COLOUR('',#11260);
#12164 = OVER_RIDING_STYLED_ITEM('overriding color',(#12165),#8816,
  #11200);
#12165 = PRESENTATION_STYLE_ASSIGNMENT((#12166));
#12166 = SURFACE_STYLE_USAGE(.BOTH.,#12167);
#12167 = SURFACE_SIDE_STYLE('',(#12168));
#12168 = SURFACE_STYLE_FILL_AREA(#12169);
#12169 = FILL_AREA_STYLE('',(#12170));
#12170 = FILL_AREA_STYLE_COLOUR('',#11260);
#12171 = OVER_RIDING_STYLED_ITEM('overriding color',(#12172),#8838,
  #11200);
#12172 = PRESENTATION_STYLE_ASSIGNMENT((#12173));
#12173 = SURFACE_STYLE_USAGE(.BOTH.,#12174);
#12174 = SURFACE_SIDE_STYLE('',(#12175));
#12175 = SURFACE_STYLE_FILL_AREA(#12176);
#12176 = FILL_AREA_STYLE('',(#12177));
#12177 = FILL_AREA_STYLE_COLOUR('',#11260);
#12178 = OVER_RIDING_STYLED_ITEM('overriding color',(#12179),#8860,
  #11200);
#12179 = PRESENTATION_STYLE_ASSIGNMENT((#12180));
#12180 = SURFACE_STYLE_USAGE(.BOTH.,#12181);
#12181 = SURFACE_SIDE_STYLE('',(#12182));
#12182 = SURFACE_STYLE_FILL_AREA(#12183);
#12183 = FILL_AREA_STYLE('',(#12184));
#12184 = FILL_AREA_STYLE_COLOUR('',#11260);
#12185 = OVER_RIDING_STYLED_ITEM('overriding color',(#12186),#8888,
  #11200);
#12186 = PRESENTATION_STYLE_ASSIGNMENT((#12187));
#12187 = SURFACE_STYLE_USAGE(.BOTH.,#12188);
#12188 = SURFACE_SIDE_STYLE('',(#12189));
#12189 = SURFACE_STYLE_FILL_AREA(#12190);
#12190 = FILL_AREA_STYLE('',(#12191));
#12191 = FILL_AREA_STYLE_COLOUR('',#11260);
#12192 = OVER_RIDING_STYLED_ITEM('overriding color',(#12193),#8916,
  #11200);
#12193 = PRESENTATION_STYLE_ASSIGNMENT((#12194));
#12194 = SURFACE_STYLE_USAGE(.BOTH.,#12195);
#12195 = SURFACE_SIDE_STYLE('',(#12196));
#12196 = SURFACE_STYLE_FILL_AREA(#12197);
#12197 = FILL_AREA_STYLE('',(#12198));
#12198 = FILL_AREA_STYLE_COLOUR('',#11260);
#12199 = OVER_RIDING_STYLED_ITEM('overriding color',(#12200),#8938,
  #11200);
#12200 = PRESENTATION_STYLE_ASSIGNMENT((#12201));
#12201 = SURFACE_STYLE_USAGE(.BOTH.,#12202);
#12202 = SURFACE_SIDE_STYLE('',(#12203));
#12203 = SURFACE_STYLE_FILL_AREA(#12204);
#12204 = FILL_AREA_STYLE('',(#12205));
#12205 = FILL_AREA_STYLE_COLOUR('',#11260);
#12206 = OVER_RIDING_STYLED_ITEM('overriding color',(#12207),#8966,
  #11200);
#12207 = PRESENTATION_STYLE_ASSIGNMENT((#12208));
#12208 = SURFACE_STYLE_USAGE(.BOTH.,#12209);
#12209 = SURFACE_SIDE_STYLE('',(#12210));
#12210 = SURFACE_STYLE_FILL_AREA(#12211);
#12211 = FILL_AREA_STYLE('',(#12212));
#12212 = FILL_AREA_STYLE_COLOUR('',#11260);
#12213 = OVER_RIDING_STYLED_ITEM('overriding color',(#12214),#8994,
  #11200);
#12214 = PRESENTATION_STYLE_ASSIGNMENT((#12215));
#12215 = SURFACE_STYLE_USAGE(.BOTH.,#12216);
#12216 = SURFACE_SIDE_STYLE('',(#12217));
#12217 = SURFACE_STYLE_FILL_AREA(#12218);
#12218 = FILL_AREA_STYLE('',(#12219));
#12219 = FILL_AREA_STYLE_COLOUR('',#11260);
#12220 = OVER_RIDING_STYLED_ITEM('overriding color',(#12221),#9010,
  #11200);
#12221 = PRESENTATION_STYLE_ASSIGNMENT((#12222));
#12222 = SURFACE_STYLE_USAGE(.BOTH.,#12223);
#12223 = SURFACE_SIDE_STYLE('',(#12224));
#12224 = SURFACE_STYLE_FILL_AREA(#12225);
#12225 = FILL_AREA_STYLE('',(#12226));
#12226 = FILL_AREA_STYLE_COLOUR('',#11260);
#12227 = OVER_RIDING_STYLED_ITEM('overriding color',(#12228),#9033,
  #11200);
#12228 = PRESENTATION_STYLE_ASSIGNMENT((#12229));
#12229 = SURFACE_STYLE_USAGE(.BOTH.,#12230);
#12230 = SURFACE_SIDE_STYLE('',(#12231));
#12231 = SURFACE_STYLE_FILL_AREA(#12232);
#12232 = FILL_AREA_STYLE('',(#12233));
#12233 = FILL_AREA_STYLE_COLOUR('',#11260);
#12234 = OVER_RIDING_STYLED_ITEM('overriding color',(#12235),#9061,
  #11200);
#12235 = PRESENTATION_STYLE_ASSIGNMENT((#12236));
#12236 = SURFACE_STYLE_USAGE(.BOTH.,#12237);
#12237 = SURFACE_SIDE_STYLE('',(#12238));
#12238 = SURFACE_STYLE_FILL_AREA(#12239);
#12239 = FILL_AREA_STYLE('',(#12240));
#12240 = FILL_AREA_STYLE_COLOUR('',#11260);
#12241 = OVER_RIDING_STYLED_ITEM('overriding color',(#12242),#9083,
  #11200);
#12242 = PRESENTATION_STYLE_ASSIGNMENT((#12243));
#12243 = SURFACE_STYLE_USAGE(.BOTH.,#12244);
#12244 = SURFACE_SIDE_STYLE('',(#12245));
#12245 = SURFACE_STYLE_FILL_AREA(#12246);
#12246 = FILL_AREA_STYLE('',(#12247));
#12247 = FILL_AREA_STYLE_COLOUR('',#11260);
#12248 = OVER_RIDING_STYLED_ITEM('overriding color',(#12249),#9105,
  #11200);
#12249 = PRESENTATION_STYLE_ASSIGNMENT((#12250));
#12250 = SURFACE_STYLE_USAGE(.BOTH.,#12251);
#12251 = SURFACE_SIDE_STYLE('',(#12252));
#12252 = SURFACE_STYLE_FILL_AREA(#12253);
#12253 = FILL_AREA_STYLE('',(#12254));
#12254 = FILL_AREA_STYLE_COLOUR('',#11260);
#12255 = OVER_RIDING_STYLED_ITEM('overriding color',(#12256),#9127,
  #11200);
#12256 = PRESENTATION_STYLE_ASSIGNMENT((#12257));
#12257 = SURFACE_STYLE_USAGE(.BOTH.,#12258);
#12258 = SURFACE_SIDE_STYLE('',(#12259));
#12259 = SURFACE_STYLE_FILL_AREA(#12260);
#12260 = FILL_AREA_STYLE('',(#12261));
#12261 = FILL_AREA_STYLE_COLOUR('',#11260);
#12262 = OVER_RIDING_STYLED_ITEM('overriding color',(#12263),#9149,
  #11200);
#12263 = PRESENTATION_STYLE_ASSIGNMENT((#12264));
#12264 = SURFACE_STYLE_USAGE(.BOTH.,#12265);
#12265 = SURFACE_SIDE_STYLE('',(#12266));
#12266 = SURFACE_STYLE_FILL_AREA(#12267);
#12267 = FILL_AREA_STYLE('',(#12268));
#12268 = FILL_AREA_STYLE_COLOUR('',#11260);
#12269 = OVER_RIDING_STYLED_ITEM('overriding color',(#12270),#9171,
  #11200);
#12270 = PRESENTATION_STYLE_ASSIGNMENT((#12271));
#12271 = SURFACE_STYLE_USAGE(.BOTH.,#12272);
#12272 = SURFACE_SIDE_STYLE('',(#12273));
#12273 = SURFACE_STYLE_FILL_AREA(#12274);
#12274 = FILL_AREA_STYLE('',(#12275));
#12275 = FILL_AREA_STYLE_COLOUR('',#11260);
#12276 = OVER_RIDING_STYLED_ITEM('overriding color',(#12277),#9193,
  #11200);
#12277 = PRESENTATION_STYLE_ASSIGNMENT((#12278));
#12278 = SURFACE_STYLE_USAGE(.BOTH.,#12279);
#12279 = SURFACE_SIDE_STYLE('',(#12280));
#12280 = SURFACE_STYLE_FILL_AREA(#12281);
#12281 = FILL_AREA_STYLE('',(#12282));
#12282 = FILL_AREA_STYLE_COLOUR('',#11260);
#12283 = OVER_RIDING_STYLED_ITEM('overriding color',(#12284),#9215,
  #11200);
#12284 = PRESENTATION_STYLE_ASSIGNMENT((#12285));
#12285 = SURFACE_STYLE_USAGE(.BOTH.,#12286);
#12286 = SURFACE_SIDE_STYLE('',(#12287));
#12287 = SURFACE_STYLE_FILL_AREA(#12288);
#12288 = FILL_AREA_STYLE('',(#12289));
#12289 = FILL_AREA_STYLE_COLOUR('',#11260);
#12290 = OVER_RIDING_STYLED_ITEM('overriding color',(#12291),#9237,
  #11200);
#12291 = PRESENTATION_STYLE_ASSIGNMENT((#12292));
#12292 = SURFACE_STYLE_USAGE(.BOTH.,#12293);
#12293 = SURFACE_SIDE_STYLE('',(#12294));
#12294 = SURFACE_STYLE_FILL_AREA(#12295);
#12295 = FILL_AREA_STYLE('',(#12296));
#12296 = FILL_AREA_STYLE_COLOUR('',#11260);
#12297 = OVER_RIDING_STYLED_ITEM('overriding color',(#12298),#9259,
  #11200);
#12298 = PRESENTATION_STYLE_ASSIGNMENT((#12299));
#12299 = SURFACE_STYLE_USAGE(.BOTH.,#12300);
#12300 = SURFACE_SIDE_STYLE('',(#12301));
#12301 = SURFACE_STYLE_FILL_AREA(#12302);
#12302 = FILL_AREA_STYLE('',(#12303));
#12303 = FILL_AREA_STYLE_COLOUR('',#11260);
#12304 = OVER_RIDING_STYLED_ITEM('overriding color',(#12305),#9281,
  #11200);
#12305 = PRESENTATION_STYLE_ASSIGNMENT((#12306));
#12306 = SURFACE_STYLE_USAGE(.BOTH.,#12307);
#12307 = SURFACE_SIDE_STYLE('',(#12308));
#12308 = SURFACE_STYLE_FILL_AREA(#12309);
#12309 = FILL_AREA_STYLE('',(#12310));
#12310 = FILL_AREA_STYLE_COLOUR('',#11260);
#12311 = OVER_RIDING_STYLED_ITEM('overriding color',(#12312),#9297,
  #11200);
#12312 = PRESENTATION_STYLE_ASSIGNMENT((#12313));
#12313 = SURFACE_STYLE_USAGE(.BOTH.,#12314);
#12314 = SURFACE_SIDE_STYLE('',(#12315));
#12315 = SURFACE_STYLE_FILL_AREA(#12316);
#12316 = FILL_AREA_STYLE('',(#12317));
#12317 = FILL_AREA_STYLE_COLOUR('',#11260);
#12318 = OVER_RIDING_STYLED_ITEM('overriding color',(#12319),#9317,
  #11200);
#12319 = PRESENTATION_STYLE_ASSIGNMENT((#12320));
#12320 = SURFACE_STYLE_USAGE(.BOTH.,#12321);
#12321 = SURFACE_SIDE_STYLE('',(#12322));
#12322 = SURFACE_STYLE_FILL_AREA(#12323);
#12323 = FILL_AREA_STYLE('',(#12324));
#12324 = FILL_AREA_STYLE_COLOUR('',#11260);
#12325 = OVER_RIDING_STYLED_ITEM('overriding color',(#12326),#9441,
  #11200);
#12326 = PRESENTATION_STYLE_ASSIGNMENT((#12327));
#12327 = SURFACE_STYLE_USAGE(.BOTH.,#12328);
#12328 = SURFACE_SIDE_STYLE('',(#12329));
#12329 = SURFACE_STYLE_FILL_AREA(#12330);
#12330 = FILL_AREA_STYLE('',(#12331));
#12331 = FILL_AREA_STYLE_COLOUR('',#11260);
#12332 = OVER_RIDING_STYLED_ITEM('overriding color',(#12333),#9461,
  #11200);
#12333 = PRESENTATION_STYLE_ASSIGNMENT((#12334));
#12334 = SURFACE_STYLE_USAGE(.BOTH.,#12335);
#12335 = SURFACE_SIDE_STYLE('',(#12336));
#12336 = SURFACE_STYLE_FILL_AREA(#12337);
#12337 = FILL_AREA_STYLE('',(#12338));
#12338 = FILL_AREA_STYLE_COLOUR('',#11260);
#12339 = OVER_RIDING_STYLED_ITEM('overriding color',(#12340),#9481,
  #11200);
#12340 = PRESENTATION_STYLE_ASSIGNMENT((#12341));
#12341 = SURFACE_STYLE_USAGE(.BOTH.,#12342);
#12342 = SURFACE_SIDE_STYLE('',(#12343));
#12343 = SURFACE_STYLE_FILL_AREA(#12344);
#12344 = FILL_AREA_STYLE('',(#12345));
#12345 = FILL_AREA_STYLE_COLOUR('',#11260);
#12346 = OVER_RIDING_STYLED_ITEM('overriding color',(#12347),#9501,
  #11200);
#12347 = PRESENTATION_STYLE_ASSIGNMENT((#12348));
#12348 = SURFACE_STYLE_USAGE(.BOTH.,#12349);
#12349 = SURFACE_SIDE_STYLE('',(#12350));
#12350 = SURFACE_STYLE_FILL_AREA(#12351);
#12351 = FILL_AREA_STYLE('',(#12352));
#12352 = FILL_AREA_STYLE_COLOUR('',#11260);
#12353 = OVER_RIDING_STYLED_ITEM('overriding color',(#12354),#9521,
  #11200);
#12354 = PRESENTATION_STYLE_ASSIGNMENT((#12355));
#12355 = SURFACE_STYLE_USAGE(.BOTH.,#12356);
#12356 = SURFACE_SIDE_STYLE('',(#12357));
#12357 = SURFACE_STYLE_FILL_AREA(#12358);
#12358 = FILL_AREA_STYLE('',(#12359));
#12359 = FILL_AREA_STYLE_COLOUR('',#11260);
#12360 = OVER_RIDING_STYLED_ITEM('overriding color',(#12361),#9541,
  #11200);
#12361 = PRESENTATION_STYLE_ASSIGNMENT((#12362));
#12362 = SURFACE_STYLE_USAGE(.BOTH.,#12363);
#12363 = SURFACE_SIDE_STYLE('',(#12364));
#12364 = SURFACE_STYLE_FILL_AREA(#12365);
#12365 = FILL_AREA_STYLE('',(#12366));
#12366 = FILL_AREA_STYLE_COLOUR('',#11260);
#12367 = OVER_RIDING_STYLED_ITEM('overriding color',(#12368),#9557,
  #11200);
#12368 = PRESENTATION_STYLE_ASSIGNMENT((#12369));
#12369 = SURFACE_STYLE_USAGE(.BOTH.,#12370);
#12370 = SURFACE_SIDE_STYLE('',(#12371));
#12371 = SURFACE_STYLE_FILL_AREA(#12372);
#12372 = FILL_AREA_STYLE('',(#12373));
#12373 = FILL_AREA_STYLE_COLOUR('',#11260);
#12374 = OVER_RIDING_STYLED_ITEM('overriding color',(#12375),#9569,
  #11200);
#12375 = PRESENTATION_STYLE_ASSIGNMENT((#12376));
#12376 = SURFACE_STYLE_USAGE(.BOTH.,#12377);
#12377 = SURFACE_SIDE_STYLE('',(#12378));
#12378 = SURFACE_STYLE_FILL_AREA(#12379);
#12379 = FILL_AREA_STYLE('',(#12380));
#12380 = FILL_AREA_STYLE_COLOUR('',#11260);
#12381 = OVER_RIDING_STYLED_ITEM('overriding color',(#12382),#9597,
  #11200);
#12382 = PRESENTATION_STYLE_ASSIGNMENT((#12383));
#12383 = SURFACE_STYLE_USAGE(.BOTH.,#12384);
#12384 = SURFACE_SIDE_STYLE('',(#12385));
#12385 = SURFACE_STYLE_FILL_AREA(#12386);
#12386 = FILL_AREA_STYLE('',(#12387));
#12387 = FILL_AREA_STYLE_COLOUR('',#11260);
#12388 = OVER_RIDING_STYLED_ITEM('overriding color',(#12389),#9619,
  #11200);
#12389 = PRESENTATION_STYLE_ASSIGNMENT((#12390));
#12390 = SURFACE_STYLE_USAGE(.BOTH.,#12391);
#12391 = SURFACE_SIDE_STYLE('',(#12392));
#12392 = SURFACE_STYLE_FILL_AREA(#12393);
#12393 = FILL_AREA_STYLE('',(#12394));
#12394 = FILL_AREA_STYLE_COLOUR('',#11260);
#12395 = OVER_RIDING_STYLED_ITEM('overriding color',(#12396),#9641,
  #11200);
#12396 = PRESENTATION_STYLE_ASSIGNMENT((#12397));
#12397 = SURFACE_STYLE_USAGE(.BOTH.,#12398);
#12398 = SURFACE_SIDE_STYLE('',(#12399));
#12399 = SURFACE_STYLE_FILL_AREA(#12400);
#12400 = FILL_AREA_STYLE('',(#12401));
#12401 = FILL_AREA_STYLE_COLOUR('',#11260);
#12402 = OVER_RIDING_STYLED_ITEM('overriding color',(#12403),#9669,
  #11200);
#12403 = PRESENTATION_STYLE_ASSIGNMENT((#12404));
#12404 = SURFACE_STYLE_USAGE(.BOTH.,#12405);
#12405 = SURFACE_SIDE_STYLE('',(#12406));
#12406 = SURFACE_STYLE_FILL_AREA(#12407);
#12407 = FILL_AREA_STYLE('',(#12408));
#12408 = FILL_AREA_STYLE_COLOUR('',#11260);
#12409 = OVER_RIDING_STYLED_ITEM('overriding color',(#12410),#9697,
  #11200);
#12410 = PRESENTATION_STYLE_ASSIGNMENT((#12411));
#12411 = SURFACE_STYLE_USAGE(.BOTH.,#12412);
#12412 = SURFACE_SIDE_STYLE('',(#12413));
#12413 = SURFACE_STYLE_FILL_AREA(#12414);
#12414 = FILL_AREA_STYLE('',(#12415));
#12415 = FILL_AREA_STYLE_COLOUR('',#11260);
#12416 = OVER_RIDING_STYLED_ITEM('overriding color',(#12417),#9725,
  #11200);
#12417 = PRESENTATION_STYLE_ASSIGNMENT((#12418));
#12418 = SURFACE_STYLE_USAGE(.BOTH.,#12419);
#12419 = SURFACE_SIDE_STYLE('',(#12420));
#12420 = SURFACE_STYLE_FILL_AREA(#12421);
#12421 = FILL_AREA_STYLE('',(#12422));
#12422 = FILL_AREA_STYLE_COLOUR('',#11260);
#12423 = OVER_RIDING_STYLED_ITEM('overriding color',(#12424),#9762,
  #11200);
#12424 = PRESENTATION_STYLE_ASSIGNMENT((#12425));
#12425 = SURFACE_STYLE_USAGE(.BOTH.,#12426);
#12426 = SURFACE_SIDE_STYLE('',(#12427));
#12427 = SURFACE_STYLE_FILL_AREA(#12428);
#12428 = FILL_AREA_STYLE('',(#12429));
#12429 = FILL_AREA_STYLE_COLOUR('',#11260);
#12430 = OVER_RIDING_STYLED_ITEM('overriding color',(#12431),#9874,
  #11200);
#12431 = PRESENTATION_STYLE_ASSIGNMENT((#12432));
#12432 = SURFACE_STYLE_USAGE(.BOTH.,#12433);
#12433 = SURFACE_SIDE_STYLE('',(#12434));
#12434 = SURFACE_STYLE_FILL_AREA(#12435);
#12435 = FILL_AREA_STYLE('',(#12436));
#12436 = FILL_AREA_STYLE_COLOUR('',#11260);
#12437 = OVER_RIDING_STYLED_ITEM('overriding color',(#12438),#9894,
  #11200);
#12438 = PRESENTATION_STYLE_ASSIGNMENT((#12439));
#12439 = SURFACE_STYLE_USAGE(.BOTH.,#12440);
#12440 = SURFACE_SIDE_STYLE('',(#12441));
#12441 = SURFACE_STYLE_FILL_AREA(#12442);
#12442 = FILL_AREA_STYLE('',(#12443));
#12443 = FILL_AREA_STYLE_COLOUR('',#11260);
#12444 = OVER_RIDING_STYLED_ITEM('overriding color',(#12445),#9910,
  #11200);
#12445 = PRESENTATION_STYLE_ASSIGNMENT((#12446));
#12446 = SURFACE_STYLE_USAGE(.BOTH.,#12447);
#12447 = SURFACE_SIDE_STYLE('',(#12448));
#12448 = SURFACE_STYLE_FILL_AREA(#12449);
#12449 = FILL_AREA_STYLE('',(#12450));
#12450 = FILL_AREA_STYLE_COLOUR('',#11260);
#12451 = OVER_RIDING_STYLED_ITEM('overriding color',(#12452),#9926,
  #11200);
#12452 = PRESENTATION_STYLE_ASSIGNMENT((#12453));
#12453 = SURFACE_STYLE_USAGE(.BOTH.,#12454);
#12454 = SURFACE_SIDE_STYLE('',(#12455));
#12455 = SURFACE_STYLE_FILL_AREA(#12456);
#12456 = FILL_AREA_STYLE('',(#12457));
#12457 = FILL_AREA_STYLE_COLOUR('',#11260);
#12458 = OVER_RIDING_STYLED_ITEM('overriding color',(#12459),#9942,
  #11200);
#12459 = PRESENTATION_STYLE_ASSIGNMENT((#12460));
#12460 = SURFACE_STYLE_USAGE(.BOTH.,#12461);
#12461 = SURFACE_SIDE_STYLE('',(#12462));
#12462 = SURFACE_STYLE_FILL_AREA(#12463);
#12463 = FILL_AREA_STYLE('',(#12464));
#12464 = FILL_AREA_STYLE_COLOUR('',#11260);
#12465 = OVER_RIDING_STYLED_ITEM('overriding color',(#12466),#9958,
  #11200);
#12466 = PRESENTATION_STYLE_ASSIGNMENT((#12467));
#12467 = SURFACE_STYLE_USAGE(.BOTH.,#12468);
#12468 = SURFACE_SIDE_STYLE('',(#12469));
#12469 = SURFACE_STYLE_FILL_AREA(#12470);
#12470 = FILL_AREA_STYLE('',(#12471));
#12471 = FILL_AREA_STYLE_COLOUR('',#11260);
#12472 = OVER_RIDING_STYLED_ITEM('overriding color',(#12473),#9974,
  #11200);
#12473 = PRESENTATION_STYLE_ASSIGNMENT((#12474));
#12474 = SURFACE_STYLE_USAGE(.BOTH.,#12475);
#12475 = SURFACE_SIDE_STYLE('',(#12476));
#12476 = SURFACE_STYLE_FILL_AREA(#12477);
#12477 = FILL_AREA_STYLE('',(#12478));
#12478 = FILL_AREA_STYLE_COLOUR('',#11260);
#12479 = OVER_RIDING_STYLED_ITEM('overriding color',(#12480),#9990,
  #11200);
#12480 = PRESENTATION_STYLE_ASSIGNMENT((#12481));
#12481 = SURFACE_STYLE_USAGE(.BOTH.,#12482);
#12482 = SURFACE_SIDE_STYLE('',(#12483));
#12483 = SURFACE_STYLE_FILL_AREA(#12484);
#12484 = FILL_AREA_STYLE('',(#12485));
#12485 = FILL_AREA_STYLE_COLOUR('',#11260);
#12486 = OVER_RIDING_STYLED_ITEM('overriding color',(#12487),#10002,
  #11200);
#12487 = PRESENTATION_STYLE_ASSIGNMENT((#12488));
#12488 = SURFACE_STYLE_USAGE(.BOTH.,#12489);
#12489 = SURFACE_SIDE_STYLE('',(#12490));
#12490 = SURFACE_STYLE_FILL_AREA(#12491);
#12491 = FILL_AREA_STYLE('',(#12492));
#12492 = FILL_AREA_STYLE_COLOUR('',#11260);
#12493 = OVER_RIDING_STYLED_ITEM('overriding color',(#12494),#10030,
  #11200);
#12494 = PRESENTATION_STYLE_ASSIGNMENT((#12495));
#12495 = SURFACE_STYLE_USAGE(.BOTH.,#12496);
#12496 = SURFACE_SIDE_STYLE('',(#12497));
#12497 = SURFACE_STYLE_FILL_AREA(#12498);
#12498 = FILL_AREA_STYLE('',(#12499));
#12499 = FILL_AREA_STYLE_COLOUR('',#11260);
#12500 = OVER_RIDING_STYLED_ITEM('overriding color',(#12501),#10052,
  #11200);
#12501 = PRESENTATION_STYLE_ASSIGNMENT((#12502));
#12502 = SURFACE_STYLE_USAGE(.BOTH.,#12503);
#12503 = SURFACE_SIDE_STYLE('',(#12504));
#12504 = SURFACE_STYLE_FILL_AREA(#12505);
#12505 = FILL_AREA_STYLE('',(#12506));
#12506 = FILL_AREA_STYLE_COLOUR('',#11260);
#12507 = OVER_RIDING_STYLED_ITEM('overriding color',(#12508),#10080,
  #11200);
#12508 = PRESENTATION_STYLE_ASSIGNMENT((#12509));
#12509 = SURFACE_STYLE_USAGE(.BOTH.,#12510);
#12510 = SURFACE_SIDE_STYLE('',(#12511));
#12511 = SURFACE_STYLE_FILL_AREA(#12512);
#12512 = FILL_AREA_STYLE('',(#12513));
#12513 = FILL_AREA_STYLE_COLOUR('',#11260);
#12514 = OVER_RIDING_STYLED_ITEM('overriding color',(#12515),#10102,
  #11200);
#12515 = PRESENTATION_STYLE_ASSIGNMENT((#12516));
#12516 = SURFACE_STYLE_USAGE(.BOTH.,#12517);
#12517 = SURFACE_SIDE_STYLE('',(#12518));
#12518 = SURFACE_STYLE_FILL_AREA(#12519);
#12519 = FILL_AREA_STYLE('',(#12520));
#12520 = FILL_AREA_STYLE_COLOUR('',#11260);
#12521 = OVER_RIDING_STYLED_ITEM('overriding color',(#12522),#10130,
  #11200);
#12522 = PRESENTATION_STYLE_ASSIGNMENT((#12523));
#12523 = SURFACE_STYLE_USAGE(.BOTH.,#12524);
#12524 = SURFACE_SIDE_STYLE('',(#12525));
#12525 = SURFACE_STYLE_FILL_AREA(#12526);
#12526 = FILL_AREA_STYLE('',(#12527));
#12527 = FILL_AREA_STYLE_COLOUR('',#11260);
#12528 = OVER_RIDING_STYLED_ITEM('overriding color',(#12529),#10160,
  #11200);
#12529 = PRESENTATION_STYLE_ASSIGNMENT((#12530));
#12530 = SURFACE_STYLE_USAGE(.BOTH.,#12531);
#12531 = SURFACE_SIDE_STYLE('',(#12532));
#12532 = SURFACE_STYLE_FILL_AREA(#12533);
#12533 = FILL_AREA_STYLE('',(#12534));
#12534 = FILL_AREA_STYLE_COLOUR('',#11260);
#12535 = OVER_RIDING_STYLED_ITEM('overriding color',(#12536),#10480,
  #11200);
#12536 = PRESENTATION_STYLE_ASSIGNMENT((#12537));
#12537 = SURFACE_STYLE_USAGE(.BOTH.,#12538);
#12538 = SURFACE_SIDE_STYLE('',(#12539));
#12539 = SURFACE_STYLE_FILL_AREA(#12540);
#12540 = FILL_AREA_STYLE('',(#12541));
#12541 = FILL_AREA_STYLE_COLOUR('',#11260);
#12542 = OVER_RIDING_STYLED_ITEM('overriding color',(#12543),#10504,
  #11200);
#12543 = PRESENTATION_STYLE_ASSIGNMENT((#12544));
#12544 = SURFACE_STYLE_USAGE(.BOTH.,#12545);
#12545 = SURFACE_SIDE_STYLE('',(#12546));
#12546 = SURFACE_STYLE_FILL_AREA(#12547);
#12547 = FILL_AREA_STYLE('',(#12548));
#12548 = FILL_AREA_STYLE_COLOUR('',#11260);
#12549 = OVER_RIDING_STYLED_ITEM('overriding color',(#12550),#10524,
  #11200);
#12550 = PRESENTATION_STYLE_ASSIGNMENT((#12551));
#12551 = SURFACE_STYLE_USAGE(.BOTH.,#12552);
#12552 = SURFACE_SIDE_STYLE('',(#12553));
#12553 = SURFACE_STYLE_FILL_AREA(#12554);
#12554 = FILL_AREA_STYLE('',(#12555));
#12555 = FILL_AREA_STYLE_COLOUR('',#11260);
#12556 = OVER_RIDING_STYLED_ITEM('overriding color',(#12557),#10544,
  #11200);
#12557 = PRESENTATION_STYLE_ASSIGNMENT((#12558));
#12558 = SURFACE_STYLE_USAGE(.BOTH.,#12559);
#12559 = SURFACE_SIDE_STYLE('',(#12560));
#12560 = SURFACE_STYLE_FILL_AREA(#12561);
#12561 = FILL_AREA_STYLE('',(#12562));
#12562 = FILL_AREA_STYLE_COLOUR('',#11260);
#12563 = OVER_RIDING_STYLED_ITEM('overriding color',(#12564),#10564,
  #11200);
#12564 = PRESENTATION_STYLE_ASSIGNMENT((#12565));
#12565 = SURFACE_STYLE_USAGE(.BOTH.,#12566);
#12566 = SURFACE_SIDE_STYLE('',(#12567));
#12567 = SURFACE_STYLE_FILL_AREA(#12568);
#12568 = FILL_AREA_STYLE('',(#12569));
#12569 = FILL_AREA_STYLE_COLOUR('',#11260);
#12570 = OVER_RIDING_STYLED_ITEM('overriding color',(#12571),#10584,
  #11200);
#12571 = PRESENTATION_STYLE_ASSIGNMENT((#12572));
#12572 = SURFACE_STYLE_USAGE(.BOTH.,#12573);
#12573 = SURFACE_SIDE_STYLE('',(#12574));
#12574 = SURFACE_STYLE_FILL_AREA(#12575);
#12575 = FILL_AREA_STYLE('',(#12576));
#12576 = FILL_AREA_STYLE_COLOUR('',#11260);
#12577 = OVER_RIDING_STYLED_ITEM('overriding color',(#12578),#10604,
  #11200);
#12578 = PRESENTATION_STYLE_ASSIGNMENT((#12579));
#12579 = SURFACE_STYLE_USAGE(.BOTH.,#12580);
#12580 = SURFACE_SIDE_STYLE('',(#12581));
#12581 = SURFACE_STYLE_FILL_AREA(#12582);
#12582 = FILL_AREA_STYLE('',(#12583));
#12583 = FILL_AREA_STYLE_COLOUR('',#11260);
#12584 = OVER_RIDING_STYLED_ITEM('overriding color',(#12585),#10624,
  #11200);
#12585 = PRESENTATION_STYLE_ASSIGNMENT((#12586));
#12586 = SURFACE_STYLE_USAGE(.BOTH.,#12587);
#12587 = SURFACE_SIDE_STYLE('',(#12588));
#12588 = SURFACE_STYLE_FILL_AREA(#12589);
#12589 = FILL_AREA_STYLE('',(#12590));
#12590 = FILL_AREA_STYLE_COLOUR('',#11260);
#12591 = OVER_RIDING_STYLED_ITEM('overriding color',(#12592),#10644,
  #11200);
#12592 = PRESENTATION_STYLE_ASSIGNMENT((#12593));
#12593 = SURFACE_STYLE_USAGE(.BOTH.,#12594);
#12594 = SURFACE_SIDE_STYLE('',(#12595));
#12595 = SURFACE_STYLE_FILL_AREA(#12596);
#12596 = FILL_AREA_STYLE('',(#12597));
#12597 = FILL_AREA_STYLE_COLOUR('',#11260);
#12598 = OVER_RIDING_STYLED_ITEM('overriding color',(#12599),#10664,
  #11200);
#12599 = PRESENTATION_STYLE_ASSIGNMENT((#12600));
#12600 = SURFACE_STYLE_USAGE(.BOTH.,#12601);
#12601 = SURFACE_SIDE_STYLE('',(#12602));
#12602 = SURFACE_STYLE_FILL_AREA(#12603);
#12603 = FILL_AREA_STYLE('',(#12604));
#12604 = FILL_AREA_STYLE_COLOUR('',#11260);
#12605 = OVER_RIDING_STYLED_ITEM('overriding color',(#12606),#10684,
  #11200);
#12606 = PRESENTATION_STYLE_ASSIGNMENT((#12607));
#12607 = SURFACE_STYLE_USAGE(.BOTH.,#12608);
#12608 = SURFACE_SIDE_STYLE('',(#12609));
#12609 = SURFACE_STYLE_FILL_AREA(#12610);
#12610 = FILL_AREA_STYLE('',(#12611));
#12611 = FILL_AREA_STYLE_COLOUR('',#11260);
#12612 = OVER_RIDING_STYLED_ITEM('overriding color',(#12613),#10704,
  #11200);
#12613 = PRESENTATION_STYLE_ASSIGNMENT((#12614));
#12614 = SURFACE_STYLE_USAGE(.BOTH.,#12615);
#12615 = SURFACE_SIDE_STYLE('',(#12616));
#12616 = SURFACE_STYLE_FILL_AREA(#12617);
#12617 = FILL_AREA_STYLE('',(#12618));
#12618 = FILL_AREA_STYLE_COLOUR('',#11260);
#12619 = OVER_RIDING_STYLED_ITEM('overriding color',(#12620),#10724,
  #11200);
#12620 = PRESENTATION_STYLE_ASSIGNMENT((#12621));
#12621 = SURFACE_STYLE_USAGE(.BOTH.,#12622);
#12622 = SURFACE_SIDE_STYLE('',(#12623));
#12623 = SURFACE_STYLE_FILL_AREA(#12624);
#12624 = FILL_AREA_STYLE('',(#12625));
#12625 = FILL_AREA_STYLE_COLOUR('',#11260);
#12626 = OVER_RIDING_STYLED_ITEM('overriding color',(#12627),#10740,
  #11200);
#12627 = PRESENTATION_STYLE_ASSIGNMENT((#12628));
#12628 = SURFACE_STYLE_USAGE(.BOTH.,#12629);
#12629 = SURFACE_SIDE_STYLE('',(#12630));
#12630 = SURFACE_STYLE_FILL_AREA(#12631);
#12631 = FILL_AREA_STYLE('',(#12632));
#12632 = FILL_AREA_STYLE_COLOUR('',#11260);
#12633 = OVER_RIDING_STYLED_ITEM('overriding color',(#12634),#10756,
  #11200);
#12634 = PRESENTATION_STYLE_ASSIGNMENT((#12635));
#12635 = SURFACE_STYLE_USAGE(.BOTH.,#12636);
#12636 = SURFACE_SIDE_STYLE('',(#12637));
#12637 = SURFACE_STYLE_FILL_AREA(#12638);
#12638 = FILL_AREA_STYLE('',(#12639));
#12639 = FILL_AREA_STYLE_COLOUR('',#11260);
#12640 = OVER_RIDING_STYLED_ITEM('overriding color',(#12641),#10772,
  #11200);
#12641 = PRESENTATION_STYLE_ASSIGNMENT((#12642));
#12642 = SURFACE_STYLE_USAGE(.BOTH.,#12643);
#12643 = SURFACE_SIDE_STYLE('',(#12644));
#12644 = SURFACE_STYLE_FILL_AREA(#12645);
#12645 = FILL_AREA_STYLE('',(#12646));
#12646 = FILL_AREA_STYLE_COLOUR('',#11260);
#12647 = OVER_RIDING_STYLED_ITEM('overriding color',(#12648),#10788,
  #11200);
#12648 = PRESENTATION_STYLE_ASSIGNMENT((#12649));
#12649 = SURFACE_STYLE_USAGE(.BOTH.,#12650);
#12650 = SURFACE_SIDE_STYLE('',(#12651));
#12651 = SURFACE_STYLE_FILL_AREA(#12652);
#12652 = FILL_AREA_STYLE('',(#12653));
#12653 = FILL_AREA_STYLE_COLOUR('',#11260);
#12654 = OVER_RIDING_STYLED_ITEM('overriding color',(#12655),#10808,
  #11200);
#12655 = PRESENTATION_STYLE_ASSIGNMENT((#12656));
#12656 = SURFACE_STYLE_USAGE(.BOTH.,#12657);
#12657 = SURFACE_SIDE_STYLE('',(#12658));
#12658 = SURFACE_STYLE_FILL_AREA(#12659);
#12659 = FILL_AREA_STYLE('',(#12660));
#12660 = FILL_AREA_STYLE_COLOUR('',#11260);
#12661 = OVER_RIDING_STYLED_ITEM('overriding color',(#12662),#10828,
  #11200);
#12662 = PRESENTATION_STYLE_ASSIGNMENT((#12663));
#12663 = SURFACE_STYLE_USAGE(.BOTH.,#12664);
#12664 = SURFACE_SIDE_STYLE('',(#12665));
#12665 = SURFACE_STYLE_FILL_AREA(#12666);
#12666 = FILL_AREA_STYLE('',(#12667));
#12667 = FILL_AREA_STYLE_COLOUR('',#11260);
#12668 = OVER_RIDING_STYLED_ITEM('overriding color',(#12669),#10848,
  #11200);
#12669 = PRESENTATION_STYLE_ASSIGNMENT((#12670));
#12670 = SURFACE_STYLE_USAGE(.BOTH.,#12671);
#12671 = SURFACE_SIDE_STYLE('',(#12672));
#12672 = SURFACE_STYLE_FILL_AREA(#12673);
#12673 = FILL_AREA_STYLE('',(#12674));
#12674 = FILL_AREA_STYLE_COLOUR('',#11260);
#12675 = OVER_RIDING_STYLED_ITEM('overriding color',(#12676),#10868,
  #11200);
#12676 = PRESENTATION_STYLE_ASSIGNMENT((#12677));
#12677 = SURFACE_STYLE_USAGE(.BOTH.,#12678);
#12678 = SURFACE_SIDE_STYLE('',(#12679));
#12679 = SURFACE_STYLE_FILL_AREA(#12680);
#12680 = FILL_AREA_STYLE('',(#12681));
#12681 = FILL_AREA_STYLE_COLOUR('',#11260);
#12682 = OVER_RIDING_STYLED_ITEM('overriding color',(#12683),#10888,
  #11200);
#12683 = PRESENTATION_STYLE_ASSIGNMENT((#12684));
#12684 = SURFACE_STYLE_USAGE(.BOTH.,#12685);
#12685 = SURFACE_SIDE_STYLE('',(#12686));
#12686 = SURFACE_STYLE_FILL_AREA(#12687);
#12687 = FILL_AREA_STYLE('',(#12688));
#12688 = FILL_AREA_STYLE_COLOUR('',#11260);
#12689 = OVER_RIDING_STYLED_ITEM('overriding color',(#12690),#10908,
  #11200);
#12690 = PRESENTATION_STYLE_ASSIGNMENT((#12691));
#12691 = SURFACE_STYLE_USAGE(.BOTH.,#12692);
#12692 = SURFACE_SIDE_STYLE('',(#12693));
#12693 = SURFACE_STYLE_FILL_AREA(#12694);
#12694 = FILL_AREA_STYLE('',(#12695));
#12695 = FILL_AREA_STYLE_COLOUR('',#11260);
#12696 = OVER_RIDING_STYLED_ITEM('overriding color',(#12697),#10928,
  #11200);
#12697 = PRESENTATION_STYLE_ASSIGNMENT((#12698));
#12698 = SURFACE_STYLE_USAGE(.BOTH.,#12699);
#12699 = SURFACE_SIDE_STYLE('',(#12700));
#12700 = SURFACE_STYLE_FILL_AREA(#12701);
#12701 = FILL_AREA_STYLE('',(#12702));
#12702 = FILL_AREA_STYLE_COLOUR('',#11260);
#12703 = OVER_RIDING_STYLED_ITEM('overriding color',(#12704),#10944,
  #11200);
#12704 = PRESENTATION_STYLE_ASSIGNMENT((#12705));
#12705 = SURFACE_STYLE_USAGE(.BOTH.,#12706);
#12706 = SURFACE_SIDE_STYLE('',(#12707));
#12707 = SURFACE_STYLE_FILL_AREA(#12708);
#12708 = FILL_AREA_STYLE('',(#12709));
#12709 = FILL_AREA_STYLE_COLOUR('',#11260);
#12710 = OVER_RIDING_STYLED_ITEM('overriding color',(#12711),#10964,
  #11200);
#12711 = PRESENTATION_STYLE_ASSIGNMENT((#12712));
#12712 = SURFACE_STYLE_USAGE(.BOTH.,#12713);
#12713 = SURFACE_SIDE_STYLE('',(#12714));
#12714 = SURFACE_STYLE_FILL_AREA(#12715);
#12715 = FILL_AREA_STYLE('',(#12716));
#12716 = FILL_AREA_STYLE_COLOUR('',#11260);
#12717 = OVER_RIDING_STYLED_ITEM('overriding color',(#12718),#10984,
  #11200);
#12718 = PRESENTATION_STYLE_ASSIGNMENT((#12719));
#12719 = SURFACE_STYLE_USAGE(.BOTH.,#12720);
#12720 = SURFACE_SIDE_STYLE('',(#12721));
#12721 = SURFACE_STYLE_FILL_AREA(#12722);
#12722 = FILL_AREA_STYLE('',(#12723));
#12723 = FILL_AREA_STYLE_COLOUR('',#11260);
#12724 = OVER_RIDING_STYLED_ITEM('overriding color',(#12725),#11000,
  #11200);
#12725 = PRESENTATION_STYLE_ASSIGNMENT((#12726));
#12726 = SURFACE_STYLE_USAGE(.BOTH.,#12727);
#12727 = SURFACE_SIDE_STYLE('',(#12728));
#12728 = SURFACE_STYLE_FILL_AREA(#12729);
#12729 = FILL_AREA_STYLE('',(#12730));
#12730 = FILL_AREA_STYLE_COLOUR('',#11260);
#12731 = OVER_RIDING_STYLED_ITEM('overriding color',(#12732),#11020,
  #11200);
#12732 = PRESENTATION_STYLE_ASSIGNMENT((#12733));
#12733 = SURFACE_STYLE_USAGE(.BOTH.,#12734);
#12734 = SURFACE_SIDE_STYLE('',(#12735));
#12735 = SURFACE_STYLE_FILL_AREA(#12736);
#12736 = FILL_AREA_STYLE('',(#12737));
#12737 = FILL_AREA_STYLE_COLOUR('',#11260);
#12738 = OVER_RIDING_STYLED_ITEM('overriding color',(#12739),#11040,
  #11200);
#12739 = PRESENTATION_STYLE_ASSIGNMENT((#12740));
#12740 = SURFACE_STYLE_USAGE(.BOTH.,#12741);
#12741 = SURFACE_SIDE_STYLE('',(#12742));
#12742 = SURFACE_STYLE_FILL_AREA(#12743);
#12743 = FILL_AREA_STYLE('',(#12744));
#12744 = FILL_AREA_STYLE_COLOUR('',#11260);
#12745 = OVER_RIDING_STYLED_ITEM('overriding color',(#12746),#11060,
  #11200);
#12746 = PRESENTATION_STYLE_ASSIGNMENT((#12747));
#12747 = SURFACE_STYLE_USAGE(.BOTH.,#12748);
#12748 = SURFACE_SIDE_STYLE('',(#12749));
#12749 = SURFACE_STYLE_FILL_AREA(#12750);
#12750 = FILL_AREA_STYLE('',(#12751));
#12751 = FILL_AREA_STYLE_COLOUR('',#11260);
#12752 = OVER_RIDING_STYLED_ITEM('overriding color',(#12753),#11076,
  #11200);
#12753 = PRESENTATION_STYLE_ASSIGNMENT((#12754));
#12754 = SURFACE_STYLE_USAGE(.BOTH.,#12755);
#12755 = SURFACE_SIDE_STYLE('',(#12756));
#12756 = SURFACE_STYLE_FILL_AREA(#12757);
#12757 = FILL_AREA_STYLE('',(#12758));
#12758 = FILL_AREA_STYLE_COLOUR('',#11260);
#12759 = OVER_RIDING_STYLED_ITEM('overriding color',(#12760),#11096,
  #11200);
#12760 = PRESENTATION_STYLE_ASSIGNMENT((#12761));
#12761 = SURFACE_STYLE_USAGE(.BOTH.,#12762);
#12762 = SURFACE_SIDE_STYLE('',(#12763));
#12763 = SURFACE_STYLE_FILL_AREA(#12764);
#12764 = FILL_AREA_STYLE('',(#12765));
#12765 = FILL_AREA_STYLE_COLOUR('',#11260);
#12766 = OVER_RIDING_STYLED_ITEM('overriding color',(#12767),#11112,
  #11200);
#12767 = PRESENTATION_STYLE_ASSIGNMENT((#12768));
#12768 = SURFACE_STYLE_USAGE(.BOTH.,#12769);
#12769 = SURFACE_SIDE_STYLE('',(#12770));
#12770 = SURFACE_STYLE_FILL_AREA(#12771);
#12771 = FILL_AREA_STYLE('',(#12772));
#12772 = FILL_AREA_STYLE_COLOUR('',#11260);
#12773 = OVER_RIDING_STYLED_ITEM('overriding color',(#12774),#11155,
  #11200);
#12774 = PRESENTATION_STYLE_ASSIGNMENT((#12775));
#12775 = SURFACE_STYLE_USAGE(.BOTH.,#12776);
#12776 = SURFACE_SIDE_STYLE('',(#12777));
#12777 = SURFACE_STYLE_FILL_AREA(#12778);
#12778 = FILL_AREA_STYLE('',(#12779));
#12779 = FILL_AREA_STYLE_COLOUR('',#11260);
ENDSEC;
END-ISO-10303-21;
