ISO-10303-21;
HEADER;
FILE_DESCRIPTION(('Open CASCADE Model'),'2;1');
FILE_NAME('Open CASCADE Shape Model','2026-08-13T20:46:47',('Author'),(
    'Open CASCADE'),'Open CASCADE STEP processor 7.9','Open CASCADE 7.9'
  ,'Unknown');
FILE_SCHEMA(('AUTOMOTIVE_DESIGN { 1 0 10303 214 1 1 1 1 }'));
ENDSEC;
DATA;
#1 = APPLICATION_PROTOCOL_DEFINITION('international standard',
  'automotive_design',2000,#2);
#2 = APPLICATION_CONTEXT(
  'core data for automotive mechanical design processes');
#3 = SHAPE_DEFINITION_REPRESENTATION(#4,#10);
#4 = PRODUCT_DEFINITION_SHAPE('','',#5);
#5 = PRODUCT_DEFINITION('design','',#6,#9);
#6 = PRODUCT_DEFINITION_FORMATION('','',#7);
#7 = PRODUCT('COMPOUND','COMPOUND','',(#8));
#8 = PRODUCT_CONTEXT('',#2,'mechanical');
#9 = PRODUCT_DEFINITION_CONTEXT('part definition',#2,'design');
#10 = SHAPE_REPRESENTATION('',(#11,#15,#153,#291),#8265);
#11 = AXIS2_PLACEMENT_3D('',#12,#13,#14);
#12 = CARTESIAN_POINT('',(0.,0.,0.));
#13 = DIRECTION('',(0.,0.,1.));
#14 = DIRECTION('',(1.,0.,-0.));
#15 = MANIFOLD_SOLID_BREP('',#16);
#16 = CLOSED_SHELL('',(#17,#53,#81,#109,#129,#141));
#17 = ADVANCED_FACE('',(#18),#48,.T.);
#18 = FACE_BOUND('',#19,.T.);
#19 = EDGE_LOOP('',(#20,#29,#36,#43));
#20 = ORIENTED_EDGE('',*,*,#21,.F.);
#21 = EDGE_CURVE('',#22,#24,#26,.T.);
#22 = VERTEX_POINT('',#23);
#23 = CARTESIAN_POINT('',(-1.25,0.3,2.333999937881E-03));
#24 = VERTEX_POINT('',#25);
#25 = CARTESIAN_POINT('',(-1.25,-0.3,2.333999937881E-03));
#26 = B_SPLINE_CURVE_WITH_KNOTS('',1,(#27,#28),.UNSPECIFIED.,.F.,.F.,(2,
    2),(-0.6,-0.),.PIECEWISE_BEZIER_KNOTS.);
#27 = CARTESIAN_POINT('',(-1.25,0.3,2.333999937881E-03));
#28 = CARTESIAN_POINT('',(-1.25,-0.3,2.333999937881E-03));
#29 = ORIENTED_EDGE('',*,*,#30,.F.);
#30 = EDGE_CURVE('',#31,#22,#33,.T.);
#31 = VERTEX_POINT('',#32);
#32 = CARTESIAN_POINT('',(-1.25,0.3,0.122333999938));
#33 = B_SPLINE_CURVE_WITH_KNOTS('',1,(#34,#35),.UNSPECIFIED.,.F.,.F.,(2,
    2),(0.,0.12),.PIECEWISE_BEZIER_KNOTS.);
#34 = CARTESIAN_POINT('',(-1.25,0.3,0.122333999938));
#35 = CARTESIAN_POINT('',(-1.25,0.3,2.333999937881E-03));
#36 = ORIENTED_EDGE('',*,*,#37,.T.);
#37 = EDGE_CURVE('',#31,#38,#40,.T.);
#38 = VERTEX_POINT('',#39);
#39 = CARTESIAN_POINT('',(-1.25,-0.3,0.122333999938));
#40 = B_SPLINE_CURVE_WITH_KNOTS('',1,(#41,#42),.UNSPECIFIED.,.F.,.F.,(2,
    2),(-0.6,-0.),.PIECEWISE_BEZIER_KNOTS.);
#41 = CARTESIAN_POINT('',(-1.25,0.3,0.122333999938));
#42 = CARTESIAN_POINT('',(-1.25,-0.3,0.122333999938));
#43 = ORIENTED_EDGE('',*,*,#44,.T.);
#44 = EDGE_CURVE('',#38,#24,#45,.T.);
#45 = B_SPLINE_CURVE_WITH_KNOTS('',1,(#46,#47),.UNSPECIFIED.,.F.,.F.,(2,
    2),(0.,0.12),.PIECEWISE_BEZIER_KNOTS.);
#46 = CARTESIAN_POINT('',(-1.25,-0.3,0.122333999938));
#47 = CARTESIAN_POINT('',(-1.25,-0.3,2.333999937881E-03));
#48 = B_SPLINE_SURFACE_WITH_KNOTS('',1,1,(
    (#49,#50)
    ,(#51,#52
  )),.UNSPECIFIED.,.F.,.F.,.F.,(2,2),(2,2),(0.,0.12),(0.,0.6),
  .PIECEWISE_BEZIER_KNOTS.);
#49 = CARTESIAN_POINT('',(-1.25,-0.3,0.122333999938));
#50 = CARTESIAN_POINT('',(-1.25,0.3,0.122333999938));
#51 = CARTESIAN_POINT('',(-1.25,-0.3,2.333999937881E-03));
#52 = CARTESIAN_POINT('',(-1.25,0.3,2.333999937881E-03));
#53 = ADVANCED_FACE('',(#54),#76,.T.);
#54 = FACE_BOUND('',#55,.T.);
#55 = EDGE_LOOP('',(#56,#63,#70,#75));
#56 = ORIENTED_EDGE('',*,*,#57,.F.);
#57 = EDGE_CURVE('',#58,#22,#60,.T.);
#58 = VERTEX_POINT('',#59);
#59 = CARTESIAN_POINT('',(-1.9,0.3,2.333999937881E-03));
#60 = B_SPLINE_CURVE_WITH_KNOTS('',1,(#61,#62),.UNSPECIFIED.,.F.,.F.,(2,
    2),(0.,0.65),.PIECEWISE_BEZIER_KNOTS.);
#61 = CARTESIAN_POINT('',(-1.9,0.3,2.333999937881E-03));
#62 = CARTESIAN_POINT('',(-1.25,0.3,2.333999937881E-03));
#63 = ORIENTED_EDGE('',*,*,#64,.F.);
#64 = EDGE_CURVE('',#65,#58,#67,.T.);
#65 = VERTEX_POINT('',#66);
#66 = CARTESIAN_POINT('',(-1.9,0.3,0.122333999938));
#67 = B_SPLINE_CURVE_WITH_KNOTS('',1,(#68,#69),.UNSPECIFIED.,.F.,.F.,(2,
    2),(0.,0.12),.PIECEWISE_BEZIER_KNOTS.);
#68 = CARTESIAN_POINT('',(-1.9,0.3,0.122333999938));
#69 = CARTESIAN_POINT('',(-1.9,0.3,2.333999937881E-03));
#70 = ORIENTED_EDGE('',*,*,#71,.T.);
#71 = EDGE_CURVE('',#65,#31,#72,.T.);
#72 = B_SPLINE_CURVE_WITH_KNOTS('',1,(#73,#74),.UNSPECIFIED.,.F.,.F.,(2,
    2),(0.,0.65),.PIECEWISE_BEZIER_KNOTS.);
#73 = CARTESIAN_POINT('',(-1.9,0.3,0.122333999938));
#74 = CARTESIAN_POINT('',(-1.25,0.3,0.122333999938));
#75 = ORIENTED_EDGE('',*,*,#30,.T.);
#76 = B_SPLINE_SURFACE_WITH_KNOTS('',1,1,(
    (#77,#78)
    ,(#79,#80
    )),.UNSPECIFIED.,.F.,.F.,.F.,(2,2),(2,2),(-0.65,0.),(-0.12,0.),
  .PIECEWISE_BEZIER_KNOTS.);
#77 = CARTESIAN_POINT('',(-1.25,0.3,2.333999937881E-03));
#78 = CARTESIAN_POINT('',(-1.25,0.3,0.122333999938));
#79 = CARTESIAN_POINT('',(-1.9,0.3,2.333999937881E-03));
#80 = CARTESIAN_POINT('',(-1.9,0.3,0.122333999938));
#81 = ADVANCED_FACE('',(#82),#104,.T.);
#82 = FACE_BOUND('',#83,.T.);
#83 = EDGE_LOOP('',(#84,#91,#98,#103));
#84 = ORIENTED_EDGE('',*,*,#85,.F.);
#85 = EDGE_CURVE('',#86,#58,#88,.T.);
#86 = VERTEX_POINT('',#87);
#87 = CARTESIAN_POINT('',(-1.9,-0.3,2.333999937881E-03));
#88 = B_SPLINE_CURVE_WITH_KNOTS('',1,(#89,#90),.UNSPECIFIED.,.F.,.F.,(2,
    2),(0.,0.6),.PIECEWISE_BEZIER_KNOTS.);
#89 = CARTESIAN_POINT('',(-1.9,-0.3,2.333999937881E-03));
#90 = CARTESIAN_POINT('',(-1.9,0.3,2.333999937881E-03));
#91 = ORIENTED_EDGE('',*,*,#92,.F.);
#92 = EDGE_CURVE('',#93,#86,#95,.T.);
#93 = VERTEX_POINT('',#94);
#94 = CARTESIAN_POINT('',(-1.9,-0.3,0.122333999938));
#95 = B_SPLINE_CURVE_WITH_KNOTS('',1,(#96,#97),.UNSPECIFIED.,.F.,.F.,(2,
    2),(0.,0.12),.PIECEWISE_BEZIER_KNOTS.);
#96 = CARTESIAN_POINT('',(-1.9,-0.3,0.122333999938));
#97 = CARTESIAN_POINT('',(-1.9,-0.3,2.333999937881E-03));
#98 = ORIENTED_EDGE('',*,*,#99,.T.);
#99 = EDGE_CURVE('',#93,#65,#100,.T.);
#100 = B_SPLINE_CURVE_WITH_KNOTS('',1,(#101,#102),.UNSPECIFIED.,.F.,.F.,
  (2,2),(0.,0.6),.PIECEWISE_BEZIER_KNOTS.);
#101 = CARTESIAN_POINT('',(-1.9,-0.3,0.122333999938));
#102 = CARTESIAN_POINT('',(-1.9,0.3,0.122333999938));
#103 = ORIENTED_EDGE('',*,*,#64,.T.);
#104 = B_SPLINE_SURFACE_WITH_KNOTS('',1,1,(
    (#105,#106)
    ,(#107,#108
    )),.UNSPECIFIED.,.F.,.F.,.F.,(2,2),(2,2),(-0.12,0.),(0.,0.6),
  .PIECEWISE_BEZIER_KNOTS.);
#105 = CARTESIAN_POINT('',(-1.9,-0.3,2.333999937881E-03));
#106 = CARTESIAN_POINT('',(-1.9,0.3,2.333999937881E-03));
#107 = CARTESIAN_POINT('',(-1.9,-0.3,0.122333999938));
#108 = CARTESIAN_POINT('',(-1.9,0.3,0.122333999938));
#109 = ADVANCED_FACE('',(#110),#124,.T.);
#110 = FACE_BOUND('',#111,.T.);
#111 = EDGE_LOOP('',(#112,#117,#118,#123));
#112 = ORIENTED_EDGE('',*,*,#113,.F.);
#113 = EDGE_CURVE('',#24,#86,#114,.T.);
#114 = B_SPLINE_CURVE_WITH_KNOTS('',1,(#115,#116),.UNSPECIFIED.,.F.,.F.,
  (2,2),(-0.65,0.),.PIECEWISE_BEZIER_KNOTS.);
#115 = CARTESIAN_POINT('',(-1.25,-0.3,2.333999937881E-03));
#116 = CARTESIAN_POINT('',(-1.9,-0.3,2.333999937881E-03));
#117 = ORIENTED_EDGE('',*,*,#44,.F.);
#118 = ORIENTED_EDGE('',*,*,#119,.T.);
#119 = EDGE_CURVE('',#38,#93,#120,.T.);
#120 = B_SPLINE_CURVE_WITH_KNOTS('',1,(#121,#122),.UNSPECIFIED.,.F.,.F.,
  (2,2),(-0.65,0.),.PIECEWISE_BEZIER_KNOTS.);
#121 = CARTESIAN_POINT('',(-1.25,-0.3,0.122333999938));
#122 = CARTESIAN_POINT('',(-1.9,-0.3,0.122333999938));
#123 = ORIENTED_EDGE('',*,*,#92,.T.);
#124 = B_SPLINE_SURFACE_WITH_KNOTS('',1,1,(
    (#125,#126)
    ,(#127,#128
    )),.UNSPECIFIED.,.F.,.F.,.F.,(2,2),(2,2),(0.,0.65),(-0.12,0.),
  .PIECEWISE_BEZIER_KNOTS.);
#125 = CARTESIAN_POINT('',(-1.9,-0.3,2.333999937881E-03));
#126 = CARTESIAN_POINT('',(-1.9,-0.3,0.122333999938));
#127 = CARTESIAN_POINT('',(-1.25,-0.3,2.333999937881E-03));
#128 = CARTESIAN_POINT('',(-1.25,-0.3,0.122333999938));
#129 = ADVANCED_FACE('',(#130),#136,.F.);
#130 = FACE_BOUND('',#131,.T.);
#131 = EDGE_LOOP('',(#132,#133,#134,#135));
#132 = ORIENTED_EDGE('',*,*,#37,.F.);
#133 = ORIENTED_EDGE('',*,*,#71,.F.);
#134 = ORIENTED_EDGE('',*,*,#99,.F.);
#135 = ORIENTED_EDGE('',*,*,#119,.F.);
#136 = B_SPLINE_SURFACE_WITH_KNOTS('',1,1,(
    (#137,#138)
    ,(#139,#140
    )),.UNSPECIFIED.,.F.,.F.,.F.,(2,2),(2,2),(1.25,1.9),(-0.3,0.3),
  .PIECEWISE_BEZIER_KNOTS.);
#137 = CARTESIAN_POINT('',(-1.25,-0.3,0.122333999938));
#138 = CARTESIAN_POINT('',(-1.25,0.3,0.122333999938));
#139 = CARTESIAN_POINT('',(-1.9,-0.3,0.122333999938));
#140 = CARTESIAN_POINT('',(-1.9,0.3,0.122333999938));
#141 = ADVANCED_FACE('',(#142),#148,.T.);
#142 = FACE_BOUND('',#143,.T.);
#143 = EDGE_LOOP('',(#144,#145,#146,#147));
#144 = ORIENTED_EDGE('',*,*,#21,.T.);
#145 = ORIENTED_EDGE('',*,*,#113,.T.);
#146 = ORIENTED_EDGE('',*,*,#85,.T.);
#147 = ORIENTED_EDGE('',*,*,#57,.T.);
#148 = B_SPLINE_SURFACE_WITH_KNOTS('',1,1,(
    (#149,#150)
    ,(#151,#152
    )),.UNSPECIFIED.,.F.,.F.,.F.,(2,2),(2,2),(1.25,1.9),(-0.3,0.3),
  .PIECEWISE_BEZIER_KNOTS.);
#149 = CARTESIAN_POINT('',(-1.25,-0.3,2.333999937881E-03));
#150 = CARTESIAN_POINT('',(-1.25,0.3,2.333999937881E-03));
#151 = CARTESIAN_POINT('',(-1.9,-0.3,2.333999937881E-03));
#152 = CARTESIAN_POINT('',(-1.9,0.3,2.333999937881E-03));
#153 = MANIFOLD_SOLID_BREP('',#154);
#154 = CLOSED_SHELL('',(#155,#191,#219,#247,#267,#279));
#155 = ADVANCED_FACE('',(#156),#186,.T.);
#156 = FACE_BOUND('',#157,.T.);
#157 = EDGE_LOOP('',(#158,#167,#174,#181));
#158 = ORIENTED_EDGE('',*,*,#159,.F.);
#159 = EDGE_CURVE('',#160,#162,#164,.T.);
#160 = VERTEX_POINT('',#161);
#161 = CARTESIAN_POINT('',(1.9,0.3,2.333999937881E-03));
#162 = VERTEX_POINT('',#163);
#163 = CARTESIAN_POINT('',(1.9,-0.3,2.333999937881E-03));
#164 = B_SPLINE_CURVE_WITH_KNOTS('',1,(#165,#166),.UNSPECIFIED.,.F.,.F.,
  (2,2),(-0.6,-0.),.PIECEWISE_BEZIER_KNOTS.);
#165 = CARTESIAN_POINT('',(1.9,0.3,2.333999937881E-03));
#166 = CARTESIAN_POINT('',(1.9,-0.3,2.333999937881E-03));
#167 = ORIENTED_EDGE('',*,*,#168,.F.);
#168 = EDGE_CURVE('',#169,#160,#171,.T.);
#169 = VERTEX_POINT('',#170);
#170 = CARTESIAN_POINT('',(1.9,0.3,0.122333999938));
#171 = B_SPLINE_CURVE_WITH_KNOTS('',1,(#172,#173),.UNSPECIFIED.,.F.,.F.,
  (2,2),(0.,0.12),.PIECEWISE_BEZIER_KNOTS.);
#172 = CARTESIAN_POINT('',(1.9,0.3,0.122333999938));
#173 = CARTESIAN_POINT('',(1.9,0.3,2.333999937881E-03));
#174 = ORIENTED_EDGE('',*,*,#175,.T.);
#175 = EDGE_CURVE('',#169,#176,#178,.T.);
#176 = VERTEX_POINT('',#177);
#177 = CARTESIAN_POINT('',(1.9,-0.3,0.122333999938));
#178 = B_SPLINE_CURVE_WITH_KNOTS('',1,(#179,#180),.UNSPECIFIED.,.F.,.F.,
  (2,2),(-0.6,-0.),.PIECEWISE_BEZIER_KNOTS.);
#179 = CARTESIAN_POINT('',(1.9,0.3,0.122333999938));
#180 = CARTESIAN_POINT('',(1.9,-0.3,0.122333999938));
#181 = ORIENTED_EDGE('',*,*,#182,.T.);
#182 = EDGE_CURVE('',#176,#162,#183,.T.);
#183 = B_SPLINE_CURVE_WITH_KNOTS('',1,(#184,#185),.UNSPECIFIED.,.F.,.F.,
  (2,2),(0.,0.12),.PIECEWISE_BEZIER_KNOTS.);
#184 = CARTESIAN_POINT('',(1.9,-0.3,0.122333999938));
#185 = CARTESIAN_POINT('',(1.9,-0.3,2.333999937881E-03));
#186 = B_SPLINE_SURFACE_WITH_KNOTS('',1,1,(
    (#187,#188)
    ,(#189,#190
    )),.UNSPECIFIED.,.F.,.F.,.F.,(2,2),(2,2),(0.,0.12),(0.,0.6),
  .PIECEWISE_BEZIER_KNOTS.);
#187 = CARTESIAN_POINT('',(1.9,-0.3,0.122333999938));
#188 = CARTESIAN_POINT('',(1.9,0.3,0.122333999938));
#189 = CARTESIAN_POINT('',(1.9,-0.3,2.333999937881E-03));
#190 = CARTESIAN_POINT('',(1.9,0.3,2.333999937881E-03));
#191 = ADVANCED_FACE('',(#192),#214,.T.);
#192 = FACE_BOUND('',#193,.T.);
#193 = EDGE_LOOP('',(#194,#201,#208,#213));
#194 = ORIENTED_EDGE('',*,*,#195,.F.);
#195 = EDGE_CURVE('',#196,#160,#198,.T.);
#196 = VERTEX_POINT('',#197);
#197 = CARTESIAN_POINT('',(1.25,0.3,2.333999937881E-03));
#198 = B_SPLINE_CURVE_WITH_KNOTS('',1,(#199,#200),.UNSPECIFIED.,.F.,.F.,
  (2,2),(-0.65,0.),.PIECEWISE_BEZIER_KNOTS.);
#199 = CARTESIAN_POINT('',(1.25,0.3,2.333999937881E-03));
#200 = CARTESIAN_POINT('',(1.9,0.3,2.333999937881E-03));
#201 = ORIENTED_EDGE('',*,*,#202,.F.);
#202 = EDGE_CURVE('',#203,#196,#205,.T.);
#203 = VERTEX_POINT('',#204);
#204 = CARTESIAN_POINT('',(1.25,0.3,0.122333999938));
#205 = B_SPLINE_CURVE_WITH_KNOTS('',1,(#206,#207),.UNSPECIFIED.,.F.,.F.,
  (2,2),(0.,0.12),.PIECEWISE_BEZIER_KNOTS.);
#206 = CARTESIAN_POINT('',(1.25,0.3,0.122333999938));
#207 = CARTESIAN_POINT('',(1.25,0.3,2.333999937881E-03));
#208 = ORIENTED_EDGE('',*,*,#209,.T.);
#209 = EDGE_CURVE('',#203,#169,#210,.T.);
#210 = B_SPLINE_CURVE_WITH_KNOTS('',1,(#211,#212),.UNSPECIFIED.,.F.,.F.,
  (2,2),(-0.65,0.),.PIECEWISE_BEZIER_KNOTS.);
#211 = CARTESIAN_POINT('',(1.25,0.3,0.122333999938));
#212 = CARTESIAN_POINT('',(1.9,0.3,0.122333999938));
#213 = ORIENTED_EDGE('',*,*,#168,.T.);
#214 = B_SPLINE_SURFACE_WITH_KNOTS('',1,1,(
    (#215,#216)
    ,(#217,#218
    )),.UNSPECIFIED.,.F.,.F.,.F.,(2,2),(2,2),(-0.,0.65),(-0.12,0.),
  .PIECEWISE_BEZIER_KNOTS.);
#215 = CARTESIAN_POINT('',(1.9,0.3,2.333999937881E-03));
#216 = CARTESIAN_POINT('',(1.9,0.3,0.122333999938));
#217 = CARTESIAN_POINT('',(1.25,0.3,2.333999937881E-03));
#218 = CARTESIAN_POINT('',(1.25,0.3,0.122333999938));
#219 = ADVANCED_FACE('',(#220),#242,.T.);
#220 = FACE_BOUND('',#221,.T.);
#221 = EDGE_LOOP('',(#222,#229,#236,#241));
#222 = ORIENTED_EDGE('',*,*,#223,.F.);
#223 = EDGE_CURVE('',#224,#196,#226,.T.);
#224 = VERTEX_POINT('',#225);
#225 = CARTESIAN_POINT('',(1.25,-0.3,2.333999937881E-03));
#226 = B_SPLINE_CURVE_WITH_KNOTS('',1,(#227,#228),.UNSPECIFIED.,.F.,.F.,
  (2,2),(0.,0.6),.PIECEWISE_BEZIER_KNOTS.);
#227 = CARTESIAN_POINT('',(1.25,-0.3,2.333999937881E-03));
#228 = CARTESIAN_POINT('',(1.25,0.3,2.333999937881E-03));
#229 = ORIENTED_EDGE('',*,*,#230,.F.);
#230 = EDGE_CURVE('',#231,#224,#233,.T.);
#231 = VERTEX_POINT('',#232);
#232 = CARTESIAN_POINT('',(1.25,-0.3,0.122333999938));
#233 = B_SPLINE_CURVE_WITH_KNOTS('',1,(#234,#235),.UNSPECIFIED.,.F.,.F.,
  (2,2),(0.,0.12),.PIECEWISE_BEZIER_KNOTS.);
#234 = CARTESIAN_POINT('',(1.25,-0.3,0.122333999938));
#235 = CARTESIAN_POINT('',(1.25,-0.3,2.333999937881E-03));
#236 = ORIENTED_EDGE('',*,*,#237,.T.);
#237 = EDGE_CURVE('',#231,#203,#238,.T.);
#238 = B_SPLINE_CURVE_WITH_KNOTS('',1,(#239,#240),.UNSPECIFIED.,.F.,.F.,
  (2,2),(0.,0.6),.PIECEWISE_BEZIER_KNOTS.);
#239 = CARTESIAN_POINT('',(1.25,-0.3,0.122333999938));
#240 = CARTESIAN_POINT('',(1.25,0.3,0.122333999938));
#241 = ORIENTED_EDGE('',*,*,#202,.T.);
#242 = B_SPLINE_SURFACE_WITH_KNOTS('',1,1,(
    (#243,#244)
    ,(#245,#246
    )),.UNSPECIFIED.,.F.,.F.,.F.,(2,2),(2,2),(-0.12,0.),(0.,0.6),
  .PIECEWISE_BEZIER_KNOTS.);
#243 = CARTESIAN_POINT('',(1.25,-0.3,2.333999937881E-03));
#244 = CARTESIAN_POINT('',(1.25,0.3,2.333999937881E-03));
#245 = CARTESIAN_POINT('',(1.25,-0.3,0.122333999938));
#246 = CARTESIAN_POINT('',(1.25,0.3,0.122333999938));
#247 = ADVANCED_FACE('',(#248),#262,.T.);
#248 = FACE_BOUND('',#249,.T.);
#249 = EDGE_LOOP('',(#250,#255,#256,#261));
#250 = ORIENTED_EDGE('',*,*,#251,.F.);
#251 = EDGE_CURVE('',#162,#224,#252,.T.);
#252 = B_SPLINE_CURVE_WITH_KNOTS('',1,(#253,#254),.UNSPECIFIED.,.F.,.F.,
  (2,2),(0.,0.65),.PIECEWISE_BEZIER_KNOTS.);
#253 = CARTESIAN_POINT('',(1.9,-0.3,2.333999937881E-03));
#254 = CARTESIAN_POINT('',(1.25,-0.3,2.333999937881E-03));
#255 = ORIENTED_EDGE('',*,*,#182,.F.);
#256 = ORIENTED_EDGE('',*,*,#257,.T.);
#257 = EDGE_CURVE('',#176,#231,#258,.T.);
#258 = B_SPLINE_CURVE_WITH_KNOTS('',1,(#259,#260),.UNSPECIFIED.,.F.,.F.,
  (2,2),(0.,0.65),.PIECEWISE_BEZIER_KNOTS.);
#259 = CARTESIAN_POINT('',(1.9,-0.3,0.122333999938));
#260 = CARTESIAN_POINT('',(1.25,-0.3,0.122333999938));
#261 = ORIENTED_EDGE('',*,*,#230,.T.);
#262 = B_SPLINE_SURFACE_WITH_KNOTS('',1,1,(
    (#263,#264)
    ,(#265,#266
    )),.UNSPECIFIED.,.F.,.F.,.F.,(2,2),(2,2),(-0.65,0.),(-0.12,0.),
  .PIECEWISE_BEZIER_KNOTS.);
#263 = CARTESIAN_POINT('',(1.25,-0.3,2.333999937881E-03));
#264 = CARTESIAN_POINT('',(1.25,-0.3,0.122333999938));
#265 = CARTESIAN_POINT('',(1.9,-0.3,2.333999937881E-03));
#266 = CARTESIAN_POINT('',(1.9,-0.3,0.122333999938));
#267 = ADVANCED_FACE('',(#268),#274,.T.);
#268 = FACE_BOUND('',#269,.T.);
#269 = EDGE_LOOP('',(#270,#271,#272,#273));
#270 = ORIENTED_EDGE('',*,*,#175,.F.);
#271 = ORIENTED_EDGE('',*,*,#209,.F.);
#272 = ORIENTED_EDGE('',*,*,#237,.F.);
#273 = ORIENTED_EDGE('',*,*,#257,.F.);
#274 = B_SPLINE_SURFACE_WITH_KNOTS('',1,1,(
    (#275,#276)
    ,(#277,#278
    )),.UNSPECIFIED.,.F.,.F.,.F.,(2,2),(2,2),(1.25,1.9),(-0.3,0.3),
  .PIECEWISE_BEZIER_KNOTS.);
#275 = CARTESIAN_POINT('',(1.25,-0.3,0.122333999938));
#276 = CARTESIAN_POINT('',(1.25,0.3,0.122333999938));
#277 = CARTESIAN_POINT('',(1.9,-0.3,0.122333999938));
#278 = CARTESIAN_POINT('',(1.9,0.3,0.122333999938));
#279 = ADVANCED_FACE('',(#280),#286,.F.);
#280 = FACE_BOUND('',#281,.T.);
#281 = EDGE_LOOP('',(#282,#283,#284,#285));
#282 = ORIENTED_EDGE('',*,*,#159,.T.);
#283 = ORIENTED_EDGE('',*,*,#251,.T.);
#284 = ORIENTED_EDGE('',*,*,#223,.T.);
#285 = ORIENTED_EDGE('',*,*,#195,.T.);
#286 = B_SPLINE_SURFACE_WITH_KNOTS('',1,1,(
    (#287,#288)
    ,(#289,#290
    )),.UNSPECIFIED.,.F.,.F.,.F.,(2,2),(2,2),(1.25,1.9),(-0.3,0.3),
  .PIECEWISE_BEZIER_KNOTS.);
#287 = CARTESIAN_POINT('',(1.25,-0.3,2.333999937881E-03));
#288 = CARTESIAN_POINT('',(1.25,0.3,2.333999937881E-03));
#289 = CARTESIAN_POINT('',(1.9,-0.3,2.333999937881E-03));
#290 = CARTESIAN_POINT('',(1.9,0.3,2.333999937881E-03));
#291 = MANIFOLD_SOLID_BREP('',#292);
#292 = CLOSED_SHELL('',(#293,#1698,#1734,#1798,#1862,#1898,#1934,#2014,
    #2033,#2079,#2098,#2119,#2140,#2159,#2178,#2197,#2216,#2237,#2258,
    #2294,#2322,#2338,#2354,#2366,#2394,#2410,#2426,#2438,#2454,#2470,
    #2482,#2510,#2532,#2554,#2576,#2598,#2614,#2628,#2662,#2684,#2712,
    #2740,#2768,#2796,#2824,#2852,#2874,#2902,#2930,#2958,#2986,#3008,
    #3030,#3058,#3080,#3102,#3124,#3146,#3168,#3190,#3212,#3234,#3256,
    #3278,#3294,#3314,#3438,#3458,#3478,#3498,#3518,#3538,#3554,#3566,
    #3594,#3616,#3638,#3666,#3694,#3722,#3744,#3759,#3871,#3891,#3907,
    #3923,#3939,#3955,#3971,#3987,#3999,#4027,#4049,#4077,#4099,#4127,
    #4143,#4157,#4185,#4207,#4229,#4251,#4273,#4295,#4317,#4339,#4361,
    #4383,#4405,#4421,#4441,#4633,#4657,#4673,#4693,#4713,#4729,#4749,
    #4769,#4789,#4809,#4825,#4841,#4857,#4873,#4889,#4923,#4951,#4979,
    #5007,#5035,#5063,#5085,#5101,#5117,#5151,#5173,#5201,#5229,#5257,
    #5285,#5313,#5341,#5369,#5397,#5425,#5453,#5475,#5503,#5531,#5559,
    #5587,#5615,#5643,#5671,#5693,#5722,#5750,#5772,#5800,#5822,#5844,
    #5866,#5888,#5910,#5932,#5960,#5988,#6010,#6038,#6066,#6082,#6105,
    #6133,#6155,#6177,#6199,#6221,#6243,#6265,#6287,#6309,#6331,#6353,
    #6369,#6389,#6513,#6533,#6553,#6573,#6593,#6613,#6629,#6641,#6669,
    #6691,#6713,#6741,#6769,#6797,#6819,#6834,#6946,#6966,#6982,#6998,
    #7014,#7030,#7046,#7062,#7074,#7102,#7124,#7152,#7174,#7202,#7218,
    #7232,#7552,#7576,#7596,#7616,#7636,#7656,#7676,#7696,#7716,#7736,
    #7756,#7776,#7796,#7812,#7828,#7844,#7860,#7880,#7900,#7920,#7940,
    #7960,#7980,#8000,#8016,#8036,#8056,#8072,#8092,#8112,#8132,#8148,
    #8168,#8184,#8227,#8255));
#293 = ADVANCED_FACE('',(#294,#583,#700,#887,#1003,#1061,#1120,#1206,
    #1330,#1360,#1404,#1490,#1576,#1635),#1693,.T.);
#294 = FACE_BOUND('',#295,.T.);
#295 = EDGE_LOOP('',(#296,#307,#316,#325,#334,#341,#350,#359,#368,#375,
    #384,#393,#402,#411,#420,#429,#438,#447,#456,#465,#472,#479,#486,
    #495,#504,#513,#522,#531,#540,#549,#558,#567,#576));
#296 = ORIENTED_EDGE('',*,*,#297,.F.);
#297 = EDGE_CURVE('',#298,#300,#302,.T.);
#298 = VERTEX_POINT('',#299);
#299 = CARTESIAN_POINT('',(8.135262300451E-02,0.738977480619,
    0.699824586526));
#300 = VERTEX_POINT('',#301);
#301 = CARTESIAN_POINT('',(0.115909192517,0.734503543163,0.750961925647)
  );
#302 = B_SPLINE_CURVE_WITH_KNOTS('',3,(#303,#304,#305,#306),
  .UNSPECIFIED.,.F.,.F.,(4,4),(0.,1.),.PIECEWISE_BEZIER_KNOTS.);
#303 = CARTESIAN_POINT('',(8.135262300451E-02,0.738977480619,
    0.699824586526));
#304 = CARTESIAN_POINT('',(8.832812957921E-02,0.737282316902,
    0.719200396472));
#305 = CARTESIAN_POINT('',(0.10049058097,0.735753032224,0.736680200324)
  );
#306 = CARTESIAN_POINT('',(0.115909192517,0.734503543163,0.750961925647)
  );
#307 = ORIENTED_EDGE('',*,*,#308,.F.);
#308 = EDGE_CURVE('',#309,#298,#311,.T.);
#309 = VERTEX_POINT('',#310);
#310 = CARTESIAN_POINT('',(1.79355019308E-02,0.746400065862,
    0.614984048976));
#311 = B_SPLINE_CURVE_WITH_KNOTS('',3,(#312,#313,#314,#315),
  .UNSPECIFIED.,.F.,.F.,(4,4),(35.,36.),.PIECEWISE_BEZIER_KNOTS.);
#312 = CARTESIAN_POINT('',(1.79355019308E-02,0.746400065862,
    0.614984048976));
#313 = CARTESIAN_POINT('',(1.830696346754E-02,0.743018134637,
    0.653639699761));
#314 = CARTESIAN_POINT('',(4.4576384867E-02,0.740014724167,
    0.687968838519));
#315 = CARTESIAN_POINT('',(8.135262300451E-02,0.738977480619,
    0.699824586526));
#316 = ORIENTED_EDGE('',*,*,#317,.F.);
#317 = EDGE_CURVE('',#318,#309,#320,.T.);
#318 = VERTEX_POINT('',#319);
#319 = CARTESIAN_POINT('',(4.22970942692E-02,0.75173937142,0.55395550877
    ));
#320 = B_SPLINE_CURVE_WITH_KNOTS('',3,(#321,#322,#323,#324),
  .UNSPECIFIED.,.F.,.F.,(4,4),(34.,35.),.PIECEWISE_BEZIER_KNOTS.);
#321 = CARTESIAN_POINT('',(4.22970942692E-02,0.75173937142,0.55395550877
    ));
#322 = CARTESIAN_POINT('',(2.66583431265E-02,0.750283634112,
    0.570594660758));
#323 = CARTESIAN_POINT('',(1.809602042671E-02,0.748372627165,
    0.592437570105));
#324 = CARTESIAN_POINT('',(1.79355019308E-02,0.746400065862,
    0.614984048976));
#325 = ORIENTED_EDGE('',*,*,#326,.F.);
#326 = EDGE_CURVE('',#327,#318,#329,.T.);
#327 = VERTEX_POINT('',#328);
#328 = CARTESIAN_POINT('',(0.101348232496,0.754239147253,0.525382938664)
  );
#329 = B_SPLINE_CURVE_WITH_KNOTS('',3,(#330,#331,#332,#333),
  .UNSPECIFIED.,.F.,.F.,(4,4),(33.,34.),.PIECEWISE_BEZIER_KNOTS.);
#330 = CARTESIAN_POINT('',(0.101348232496,0.754239147253,0.525382938664)
  );
#331 = CARTESIAN_POINT('',(7.870187104523E-02,0.754084061109,
    0.527155581407));
#332 = CARTESIAN_POINT('',(5.79358207437E-02,0.753195108468,
    0.537316356584));
#333 = CARTESIAN_POINT('',(4.22970942692E-02,0.75173937142,0.55395550877
    ));
#334 = ORIENTED_EDGE('',*,*,#335,.F.);
#335 = EDGE_CURVE('',#336,#327,#338,.T.);
#336 = VERTEX_POINT('',#337);
#337 = CARTESIAN_POINT('',(0.139500319488,0.754215563936,0.525652497211)
  );
#338 = B_SPLINE_CURVE_WITH_KNOTS('',1,(#339,#340),.UNSPECIFIED.,.F.,.F.,
  (2,2),(-3.621306529781E-02,1.939981236105E-03),
  .PIECEWISE_BEZIER_KNOTS.);
#339 = CARTESIAN_POINT('',(0.139500319488,0.754215563936,0.525652497211)
  );
#340 = CARTESIAN_POINT('',(0.101348232496,0.754239147253,0.525382938664)
  );
#341 = ORIENTED_EDGE('',*,*,#342,.F.);
#342 = EDGE_CURVE('',#343,#336,#345,.T.);
#343 = VERTEX_POINT('',#344);
#344 = CARTESIAN_POINT('',(0.1581108839,0.75245684726,0.545754720812));
#345 = B_SPLINE_CURVE_WITH_KNOTS('',3,(#346,#347,#348,#349),
  .UNSPECIFIED.,.F.,.F.,(4,4),(28.,29.),.PIECEWISE_BEZIER_KNOTS.);
#346 = CARTESIAN_POINT('',(0.1581108839,0.75245684726,0.545754720812));
#347 = CARTESIAN_POINT('',(0.158184263713,0.75335858871,0.535447768871)
  );
#348 = CARTESIAN_POINT('',(0.149842080805,0.754152810414,0.526369773248)
  );
#349 = CARTESIAN_POINT('',(0.139500319488,0.754215563936,0.525652497211)
  );
#350 = ORIENTED_EDGE('',*,*,#351,.F.);
#351 = EDGE_CURVE('',#352,#343,#354,.T.);
#352 = VERTEX_POINT('',#353);
#353 = CARTESIAN_POINT('',(0.137922700726,0.750722113626,0.565582816969)
  );
#354 = B_SPLINE_CURVE_WITH_KNOTS('',3,(#355,#356,#357,#358),
  .UNSPECIFIED.,.F.,.F.,(4,4),(27.,28.),.PIECEWISE_BEZIER_KNOTS.);
#355 = CARTESIAN_POINT('',(0.137922700726,0.750722113626,0.565582816969)
  );
#356 = CARTESIAN_POINT('',(0.148915684142,0.750715318428,0.565660486446)
  );
#357 = CARTESIAN_POINT('',(0.158032917913,0.751498747775,0.556705848033)
  );
#358 = CARTESIAN_POINT('',(0.1581108839,0.75245684726,0.545754720812));
#359 = ORIENTED_EDGE('',*,*,#360,.F.);
#360 = EDGE_CURVE('',#361,#352,#363,.T.);
#361 = VERTEX_POINT('',#362);
#362 = CARTESIAN_POINT('',(0.134047422007,0.750780869959,0.564911229014)
  );
#363 = B_SPLINE_CURVE_WITH_KNOTS('',3,(#364,#365,#366,#367),
  .UNSPECIFIED.,.F.,.F.,(4,4),(26.,27.),.PIECEWISE_BEZIER_KNOTS.);
#364 = CARTESIAN_POINT('',(0.134047422007,0.750780869959,0.564911229014)
  );
#365 = CARTESIAN_POINT('',(0.135340718527,0.750780070521,0.56492036663)
  );
#366 = CARTESIAN_POINT('',(0.136629428874,0.750722913049,0.565573679527)
  );
#367 = CARTESIAN_POINT('',(0.137922700726,0.750722113626,0.565582816969)
  );
#368 = ORIENTED_EDGE('',*,*,#369,.F.);
#369 = EDGE_CURVE('',#370,#361,#372,.T.);
#370 = VERTEX_POINT('',#371);
#371 = CARTESIAN_POINT('',(0.104948361318,0.750798857242,0.564705633432)
  );
#372 = B_SPLINE_CURVE_WITH_KNOTS('',1,(#373,#374),.UNSPECIFIED.,.F.,.F.,
  (2,2),(-2.775487756806E-17,2.909979254341E-02),
  .PIECEWISE_BEZIER_KNOTS.);
#373 = CARTESIAN_POINT('',(0.104948361318,0.750798857242,0.564705633432)
  );
#374 = CARTESIAN_POINT('',(0.134047422007,0.750780869959,0.564911229014)
  );
#375 = ORIENTED_EDGE('',*,*,#376,.F.);
#376 = EDGE_CURVE('',#377,#370,#379,.T.);
#377 = VERTEX_POINT('',#378);
#378 = CARTESIAN_POINT('',(5.80321323836E-02,0.746431643565,
    0.61462311418));
#379 = B_SPLINE_CURVE_WITH_KNOTS('',3,(#380,#381,#382,#383),
  .UNSPECIFIED.,.F.,.F.,(4,4),(24.,25.),.PIECEWISE_BEZIER_KNOTS.);
#380 = CARTESIAN_POINT('',(5.80321323836E-02,0.746431643565,
    0.61462311418));
#381 = CARTESIAN_POINT('',(5.822016835345E-02,0.74874235845,
    0.588211522187));
#382 = CARTESIAN_POINT('',(7.842211030804E-02,0.750646169411,
    0.566450863326));
#383 = CARTESIAN_POINT('',(0.104948361318,0.750798857242,0.564705633432)
  );
#384 = ORIENTED_EDGE('',*,*,#385,.F.);
#385 = EDGE_CURVE('',#386,#377,#388,.T.);
#386 = VERTEX_POINT('',#387);
#387 = CARTESIAN_POINT('',(0.108112772412,0.742004472278,0.665225913533)
  );
#388 = B_SPLINE_CURVE_WITH_KNOTS('',3,(#389,#390,#391,#392),
  .UNSPECIFIED.,.F.,.F.,(4,4),(23.,24.),.PIECEWISE_BEZIER_KNOTS.);
#389 = CARTESIAN_POINT('',(0.108112772412,0.742004472278,0.665225913533)
  );
#390 = CARTESIAN_POINT('',(8.030700824286E-02,0.742021660123,
    0.665029455568));
#391 = CARTESIAN_POINT('',(5.783492398075E-02,0.744008211536,
    0.642323069022));
#392 = CARTESIAN_POINT('',(5.80321323836E-02,0.746431643565,
    0.61462311418));
#393 = ORIENTED_EDGE('',*,*,#394,.F.);
#394 = EDGE_CURVE('',#395,#386,#397,.T.);
#395 = VERTEX_POINT('',#396);
#396 = CARTESIAN_POINT('',(0.113285933823,0.742001274542,0.665262463824)
  );
#397 = B_SPLINE_CURVE_WITH_KNOTS('',3,(#398,#399,#400,#401),
  .UNSPECIFIED.,.F.,.F.,(4,4),(22.,23.),.PIECEWISE_BEZIER_KNOTS.);
#398 = CARTESIAN_POINT('',(0.113285933823,0.742001274542,0.665262463824)
  );
#399 = CARTESIAN_POINT('',(0.111346001378,0.742002473691,0.665248757487)
  );
#400 = CARTESIAN_POINT('',(0.110052704858,0.742003273129,0.665239619871)
  );
#401 = CARTESIAN_POINT('',(0.108112772412,0.742004472278,0.665225913533)
  );
#402 = ORIENTED_EDGE('',*,*,#403,.F.);
#403 = EDGE_CURVE('',#404,#395,#406,.T.);
#404 = VERTEX_POINT('',#405);
#405 = CARTESIAN_POINT('',(0.203243064513,0.734900452308,0.74642523335)
  );
#406 = B_SPLINE_CURVE_WITH_KNOTS('',3,(#407,#408,#409,#410),
  .UNSPECIFIED.,.F.,.F.,(4,4),(21.,22.),.PIECEWISE_BEZIER_KNOTS.);
#407 = CARTESIAN_POINT('',(0.203243064513,0.734900452308,0.74642523335)
  );
#408 = CARTESIAN_POINT('',(0.156684562477,0.734929231964,0.746096280384)
  );
#409 = CARTESIAN_POINT('',(0.118138058243,0.738052954199,0.710391971858)
  );
#410 = CARTESIAN_POINT('',(0.113285933823,0.742001274542,0.665262463824)
  );
#411 = ORIENTED_EDGE('',*,*,#412,.F.);
#412 = EDGE_CURVE('',#413,#404,#415,.T.);
#413 = VERTEX_POINT('',#414);
#414 = CARTESIAN_POINT('',(0.290333865045,0.740257341039,0.685195714983)
  );
#415 = B_SPLINE_CURVE_WITH_KNOTS('',3,(#416,#417,#418,#419),
  .UNSPECIFIED.,.F.,.F.,(4,4),(20.,21.),.PIECEWISE_BEZIER_KNOTS.);
#416 = CARTESIAN_POINT('',(0.290333865045,0.740257341039,0.685195714983)
  );
#417 = CARTESIAN_POINT('',(0.277790780428,0.737108840584,0.721183239856)
  );
#418 = CARTESIAN_POINT('',(0.243981744545,0.734875270116,0.746713067129)
  );
#419 = CARTESIAN_POINT('',(0.203243064513,0.734900452308,0.74642523335)
  );
#420 = ORIENTED_EDGE('',*,*,#421,.F.);
#421 = EDGE_CURVE('',#422,#413,#424,.T.);
#422 = VERTEX_POINT('',#423);
#423 = CARTESIAN_POINT('',(0.324537293504,0.739390772604,0.695100637515)
  );
#424 = B_SPLINE_CURVE_WITH_KNOTS('',3,(#425,#426,#427,#428),
  .UNSPECIFIED.,.F.,.F.,(4,4),(19.,20.),.PIECEWISE_BEZIER_KNOTS.);
#425 = CARTESIAN_POINT('',(0.324537293504,0.739390772604,0.695100637515)
  );
#426 = CARTESIAN_POINT('',(0.312251025902,0.739398367233,0.695013830509)
  );
#427 = CARTESIAN_POINT('',(0.299992275774,0.739744115443,0.691061910382)
  );
#428 = CARTESIAN_POINT('',(0.290333865045,0.740257341039,0.685195714983)
  );
#429 = ORIENTED_EDGE('',*,*,#430,.F.);
#430 = EDGE_CURVE('',#431,#422,#433,.T.);
#431 = VERTEX_POINT('',#432);
#432 = CARTESIAN_POINT('',(0.389660497087,0.744986690304,0.631139005523)
  );
#433 = B_SPLINE_CURVE_WITH_KNOTS('',3,(#434,#435,#436,#437),
  .UNSPECIFIED.,.F.,.F.,(4,4),(18.,19.),.PIECEWISE_BEZIER_KNOTS.);
#434 = CARTESIAN_POINT('',(0.389660497087,0.744986690304,0.631139005523)
  );
#435 = CARTESIAN_POINT('',(0.389408253736,0.741886951112,0.666569186607)
  );
#436 = CARTESIAN_POINT('',(0.360102812124,0.739368788148,0.695351921003)
  );
#437 = CARTESIAN_POINT('',(0.324537293504,0.739390772604,0.695100637515)
  );
#438 = ORIENTED_EDGE('',*,*,#439,.F.);
#439 = EDGE_CURVE('',#440,#431,#442,.T.);
#440 = VERTEX_POINT('',#441);
#441 = CARTESIAN_POINT('',(0.351283683869,0.750195692062,0.57159984299)
  );
#442 = B_SPLINE_CURVE_WITH_KNOTS('',3,(#443,#444,#445,#446),
  .UNSPECIFIED.,.F.,.F.,(4,4),(17.,18.),.PIECEWISE_BEZIER_KNOTS.);
#443 = CARTESIAN_POINT('',(0.351283683869,0.750195692062,0.57159984299)
  );
#444 = CARTESIAN_POINT('',(0.373842906726,0.749279959428,0.582066714891)
  );
#445 = CARTESIAN_POINT('',(0.389848533057,0.747297405189,0.60472741353)
  );
#446 = CARTESIAN_POINT('',(0.389660497087,0.744986690304,0.631139005523)
  );
#447 = ORIENTED_EDGE('',*,*,#448,.F.);
#448 = EDGE_CURVE('',#449,#440,#451,.T.);
#449 = VERTEX_POINT('',#450);
#450 = CARTESIAN_POINT('',(0.290196289747,0.74651357825,0.613686596439)
  );
#451 = B_SPLINE_CURVE_WITH_KNOTS('',3,(#452,#453,#454,#455),
  .UNSPECIFIED.,.F.,.F.,(4,4),(16.,17.),.PIECEWISE_BEZIER_KNOTS.);
#452 = CARTESIAN_POINT('',(0.290196289747,0.74651357825,0.613686596439)
  );
#453 = CARTESIAN_POINT('',(0.31800206625,0.746496390398,0.613883054491)
  );
#454 = CARTESIAN_POINT('',(0.342056367956,0.748059649472,0.596014921513)
  );
#455 = CARTESIAN_POINT('',(0.351283683869,0.750195692062,0.57159984299)
  );
#456 = ORIENTED_EDGE('',*,*,#457,.F.);
#457 = EDGE_CURVE('',#458,#449,#460,.T.);
#458 = VERTEX_POINT('',#459);
#459 = CARTESIAN_POINT('',(0.241853787501,0.748459759249,0.591441645833)
  );
#460 = B_SPLINE_CURVE_WITH_KNOTS('',3,(#461,#462,#463,#464),
  .UNSPECIFIED.,.F.,.F.,(4,4),(15.,16.),.PIECEWISE_BEZIER_KNOTS.);
#461 = CARTESIAN_POINT('',(0.241853787501,0.748459759249,0.591441645833)
  );
#462 = CARTESIAN_POINT('',(0.253397095728,0.747269027342,0.605051773811)
  );
#463 = CARTESIAN_POINT('',(0.270796915954,0.746525569772,0.613549532718)
  );
#464 = CARTESIAN_POINT('',(0.290196289747,0.74651357825,0.613686596439)
  );
#465 = ORIENTED_EDGE('',*,*,#466,.F.);
#466 = EDGE_CURVE('',#467,#458,#469,.T.);
#467 = VERTEX_POINT('',#468);
#468 = CARTESIAN_POINT('',(0.154882216702,0.744568198771,0.635922385639)
  );
#469 = B_SPLINE_CURVE_WITH_KNOTS('',1,(#470,#471),.UNSPECIFIED.,.F.,.F.,
  (2,2),(0.,9.776366699299E-02),.PIECEWISE_BEZIER_KNOTS.);
#470 = CARTESIAN_POINT('',(0.154882216702,0.744568198771,0.635922385639)
  );
#471 = CARTESIAN_POINT('',(0.241853787501,0.748459759249,0.591441645833)
  );
#472 = ORIENTED_EDGE('',*,*,#473,.F.);
#473 = EDGE_CURVE('',#474,#467,#476,.T.);
#474 = VERTEX_POINT('',#475);
#475 = CARTESIAN_POINT('',(0.135079277901,0.747567612051,0.601638934962)
  );
#476 = B_SPLINE_CURVE_WITH_KNOTS('',1,(#477,#478),.UNSPECIFIED.,.F.,.F.,
  (2,2),(0.,3.970526231494E-02),.PIECEWISE_BEZIER_KNOTS.);
#477 = CARTESIAN_POINT('',(0.135079277901,0.747567612051,0.601638934962)
  );
#478 = CARTESIAN_POINT('',(0.154882216702,0.744568198771,0.635922385639)
  );
#479 = ORIENTED_EDGE('',*,*,#480,.F.);
#480 = EDGE_CURVE('',#481,#474,#483,.T.);
#481 = VERTEX_POINT('',#482);
#482 = CARTESIAN_POINT('',(0.225949070878,0.751682209586,0.554608869932)
  );
#483 = B_SPLINE_CURVE_WITH_KNOTS('',1,(#484,#485),.UNSPECIFIED.,.F.,.F.,
  (2,2),(0.,0.10240154396),.PIECEWISE_BEZIER_KNOTS.);
#484 = CARTESIAN_POINT('',(0.225949070878,0.751682209586,0.554608869932)
  );
#485 = CARTESIAN_POINT('',(0.135079277901,0.747567612051,0.601638934962)
  );
#486 = ORIENTED_EDGE('',*,*,#487,.F.);
#487 = EDGE_CURVE('',#488,#481,#490,.T.);
#488 = VERTEX_POINT('',#489);
#489 = CARTESIAN_POINT('',(0.225994933306,0.75224579853,0.548167018826)
  );
#490 = B_SPLINE_CURVE_WITH_KNOTS('',3,(#491,#492,#493,#494),
  .UNSPECIFIED.,.F.,.F.,(4,4),(11.,12.),.PIECEWISE_BEZIER_KNOTS.);
#491 = CARTESIAN_POINT('',(0.225994933306,0.75224579853,0.548167018826)
  );
#492 = CARTESIAN_POINT('',(0.225981174613,0.752076722277,0.550099569243)
  );
#493 = CARTESIAN_POINT('',(0.225967415919,0.751907646024,0.55203211966)
  );
#494 = CARTESIAN_POINT('',(0.225949070878,0.751682209586,0.554608869932)
  );
#495 = ORIENTED_EDGE('',*,*,#496,.F.);
#496 = EDGE_CURVE('',#497,#488,#499,.T.);
#497 = VERTEX_POINT('',#498);
#498 = CARTESIAN_POINT('',(0.291118136889,0.75784171623,0.484205386834)
  );
#499 = B_SPLINE_CURVE_WITH_KNOTS('',3,(#500,#501,#502,#503),
  .UNSPECIFIED.,.F.,.F.,(4,4),(10.,11.),.PIECEWISE_BEZIER_KNOTS.);
#500 = CARTESIAN_POINT('',(0.291118136889,0.75784171623,0.484205386834)
  );
#501 = CARTESIAN_POINT('',(0.255552618269,0.757863700687,0.483954103346)
  );
#502 = CARTESIAN_POINT('',(0.226247176657,0.755345537722,0.512736837742)
  );
#503 = CARTESIAN_POINT('',(0.225994933306,0.75224579853,0.548167018826)
  );
#504 = ORIENTED_EDGE('',*,*,#505,.F.);
#505 = EDGE_CURVE('',#506,#497,#508,.T.);
#506 = VERTEX_POINT('',#507);
#507 = CARTESIAN_POINT('',(0.352237628928,0.753971338685,0.528444004602)
  );
#508 = B_SPLINE_CURVE_WITH_KNOTS('',3,(#509,#510,#511,#512),
  .UNSPECIFIED.,.F.,.F.,(4,4),(9.,10.),.PIECEWISE_BEZIER_KNOTS.);
#509 = CARTESIAN_POINT('',(0.352237628928,0.753971338685,0.528444004602)
  );
#510 = CARTESIAN_POINT('',(0.344014682094,0.756230890788,0.502617205889)
  );
#511 = CARTESIAN_POINT('',(0.319570561652,0.757824128659,0.484406413695)
  );
#512 = CARTESIAN_POINT('',(0.291118136889,0.75784171623,0.484205386834)
  );
#513 = ORIENTED_EDGE('',*,*,#514,.F.);
#514 = EDGE_CURVE('',#515,#506,#517,.T.);
#515 = VERTEX_POINT('',#516);
#516 = CARTESIAN_POINT('',(0.403749152758,0.751234134793,0.559730388253)
  );
#517 = B_SPLINE_CURVE_WITH_KNOTS('',3,(#518,#519,#520,#521),
  .UNSPECIFIED.,.F.,.F.,(4,4),(8.,9.),.PIECEWISE_BEZIER_KNOTS.);
#518 = CARTESIAN_POINT('',(0.403749152758,0.751234134793,0.559730388253)
  );
#519 = CARTESIAN_POINT('',(0.38963301644,0.7525955429,0.544169422382));
#520 = CARTESIAN_POINT('',(0.372246954907,0.753508076723,0.533739113058)
  );
#521 = CARTESIAN_POINT('',(0.352237628928,0.753971338685,0.528444004602)
  );
#522 = ORIENTED_EDGE('',*,*,#523,.F.);
#523 = EDGE_CURVE('',#524,#515,#526,.T.);
#524 = VERTEX_POINT('',#525);
#525 = CARTESIAN_POINT('',(0.430408374481,0.745074228465,0.630138439767)
  );
#526 = B_SPLINE_CURVE_WITH_KNOTS('',3,(#527,#528,#529,#530),
  .UNSPECIFIED.,.F.,.F.,(4,4),(7.,8.),.PIECEWISE_BEZIER_KNOTS.);
#527 = CARTESIAN_POINT('',(0.430408374481,0.745074228465,0.630138439767)
  );
#528 = CARTESIAN_POINT('',(0.430591824191,0.74732858424,0.604371035342)
  );
#529 = CARTESIAN_POINT('',(0.421071000832,0.749532577743,0.579179274338)
  );
#530 = CARTESIAN_POINT('',(0.403749152758,0.751234134793,0.559730388253)
  );
#531 = ORIENTED_EDGE('',*,*,#532,.F.);
#532 = EDGE_CURVE('',#533,#524,#535,.T.);
#533 = VERTEX_POINT('',#534);
#534 = CARTESIAN_POINT('',(0.399493173327,0.738668101985,0.703360800492)
  );
#535 = B_SPLINE_CURVE_WITH_KNOTS('',3,(#536,#537,#538,#539),
  .UNSPECIFIED.,.F.,.F.,(4,4),(6.,7.),.PIECEWISE_BEZIER_KNOTS.);
#536 = CARTESIAN_POINT('',(0.399493173327,0.738668101985,0.703360800492)
  );
#537 = CARTESIAN_POINT('',(0.419030151318,0.740346876747,0.684172317157)
  );
#538 = CARTESIAN_POINT('',(0.430211166078,0.742650796436,0.657838394609)
  );
#539 = CARTESIAN_POINT('',(0.430408374481,0.745074228465,0.630138439767)
  );
#540 = ORIENTED_EDGE('',*,*,#541,.F.);
#541 = EDGE_CURVE('',#542,#533,#544,.T.);
#542 = VERTEX_POINT('',#543);
#543 = CARTESIAN_POINT('',(0.324908767462,0.736008842447,0.733756276099)
  );
#544 = B_SPLINE_CURVE_WITH_KNOTS('',3,(#545,#546,#547,#548),
  .UNSPECIFIED.,.F.,.F.,(4,4),(5.,6.),.PIECEWISE_BEZIER_KNOTS.);
#545 = CARTESIAN_POINT('',(0.324908767462,0.736008842447,0.733756276099)
  );
#546 = CARTESIAN_POINT('',(0.352714537798,0.735991654598,0.733952734108)
  );
#547 = CARTESIAN_POINT('',(0.379304977733,0.736933367284,0.72318890885)
  );
#548 = CARTESIAN_POINT('',(0.399493173327,0.738668101985,0.703360800492)
  );
#549 = ORIENTED_EDGE('',*,*,#550,.F.);
#550 = EDGE_CURVE('',#551,#542,#553,.T.);
#551 = VERTEX_POINT('',#552);
#552 = CARTESIAN_POINT('',(0.310045091631,0.736130753625,0.732362824956)
  );
#553 = B_SPLINE_CURVE_WITH_KNOTS('',3,(#554,#555,#556,#557),
  .UNSPECIFIED.,.F.,.F.,(4,4),(4.,5.),.PIECEWISE_BEZIER_KNOTS.);
#554 = CARTESIAN_POINT('',(0.310045091631,0.736130753625,0.732362824956)
  );
#555 = CARTESIAN_POINT('',(0.315213666782,0.736071196779,0.733043562814)
  );
#556 = CARTESIAN_POINT('',(0.319735606051,0.736012040183,0.733719725808)
  );
#557 = CARTESIAN_POINT('',(0.324908767462,0.736008842447,0.733756276099)
  );
#558 = ORIENTED_EDGE('',*,*,#559,.F.);
#559 = EDGE_CURVE('',#560,#551,#562,.T.);
#560 = VERTEX_POINT('',#561);
#561 = CARTESIAN_POINT('',(0.281390884517,0.733668549782,0.760505943663)
  );
#562 = B_SPLINE_CURVE_WITH_KNOTS('',3,(#563,#564,#565,#566),
  .UNSPECIFIED.,.F.,.F.,(4,4),(3.,4.),.PIECEWISE_BEZIER_KNOTS.);
#563 = CARTESIAN_POINT('',(0.281390884517,0.733668549782,0.760505943663)
  );
#564 = CARTESIAN_POINT('',(0.292438902859,0.734338061477,0.75285338997)
  );
#565 = CARTESIAN_POINT('',(0.301560735137,0.735177848851,0.743254576363)
  );
#566 = CARTESIAN_POINT('',(0.310045091631,0.736130753625,0.732362824956)
  );
#567 = ORIENTED_EDGE('',*,*,#568,.F.);
#568 = EDGE_CURVE('',#569,#560,#571,.T.);
#569 = VERTEX_POINT('',#570);
#570 = CARTESIAN_POINT('',(0.203614525875,0.731518518934,0.785080908708)
  );
#571 = B_SPLINE_CURVE_WITH_KNOTS('',3,(#572,#573,#574,#575),
  .UNSPECIFIED.,.F.,.F.,(4,4),(2.,3.),.PIECEWISE_BEZIER_KNOTS.);
#572 = CARTESIAN_POINT('',(0.203614525875,0.731518518934,0.785080908708)
  );
#573 = CARTESIAN_POINT('',(0.232066938304,0.73150093137,0.785281935481)
  );
#574 = CARTESIAN_POINT('',(0.258643625685,0.732273567463,0.776450664523)
  );
#575 = CARTESIAN_POINT('',(0.281390884517,0.733668549782,0.760505943663)
  );
#576 = ORIENTED_EDGE('',*,*,#577,.F.);
#577 = EDGE_CURVE('',#300,#569,#578,.T.);
#578 = B_SPLINE_CURVE_WITH_KNOTS('',3,(#579,#580,#581,#582),
  .UNSPECIFIED.,.F.,.F.,(4,4),(1.,2.),.PIECEWISE_BEZIER_KNOTS.);
#579 = CARTESIAN_POINT('',(0.115909192517,0.734503543163,0.750961925647)
  );
#580 = CARTESIAN_POINT('',(0.140330381697,0.732628510215,0.772393650306)
  );
#581 = CARTESIAN_POINT('',(0.171282236221,0.731538504803,0.784852469173)
  );
#582 = CARTESIAN_POINT('',(0.203614525875,0.731518518934,0.785080908708)
  );
#583 = FACE_BOUND('',#584,.T.);
#584 = EDGE_LOOP('',(#585,#594,#601,#610,#619,#626,#635,#644,#651,#658,
    #665,#672,#679,#686,#695));
#585 = ORIENTED_EDGE('',*,*,#586,.F.);
#586 = EDGE_CURVE('',#587,#589,#591,.T.);
#587 = VERTEX_POINT('',#588);
#588 = CARTESIAN_POINT('',(-0.295975901385,0.748795534528,0.587603716825
    ));
#589 = VERTEX_POINT('',#590);
#590 = CARTESIAN_POINT('',(-0.28416540995,0.748788234133,0.587687162309)
  );
#591 = B_SPLINE_CURVE_WITH_KNOTS('',1,(#592,#593),.UNSPECIFIED.,.F.,.F.,
  (2,2),(-1.181078847386E-02,2.220289501205E-18),
  .PIECEWISE_BEZIER_KNOTS.);
#592 = CARTESIAN_POINT('',(-0.295975901385,0.748795534528,0.587603716825
    ));
#593 = CARTESIAN_POINT('',(-0.28416540995,0.748788233996,0.587687162297)
  );
#594 = ORIENTED_EDGE('',*,*,#595,.F.);
#595 = EDGE_CURVE('',#596,#587,#598,.T.);
#596 = VERTEX_POINT('',#597);
#597 = CARTESIAN_POINT('',(-0.265965883916,0.75529384067,0.513327739338)
  );
#598 = B_SPLINE_CURVE_WITH_KNOTS('',1,(#599,#600),.UNSPECIFIED.,.F.,.F.,
  (2,2),(-8.03725697161E-02,0.),.PIECEWISE_BEZIER_KNOTS.);
#599 = CARTESIAN_POINT('',(-0.265965883916,0.755293840532,0.513327739326
    ));
#600 = CARTESIAN_POINT('',(-0.295975901385,0.748795534528,0.587603716825
    ));
#601 = ORIENTED_EDGE('',*,*,#602,.F.);
#602 = EDGE_CURVE('',#603,#596,#605,.T.);
#603 = VERTEX_POINT('',#604);
#604 = CARTESIAN_POINT('',(-0.242639220193,0.757091010341,0.492785995993
    ));
#605 = B_SPLINE_CURVE_WITH_KNOTS('',3,(#606,#607,#608,#609),
  .UNSPECIFIED.,.F.,.F.,(4,4),(1.,2.),.PIECEWISE_BEZIER_KNOTS.);
#606 = CARTESIAN_POINT('',(-0.242639220193,0.757091010341,0.492785995993
    ));
#607 = CARTESIAN_POINT('',(-0.252613040716,0.757097175417,0.492715527266
    ));
#608 = CARTESIAN_POINT('',(-0.260380845626,0.756498114069,0.499562829806
    ));
#609 = CARTESIAN_POINT('',(-0.265965883916,0.75529384067,0.513327739338)
  );
#610 = ORIENTED_EDGE('',*,*,#611,.F.);
#611 = EDGE_CURVE('',#612,#603,#614,.T.);
#612 = VERTEX_POINT('',#613);
#613 = CARTESIAN_POINT('',(-0.235299132152,0.757005417715,0.493764324196
    ));
#614 = B_SPLINE_CURVE_WITH_KNOTS('',3,(#615,#616,#617,#618),
  .UNSPECIFIED.,.F.,.F.,(4,4),(2.,3.),.PIECEWISE_BEZIER_KNOTS.);
#615 = CARTESIAN_POINT('',(-0.235299132152,0.757005417715,0.493764324196
    ));
#616 = CARTESIAN_POINT('',(-0.23731750791,0.757059351243,0.493147859561)
  );
#617 = CARTESIAN_POINT('',(-0.23977959333,0.757089242555,0.492806200298)
  );
#618 = CARTESIAN_POINT('',(-0.242639220193,0.757091010341,0.492785995993
    ));
#619 = ORIENTED_EDGE('',*,*,#620,.F.);
#620 = EDGE_CURVE('',#621,#612,#623,.T.);
#621 = VERTEX_POINT('',#622);
#622 = CARTESIAN_POINT('',(-0.235371024278,0.756121957992,0.503862315027
    ));
#623 = B_SPLINE_CURVE_WITH_KNOTS('',1,(#624,#625),.UNSPECIFIED.,.F.,.F.,
  (2,2),(-1.013681845454E-02,1.289405940644E-16),
  .PIECEWISE_BEZIER_KNOTS.);
#624 = CARTESIAN_POINT('',(-0.235371024278,0.756121957855,0.503862315015
    ));
#625 = CARTESIAN_POINT('',(-0.235299132152,0.757005417577,0.493764324184
    ));
#626 = ORIENTED_EDGE('',*,*,#627,.F.);
#627 = EDGE_CURVE('',#628,#621,#630,.T.);
#628 = VERTEX_POINT('',#629);
#629 = CARTESIAN_POINT('',(-0.241825012118,0.756239425057,0.502519660337
    ));
#630 = B_SPLINE_CURVE_WITH_KNOTS('',3,(#631,#632,#633,#634),
  .UNSPECIFIED.,.F.,.F.,(4,4),(4.,5.),.PIECEWISE_BEZIER_KNOTS.);
#631 = CARTESIAN_POINT('',(-0.241825012118,0.756239425057,0.502519660337
    ));
#632 = CARTESIAN_POINT('',(-0.239732602218,0.756238131517,0.502534443972
    ));
#633 = CARTESIAN_POINT('',(-0.237596662344,0.756200336266,0.502966445674
    ));
#634 = CARTESIAN_POINT('',(-0.235371024278,0.756121957992,0.503862315027
    ));
#635 = ORIENTED_EDGE('',*,*,#636,.F.);
#636 = EDGE_CURVE('',#637,#628,#639,.T.);
#637 = VERTEX_POINT('',#638);
#638 = CARTESIAN_POINT('',(-0.253560976297,0.755448283559,0.511562449037
    ));
#639 = B_SPLINE_CURVE_WITH_KNOTS('',3,(#640,#641,#642,#643),
  .UNSPECIFIED.,.F.,.F.,(4,4),(5.,6.),.PIECEWISE_BEZIER_KNOTS.);
#640 = CARTESIAN_POINT('',(-0.253560976297,0.755448283559,0.511562449037
    ));
#641 = CARTESIAN_POINT('',(-0.250936806409,0.75598162714,0.50546630242)
  );
#642 = CARTESIAN_POINT('',(-0.247032787869,0.756242644052,0.502482865471
    ));
#643 = CARTESIAN_POINT('',(-0.241825012118,0.756239425057,0.502519660337
    ));
#644 = ORIENTED_EDGE('',*,*,#645,.F.);
#645 = EDGE_CURVE('',#646,#637,#648,.T.);
#646 = VERTEX_POINT('',#647);
#647 = CARTESIAN_POINT('',(-0.258643275279,0.754422021198,0.523292681497
    ));
#648 = B_SPLINE_CURVE_WITH_KNOTS('',1,(#649,#650),.UNSPECIFIED.,.F.,.F.,
  (2,2),(-1.282502752232E-02,1.009805798365E-16),
  .PIECEWISE_BEZIER_KNOTS.);
#649 = CARTESIAN_POINT('',(-0.258643275279,0.75442202106,0.523292681485)
  );
#650 = CARTESIAN_POINT('',(-0.253560976297,0.755448283421,0.511562449024
    ));
#651 = ORIENTED_EDGE('',*,*,#652,.F.);
#652 = EDGE_CURVE('',#653,#646,#655,.T.);
#653 = VERTEX_POINT('',#654);
#654 = CARTESIAN_POINT('',(-0.233622086367,0.748756991302,0.588044269506
    ));
#655 = B_SPLINE_CURVE_WITH_KNOTS('',1,(#656,#657),.UNSPECIFIED.,.F.,.F.,
  (2,2),(-6.964855065249E-02,8.341874914072E-16),
  .PIECEWISE_BEZIER_KNOTS.);
#656 = CARTESIAN_POINT('',(-0.233622086367,0.748756991164,0.588044269494
    ));
#657 = CARTESIAN_POINT('',(-0.258643275279,0.75442202106,0.523292681485)
  );
#658 = ORIENTED_EDGE('',*,*,#659,.F.);
#659 = EDGE_CURVE('',#660,#653,#662,.T.);
#660 = VERTEX_POINT('',#661);
#661 = CARTESIAN_POINT('',(-0.246362537758,0.74876486668,0.587954253525)
  );
#662 = B_SPLINE_CURVE_WITH_KNOTS('',1,(#663,#664),.UNSPECIFIED.,.F.,.F.,
  (2,2),(-1.274077181878E-02,5.387670201525E-17),
  .PIECEWISE_BEZIER_KNOTS.);
#663 = CARTESIAN_POINT('',(-0.246362537758,0.748764866542,0.587954253513
    ));
#664 = CARTESIAN_POINT('',(-0.233622086367,0.748756991164,0.588044269494
    ));
#665 = ORIENTED_EDGE('',*,*,#666,.F.);
#666 = EDGE_CURVE('',#667,#660,#669,.T.);
#667 = VERTEX_POINT('',#668);
#668 = CARTESIAN_POINT('',(-0.262988037536,0.753030553513,0.539197229913
    ));
#669 = B_SPLINE_CURVE_WITH_KNOTS('',1,(#670,#671),.UNSPECIFIED.,.F.,.F.,
  (2,2),(-5.168994755783E-02,-4.188460493129E-17),
  .PIECEWISE_BEZIER_KNOTS.);
#670 = CARTESIAN_POINT('',(-0.262988037536,0.753030553375,0.539197229901
    ));
#671 = CARTESIAN_POINT('',(-0.246362537758,0.748764866542,0.587954253513
    ));
#672 = ORIENTED_EDGE('',*,*,#673,.F.);
#673 = EDGE_CURVE('',#674,#667,#676,.T.);
#674 = VERTEX_POINT('',#675);
#675 = CARTESIAN_POINT('',(-0.264345052723,0.753497461047,0.53386045238)
  );
#676 = B_SPLINE_CURVE_WITH_KNOTS('',1,(#677,#678),.UNSPECIFIED.,.F.,.F.,
  (2,2),(-5.526362948747E-03,-1.275006130104E-11),
  .PIECEWISE_BEZIER_KNOTS.);
#677 = CARTESIAN_POINT('',(-0.264345052723,0.753497460909,0.533860452368
    ));
#678 = CARTESIAN_POINT('',(-0.262988037535,0.753030553375,0.5391972299)
  );
#679 = ORIENTED_EDGE('',*,*,#680,.F.);
#680 = EDGE_CURVE('',#681,#674,#683,.T.);
#681 = VERTEX_POINT('',#682);
#682 = CARTESIAN_POINT('',(-0.264647289705,0.753497647871,0.533858316976
    ));
#683 = B_SPLINE_CURVE_WITH_KNOTS('',1,(#684,#685),.UNSPECIFIED.,.F.,.F.,
  (2,2),(-3.022445865954E-04,-3.153247465975E-12),
  .PIECEWISE_BEZIER_KNOTS.);
#684 = CARTESIAN_POINT('',(-0.264647289705,0.753497647733,0.533858316964
    ));
#685 = CARTESIAN_POINT('',(-0.264345052723,0.753497460908,0.53386045238)
  );
#686 = ORIENTED_EDGE('',*,*,#687,.F.);
#687 = EDGE_CURVE('',#688,#681,#690,.T.);
#688 = VERTEX_POINT('',#689);
#689 = CARTESIAN_POINT('',(-0.266079494824,0.753040570007,0.539082740863
    ));
#690 = B_SPLINE_CURVE_WITH_KNOTS('',3,(#691,#692,#693,#694),
  .UNSPECIFIED.,.F.,.F.,(4,4),(12.,13.),.PIECEWISE_BEZIER_KNOTS.);
#691 = CARTESIAN_POINT('',(-0.266079494824,0.753040570007,0.539082740863
    ));
#692 = CARTESIAN_POINT('',(-0.265365865618,0.753238714545,0.536817936849
    ));
#693 = CARTESIAN_POINT('',(-0.264888353984,0.753392424688,0.535061021867
    ));
#694 = CARTESIAN_POINT('',(-0.264647289705,0.753497647871,0.533858316976
    ));
#695 = ORIENTED_EDGE('',*,*,#696,.F.);
#696 = EDGE_CURVE('',#589,#688,#697,.T.);
#697 = B_SPLINE_CURVE_WITH_KNOTS('',1,(#698,#699),.UNSPECIFIED.,.F.,.F.,
  (2,2),(-5.203433933943E-02,8.496513562021E-18),
  .PIECEWISE_BEZIER_KNOTS.);
#698 = CARTESIAN_POINT('',(-0.28416540995,0.748788233996,0.587687162297)
  );
#699 = CARTESIAN_POINT('',(-0.266079494824,0.753040569869,0.539082740851
    ));
#700 = FACE_BOUND('',#701,.T.);
#701 = EDGE_LOOP('',(#702,#711,#720,#729,#738,#747,#756,#765,#774,#783,
    #792,#799,#808,#817,#826,#835,#844,#853,#862,#871,#880));
#702 = ORIENTED_EDGE('',*,*,#703,.F.);
#703 = EDGE_CURVE('',#704,#706,#708,.T.);
#704 = VERTEX_POINT('',#705);
#705 = CARTESIAN_POINT('',(-0.183461621217,0.753163769657,0.537674560836
    ));
#706 = VERTEX_POINT('',#707);
#707 = CARTESIAN_POINT('',(-0.183378186777,0.754189069243,0.525955332945
    ));
#708 = B_SPLINE_CURVE_WITH_KNOTS('',1,(#709,#710),.UNSPECIFIED.,.F.,.F.,
  (2,2),(-1.176428930668E-02,0.),.PIECEWISE_BEZIER_KNOTS.);
#709 = CARTESIAN_POINT('',(-0.183461621217,0.753163769657,0.537674560836
    ));
#710 = CARTESIAN_POINT('',(-0.183378186777,0.754189069243,0.525955332945
    ));
#711 = ORIENTED_EDGE('',*,*,#712,.F.);
#712 = EDGE_CURVE('',#713,#704,#715,.T.);
#713 = VERTEX_POINT('',#714);
#714 = CARTESIAN_POINT('',(-0.202155793968,0.753722449403,0.531288822122
    ));
#715 = B_SPLINE_CURVE_WITH_KNOTS('',3,(#716,#717,#718,#719),
  .UNSPECIFIED.,.F.,.F.,(4,4),(0.,1.),.PIECEWISE_BEZIER_KNOTS.);
#716 = CARTESIAN_POINT('',(-0.202155793968,0.753722449403,0.531288822122
    ));
#717 = CARTESIAN_POINT('',(-0.195460082288,0.753718310518,0.531336129791
    ));
#718 = CARTESIAN_POINT('',(-0.189244190703,0.753532093517,0.533464599854
    ));
#719 = CARTESIAN_POINT('',(-0.183461621217,0.753163769657,0.537674560836
    ));
#720 = ORIENTED_EDGE('',*,*,#721,.F.);
#721 = EDGE_CURVE('',#722,#713,#724,.T.);
#722 = VERTEX_POINT('',#723);
#723 = CARTESIAN_POINT('',(-0.215656043819,0.752964820789,0.539948558394
    ));
#724 = B_SPLINE_CURVE_WITH_KNOTS('',3,(#725,#726,#727,#728),
  .UNSPECIFIED.,.F.,.F.,(4,4),(1.,2.),.PIECEWISE_BEZIER_KNOTS.);
#725 = CARTESIAN_POINT('',(-0.215656043819,0.752964820789,0.539948558394
    ));
#726 = CARTESIAN_POINT('',(-0.21561449149,0.75347544416,0.534112104966)
  );
#727 = CARTESIAN_POINT('',(-0.21110665854,0.753727982287,0.531225580967)
  );
#728 = CARTESIAN_POINT('',(-0.202155793968,0.753722449403,0.531288822122
    ));
#729 = ORIENTED_EDGE('',*,*,#730,.F.);
#730 = EDGE_CURVE('',#731,#722,#733,.T.);
#731 = VERTEX_POINT('',#732);
#732 = CARTESIAN_POINT('',(-0.212770530752,0.752424018407,0.546129956315
    ));
#733 = B_SPLINE_CURVE_WITH_KNOTS('',3,(#734,#735,#736,#737),
  .UNSPECIFIED.,.F.,.F.,(4,4),(2.,3.),.PIECEWISE_BEZIER_KNOTS.);
#734 = CARTESIAN_POINT('',(-0.212770530752,0.752424018407,0.546129956315
    ));
#735 = CARTESIAN_POINT('',(-0.214711904345,0.752567065445,0.544494921185
    ));
#736 = CARTESIAN_POINT('',(-0.215673851961,0.752745982004,0.54244989556)
  );
#737 = CARTESIAN_POINT('',(-0.215656043819,0.752964820789,0.539948558394
    ));
#738 = ORIENTED_EDGE('',*,*,#739,.F.);
#739 = EDGE_CURVE('',#740,#731,#742,.T.);
#740 = VERTEX_POINT('',#741);
#741 = CARTESIAN_POINT('',(-0.200885016872,0.751910075077,0.552004355458
    ));
#742 = B_SPLINE_CURVE_WITH_KNOTS('',3,(#743,#744,#745,#746),
  .UNSPECIFIED.,.F.,.F.,(4,4),(3.,4.),.PIECEWISE_BEZIER_KNOTS.);
#743 = CARTESIAN_POINT('',(-0.200885016872,0.751910075077,0.552004355458
    ));
#744 = CARTESIAN_POINT('',(-0.206867429126,0.752108306069,0.549738564846
    ));
#745 = CARTESIAN_POINT('',(-0.210829157159,0.752280971368,0.547764991445
    ));
#746 = CARTESIAN_POINT('',(-0.212770530752,0.752424018407,0.546129956315
    ));
#747 = ORIENTED_EDGE('',*,*,#748,.F.);
#748 = EDGE_CURVE('',#749,#740,#751,.T.);
#749 = VERTEX_POINT('',#750);
#750 = CARTESIAN_POINT('',(-0.186926879915,0.751151684293,0.560672801779
    ));
#751 = B_SPLINE_CURVE_WITH_KNOTS('',3,(#752,#753,#754,#755),
  .UNSPECIFIED.,.F.,.F.,(4,4),(4.,5.),.PIECEWISE_BEZIER_KNOTS.);
#752 = CARTESIAN_POINT('',(-0.186926879915,0.751151684293,0.560672801779
    ));
#753 = CARTESIAN_POINT('',(-0.189045671209,0.751400213057,0.557832105016
    ));
#754 = CARTESIAN_POINT('',(-0.1937215226,0.751654375211,0.554927018293)
  );
#755 = CARTESIAN_POINT('',(-0.200885016872,0.751910075077,0.552004355458
    ));
#756 = ORIENTED_EDGE('',*,*,#757,.F.);
#757 = EDGE_CURVE('',#758,#749,#760,.T.);
#758 = VERTEX_POINT('',#759);
#759 = CARTESIAN_POINT('',(-0.183768150537,0.750254069282,0.570932588307
    ));
#760 = B_SPLINE_CURVE_WITH_KNOTS('',3,(#761,#762,#763,#764),
  .UNSPECIFIED.,.F.,.F.,(4,4),(5.,6.),.PIECEWISE_BEZIER_KNOTS.);
#761 = CARTESIAN_POINT('',(-0.183768150537,0.750254069282,0.570932588307
    ));
#762 = CARTESIAN_POINT('',(-0.183739789423,0.75060259009,0.566948977245)
  );
#763 = CARTESIAN_POINT('',(-0.184784839623,0.750903141159,0.563513662804
    ));
#764 = CARTESIAN_POINT('',(-0.186926879915,0.751151684293,0.560672801779
    ));
#765 = ORIENTED_EDGE('',*,*,#766,.F.);
#766 = EDGE_CURVE('',#767,#758,#769,.T.);
#767 = VERTEX_POINT('',#768);
#768 = CARTESIAN_POINT('',(-0.191166610745,0.749050916691,0.584684685345
    ));
#769 = B_SPLINE_CURVE_WITH_KNOTS('',3,(#770,#771,#772,#773),
  .UNSPECIFIED.,.F.,.F.,(4,4),(6.,7.),.PIECEWISE_BEZIER_KNOTS.);
#770 = CARTESIAN_POINT('',(-0.191166610745,0.749050916691,0.584684685345
    ));
#771 = CARTESIAN_POINT('',(-0.186282836448,0.749351855691,0.581244936844
    ));
#772 = CARTESIAN_POINT('',(-0.183809043306,0.749751550908,0.576676399605
    ));
#773 = CARTESIAN_POINT('',(-0.183768150537,0.750254069282,0.570932588307
    ));
#774 = ORIENTED_EDGE('',*,*,#775,.F.);
#775 = EDGE_CURVE('',#776,#767,#778,.T.);
#776 = VERTEX_POINT('',#777);
#777 = CARTESIAN_POINT('',(-0.209197941508,0.748612204948,0.589699183518
    ));
#778 = B_SPLINE_CURVE_WITH_KNOTS('',3,(#779,#780,#781,#782),
  .UNSPECIFIED.,.F.,.F.,(4,4),(7.,8.),.PIECEWISE_BEZIER_KNOTS.);
#779 = CARTESIAN_POINT('',(-0.209197941508,0.748612204948,0.589699183518
    ));
#780 = CARTESIAN_POINT('',(-0.202083747849,0.748607807383,0.589749447916
    ));
#781 = CARTESIAN_POINT('',(-0.196073304261,0.748754044631,0.588077948526
    ));
#782 = CARTESIAN_POINT('',(-0.191166610745,0.749050916691,0.584684685345
    ));
#783 = ORIENTED_EDGE('',*,*,#784,.F.);
#784 = EDGE_CURVE('',#785,#776,#787,.T.);
#785 = VERTEX_POINT('',#786);
#786 = CARTESIAN_POINT('',(-0.224568332388,0.748872977822,0.586718535934
    ));
#787 = B_SPLINE_CURVE_WITH_KNOTS('',3,(#788,#789,#790,#791),
  .UNSPECIFIED.,.F.,.F.,(4,4),(8.,9.),.PIECEWISE_BEZIER_KNOTS.);
#788 = CARTESIAN_POINT('',(-0.224568332388,0.748872977822,0.586718535934
    ));
#789 = CARTESIAN_POINT('',(-0.219839387391,0.748699838275,0.588697530006
    ));
#790 = CARTESIAN_POINT('',(-0.214731203244,0.748615625276,0.589660088986
    ));
#791 = CARTESIAN_POINT('',(-0.209197941508,0.748612204948,0.589699183518
    ));
#792 = ORIENTED_EDGE('',*,*,#793,.F.);
#793 = EDGE_CURVE('',#794,#785,#796,.T.);
#794 = VERTEX_POINT('',#795);
#795 = CARTESIAN_POINT('',(-0.224489844654,0.749837488894,0.575694123927
    ));
#796 = B_SPLINE_CURVE_WITH_KNOTS('',1,(#797,#798),.UNSPECIFIED.,.F.,.F.,
  (2,2),(-1.106680179853E-02,0.),.PIECEWISE_BEZIER_KNOTS.);
#797 = CARTESIAN_POINT('',(-0.224489844654,0.749837488894,0.575694123927
    ));
#798 = CARTESIAN_POINT('',(-0.224568332388,0.748872977822,0.586718535934
    ));
#799 = ORIENTED_EDGE('',*,*,#800,.F.);
#800 = EDGE_CURVE('',#801,#794,#803,.T.);
#801 = VERTEX_POINT('',#802);
#802 = CARTESIAN_POINT('',(-0.208016363263,0.749417976073,0.580489177417
    ));
#803 = B_SPLINE_CURVE_WITH_KNOTS('',3,(#804,#805,#806,#807),
  .UNSPECIFIED.,.F.,.F.,(4,4),(10.,11.),.PIECEWISE_BEZIER_KNOTS.);
#804 = CARTESIAN_POINT('',(-0.208016363263,0.749417976073,0.580489177417
    ));
#805 = CARTESIAN_POINT('',(-0.214177347969,0.749421784422,0.580445647791
    ));
#806 = CARTESIAN_POINT('',(-0.219652899173,0.749562963304,0.578831965783
    ));
#807 = CARTESIAN_POINT('',(-0.224489844654,0.749837488894,0.575694123927
    ));
#808 = ORIENTED_EDGE('',*,*,#809,.F.);
#809 = EDGE_CURVE('',#810,#801,#812,.T.);
#810 = VERTEX_POINT('',#811);
#811 = CARTESIAN_POINT('',(-0.199025101112,0.749623162329,0.578143887774
    ));
#812 = B_SPLINE_CURVE_WITH_KNOTS('',3,(#813,#814,#815,#816),
  .UNSPECIFIED.,.F.,.F.,(4,4),(11.,12.),.PIECEWISE_BEZIER_KNOTS.);
#813 = CARTESIAN_POINT('',(-0.199025101112,0.749623162329,0.578143887774
    ));
#814 = CARTESIAN_POINT('',(-0.201338294316,0.749482745207,0.579748862823
    ));
#815 = CARTESIAN_POINT('',(-0.204343021439,0.749415705435,0.58051513093)
  );
#816 = CARTESIAN_POINT('',(-0.208016363263,0.749417976073,0.580489177417
    ));
#817 = ORIENTED_EDGE('',*,*,#818,.F.);
#818 = EDGE_CURVE('',#819,#810,#821,.T.);
#819 = VERTEX_POINT('',#820);
#820 = CARTESIAN_POINT('',(-0.195516150144,0.750172170216,0.571868698918
    ));
#821 = B_SPLINE_CURVE_WITH_KNOTS('',3,(#822,#823,#824,#825),
  .UNSPECIFIED.,.F.,.F.,(4,4),(12.,13.),.PIECEWISE_BEZIER_KNOTS.);
#822 = CARTESIAN_POINT('',(-0.195516150144,0.750172170216,0.571868698918
    ));
#823 = CARTESIAN_POINT('',(-0.195534617846,0.749945226434,0.574462678214
    ));
#824 = CARTESIAN_POINT('',(-0.196712237689,0.749759526884,0.576585233784
    ));
#825 = CARTESIAN_POINT('',(-0.199025101112,0.749623162329,0.578143887774
    ));
#826 = ORIENTED_EDGE('',*,*,#827,.F.);
#827 = EDGE_CURVE('',#828,#819,#830,.T.);
#828 = VERTEX_POINT('',#829);
#829 = CARTESIAN_POINT('',(-0.197960921574,0.750700541706,0.565829385154
    ));
#830 = B_SPLINE_CURVE_WITH_KNOTS('',3,(#831,#832,#833,#834),
  .UNSPECIFIED.,.F.,.F.,(4,4),(13.,14.),.PIECEWISE_BEZIER_KNOTS.);
#831 = CARTESIAN_POINT('',(-0.197960921574,0.750700541706,0.565829385154
    ));
#832 = CARTESIAN_POINT('',(-0.196320465845,0.750573891762,0.567277000632
    ));
#833 = CARTESIAN_POINT('',(-0.195497682442,0.750399113997,0.569274719622
    ));
#834 = CARTESIAN_POINT('',(-0.195516150144,0.750172170216,0.571868698918
    ));
#835 = ORIENTED_EDGE('',*,*,#836,.F.);
#836 = EDGE_CURVE('',#837,#828,#839,.T.);
#837 = VERTEX_POINT('',#838);
#838 = CARTESIAN_POINT('',(-0.208987871397,0.751193690466,0.560192669026
    ));
#839 = B_SPLINE_CURVE_WITH_KNOTS('',3,(#840,#841,#842,#843),
  .UNSPECIFIED.,.F.,.F.,(4,4),(14.,15.),.PIECEWISE_BEZIER_KNOTS.);
#840 = CARTESIAN_POINT('',(-0.208987871397,0.751193690466,0.560192669026
    ));
#841 = CARTESIAN_POINT('',(-0.20328444713,0.750995631927,0.562456488485)
  );
#842 = CARTESIAN_POINT('',(-0.199624296521,0.750831258588,0.564335284353
    ));
#843 = CARTESIAN_POINT('',(-0.197960921574,0.750700541706,0.565829385154
    ));
#844 = ORIENTED_EDGE('',*,*,#845,.F.);
#845 = EDGE_CURVE('',#846,#837,#848,.T.);
#846 = VERTEX_POINT('',#847);
#847 = CARTESIAN_POINT('',(-0.223621548443,0.751936287742,0.551704743321
    ));
#848 = B_SPLINE_CURVE_WITH_KNOTS('',3,(#849,#850,#851,#852),
  .UNSPECIFIED.,.F.,.F.,(4,4),(15.,16.),.PIECEWISE_BEZIER_KNOTS.);
#849 = CARTESIAN_POINT('',(-0.223621548443,0.751936287742,0.551704743321
    ));
#850 = CARTESIAN_POINT('',(-0.22108460495,0.751683447731,0.554594717872)
  );
#851 = CARTESIAN_POINT('',(-0.216222431787,0.751433223175,0.557454797637
    ));
#852 = CARTESIAN_POINT('',(-0.208987871397,0.751193690466,0.560192669026
    ));
#853 = ORIENTED_EDGE('',*,*,#854,.F.);
#854 = EDGE_CURVE('',#855,#846,#857,.T.);
#855 = VERTEX_POINT('',#856);
#856 = CARTESIAN_POINT('',(-0.22735820499,0.752874787707,0.540977639636)
  );
#857 = B_SPLINE_CURVE_WITH_KNOTS('',3,(#858,#859,#860,#861),
  .UNSPECIFIED.,.F.,.F.,(4,4),(16.,17.),.PIECEWISE_BEZIER_KNOTS.);
#858 = CARTESIAN_POINT('',(-0.22735820499,0.752874787707,0.540977639636)
  );
#859 = CARTESIAN_POINT('',(-0.227388544786,0.752501951494,0.545239177051
    ));
#860 = CARTESIAN_POINT('',(-0.226135242937,0.752189113382,0.548814933034
    ));
#861 = CARTESIAN_POINT('',(-0.223621548443,0.751936287742,0.551704743321
    ));
#862 = ORIENTED_EDGE('',*,*,#863,.F.);
#863 = EDGE_CURVE('',#864,#855,#866,.T.);
#864 = VERTEX_POINT('',#865);
#865 = CARTESIAN_POINT('',(-0.219935176661,0.754094136197,0.527040422624
    ));
#866 = B_SPLINE_CURVE_WITH_KNOTS('',3,(#867,#868,#869,#870),
  .UNSPECIFIED.,.F.,.F.,(4,4),(17.,18.),.PIECEWISE_BEZIER_KNOTS.);
#867 = CARTESIAN_POINT('',(-0.219935176661,0.754094136197,0.527040422624
    ));
#868 = CARTESIAN_POINT('',(-0.224841540396,0.753801316704,0.530387364746
    ));
#869 = CARTESIAN_POINT('',(-0.227315993099,0.753393516351,0.535048544102
    ));
#870 = CARTESIAN_POINT('',(-0.22735820499,0.752874787707,0.540977639636)
  );
#871 = ORIENTED_EDGE('',*,*,#872,.F.);
#872 = EDGE_CURVE('',#873,#864,#875,.T.);
#873 = VERTEX_POINT('',#874);
#874 = CARTESIAN_POINT('',(-0.200973885942,0.754532273095,0.522032494962
    ));
#875 = B_SPLINE_CURVE_WITH_KNOTS('',3,(#876,#877,#878,#879),
  .UNSPECIFIED.,.F.,.F.,(4,4),(18.,19.),.PIECEWISE_BEZIER_KNOTS.);
#876 = CARTESIAN_POINT('',(-0.200973885942,0.754532273095,0.522032494962
    ));
#877 = CARTESIAN_POINT('',(-0.208715802572,0.75453705868,0.52197779547)
  );
#878 = CARTESIAN_POINT('',(-0.215051732144,0.754391022628,0.523646995182
    ));
#879 = CARTESIAN_POINT('',(-0.219935176661,0.754094136197,0.527040422624
    ));
#880 = ORIENTED_EDGE('',*,*,#881,.F.);
#881 = EDGE_CURVE('',#706,#873,#882,.T.);
#882 = B_SPLINE_CURVE_WITH_KNOTS('',3,(#883,#884,#885,#886),
  .UNSPECIFIED.,.F.,.F.,(4,4),(19.,20.),.PIECEWISE_BEZIER_KNOTS.);
#883 = CARTESIAN_POINT('',(-0.183378186777,0.754189069243,0.525955332945
    ));
#884 = CARTESIAN_POINT('',(-0.188382162396,0.754411012053,0.523418515015
    ));
#885 = CARTESIAN_POINT('',(-0.194231676264,0.754528105468,0.522080131157
    ));
#886 = CARTESIAN_POINT('',(-0.200973885942,0.754532273095,0.522032494962
    ));
#887 = FACE_BOUND('',#888,.T.);
#888 = EDGE_LOOP('',(#889,#898,#907,#916,#923,#930,#937,#944,#953,#962,
    #971,#980,#987,#996));
#889 = ORIENTED_EDGE('',*,*,#890,.F.);
#890 = EDGE_CURVE('',#891,#893,#895,.T.);
#891 = VERTEX_POINT('',#892);
#892 = CARTESIAN_POINT('',(-0.122506051201,0.749085477535,0.5842896531)
  );
#893 = VERTEX_POINT('',#894);
#894 = CARTESIAN_POINT('',(-0.122427563467,0.750049988607,0.573265241091
    ));
#895 = B_SPLINE_CURVE_WITH_KNOTS('',1,(#896,#897),.UNSPECIFIED.,.F.,.F.,
  (2,2),(-1.106680179916E-02,0.),.PIECEWISE_BEZIER_KNOTS.);
#896 = CARTESIAN_POINT('',(-0.122506051201,0.749085477535,0.5842896531)
  );
#897 = CARTESIAN_POINT('',(-0.122427563467,0.750049988607,0.573265241091
    ));
#898 = ORIENTED_EDGE('',*,*,#899,.F.);
#899 = EDGE_CURVE('',#900,#891,#902,.T.);
#900 = VERTEX_POINT('',#901);
#901 = CARTESIAN_POINT('',(-0.144914459583,0.74857246878,0.590153369995)
  );
#902 = B_SPLINE_CURVE_WITH_KNOTS('',3,(#903,#904,#905,#906),
  .UNSPECIFIED.,.F.,.F.,(4,4),(0.,1.),.PIECEWISE_BEZIER_KNOTS.);
#903 = CARTESIAN_POINT('',(-0.144914459583,0.74857246878,0.590153369995)
  );
#904 = CARTESIAN_POINT('',(-0.136451823988,0.74856723769,0.590213161632)
  );
#905 = CARTESIAN_POINT('',(-0.128974714787,0.748736884962,0.588274084441
    ));
#906 = CARTESIAN_POINT('',(-0.122506051201,0.749085477535,0.5842896531)
  );
#907 = ORIENTED_EDGE('',*,*,#908,.F.);
#908 = EDGE_CURVE('',#909,#900,#911,.T.);
#909 = VERTEX_POINT('',#910);
#910 = CARTESIAN_POINT('',(-0.168221164851,0.750734844549,0.565437303445
    ));
#911 = B_SPLINE_CURVE_WITH_KNOTS('',3,(#912,#913,#914,#915),
  .UNSPECIFIED.,.F.,.F.,(4,4),(1.,2.),.PIECEWISE_BEZIER_KNOTS.);
#912 = CARTESIAN_POINT('',(-0.168221164851,0.750734844549,0.565437303445
    ));
#913 = CARTESIAN_POINT('',(-0.16833790711,0.749300235505,0.581834958268)
  );
#914 = CARTESIAN_POINT('',(-0.160561035834,0.748582140549,0.590042821171
    ));
#915 = CARTESIAN_POINT('',(-0.144914459583,0.74857246878,0.590153369995)
  );
#916 = ORIENTED_EDGE('',*,*,#917,.F.);
#917 = EDGE_CURVE('',#918,#909,#920,.T.);
#918 = VERTEX_POINT('',#919);
#919 = CARTESIAN_POINT('',(-0.167924692276,0.754378102623,0.523794671521
    ));
#920 = B_SPLINE_CURVE_WITH_KNOTS('',1,(#921,#922),.UNSPECIFIED.,.F.,.F.,
  (2,2),(-4.180275133173E-02,-1.196583018606E-16),
  .PIECEWISE_BEZIER_KNOTS.);
#921 = CARTESIAN_POINT('',(-0.167924692276,0.754378102623,0.523794671521
    ));
#922 = CARTESIAN_POINT('',(-0.168221164851,0.750734844411,0.565437303433
    ));
#923 = ORIENTED_EDGE('',*,*,#924,.F.);
#924 = EDGE_CURVE('',#925,#918,#927,.T.);
#925 = VERTEX_POINT('',#926);
#926 = CARTESIAN_POINT('',(-0.156532682821,0.75437106077,0.523875160264)
  );
#927 = B_SPLINE_CURVE_WITH_KNOTS('',1,(#928,#929),.UNSPECIFIED.,.F.,.F.,
  (2,2),(-1.139229596934E-02,0.),.PIECEWISE_BEZIER_KNOTS.);
#928 = CARTESIAN_POINT('',(-0.156532682821,0.75437106077,0.523875160264)
  );
#929 = CARTESIAN_POINT('',(-0.167924692276,0.754378102623,0.523794671521
    ));
#930 = ORIENTED_EDGE('',*,*,#931,.F.);
#931 = EDGE_CURVE('',#932,#925,#934,.T.);
#932 = VERTEX_POINT('',#933);
#933 = CARTESIAN_POINT('',(-0.156603915386,0.753495706183,0.533880508977
    ));
#934 = B_SPLINE_CURVE_WITH_KNOTS('',1,(#935,#936),.UNSPECIFIED.,.F.,.F.,
  (2,2),(-1.004382011959E-02,0.),.PIECEWISE_BEZIER_KNOTS.);
#935 = CARTESIAN_POINT('',(-0.156603915386,0.753495706183,0.533880508977
    ));
#936 = CARTESIAN_POINT('',(-0.156532682821,0.75437106077,0.523875160264)
  );
#937 = ORIENTED_EDGE('',*,*,#938,.F.);
#938 = EDGE_CURVE('',#939,#932,#941,.T.);
#939 = VERTEX_POINT('',#940);
#940 = CARTESIAN_POINT('',(-0.156301678401,0.753495519359,0.533882644392
    ));
#941 = B_SPLINE_CURVE_WITH_KNOTS('',1,(#942,#943),.UNSPECIFIED.,.F.,.F.,
  (2,2),(-3.022445869055E-04,0.),.PIECEWISE_BEZIER_KNOTS.);
#942 = CARTESIAN_POINT('',(-0.156301678401,0.753495519359,0.533882644392
    ));
#943 = CARTESIAN_POINT('',(-0.156603915386,0.753495706183,0.533880508977
    ));
#944 = ORIENTED_EDGE('',*,*,#945,.F.);
#945 = EDGE_CURVE('',#946,#939,#948,.T.);
#946 = VERTEX_POINT('',#947);
#947 = CARTESIAN_POINT('',(-0.136318420034,0.754492306989,0.522489309643
    ));
#948 = B_SPLINE_CURVE_WITH_KNOTS('',3,(#949,#950,#951,#952),
  .UNSPECIFIED.,.F.,.F.,(4,4),(6.,7.),.PIECEWISE_BEZIER_KNOTS.);
#949 = CARTESIAN_POINT('',(-0.136318420034,0.754492306989,0.522489309643
    ));
#950 = CARTESIAN_POINT('',(-0.145083292615,0.754497724904,0.52242738259)
  );
#951 = CARTESIAN_POINT('',(-0.15175987807,0.754165471941,0.526225051331)
  );
#952 = CARTESIAN_POINT('',(-0.156301678401,0.753495519359,0.533882644392
    ));
#953 = ORIENTED_EDGE('',*,*,#954,.F.);
#954 = EDGE_CURVE('',#955,#946,#957,.T.);
#955 = VERTEX_POINT('',#956);
#956 = CARTESIAN_POINT('',(-0.121335842596,0.754037240812,0.527690739847
    ));
#957 = B_SPLINE_CURVE_WITH_KNOTS('',3,(#958,#959,#960,#961),
  .UNSPECIFIED.,.F.,.F.,(4,4),(7.,8.),.PIECEWISE_BEZIER_KNOTS.);
#958 = CARTESIAN_POINT('',(-0.121335842596,0.754037240812,0.527690739847
    ));
#959 = CARTESIAN_POINT('',(-0.125031608449,0.754335377622,0.524283020512
    ));
#960 = CARTESIAN_POINT('',(-0.130017941336,0.754488412413,0.522533824845
    ));
#961 = CARTESIAN_POINT('',(-0.136318420034,0.754492306989,0.522489309643
    ));
#962 = ORIENTED_EDGE('',*,*,#963,.F.);
#963 = EDGE_CURVE('',#964,#955,#966,.T.);
#964 = VERTEX_POINT('',#965);
#965 = CARTESIAN_POINT('',(-0.11585402764,0.752830179184,0.541487517385)
  );
#966 = B_SPLINE_CURVE_WITH_KNOTS('',3,(#967,#968,#969,#970),
  .UNSPECIFIED.,.F.,.F.,(4,4),(8.,9.),.PIECEWISE_BEZIER_KNOTS.);
#967 = CARTESIAN_POINT('',(-0.11585402764,0.752830179184,0.541487517385)
  );
#968 = CARTESIAN_POINT('',(-0.11581280509,0.753336750126,0.535697385028)
  );
#969 = CARTESIAN_POINT('',(-0.117640076743,0.753739104002,0.531098459182
    ));
#970 = CARTESIAN_POINT('',(-0.121335842596,0.754037240812,0.527690739847
    ));
#971 = ORIENTED_EDGE('',*,*,#972,.F.);
#972 = EDGE_CURVE('',#973,#964,#975,.T.);
#973 = VERTEX_POINT('',#974);
#974 = CARTESIAN_POINT('',(-0.137556229469,0.750995530425,0.562457648664
    ));
#975 = B_SPLINE_CURVE_WITH_KNOTS('',3,(#976,#977,#978,#979),
  .UNSPECIFIED.,.F.,.F.,(4,4),(9.,10.),.PIECEWISE_BEZIER_KNOTS.);
#976 = CARTESIAN_POINT('',(-0.137556229469,0.750995530425,0.562457648664
    ));
#977 = CARTESIAN_POINT('',(-0.123174167599,0.751160909472,0.560567357506
    ));
#978 = CARTESIAN_POINT('',(-0.115940100323,0.751772459058,0.553577313747
    ));
#979 = CARTESIAN_POINT('',(-0.11585402764,0.752830179184,0.541487517385)
  );
#980 = ORIENTED_EDGE('',*,*,#981,.F.);
#981 = EDGE_CURVE('',#982,#973,#984,.T.);
#982 = VERTEX_POINT('',#983);
#983 = CARTESIAN_POINT('',(-0.156825527811,0.750772380802,0.565008260529
    ));
#984 = B_SPLINE_CURVE_WITH_KNOTS('',1,(#985,#986),.UNSPECIFIED.,.F.,.F.,
  (2,2),(-1.943865415207E-02,0.),.PIECEWISE_BEZIER_KNOTS.);
#985 = CARTESIAN_POINT('',(-0.156825527811,0.750772380802,0.565008260529
    ));
#986 = CARTESIAN_POINT('',(-0.137556229469,0.750995530425,0.562457648664
    ));
#987 = ORIENTED_EDGE('',*,*,#988,.F.);
#988 = EDGE_CURVE('',#989,#982,#991,.T.);
#989 = VERTEX_POINT('',#990);
#990 = CARTESIAN_POINT('',(-0.143779379336,0.749378268647,0.580943035368
    ));
#991 = B_SPLINE_CURVE_WITH_KNOTS('',3,(#992,#993,#994,#995),
  .UNSPECIFIED.,.F.,.F.,(4,4),(11.,12.),.PIECEWISE_BEZIER_KNOTS.);
#992 = CARTESIAN_POINT('',(-0.143779379336,0.749378268647,0.580943035368
    ));
#993 = CARTESIAN_POINT('',(-0.152544251916,0.749383686562,0.580881108315
    ));
#994 = CARTESIAN_POINT('',(-0.156900717741,0.749848395404,0.575569461948
    ));
#995 = CARTESIAN_POINT('',(-0.156825527811,0.750772380802,0.565008260529
    ));
#996 = ORIENTED_EDGE('',*,*,#997,.F.);
#997 = EDGE_CURVE('',#893,#989,#998,.T.);
#998 = B_SPLINE_CURVE_WITH_KNOTS('',3,(#999,#1000,#1001,#1002),
  .UNSPECIFIED.,.F.,.F.,(4,4),(12.,13.),.PIECEWISE_BEZIER_KNOTS.);
#999 = CARTESIAN_POINT('',(-0.122427563467,0.750049988607,0.573265241091
    ));
#1000 = CARTESIAN_POINT('',(-0.128881222565,0.749600067475,
    0.578407863167));
#1001 = CARTESIAN_POINT('',(-0.135990964708,0.749373454319,
    0.580998063386));
#1002 = CARTESIAN_POINT('',(-0.143779379336,0.749378268647,
    0.580943035368));
#1003 = FACE_BOUND('',#1004,.T.);
#1004 = EDGE_LOOP('',(#1005,#1014,#1021,#1028,#1035,#1042,#1049,#1056));
#1005 = ORIENTED_EDGE('',*,*,#1006,.F.);
#1006 = EDGE_CURVE('',#1007,#1009,#1011,.T.);
#1007 = VERTEX_POINT('',#1008);
#1008 = CARTESIAN_POINT('',(-0.421943606741,0.74195937218,0.665741410013
    ));
#1009 = VERTEX_POINT('',#1010);
#1010 = CARTESIAN_POINT('',(-0.387947648849,0.734011137245,
    0.756590152632));
#1011 = B_SPLINE_CURVE_WITH_KNOTS('',1,(#1012,#1013),.UNSPECIFIED.,.F.,
  .F.,(2,2),(-9.732622270957E-02,9.514257793785E-17),
  .PIECEWISE_BEZIER_KNOTS.);
#1012 = CARTESIAN_POINT('',(-0.421943606741,0.74195937218,0.665741410013
    ));
#1013 = CARTESIAN_POINT('',(-0.387947648849,0.734011137107,0.75659015262
    ));
#1014 = ORIENTED_EDGE('',*,*,#1015,.F.);
#1015 = EDGE_CURVE('',#1016,#1007,#1018,.T.);
#1016 = VERTEX_POINT('',#1017);
#1017 = CARTESIAN_POINT('',(-0.408970665361,0.741951353229,
    0.665833068634));
#1018 = B_SPLINE_CURVE_WITH_KNOTS('',1,(#1019,#1020),.UNSPECIFIED.,.F.,
  .F.,(2,2),(-1.297326765493E-02,0.),.PIECEWISE_BEZIER_KNOTS.);
#1019 = CARTESIAN_POINT('',(-0.408970665361,0.741951353091,
    0.665833068622));
#1020 = CARTESIAN_POINT('',(-0.421943606741,0.74195937218,0.665741410013
    ));
#1021 = ORIENTED_EDGE('',*,*,#1022,.F.);
#1022 = EDGE_CURVE('',#1023,#1016,#1025,.T.);
#1023 = VERTEX_POINT('',#1024);
#1024 = CARTESIAN_POINT('',(-0.399870747316,0.739777495519,
    0.690680375956));
#1025 = B_SPLINE_CURVE_WITH_KNOTS('',1,(#1026,#1027),.UNSPECIFIED.,.F.,
  .F.,(2,2),(-2.655038317833E-02,-2.953932406962E-17),
  .PIECEWISE_BEZIER_KNOTS.);
#1026 = CARTESIAN_POINT('',(-0.399870747316,0.739777495381,
    0.690680375944));
#1027 = CARTESIAN_POINT('',(-0.408970665361,0.741951353091,
    0.665833068622));
#1028 = ORIENTED_EDGE('',*,*,#1029,.F.);
#1029 = EDGE_CURVE('',#1030,#1023,#1032,.T.);
#1030 = VERTEX_POINT('',#1031);
#1031 = CARTESIAN_POINT('',(-0.361998128127,0.739754084952,0.69094795996
    ));
#1032 = B_SPLINE_CURVE_WITH_KNOTS('',1,(#1033,#1034),.UNSPECIFIED.,.F.,
  .F.,(2,2),(-3.787357170226E-02,9.172849212661E-19),
  .PIECEWISE_BEZIER_KNOTS.);
#1033 = CARTESIAN_POINT('',(-0.361998128127,0.739754084814,
    0.690947959948));
#1034 = CARTESIAN_POINT('',(-0.399870747316,0.739777495381,
    0.690680375944));
#1035 = ORIENTED_EDGE('',*,*,#1036,.F.);
#1036 = EDGE_CURVE('',#1037,#1030,#1039,.T.);
#1037 = VERTEX_POINT('',#1038);
#1038 = CARTESIAN_POINT('',(-0.35308007203,0.741916805039,0.66622795625)
  );
#1039 = B_SPLINE_CURVE_WITH_KNOTS('',1,(#1040,#1041),.UNSPECIFIED.,.F.,
  .F.,(2,2),(-2.636830798816E-02,4.779598133942E-17),
  .PIECEWISE_BEZIER_KNOTS.);
#1040 = CARTESIAN_POINT('',(-0.35308007203,0.741916804901,0.666227956238
    ));
#1041 = CARTESIAN_POINT('',(-0.361998128127,0.739754084814,
    0.690947959948));
#1042 = ORIENTED_EDGE('',*,*,#1043,.F.);
#1043 = EDGE_CURVE('',#1044,#1037,#1046,.T.);
#1044 = VERTEX_POINT('',#1045);
#1045 = CARTESIAN_POINT('',(-0.340107130655,0.741908785949,
    0.666319614871));
#1046 = B_SPLINE_CURVE_WITH_KNOTS('',1,(#1047,#1048),.UNSPECIFIED.,.F.,
  .F.,(2,2),(-1.297326765431E-02,-4.266352081794E-12),
  .PIECEWISE_BEZIER_KNOTS.);
#1047 = CARTESIAN_POINT('',(-0.340107130655,0.741908785811,
    0.666319614859));
#1048 = CARTESIAN_POINT('',(-0.35308007203,0.7419168049,0.66622795625));
#1049 = ORIENTED_EDGE('',*,*,#1050,.F.);
#1050 = EDGE_CURVE('',#1051,#1044,#1053,.T.);
#1051 = VERTEX_POINT('',#1052);
#1052 = CARTESIAN_POINT('',(-0.37539318945,0.734003376836,0.756678854511
    ));
#1053 = B_SPLINE_CURVE_WITH_KNOTS('',1,(#1054,#1055),.UNSPECIFIED.,.F.,
  .F.,(2,2),(-9.732622270935E-02,-2.278878621884E-17),
  .PIECEWISE_BEZIER_KNOTS.);
#1054 = CARTESIAN_POINT('',(-0.37539318945,0.734003376698,0.756678854499
    ));
#1055 = CARTESIAN_POINT('',(-0.340107130655,0.741908785811,
    0.666319614859));
#1056 = ORIENTED_EDGE('',*,*,#1057,.F.);
#1057 = EDGE_CURVE('',#1009,#1051,#1058,.T.);
#1058 = B_SPLINE_CURVE_WITH_KNOTS('',1,(#1059,#1060),.UNSPECIFIED.,.F.,
  .F.,(2,2),(-1.255477514979E-02,1.435896113236E-18),
  .PIECEWISE_BEZIER_KNOTS.);
#1059 = CARTESIAN_POINT('',(-0.387947648849,0.734011137107,0.75659015262
    ));
#1060 = CARTESIAN_POINT('',(-0.37539318945,0.734003376698,0.756678854499
    ));
#1061 = FACE_BOUND('',#1062,.T.);
#1062 = EDGE_LOOP('',(#1063,#1072,#1079,#1086,#1095,#1104,#1113));
#1063 = ORIENTED_EDGE('',*,*,#1064,.F.);
#1064 = EDGE_CURVE('',#1065,#1067,#1069,.T.);
#1065 = VERTEX_POINT('',#1066);
#1066 = CARTESIAN_POINT('',(-0.261014036437,0.741859895235,
    0.666878436701));
#1067 = VERTEX_POINT('',#1068);
#1068 = CARTESIAN_POINT('',(-0.286029959241,0.741875358706,
    0.666701690005));
#1069 = B_SPLINE_CURVE_WITH_KNOTS('',1,(#1070,#1071),.UNSPECIFIED.,.F.,
  .F.,(2,2),(-2.501655196525E-02,6.426546818353E-20),
  .PIECEWISE_BEZIER_KNOTS.);
#1070 = CARTESIAN_POINT('',(-0.261014036437,0.741859895235,
    0.666878436701));
#1071 = CARTESIAN_POINT('',(-0.286029959241,0.741875358568,
    0.666701689993));
#1072 = ORIENTED_EDGE('',*,*,#1073,.F.);
#1073 = EDGE_CURVE('',#1074,#1065,#1076,.T.);
#1074 = VERTEX_POINT('',#1075);
#1075 = CARTESIAN_POINT('',(-0.261659086889,0.733933073279,
    0.757482427837));
#1076 = B_SPLINE_CURVE_WITH_KNOTS('',1,(#1077,#1078),.UNSPECIFIED.,.F.,
  .F.,(2,2),(-9.09523710854E-02,0.),.PIECEWISE_BEZIER_KNOTS.);
#1077 = CARTESIAN_POINT('',(-0.261659086889,0.733933073142,
    0.757482427825));
#1078 = CARTESIAN_POINT('',(-0.261014036437,0.741859895235,
    0.666878436701));
#1079 = ORIENTED_EDGE('',*,*,#1080,.F.);
#1080 = EDGE_CURVE('',#1081,#1074,#1083,.T.);
#1081 = VERTEX_POINT('',#1082);
#1082 = CARTESIAN_POINT('',(-0.287604969648,0.733949111458,
    0.757299110619));
#1083 = B_SPLINE_CURVE_WITH_KNOTS('',1,(#1084,#1085),.UNSPECIFIED.,.F.,
  .F.,(2,2),(-2.594653530986E-02,-2.197501050931E-16),
  .PIECEWISE_BEZIER_KNOTS.);
#1084 = CARTESIAN_POINT('',(-0.287604969648,0.73394911132,0.757299110607
    ));
#1085 = CARTESIAN_POINT('',(-0.261659086889,0.733933073142,
    0.757482427825));
#1086 = ORIENTED_EDGE('',*,*,#1087,.F.);
#1087 = EDGE_CURVE('',#1088,#1081,#1090,.T.);
#1088 = VERTEX_POINT('',#1089);
#1089 = CARTESIAN_POINT('',(-0.321904825881,0.735019981346,
    0.745059011782));
#1090 = B_SPLINE_CURVE_WITH_KNOTS('',3,(#1091,#1092,#1093,#1094),
  .UNSPECIFIED.,.F.,.F.,(4,4),(2.,3.),.PIECEWISE_BEZIER_KNOTS.);
#1091 = CARTESIAN_POINT('',(-0.321904825881,0.735019981346,
    0.745059011782));
#1092 = CARTESIAN_POINT('',(-0.312825021327,0.734313239172,
    0.753137110209));
#1093 = CARTESIAN_POINT('',(-0.301391625989,0.733957633399,
    0.757201702802));
#1094 = CARTESIAN_POINT('',(-0.287604969648,0.733949111458,
    0.757299110619));
#1095 = ORIENTED_EDGE('',*,*,#1096,.F.);
#1096 = EDGE_CURVE('',#1097,#1088,#1099,.T.);
#1097 = VERTEX_POINT('',#1098);
#1098 = CARTESIAN_POINT('',(-0.335392867632,0.737840942179,
    0.712815281919));
#1099 = B_SPLINE_CURVE_WITH_KNOTS('',3,(#1100,#1101,#1102,#1103),
  .UNSPECIFIED.,.F.,.F.,(4,4),(3.,4.),.PIECEWISE_BEZIER_KNOTS.);
#1100 = CARTESIAN_POINT('',(-0.335392867632,0.737840942179,
    0.712815281919));
#1101 = CARTESIAN_POINT('',(-0.335488503946,0.736665697457,
    0.726248388975));
#1102 = CARTESIAN_POINT('',(-0.330984630436,0.735726723245,
    0.736980913331));
#1103 = CARTESIAN_POINT('',(-0.321904825881,0.735019981346,
    0.745059011782));
#1104 = ORIENTED_EDGE('',*,*,#1105,.F.);
#1105 = EDGE_CURVE('',#1106,#1097,#1108,.T.);
#1106 = VERTEX_POINT('',#1107);
#1107 = CARTESIAN_POINT('',(-0.32143554838,0.740786784945,0.679144145029
    ));
#1108 = B_SPLINE_CURVE_WITH_KNOTS('',3,(#1109,#1110,#1111,#1112),
  .UNSPECIFIED.,.F.,.F.,(4,4),(4.,5.),.PIECEWISE_BEZIER_KNOTS.);
#1109 = CARTESIAN_POINT('',(-0.32143554838,0.740786784945,0.679144145029
    ));
#1110 = CARTESIAN_POINT('',(-0.330632754755,0.740050812802,
    0.687556343531));
#1111 = CARTESIAN_POINT('',(-0.335292944172,0.739068870004,
    0.698780001073));
#1112 = CARTESIAN_POINT('',(-0.335392867632,0.737840942179,
    0.712815281919));
#1113 = ORIENTED_EDGE('',*,*,#1114,.F.);
#1114 = EDGE_CURVE('',#1067,#1106,#1115,.T.);
#1115 = B_SPLINE_CURVE_WITH_KNOTS('',3,(#1116,#1117,#1118,#1119),
  .UNSPECIFIED.,.F.,.F.,(4,4),(5.,6.),.PIECEWISE_BEZIER_KNOTS.);
#1116 = CARTESIAN_POINT('',(-0.286029959241,0.741875358706,
    0.666701690005));
#1117 = CARTESIAN_POINT('',(-0.300421089552,0.741884254296,
    0.666600011357));
#1118 = CARTESIAN_POINT('',(-0.312238342005,0.741522756813,
    0.670731946503));
#1119 = CARTESIAN_POINT('',(-0.32143554838,0.740786784945,0.679144145029
    ));
#1120 = FACE_BOUND('',#1121,.T.);
#1121 = EDGE_LOOP('',(#1122,#1131,#1138,#1145,#1152,#1159,#1166,#1173,
    #1180,#1187,#1194,#1201));
#1122 = ORIENTED_EDGE('',*,*,#1123,.F.);
#1123 = EDGE_CURVE('',#1124,#1126,#1128,.T.);
#1124 = VERTEX_POINT('',#1125);
#1125 = CARTESIAN_POINT('',(-0.243833026259,0.741849274972,
    0.666999826866));
#1126 = VERTEX_POINT('',#1127);
#1127 = CARTESIAN_POINT('',(-0.243906567287,0.74094555255,0.677329423004
    ));
#1128 = B_SPLINE_CURVE_WITH_KNOTS('',1,(#1129,#1130),.UNSPECIFIED.,.F.,
  .F.,(2,2),(-1.036931429039E-02,2.105580600535E-16),
  .PIECEWISE_BEZIER_KNOTS.);
#1129 = CARTESIAN_POINT('',(-0.243833026259,0.741849274972,
    0.666999826866));
#1130 = CARTESIAN_POINT('',(-0.243906567287,0.740945552412,
    0.677329422991));
#1131 = ORIENTED_EDGE('',*,*,#1132,.F.);
#1132 = EDGE_CURVE('',#1133,#1124,#1135,.T.);
#1133 = VERTEX_POINT('',#1134);
#1134 = CARTESIAN_POINT('',(-0.194917132598,0.741819038257,
    0.667345435684));
#1135 = B_SPLINE_CURVE_WITH_KNOTS('',1,(#1136,#1137),.UNSPECIFIED.,.F.,
  .F.,(2,2),(-4.89171239169E-02,0.),.PIECEWISE_BEZIER_KNOTS.);
#1136 = CARTESIAN_POINT('',(-0.194917132598,0.741819038119,
    0.667345435672));
#1137 = CARTESIAN_POINT('',(-0.243833026259,0.741849274972,
    0.666999826866));
#1138 = ORIENTED_EDGE('',*,*,#1139,.F.);
#1139 = EDGE_CURVE('',#1140,#1133,#1142,.T.);
#1140 = VERTEX_POINT('',#1141);
#1141 = CARTESIAN_POINT('',(-0.19556218305,0.733892216164,0.757949426807
    ));
#1142 = B_SPLINE_CURVE_WITH_KNOTS('',1,(#1143,#1144),.UNSPECIFIED.,.F.,
  .F.,(2,2),(-9.09523710854E-02,7.48647426114E-18),
  .PIECEWISE_BEZIER_KNOTS.);
#1143 = CARTESIAN_POINT('',(-0.19556218305,0.733892216026,0.757949426795
    ));
#1144 = CARTESIAN_POINT('',(-0.194917132598,0.741819038119,
    0.667345435672));
#1145 = ORIENTED_EDGE('',*,*,#1146,.F.);
#1146 = EDGE_CURVE('',#1147,#1140,#1149,.T.);
#1147 = VERTEX_POINT('',#1148);
#1148 = CARTESIAN_POINT('',(-0.24240891581,0.733921173986,0.757618437386
    ));
#1149 = B_SPLINE_CURVE_WITH_KNOTS('',1,(#1150,#1151),.UNSPECIFIED.,.F.,
  .F.,(2,2),(-4.684791097573E-02,2.288915722926E-18),
  .PIECEWISE_BEZIER_KNOTS.);
#1150 = CARTESIAN_POINT('',(-0.24240891581,0.733921173848,0.757618437374
    ));
#1151 = CARTESIAN_POINT('',(-0.19556218305,0.733892216026,0.757949426795
    ));
#1152 = ORIENTED_EDGE('',*,*,#1153,.F.);
#1153 = EDGE_CURVE('',#1154,#1147,#1156,.T.);
#1154 = VERTEX_POINT('',#1155);
#1155 = CARTESIAN_POINT('',(-0.242334715221,0.734833001682,
    0.747196199131));
#1156 = B_SPLINE_CURVE_WITH_KNOTS('',1,(#1157,#1158),.UNSPECIFIED.,.F.,
  .F.,(2,2),(-1.046231263683E-02,9.02850255158E-17),
  .PIECEWISE_BEZIER_KNOTS.);
#1157 = CARTESIAN_POINT('',(-0.242334715221,0.734833001544,
    0.747196199119));
#1158 = CARTESIAN_POINT('',(-0.24240891581,0.733921173848,0.757618437374
    ));
#1159 = ORIENTED_EDGE('',*,*,#1160,.F.);
#1160 = EDGE_CURVE('',#1161,#1154,#1163,.T.);
#1161 = VERTEX_POINT('',#1162);
#1162 = CARTESIAN_POINT('',(-0.2072287269,0.734811301278,0.747444235881)
  );
#1163 = B_SPLINE_CURVE_WITH_KNOTS('',1,(#1164,#1165),.UNSPECIFIED.,.F.,
  .F.,(2,2),(-3.510687125232E-02,7.133519239629E-17),
  .PIECEWISE_BEZIER_KNOTS.);
#1164 = CARTESIAN_POINT('',(-0.2072287269,0.73481130114,0.747444235869)
  );
#1165 = CARTESIAN_POINT('',(-0.242334715221,0.734833001543,
    0.747196199131));
#1166 = ORIENTED_EDGE('',*,*,#1167,.F.);
#1167 = EDGE_CURVE('',#1168,#1161,#1170,.T.);
#1168 = VERTEX_POINT('',#1169);
#1169 = CARTESIAN_POINT('',(-0.207022284373,0.737348208554,
    0.718447253024));
#1170 = B_SPLINE_CURVE_WITH_KNOTS('',1,(#1171,#1172),.UNSPECIFIED.,.F.,
  .F.,(2,2),(-2.910847869316E-02,-1.716246226692E-17),
  .PIECEWISE_BEZIER_KNOTS.);
#1171 = CARTESIAN_POINT('',(-0.207022284373,0.737348208416,
    0.718447253012));
#1172 = CARTESIAN_POINT('',(-0.2072287269,0.73481130114,0.747444235869)
  );
#1173 = ORIENTED_EDGE('',*,*,#1174,.F.);
#1174 = EDGE_CURVE('',#1175,#1168,#1177,.T.);
#1175 = VERTEX_POINT('',#1176);
#1176 = CARTESIAN_POINT('',(-0.239547633817,0.737368313761,
    0.718217449463));
#1177 = B_SPLINE_CURVE_WITH_KNOTS('',1,(#1178,#1179),.UNSPECIFIED.,.F.,
  .F.,(2,2),(-3.252616747135E-02,-1.554528446815E-16),
  .PIECEWISE_BEZIER_KNOTS.);
#1178 = CARTESIAN_POINT('',(-0.239547633817,0.737368313623,
    0.718217449451));
#1179 = CARTESIAN_POINT('',(-0.207022284373,0.737348208415,
    0.718447253024));
#1180 = ORIENTED_EDGE('',*,*,#1181,.F.);
#1181 = EDGE_CURVE('',#1182,#1175,#1184,.T.);
#1182 = VERTEX_POINT('',#1183);
#1183 = CARTESIAN_POINT('',(-0.239473763009,0.738276088889,
    0.707841532267));
#1184 = B_SPLINE_CURVE_WITH_KNOTS('',1,(#1185,#1186),.UNSPECIFIED.,.F.,
  .F.,(2,2),(-1.041581346967E-02,1.02323183771E-16),
  .PIECEWISE_BEZIER_KNOTS.);
#1185 = CARTESIAN_POINT('',(-0.239473763009,0.738276088751,
    0.707841532255));
#1186 = CARTESIAN_POINT('',(-0.239547633817,0.737368313623,
    0.718217449451));
#1187 = ORIENTED_EDGE('',*,*,#1188,.F.);
#1188 = EDGE_CURVE('',#1189,#1182,#1191,.T.);
#1189 = VERTEX_POINT('',#1190);
#1190 = CARTESIAN_POINT('',(-0.206948413564,0.73825598368,0.708071335853
    ));
#1191 = B_SPLINE_CURVE_WITH_KNOTS('',1,(#1192,#1193),.UNSPECIFIED.,.F.,
  .F.,(2,2),(-3.252616747135E-02,-6.743919515347E-17),
  .PIECEWISE_BEZIER_KNOTS.);
#1192 = CARTESIAN_POINT('',(-0.206948413564,0.738255983543,
    0.708071335841));
#1193 = CARTESIAN_POINT('',(-0.239473763009,0.73827608875,0.707841532267
    ));
#1194 = ORIENTED_EDGE('',*,*,#1195,.F.);
#1195 = EDGE_CURVE('',#1196,#1189,#1198,.T.);
#1196 = VERTEX_POINT('',#1197);
#1197 = CARTESIAN_POINT('',(-0.206731418065,0.740922573118,
    0.677592079113));
#1198 = B_SPLINE_CURVE_WITH_KNOTS('',1,(#1199,#1200),.UNSPECIFIED.,.F.,
  .F.,(2,2),(-3.05964520438E-02,1.127865607849E-16),
  .PIECEWISE_BEZIER_KNOTS.);
#1199 = CARTESIAN_POINT('',(-0.206731418065,0.74092257298,0.677592079101
    ));
#1200 = CARTESIAN_POINT('',(-0.206948413564,0.738255983543,
    0.708071335841));
#1201 = ORIENTED_EDGE('',*,*,#1202,.F.);
#1202 = EDGE_CURVE('',#1126,#1196,#1203,.T.);
#1203 = B_SPLINE_CURVE_WITH_KNOTS('',1,(#1204,#1205),.UNSPECIFIED.,.F.,
  .F.,(2,2),(-3.717608419349E-02,-4.358031474494E-17),
  .PIECEWISE_BEZIER_KNOTS.);
#1204 = CARTESIAN_POINT('',(-0.243906567287,0.740945552412,
    0.677329422991));
#1205 = CARTESIAN_POINT('',(-0.206731418065,0.740922572979,
    0.677592079113));
#1206 = FACE_BOUND('',#1207,.T.);
#1207 = EDGE_LOOP('',(#1208,#1217,#1226,#1235,#1244,#1253,#1262,#1271,
    #1278,#1287,#1296,#1305,#1314,#1323));
#1208 = ORIENTED_EDGE('',*,*,#1209,.F.);
#1209 = EDGE_CURVE('',#1210,#1212,#1214,.T.);
#1210 = VERTEX_POINT('',#1211);
#1211 = CARTESIAN_POINT('',(-0.176739878681,0.741479527556,
    0.671226059165));
#1212 = VERTEX_POINT('',#1213);
#1213 = CARTESIAN_POINT('',(-0.176819685536,0.740498806213,
    0.682435755409));
#1214 = B_SPLINE_CURVE_WITH_KNOTS('',1,(#1215,#1216),.UNSPECIFIED.,.F.,
  .F.,(2,2),(-1.125279846783E-02,0.),.PIECEWISE_BEZIER_KNOTS.);
#1215 = CARTESIAN_POINT('',(-0.176739878681,0.741479527556,
    0.671226059165));
#1216 = CARTESIAN_POINT('',(-0.176819685536,0.740498806213,
    0.682435755409));
#1217 = ORIENTED_EDGE('',*,*,#1218,.F.);
#1218 = EDGE_CURVE('',#1219,#1210,#1221,.T.);
#1219 = VERTEX_POINT('',#1220);
#1220 = CARTESIAN_POINT('',(-0.15152361792,0.741925956324,0.666123355003
    ));
#1221 = B_SPLINE_CURVE_WITH_KNOTS('',3,(#1222,#1223,#1224,#1225),
  .UNSPECIFIED.,.F.,.F.,(4,4),(0.,1.),.PIECEWISE_BEZIER_KNOTS.);
#1222 = CARTESIAN_POINT('',(-0.15152361792,0.741925956324,0.666123355003
    ));
#1223 = CARTESIAN_POINT('',(-0.161613683437,0.741932193393,
    0.666052064974));
#1224 = CARTESIAN_POINT('',(-0.170019103691,0.741783383804,
    0.667752966361));
#1225 = CARTESIAN_POINT('',(-0.176739878681,0.741479527556,
    0.671226059165));
#1226 = ORIENTED_EDGE('',*,*,#1227,.F.);
#1227 = EDGE_CURVE('',#1228,#1219,#1230,.T.);
#1228 = VERTEX_POINT('',#1229);
#1229 = CARTESIAN_POINT('',(-0.12036501478,0.740824606135,0.678711846853
    ));
#1230 = B_SPLINE_CURVE_WITH_KNOTS('',3,(#1231,#1232,#1233,#1234),
  .UNSPECIFIED.,.F.,.F.,(4,4),(1.,2.),.PIECEWISE_BEZIER_KNOTS.);
#1231 = CARTESIAN_POINT('',(-0.12036501478,0.740824606135,0.678711846853
    ));
#1232 = CARTESIAN_POINT('',(-0.128094728497,0.741550777345,
    0.670411670346));
#1233 = CARTESIAN_POINT('',(-0.138480929544,0.741917894121,0.6662155064)
  );
#1234 = CARTESIAN_POINT('',(-0.15152361792,0.741925956324,0.666123355003
    ));
#1235 = ORIENTED_EDGE('',*,*,#1236,.F.);
#1236 = EDGE_CURVE('',#1237,#1228,#1239,.T.);
#1237 = VERTEX_POINT('',#1238);
#1238 = CARTESIAN_POINT('',(-0.108927172077,0.737952226445,
    0.711543295348));
#1239 = B_SPLINE_CURVE_WITH_KNOTS('',3,(#1240,#1241,#1242,#1243),
  .UNSPECIFIED.,.F.,.F.,(4,4),(2.,3.),.PIECEWISE_BEZIER_KNOTS.);
#1240 = CARTESIAN_POINT('',(-0.108927172077,0.737952226445,
    0.711543295348));
#1241 = CARTESIAN_POINT('',(-0.108830546421,0.739139628732,
    0.697971225103));
#1242 = CARTESIAN_POINT('',(-0.112635301062,0.740098434648,
    0.687012023335));
#1243 = CARTESIAN_POINT('',(-0.12036501478,0.740824606135,0.678711846853
    ));
#1244 = ORIENTED_EDGE('',*,*,#1245,.F.);
#1245 = EDGE_CURVE('',#1246,#1237,#1248,.T.);
#1246 = VERTEX_POINT('',#1247);
#1247 = CARTESIAN_POINT('',(-0.122313489548,0.734880394808,0.74665449163
    ));
#1248 = B_SPLINE_CURVE_WITH_KNOTS('',3,(#1249,#1250,#1251,#1252),
  .UNSPECIFIED.,.F.,.F.,(4,4),(3.,4.),.PIECEWISE_BEZIER_KNOTS.);
#1249 = CARTESIAN_POINT('',(-0.122313489548,0.734880394808,0.74665449163
    ));
#1250 = CARTESIAN_POINT('',(-0.113485299132,0.735653069859,
    0.737822775383));
#1251 = CARTESIAN_POINT('',(-0.109031052901,0.736675667673,
    0.726134428887));
#1252 = CARTESIAN_POINT('',(-0.108927172077,0.737952226445,
    0.711543295348));
#1253 = ORIENTED_EDGE('',*,*,#1254,.F.);
#1254 = EDGE_CURVE('',#1255,#1246,#1257,.T.);
#1255 = VERTEX_POINT('',#1256);
#1256 = CARTESIAN_POINT('',(-0.155817277704,0.733733906669,
    0.759758911024));
#1257 = B_SPLINE_CURVE_WITH_KNOTS('',3,(#1258,#1259,#1260,#1261),
  .UNSPECIFIED.,.F.,.F.,(4,4),(4.,5.),.PIECEWISE_BEZIER_KNOTS.);
#1258 = CARTESIAN_POINT('',(-0.155817277704,0.733733906669,
    0.759758911024));
#1259 = CARTESIAN_POINT('',(-0.14230960935,0.733725557044,0.759854347676
    ));
#1260 = CARTESIAN_POINT('',(-0.131141679965,0.734107719757,
    0.755486207878));
#1261 = CARTESIAN_POINT('',(-0.122313489548,0.734880394808,0.74665449163
    ));
#1262 = ORIENTED_EDGE('',*,*,#1263,.F.);
#1263 = EDGE_CURVE('',#1264,#1255,#1266,.T.);
#1264 = VERTEX_POINT('',#1265);
#1265 = CARTESIAN_POINT('',(-0.177342717242,0.734071434107,
    0.755900954755));
#1266 = B_SPLINE_CURVE_WITH_KNOTS('',3,(#1267,#1268,#1269,#1270),
  .UNSPECIFIED.,.F.,.F.,(4,4),(5.,6.),.PIECEWISE_BEZIER_KNOTS.);
#1267 = CARTESIAN_POINT('',(-0.177342717242,0.734071434107,
    0.755900954755));
#1268 = CARTESIAN_POINT('',(-0.171687439874,0.733853141472,
    0.758396050983));
#1269 = CARTESIAN_POINT('',(-0.164512403288,0.733739281471,
    0.759697476759));
#1270 = CARTESIAN_POINT('',(-0.155817277704,0.733733906669,
    0.759758911024));
#1271 = ORIENTED_EDGE('',*,*,#1272,.F.);
#1272 = EDGE_CURVE('',#1273,#1264,#1275,.T.);
#1273 = VERTEX_POINT('',#1274);
#1274 = CARTESIAN_POINT('',(-0.177255655218,0.735141311935,
    0.743672195217));
#1275 = B_SPLINE_CURVE_WITH_KNOTS('',1,(#1276,#1277),.UNSPECIFIED.,.F.,
  .F.,(2,2),(-1.227578014616E-02,0.),.PIECEWISE_BEZIER_KNOTS.);
#1276 = CARTESIAN_POINT('',(-0.177255655218,0.735141311935,
    0.743672195217));
#1277 = CARTESIAN_POINT('',(-0.177342717242,0.734071434107,
    0.755900954755));
#1278 = ORIENTED_EDGE('',*,*,#1279,.F.);
#1279 = EDGE_CURVE('',#1280,#1273,#1282,.T.);
#1280 = VERTEX_POINT('',#1281);
#1281 = CARTESIAN_POINT('',(-0.155858332769,0.734657963922,0.74919688829
    ));
#1282 = B_SPLINE_CURVE_WITH_KNOTS('',3,(#1283,#1284,#1285,#1286),
  .UNSPECIFIED.,.F.,.F.,(4,4),(7.,8.),.PIECEWISE_BEZIER_KNOTS.);
#1283 = CARTESIAN_POINT('',(-0.155858332769,0.734657963922,0.74919688829
    ));
#1284 = CARTESIAN_POINT('',(-0.163646747396,0.73466277825,0.749141860272
    ));
#1285 = CARTESIAN_POINT('',(-0.1707716584,0.734821187752,0.747331231375)
  );
#1286 = CARTESIAN_POINT('',(-0.177255655218,0.735141311935,
    0.743672195217));
#1287 = ORIENTED_EDGE('',*,*,#1288,.F.);
#1288 = EDGE_CURVE('',#1289,#1280,#1291,.T.);
#1289 = VERTEX_POINT('',#1290);
#1290 = CARTESIAN_POINT('',(-0.131003337609,0.735522051454,0.7393203226)
  );
#1291 = B_SPLINE_CURVE_WITH_KNOTS('',3,(#1292,#1293,#1294,#1295),
  .UNSPECIFIED.,.F.,.F.,(4,4),(8.,9.),.PIECEWISE_BEZIER_KNOTS.);
#1292 = CARTESIAN_POINT('',(-0.131003337609,0.735522051454,0.7393203226)
  );
#1293 = CARTESIAN_POINT('',(-0.13744463046,0.734938381222,0.74599170388)
  );
#1294 = CARTESIAN_POINT('',(-0.145721769254,0.73465169811,0.749268506845
    ));
#1295 = CARTESIAN_POINT('',(-0.155858332769,0.734657963922,0.74919688829
    ));
#1296 = ORIENTED_EDGE('',*,*,#1297,.F.);
#1297 = EDGE_CURVE('',#1298,#1289,#1300,.T.);
#1298 = VERTEX_POINT('',#1299);
#1299 = CARTESIAN_POINT('',(-0.121254088194,0.73789905463,0.712151051979
    ));
#1300 = B_SPLINE_CURVE_WITH_KNOTS('',3,(#1301,#1302,#1303,#1304),
  .UNSPECIFIED.,.F.,.F.,(4,4),(9.,10.),.PIECEWISE_BEZIER_KNOTS.);
#1301 = CARTESIAN_POINT('',(-0.121254088194,0.73789905463,0.712151051979
    ));
#1302 = CARTESIAN_POINT('',(-0.121335214171,0.736902123017,
    0.723546032457));
#1303 = CARTESIAN_POINT('',(-0.124584963975,0.736109788625,
    0.732602455997));
#1304 = CARTESIAN_POINT('',(-0.131003337609,0.735522051454,0.7393203226)
  );
#1305 = ORIENTED_EDGE('',*,*,#1306,.F.);
#1306 = EDGE_CURVE('',#1307,#1298,#1309,.T.);
#1307 = VERTEX_POINT('',#1308);
#1308 = CARTESIAN_POINT('',(-0.129997686306,0.740165905826,
    0.686240824244));
#1309 = B_SPLINE_CURVE_WITH_KNOTS('',3,(#1310,#1311,#1312,#1313),
  .UNSPECIFIED.,.F.,.F.,(4,4),(10.,11.),.PIECEWISE_BEZIER_KNOTS.);
#1310 = CARTESIAN_POINT('',(-0.129997686306,0.740165905826,
    0.686240824244));
#1311 = CARTESIAN_POINT('',(-0.124091452285,0.739602972498,
    0.692675181628));
#1312 = CARTESIAN_POINT('',(-0.121176919581,0.738847355433,
    0.701311924206));
#1313 = CARTESIAN_POINT('',(-0.121254088194,0.73789905463,0.712151051979
    ));
#1314 = ORIENTED_EDGE('',*,*,#1315,.F.);
#1315 = EDGE_CURVE('',#1316,#1307,#1318,.T.);
#1316 = VERTEX_POINT('',#1317);
#1317 = CARTESIAN_POINT('',(-0.153294995428,0.741015177721,
    0.676533602065));
#1318 = B_SPLINE_CURVE_WITH_KNOTS('',3,(#1319,#1320,#1321,#1322),
  .UNSPECIFIED.,.F.,.F.,(4,4),(11.,12.),.PIECEWISE_BEZIER_KNOTS.);
#1319 = CARTESIAN_POINT('',(-0.153294995428,0.741015177721,
    0.676533602065));
#1320 = CARTESIAN_POINT('',(-0.143669909888,0.741009228074,0.67660160684
    ));
#1321 = CARTESIAN_POINT('',(-0.135904250108,0.740724786587,
    0.679852787919));
#1322 = CARTESIAN_POINT('',(-0.129997686306,0.740165905826,
    0.686240824244));
#1323 = ORIENTED_EDGE('',*,*,#1324,.F.);
#1324 = EDGE_CURVE('',#1212,#1316,#1325,.T.);
#1325 = B_SPLINE_CURVE_WITH_KNOTS('',3,(#1326,#1327,#1328,#1329),
  .UNSPECIFIED.,.F.,.F.,(4,4),(12.,13.),.PIECEWISE_BEZIER_KNOTS.);
#1326 = CARTESIAN_POINT('',(-0.176819685536,0.740498806213,
    0.682435755409));
#1327 = CARTESIAN_POINT('',(-0.17014178096,0.740847269446,0.678452802431
    ));
#1328 = CARTESIAN_POINT('',(-0.162292357997,0.741020739348,
    0.676470032385));
#1329 = CARTESIAN_POINT('',(-0.153294995428,0.741015177721,
    0.676533602065));
#1330 = FACE_BOUND('',#1331,.T.);
#1331 = EDGE_LOOP('',(#1332,#1341,#1348,#1355));
#1332 = ORIENTED_EDGE('',*,*,#1333,.T.);
#1333 = EDGE_CURVE('',#1334,#1336,#1338,.T.);
#1334 = VERTEX_POINT('',#1335);
#1335 = CARTESIAN_POINT('',(-1.19420094381,0.708953599186,1.042999123216
    ));
#1336 = VERTEX_POINT('',#1337);
#1337 = CARTESIAN_POINT('',(1.19420094381,0.708953599186,1.042999123216)
  );
#1338 = B_SPLINE_CURVE_WITH_KNOTS('',1,(#1339,#1340),.UNSPECIFIED.,.F.,
  .F.,(2,2),(0.15579905619,2.54420094381),.PIECEWISE_BEZIER_KNOTS.);
#1339 = CARTESIAN_POINT('',(-1.19420094381,0.708953599186,1.042999123216
    ));
#1340 = CARTESIAN_POINT('',(1.19420094381,0.708953599186,1.042999123216)
  );
#1341 = ORIENTED_EDGE('',*,*,#1342,.T.);
#1342 = EDGE_CURVE('',#1336,#1343,#1345,.T.);
#1343 = VERTEX_POINT('',#1344);
#1344 = CARTESIAN_POINT('',(1.285247344624,0.8,2.333999937881E-03));
#1345 = B_SPLINE_CURVE_WITH_KNOTS('',1,(#1346,#1347),.UNSPECIFIED.,.F.,
  .F.,(2,2),(-0.819790846278,0.228809550924),.PIECEWISE_BEZIER_KNOTS.);
#1346 = CARTESIAN_POINT('',(1.19420094381,0.708953599186,1.042999123216)
  );
#1347 = CARTESIAN_POINT('',(1.285247344624,0.8,2.333999937881E-03));
#1348 = ORIENTED_EDGE('',*,*,#1349,.T.);
#1349 = EDGE_CURVE('',#1343,#1350,#1352,.T.);
#1350 = VERTEX_POINT('',#1351);
#1351 = CARTESIAN_POINT('',(-1.285247344624,0.8,2.333999937881E-03));
#1352 = B_SPLINE_CURVE_WITH_KNOTS('',1,(#1353,#1354),.UNSPECIFIED.,.F.,
  .F.,(2,2),(-2.635247344624,-6.475265537596E-02),
  .PIECEWISE_BEZIER_KNOTS.);
#1353 = CARTESIAN_POINT('',(1.285247344624,0.8,2.333999937881E-03));
#1354 = CARTESIAN_POINT('',(-1.285247344624,0.8,2.333999937881E-03));
#1355 = ORIENTED_EDGE('',*,*,#1356,.T.);
#1356 = EDGE_CURVE('',#1350,#1334,#1357,.T.);
#1357 = B_SPLINE_CURVE_WITH_KNOTS('',1,(#1358,#1359),.UNSPECIFIED.,.F.,
  .F.,(2,2),(5.62225250996E-03,1.054222649711),
  .PIECEWISE_BEZIER_KNOTS.);
#1358 = CARTESIAN_POINT('',(-1.285247344624,0.8,2.333999937881E-03));
#1359 = CARTESIAN_POINT('',(-1.19420094381,0.708953599186,1.042999123216
    ));
#1360 = FACE_BOUND('',#1361,.T.);
#1361 = EDGE_LOOP('',(#1362,#1371,#1378,#1385,#1392,#1399));
#1362 = ORIENTED_EDGE('',*,*,#1363,.F.);
#1363 = EDGE_CURVE('',#1364,#1366,#1368,.T.);
#1364 = VERTEX_POINT('',#1365);
#1365 = CARTESIAN_POINT('',(-0.104897008904,0.741763393113,
    0.667981461002));
#1366 = VERTEX_POINT('',#1367);
#1367 = CARTESIAN_POINT('',(-0.104970549932,0.740859670691,
    0.678311057139));
#1368 = B_SPLINE_CURVE_WITH_KNOTS('',1,(#1369,#1370),.UNSPECIFIED.,.F.,
  .F.,(2,2),(-1.036931429039E-02,1.119991705005E-16),
  .PIECEWISE_BEZIER_KNOTS.);
#1369 = CARTESIAN_POINT('',(-0.104897008904,0.741763393113,
    0.667981461002));
#1370 = CARTESIAN_POINT('',(-0.104970549932,0.740859670553,
    0.678311057127));
#1371 = ORIENTED_EDGE('',*,*,#1372,.F.);
#1372 = EDGE_CURVE('',#1373,#1364,#1375,.T.);
#1373 = VERTEX_POINT('',#1374);
#1374 = CARTESIAN_POINT('',(-5.693432419727E-02,0.741733745615,
    0.668320335048));
#1375 = B_SPLINE_CURVE_WITH_KNOTS('',1,(#1376,#1377),.UNSPECIFIED.,.F.,
  .F.,(2,2),(-4.796389098932E-02,0.),.PIECEWISE_BEZIER_KNOTS.);
#1376 = CARTESIAN_POINT('',(-5.693432419727E-02,0.741733745477,
    0.668320335035));
#1377 = CARTESIAN_POINT('',(-0.104897008904,0.741763393113,
    0.667981461002));
#1378 = ORIENTED_EDGE('',*,*,#1379,.F.);
#1379 = EDGE_CURVE('',#1380,#1373,#1382,.T.);
#1380 = VERTEX_POINT('',#1381);
#1381 = CARTESIAN_POINT('',(-5.757937464891E-02,0.733806923521,
    0.758924326171));
#1382 = B_SPLINE_CURVE_WITH_KNOTS('',1,(#1383,#1384),.UNSPECIFIED.,.F.,
  .F.,(2,2),(-9.09523710854E-02,1.952463208711E-17),
  .PIECEWISE_BEZIER_KNOTS.);
#1383 = CARTESIAN_POINT('',(-5.757937464891E-02,0.733806923383,
    0.758924326159));
#1384 = CARTESIAN_POINT('',(-5.693432419727E-02,0.741733745477,
    0.668320335035));
#1385 = ORIENTED_EDGE('',*,*,#1386,.F.);
#1386 = EDGE_CURVE('',#1387,#1380,#1389,.T.);
#1387 = VERTEX_POINT('',#1388);
#1388 = CARTESIAN_POINT('',(-6.932011908736E-02,0.733814180941,
    0.758841373487));
#1389 = B_SPLINE_CURVE_WITH_KNOTS('',1,(#1390,#1391),.UNSPECIFIED.,.F.,
  .F.,(2,2),(-1.174103972341E-02,2.312666557152E-16),
  .PIECEWISE_BEZIER_KNOTS.);
#1390 = CARTESIAN_POINT('',(-6.932011908736E-02,0.733814180803,
    0.758841373475));
#1391 = CARTESIAN_POINT('',(-5.757937464891E-02,0.733806923383,
    0.758924326159));
#1392 = ORIENTED_EDGE('',*,*,#1393,.F.);
#1393 = EDGE_CURVE('',#1394,#1387,#1396,.T.);
#1394 = VERTEX_POINT('',#1395);
#1395 = CARTESIAN_POINT('',(-6.87486096636E-02,0.740837280475,
    0.678566978477));
#1396 = B_SPLINE_CURVE_WITH_KNOTS('',1,(#1397,#1398),.UNSPECIFIED.,.F.,
  .F.,(2,2),(-8.058305680712E-02,1.112117810712E-16),
  .PIECEWISE_BEZIER_KNOTS.);
#1397 = CARTESIAN_POINT('',(-6.87486096636E-02,0.740837280338,
    0.678566978465));
#1398 = CARTESIAN_POINT('',(-6.932011908736E-02,0.733814180803,
    0.758841373475));
#1399 = ORIENTED_EDGE('',*,*,#1400,.F.);
#1400 = EDGE_CURVE('',#1366,#1394,#1401,.T.);
#1401 = B_SPLINE_CURVE_WITH_KNOTS('',1,(#1402,#1403),.UNSPECIFIED.,.F.,
  .F.,(2,2),(-3.622285126591E-02,1.776743118521E-16),
  .PIECEWISE_BEZIER_KNOTS.);
#1402 = CARTESIAN_POINT('',(-0.104970549932,0.740859670553,
    0.678311057127));
#1403 = CARTESIAN_POINT('',(-6.874860966369E-02,0.740837280337,
    0.678566978477));
#1404 = FACE_BOUND('',#1405,.T.);
#1405 = EDGE_LOOP('',(#1406,#1415,#1422,#1429,#1436,#1443,#1450,#1457,
    #1464,#1471,#1478,#1485));
#1406 = ORIENTED_EDGE('',*,*,#1407,.F.);
#1407 = EDGE_CURVE('',#1408,#1410,#1412,.T.);
#1408 = VERTEX_POINT('',#1409);
#1409 = CARTESIAN_POINT('',(-0.104826909294,0.754339099383,
    0.524240480598));
#1410 = VERTEX_POINT('',#1411);
#1411 = CARTESIAN_POINT('',(-0.104900450322,0.753435376961,
    0.534570076735));
#1412 = B_SPLINE_CURVE_WITH_KNOTS('',1,(#1413,#1414),.UNSPECIFIED.,.F.,
  .F.,(2,2),(-1.036931429039E-02,-9.848644294308E-18),
  .PIECEWISE_BEZIER_KNOTS.);
#1413 = CARTESIAN_POINT('',(-0.104826909294,0.754339099383,
    0.524240480598));
#1414 = CARTESIAN_POINT('',(-0.104900450322,0.753435376823,
    0.534570076723));
#1415 = ORIENTED_EDGE('',*,*,#1416,.F.);
#1416 = EDGE_CURVE('',#1417,#1408,#1419,.T.);
#1417 = VERTEX_POINT('',#1418);
#1418 = CARTESIAN_POINT('',(-5.591101563314E-02,0.754308862668,
    0.524586089416));
#1419 = B_SPLINE_CURVE_WITH_KNOTS('',1,(#1420,#1421),.UNSPECIFIED.,.F.,
  .F.,(2,2),(-4.891712391721E-02,0.),.PIECEWISE_BEZIER_KNOTS.);
#1420 = CARTESIAN_POINT('',(-5.591101563314E-02,0.75430886253,
    0.524586089404));
#1421 = CARTESIAN_POINT('',(-0.104826909294,0.754339099383,
    0.524240480598));
#1422 = ORIENTED_EDGE('',*,*,#1423,.F.);
#1423 = EDGE_CURVE('',#1424,#1417,#1426,.T.);
#1424 = VERTEX_POINT('',#1425);
#1425 = CARTESIAN_POINT('',(-5.655606608478E-02,0.746382040574,
    0.615190080539));
#1426 = B_SPLINE_CURVE_WITH_KNOTS('',1,(#1427,#1428),.UNSPECIFIED.,.F.,
  .F.,(2,2),(-9.09523710854E-02,-1.100306959255E-16),
  .PIECEWISE_BEZIER_KNOTS.);
#1427 = CARTESIAN_POINT('',(-5.655606608478E-02,0.746382040437,
    0.615190080527));
#1428 = CARTESIAN_POINT('',(-5.591101563314E-02,0.75430886253,
    0.524586089404));
#1429 = ORIENTED_EDGE('',*,*,#1430,.F.);
#1430 = EDGE_CURVE('',#1431,#1424,#1433,.T.);
#1431 = VERTEX_POINT('',#1432);
#1432 = CARTESIAN_POINT('',(-0.103402798844,0.746410998397,
    0.614859091117));
#1433 = B_SPLINE_CURVE_WITH_KNOTS('',1,(#1434,#1435),.UNSPECIFIED.,.F.,
  .F.,(2,2),(-4.684791097573E-02,-8.948322418239E-17),
  .PIECEWISE_BEZIER_KNOTS.);
#1434 = CARTESIAN_POINT('',(-0.103402798844,0.746410998259,
    0.614859091105));
#1435 = CARTESIAN_POINT('',(-5.655606608478E-02,0.746382040437,
    0.615190080527));
#1436 = ORIENTED_EDGE('',*,*,#1437,.F.);
#1437 = EDGE_CURVE('',#1438,#1431,#1440,.T.);
#1438 = VERTEX_POINT('',#1439);
#1439 = CARTESIAN_POINT('',(-0.103328598255,0.747322826092,
    0.604436852863));
#1440 = B_SPLINE_CURVE_WITH_KNOTS('',1,(#1441,#1442),.UNSPECIFIED.,.F.,
  .F.,(2,2),(-1.046231263683E-02,1.402123214902E-18),
  .PIECEWISE_BEZIER_KNOTS.);
#1441 = CARTESIAN_POINT('',(-0.103328598255,0.747322825955,
    0.604436852851));
#1442 = CARTESIAN_POINT('',(-0.103402798844,0.746410998259,
    0.614859091105));
#1443 = ORIENTED_EDGE('',*,*,#1444,.F.);
#1444 = EDGE_CURVE('',#1445,#1438,#1447,.T.);
#1445 = VERTEX_POINT('',#1446);
#1446 = CARTESIAN_POINT('',(-6.822260993446E-02,0.747301125689,
    0.604684889613));
#1447 = B_SPLINE_CURVE_WITH_KNOTS('',1,(#1448,#1449),.UNSPECIFIED.,.F.,
  .F.,(2,2),(-3.510687125231E-02,9.987446413191E-17),
  .PIECEWISE_BEZIER_KNOTS.);
#1448 = CARTESIAN_POINT('',(-6.822260993446E-02,0.747301125551,
    0.604684889601));
#1449 = CARTESIAN_POINT('',(-0.103328598255,0.747322825953,
    0.604436852863));
#1450 = ORIENTED_EDGE('',*,*,#1451,.F.);
#1451 = EDGE_CURVE('',#1452,#1445,#1454,.T.);
#1452 = VERTEX_POINT('',#1453);
#1453 = CARTESIAN_POINT('',(-6.801616740742E-02,0.749838032965,
    0.575687906756));
#1454 = B_SPLINE_CURVE_WITH_KNOTS('',1,(#1455,#1456),.UNSPECIFIED.,.F.,
  .F.,(2,2),(-2.910847869316E-02,-8.27386439695E-18),
  .PIECEWISE_BEZIER_KNOTS.);
#1455 = CARTESIAN_POINT('',(-6.801616740742E-02,0.749838032827,
    0.575687906744));
#1456 = CARTESIAN_POINT('',(-6.822260993446E-02,0.747301125551,
    0.604684889601));
#1457 = ORIENTED_EDGE('',*,*,#1458,.F.);
#1458 = EDGE_CURVE('',#1459,#1452,#1461,.T.);
#1459 = VERTEX_POINT('',#1460);
#1460 = CARTESIAN_POINT('',(-0.100541516852,0.749858138172,
    0.575458103195));
#1461 = B_SPLINE_CURVE_WITH_KNOTS('',1,(#1462,#1463),.UNSPECIFIED.,.F.,
  .F.,(2,2),(-3.252616747166E-02,-5.824214774963E-17),
  .PIECEWISE_BEZIER_KNOTS.);
#1462 = CARTESIAN_POINT('',(-0.100541516852,0.749858138034,
    0.575458103182));
#1463 = CARTESIAN_POINT('',(-6.80161674075E-02,0.749838032826,
    0.575687906756));
#1464 = ORIENTED_EDGE('',*,*,#1465,.F.);
#1465 = EDGE_CURVE('',#1466,#1459,#1468,.T.);
#1466 = VERTEX_POINT('',#1467);
#1467 = CARTESIAN_POINT('',(-0.100467646044,0.7507659133,0.565082185999)
  );
#1468 = B_SPLINE_CURVE_WITH_KNOTS('',1,(#1469,#1470),.UNSPECIFIED.,.F.,
  .F.,(2,2),(-1.041581346967E-02,-1.726559678543E-19),
  .PIECEWISE_BEZIER_KNOTS.);
#1469 = CARTESIAN_POINT('',(-0.100467646044,0.750765913162,
    0.565082185987));
#1470 = CARTESIAN_POINT('',(-0.100541516852,0.749858138034,
    0.575458103182));
#1471 = ORIENTED_EDGE('',*,*,#1472,.F.);
#1472 = EDGE_CURVE('',#1473,#1466,#1475,.T.);
#1473 = VERTEX_POINT('',#1474);
#1474 = CARTESIAN_POINT('',(-6.794229659914E-02,0.750745808091,
    0.565311989584));
#1475 = B_SPLINE_CURVE_WITH_KNOTS('',1,(#1476,#1477),.UNSPECIFIED.,.F.,
  .F.,(2,2),(-3.252616747166E-02,4.364894079379E-17),
  .PIECEWISE_BEZIER_KNOTS.);
#1476 = CARTESIAN_POINT('',(-6.794229659914E-02,0.750745807953,
    0.565311989572));
#1477 = CARTESIAN_POINT('',(-0.100467646044,0.750765913161,
    0.565082185999));
#1478 = ORIENTED_EDGE('',*,*,#1479,.F.);
#1479 = EDGE_CURVE('',#1480,#1473,#1482,.T.);
#1480 = VERTEX_POINT('',#1481);
#1481 = CARTESIAN_POINT('',(-6.772530109947E-02,0.753412397529,
    0.534832732845));
#1482 = B_SPLINE_CURVE_WITH_KNOTS('',1,(#1483,#1484),.UNSPECIFIED.,.F.,
  .F.,(2,2),(-3.059645204379E-02,-1.726088641143E-17),
  .PIECEWISE_BEZIER_KNOTS.);
#1483 = CARTESIAN_POINT('',(-6.772530109947E-02,0.753412397391,
    0.534832732833));
#1484 = CARTESIAN_POINT('',(-6.794229659914E-02,0.750745807953,
    0.565311989572));
#1485 = ORIENTED_EDGE('',*,*,#1486,.F.);
#1486 = EDGE_CURVE('',#1410,#1480,#1487,.T.);
#1487 = B_SPLINE_CURVE_WITH_KNOTS('',1,(#1488,#1489),.UNSPECIFIED.,.F.,
  .F.,(2,2),(-3.71760841938E-02,2.509111090229E-17),
  .PIECEWISE_BEZIER_KNOTS.);
#1488 = CARTESIAN_POINT('',(-0.104900450322,0.753435376823,
    0.534570076723));
#1489 = CARTESIAN_POINT('',(-6.772530109955E-02,0.75341239739,
    0.534832732845));
#1490 = FACE_BOUND('',#1491,.T.);
#1491 = EDGE_LOOP('',(#1492,#1501,#1508,#1515,#1522,#1529,#1536,#1543,
    #1550,#1557,#1564,#1571));
#1492 = ORIENTED_EDGE('',*,*,#1493,.F.);
#1493 = EDGE_CURVE('',#1494,#1496,#1498,.T.);
#1494 = VERTEX_POINT('',#1495);
#1495 = CARTESIAN_POINT('',(-0.356706563248,0.754494796179,0.52246085807
    ));
#1496 = VERTEX_POINT('',#1497);
#1497 = CARTESIAN_POINT('',(-0.356780104276,0.753591073757,
    0.532790454207));
#1498 = B_SPLINE_CURVE_WITH_KNOTS('',1,(#1499,#1500),.UNSPECIFIED.,.F.,
  .F.,(2,2),(-1.036931429039E-02,9.107241534682E-17),
  .PIECEWISE_BEZIER_KNOTS.);
#1499 = CARTESIAN_POINT('',(-0.356706563248,0.754494796179,0.52246085807
    ));
#1500 = CARTESIAN_POINT('',(-0.356780104276,0.753591073619,
    0.532790454195));
#1501 = ORIENTED_EDGE('',*,*,#1502,.F.);
#1502 = EDGE_CURVE('',#1503,#1494,#1505,.T.);
#1503 = VERTEX_POINT('',#1504);
#1504 = CARTESIAN_POINT('',(-0.307790669587,0.754464559465,
    0.522806466888));
#1505 = B_SPLINE_CURVE_WITH_KNOTS('',1,(#1506,#1507),.UNSPECIFIED.,.F.,
  .F.,(2,2),(-4.891712391721E-02,0.),.PIECEWISE_BEZIER_KNOTS.);
#1506 = CARTESIAN_POINT('',(-0.307790669587,0.754464559327,
    0.522806466876));
#1507 = CARTESIAN_POINT('',(-0.356706563248,0.754494796179,0.52246085807
    ));
#1508 = ORIENTED_EDGE('',*,*,#1509,.F.);
#1509 = EDGE_CURVE('',#1510,#1503,#1512,.T.);
#1510 = VERTEX_POINT('',#1511);
#1511 = CARTESIAN_POINT('',(-0.308435720039,0.746537737371,
    0.613410458011));
#1512 = B_SPLINE_CURVE_WITH_KNOTS('',1,(#1513,#1514),.UNSPECIFIED.,.F.,
  .F.,(2,2),(-9.09523710854E-02,-1.104243910837E-16),
  .PIECEWISE_BEZIER_KNOTS.);
#1513 = CARTESIAN_POINT('',(-0.308435720039,0.746537737233,
    0.613410457999));
#1514 = CARTESIAN_POINT('',(-0.307790669587,0.754464559327,
    0.522806466876));
#1515 = ORIENTED_EDGE('',*,*,#1516,.F.);
#1516 = EDGE_CURVE('',#1517,#1510,#1519,.T.);
#1517 = VERTEX_POINT('',#1518);
#1518 = CARTESIAN_POINT('',(-0.355282452798,0.746566695193,
    0.613079468589));
#1519 = B_SPLINE_CURVE_WITH_KNOTS('',1,(#1520,#1521),.UNSPECIFIED.,.F.,
  .F.,(2,2),(-4.684791097572E-02,-1.08661969018E-16),
  .PIECEWISE_BEZIER_KNOTS.);
#1520 = CARTESIAN_POINT('',(-0.355282452798,0.746566695055,
    0.613079468577));
#1521 = CARTESIAN_POINT('',(-0.308435720039,0.746537737233,
    0.613410457999));
#1522 = ORIENTED_EDGE('',*,*,#1523,.F.);
#1523 = EDGE_CURVE('',#1524,#1517,#1526,.T.);
#1524 = VERTEX_POINT('',#1525);
#1525 = CARTESIAN_POINT('',(-0.355208252209,0.747478522889,
    0.602657230335));
#1526 = B_SPLINE_CURVE_WITH_KNOTS('',1,(#1527,#1528),.UNSPECIFIED.,.F.,
  .F.,(2,2),(-1.046231263683E-02,1.007484028795E-16),
  .PIECEWISE_BEZIER_KNOTS.);
#1527 = CARTESIAN_POINT('',(-0.355208252209,0.747478522751,
    0.602657230323));
#1528 = CARTESIAN_POINT('',(-0.355282452798,0.746566695055,
    0.613079468577));
#1529 = ORIENTED_EDGE('',*,*,#1530,.F.);
#1530 = EDGE_CURVE('',#1531,#1524,#1533,.T.);
#1531 = VERTEX_POINT('',#1532);
#1532 = CARTESIAN_POINT('',(-0.320102263889,0.747456822485,
    0.602905267085));
#1533 = B_SPLINE_CURVE_WITH_KNOTS('',1,(#1534,#1535),.UNSPECIFIED.,.F.,
  .F.,(2,2),(-3.5106871252E-02,-3.961569198033E-17),
  .PIECEWISE_BEZIER_KNOTS.);
#1534 = CARTESIAN_POINT('',(-0.320102263889,0.747456822347,
    0.602905267073));
#1535 = CARTESIAN_POINT('',(-0.35520825221,0.74747852275,0.602657230335)
  );
#1536 = ORIENTED_EDGE('',*,*,#1537,.F.);
#1537 = EDGE_CURVE('',#1538,#1531,#1540,.T.);
#1538 = VERTEX_POINT('',#1539);
#1539 = CARTESIAN_POINT('',(-0.319895821362,0.749993729762,
    0.573908284228));
#1540 = B_SPLINE_CURVE_WITH_KNOTS('',1,(#1541,#1542),.UNSPECIFIED.,.F.,
  .F.,(2,2),(-2.910847869316E-02,-1.716246228765E-17),
  .PIECEWISE_BEZIER_KNOTS.);
#1541 = CARTESIAN_POINT('',(-0.319895821362,0.749993729624,
    0.573908284216));
#1542 = CARTESIAN_POINT('',(-0.320102263889,0.747456822347,
    0.602905267073));
#1543 = ORIENTED_EDGE('',*,*,#1544,.F.);
#1544 = EDGE_CURVE('',#1545,#1538,#1547,.T.);
#1545 = VERTEX_POINT('',#1546);
#1546 = CARTESIAN_POINT('',(-0.352421170806,0.750013834968,
    0.573678480666));
#1547 = B_SPLINE_CURVE_WITH_KNOTS('',1,(#1548,#1549),.UNSPECIFIED.,.F.,
  .F.,(2,2),(-3.252616747104E-02,-1.831390965823E-16),
  .PIECEWISE_BEZIER_KNOTS.);
#1548 = CARTESIAN_POINT('',(-0.352421170806,0.75001383483,0.573678480654
    ));
#1549 = CARTESIAN_POINT('',(-0.319895821362,0.749993729623,
    0.573908284228));
#1550 = ORIENTED_EDGE('',*,*,#1551,.F.);
#1551 = EDGE_CURVE('',#1552,#1545,#1554,.T.);
#1552 = VERTEX_POINT('',#1553);
#1553 = CARTESIAN_POINT('',(-0.352347299997,0.750921610096,
    0.563302563471));
#1554 = B_SPLINE_CURVE_WITH_KNOTS('',1,(#1555,#1556),.UNSPECIFIED.,.F.,
  .F.,(2,2),(-1.041581346967E-02,-2.031202314754E-17),
  .PIECEWISE_BEZIER_KNOTS.);
#1555 = CARTESIAN_POINT('',(-0.352347299997,0.750921609959,
    0.563302563459));
#1556 = CARTESIAN_POINT('',(-0.352421170806,0.75001383483,0.573678480654
    ));
#1557 = ORIENTED_EDGE('',*,*,#1558,.F.);
#1558 = EDGE_CURVE('',#1559,#1552,#1561,.T.);
#1559 = VERTEX_POINT('',#1560);
#1560 = CARTESIAN_POINT('',(-0.319821950554,0.750901504888,
    0.563532367056));
#1561 = B_SPLINE_CURVE_WITH_KNOTS('',1,(#1562,#1563),.UNSPECIFIED.,.F.,
  .F.,(2,2),(-3.252616747104E-02,-3.975294325271E-17),
  .PIECEWISE_BEZIER_KNOTS.);
#1562 = CARTESIAN_POINT('',(-0.319821950554,0.75090150475,0.563532367044
    ));
#1563 = CARTESIAN_POINT('',(-0.352347299997,0.750921609958,
    0.563302563471));
#1564 = ORIENTED_EDGE('',*,*,#1565,.F.);
#1565 = EDGE_CURVE('',#1566,#1559,#1568,.T.);
#1566 = VERTEX_POINT('',#1567);
#1567 = CARTESIAN_POINT('',(-0.319604955054,0.753568094325,
    0.533053110317));
#1568 = B_SPLINE_CURVE_WITH_KNOTS('',1,(#1569,#1570),.UNSPECIFIED.,.F.,
  .F.,(2,2),(-3.059645204379E-02,1.023231832338E-16),
  .PIECEWISE_BEZIER_KNOTS.);
#1569 = CARTESIAN_POINT('',(-0.319604955054,0.753568094187,
    0.533053110305));
#1570 = CARTESIAN_POINT('',(-0.319821950554,0.75090150475,0.563532367044
    ));
#1571 = ORIENTED_EDGE('',*,*,#1572,.F.);
#1572 = EDGE_CURVE('',#1496,#1566,#1573,.T.);
#1573 = B_SPLINE_CURVE_WITH_KNOTS('',1,(#1574,#1575),.UNSPECIFIED.,.F.,
  .F.,(2,2),(-3.717608419349E-02,-2.941586065882E-16),
  .PIECEWISE_BEZIER_KNOTS.);
#1574 = CARTESIAN_POINT('',(-0.356780104276,0.753591073619,
    0.532790454195));
#1575 = CARTESIAN_POINT('',(-0.319604955054,0.753568094186,
    0.533053110317));
#1576 = FACE_BOUND('',#1577,.T.);
#1577 = EDGE_LOOP('',(#1578,#1587,#1594,#1601,#1610,#1619,#1628));
#1578 = ORIENTED_EDGE('',*,*,#1579,.F.);
#1579 = EDGE_CURVE('',#1580,#1582,#1584,.T.);
#1580 = VERTEX_POINT('',#1581);
#1581 = CARTESIAN_POINT('',(-0.373887573426,0.754505416442,
    0.522339467905));
#1582 = VERTEX_POINT('',#1583);
#1583 = CARTESIAN_POINT('',(-0.39890349623,0.754520879914,0.522162721209
    ));
#1584 = B_SPLINE_CURVE_WITH_KNOTS('',1,(#1585,#1586),.UNSPECIFIED.,.F.,
  .F.,(2,2),(-2.501655196525E-02,5.550539509739E-17),
  .PIECEWISE_BEZIER_KNOTS.);
#1585 = CARTESIAN_POINT('',(-0.373887573426,0.754505416442,
    0.522339467905));
#1586 = CARTESIAN_POINT('',(-0.39890349623,0.754520879776,0.522162721197
    ));
#1587 = ORIENTED_EDGE('',*,*,#1588,.F.);
#1588 = EDGE_CURVE('',#1589,#1580,#1591,.T.);
#1589 = VERTEX_POINT('',#1590);
#1590 = CARTESIAN_POINT('',(-0.374532623878,0.746578594487,0.61294345904
    ));
#1591 = B_SPLINE_CURVE_WITH_KNOTS('',1,(#1592,#1593),.UNSPECIFIED.,.F.,
  .F.,(2,2),(-9.09523710854E-02,0.),.PIECEWISE_BEZIER_KNOTS.);
#1592 = CARTESIAN_POINT('',(-0.374532623878,0.746578594349,
    0.612943459028));
#1593 = CARTESIAN_POINT('',(-0.373887573426,0.754505416442,
    0.522339467905));
#1594 = ORIENTED_EDGE('',*,*,#1595,.F.);
#1595 = EDGE_CURVE('',#1596,#1589,#1598,.T.);
#1596 = VERTEX_POINT('',#1597);
#1597 = CARTESIAN_POINT('',(-0.400478506637,0.746594632665,
    0.612760141822));
#1598 = B_SPLINE_CURVE_WITH_KNOTS('',1,(#1599,#1600),.UNSPECIFIED.,.F.,
  .F.,(2,2),(-2.594653530924E-02,-2.213875184022E-16),
  .PIECEWISE_BEZIER_KNOTS.);
#1599 = CARTESIAN_POINT('',(-0.400478506637,0.746594632527,0.61276014181
    ));
#1600 = CARTESIAN_POINT('',(-0.374532623878,0.746578594349,
    0.612943459028));
#1601 = ORIENTED_EDGE('',*,*,#1602,.F.);
#1602 = EDGE_CURVE('',#1603,#1596,#1605,.T.);
#1603 = VERTEX_POINT('',#1604);
#1604 = CARTESIAN_POINT('',(-0.43477836287,0.747665502554,0.600520042986
    ));
#1605 = B_SPLINE_CURVE_WITH_KNOTS('',3,(#1606,#1607,#1608,#1609),
  .UNSPECIFIED.,.F.,.F.,(4,4),(2.,3.),.PIECEWISE_BEZIER_KNOTS.);
#1606 = CARTESIAN_POINT('',(-0.43477836287,0.747665502554,0.600520042986
    ));
#1607 = CARTESIAN_POINT('',(-0.425698558316,0.74695876038,0.608598141412
    ));
#1608 = CARTESIAN_POINT('',(-0.414265162977,0.746603154606,
    0.612662734005));
#1609 = CARTESIAN_POINT('',(-0.400478506637,0.746594632665,
    0.612760141822));
#1610 = ORIENTED_EDGE('',*,*,#1611,.F.);
#1611 = EDGE_CURVE('',#1612,#1603,#1614,.T.);
#1612 = VERTEX_POINT('',#1613);
#1613 = CARTESIAN_POINT('',(-0.448266404621,0.750486463387,
    0.568276313122));
#1614 = B_SPLINE_CURVE_WITH_KNOTS('',3,(#1615,#1616,#1617,#1618),
  .UNSPECIFIED.,.F.,.F.,(4,4),(3.,4.),.PIECEWISE_BEZIER_KNOTS.);
#1615 = CARTESIAN_POINT('',(-0.448266404621,0.750486463387,
    0.568276313122));
#1616 = CARTESIAN_POINT('',(-0.448362040935,0.749311218664,
    0.581709420179));
#1617 = CARTESIAN_POINT('',(-0.443858167425,0.748372244452,
    0.592441944534));
#1618 = CARTESIAN_POINT('',(-0.43477836287,0.747665502554,0.600520042986
    ));
#1619 = ORIENTED_EDGE('',*,*,#1620,.F.);
#1620 = EDGE_CURVE('',#1621,#1612,#1623,.T.);
#1621 = VERTEX_POINT('',#1622);
#1622 = CARTESIAN_POINT('',(-0.434309085369,0.753432306153,
    0.534605176233));
#1623 = B_SPLINE_CURVE_WITH_KNOTS('',3,(#1624,#1625,#1626,#1627),
  .UNSPECIFIED.,.F.,.F.,(4,4),(4.,5.),.PIECEWISE_BEZIER_KNOTS.);
#1624 = CARTESIAN_POINT('',(-0.434309085369,0.753432306153,
    0.534605176233));
#1625 = CARTESIAN_POINT('',(-0.443506291744,0.752696334009,
    0.543017374735));
#1626 = CARTESIAN_POINT('',(-0.448166481161,0.751714391211,
    0.554241032276));
#1627 = CARTESIAN_POINT('',(-0.448266404621,0.750486463387,
    0.568276313122));
#1628 = ORIENTED_EDGE('',*,*,#1629,.F.);
#1629 = EDGE_CURVE('',#1582,#1621,#1630,.T.);
#1630 = B_SPLINE_CURVE_WITH_KNOTS('',3,(#1631,#1632,#1633,#1634),
  .UNSPECIFIED.,.F.,.F.,(4,4),(5.,6.),.PIECEWISE_BEZIER_KNOTS.);
#1631 = CARTESIAN_POINT('',(-0.39890349623,0.754520879914,0.522162721209
    ));
#1632 = CARTESIAN_POINT('',(-0.413294626541,0.754529775504,0.52206104256
    ));
#1633 = CARTESIAN_POINT('',(-0.425111878994,0.75416827802,0.526192977707
    ));
#1634 = CARTESIAN_POINT('',(-0.434309085369,0.753432306153,
    0.534605176233));
#1635 = FACE_BOUND('',#1636,.T.);
#1636 = EDGE_LOOP('',(#1637,#1646,#1653,#1660,#1667,#1674,#1681,#1688));
#1637 = ORIENTED_EDGE('',*,*,#1638,.F.);
#1638 = EDGE_CURVE('',#1639,#1641,#1643,.T.);
#1639 = VERTEX_POINT('',#1640);
#1640 = CARTESIAN_POINT('',(-0.534817143729,0.754604893388,
    0.521202441217));
#1641 = VERTEX_POINT('',#1642);
#1642 = CARTESIAN_POINT('',(-0.500821185838,0.746656658452,
    0.612051183835));
#1643 = B_SPLINE_CURVE_WITH_KNOTS('',1,(#1644,#1645),.UNSPECIFIED.,.F.,
  .F.,(2,2),(-9.732622270935E-02,4.729585432843E-17),
  .PIECEWISE_BEZIER_KNOTS.);
#1644 = CARTESIAN_POINT('',(-0.534817143729,0.754604893388,
    0.521202441217));
#1645 = CARTESIAN_POINT('',(-0.500821185838,0.746656658314,
    0.612051183823));
#1646 = ORIENTED_EDGE('',*,*,#1647,.F.);
#1647 = EDGE_CURVE('',#1648,#1639,#1650,.T.);
#1648 = VERTEX_POINT('',#1649);
#1649 = CARTESIAN_POINT('',(-0.52184420235,0.754596874436,0.521294099838
    ));
#1650 = B_SPLINE_CURVE_WITH_KNOTS('',1,(#1651,#1652),.UNSPECIFIED.,.F.,
  .F.,(2,2),(-1.297326765431E-02,0.),.PIECEWISE_BEZIER_KNOTS.);
#1651 = CARTESIAN_POINT('',(-0.52184420235,0.754596874299,0.521294099826
    ));
#1652 = CARTESIAN_POINT('',(-0.534817143729,0.754604893388,
    0.521202441217));
#1653 = ORIENTED_EDGE('',*,*,#1654,.F.);
#1654 = EDGE_CURVE('',#1655,#1648,#1657,.T.);
#1655 = VERTEX_POINT('',#1656);
#1656 = CARTESIAN_POINT('',(-0.512744284304,0.752423016727,
    0.546141407159));
#1657 = B_SPLINE_CURVE_WITH_KNOTS('',1,(#1658,#1659),.UNSPECIFIED.,.F.,
  .F.,(2,2),(-2.655038317797E-02,-2.95393236254E-17),
  .PIECEWISE_BEZIER_KNOTS.);
#1658 = CARTESIAN_POINT('',(-0.512744284304,0.752423016589,
    0.546141407147));
#1659 = CARTESIAN_POINT('',(-0.52184420235,0.754596874299,0.521294099826
    ));
#1660 = ORIENTED_EDGE('',*,*,#1661,.F.);
#1661 = EDGE_CURVE('',#1662,#1655,#1664,.T.);
#1662 = VERTEX_POINT('',#1663);
#1663 = CARTESIAN_POINT('',(-0.474871665115,0.75239960616,0.546408991163
    ));
#1664 = B_SPLINE_CURVE_WITH_KNOTS('',1,(#1665,#1666),.UNSPECIFIED.,.F.,
  .F.,(2,2),(-3.787357170226E-02,9.172849212559E-19),
  .PIECEWISE_BEZIER_KNOTS.);
#1665 = CARTESIAN_POINT('',(-0.474871665115,0.752399606022,
    0.546408991151));
#1666 = CARTESIAN_POINT('',(-0.512744284304,0.752423016589,
    0.546141407147));
#1667 = ORIENTED_EDGE('',*,*,#1668,.F.);
#1668 = EDGE_CURVE('',#1669,#1662,#1671,.T.);
#1669 = VERTEX_POINT('',#1670);
#1670 = CARTESIAN_POINT('',(-0.465953609018,0.754562326247,
    0.521688987454));
#1671 = B_SPLINE_CURVE_WITH_KNOTS('',1,(#1672,#1673),.UNSPECIFIED.,.F.,
  .F.,(2,2),(-2.636830798758E-02,-8.527491796512E-18),
  .PIECEWISE_BEZIER_KNOTS.);
#1672 = CARTESIAN_POINT('',(-0.465953609018,0.754562326109,
    0.521688987442));
#1673 = CARTESIAN_POINT('',(-0.474871665115,0.752399606022,
    0.546408991151));
#1674 = ORIENTED_EDGE('',*,*,#1675,.F.);
#1675 = EDGE_CURVE('',#1676,#1669,#1678,.T.);
#1676 = VERTEX_POINT('',#1677);
#1677 = CARTESIAN_POINT('',(-0.452980667643,0.754554307156,
    0.521780646075));
#1678 = B_SPLINE_CURVE_WITH_KNOTS('',1,(#1679,#1680),.UNSPECIFIED.,.F.,
  .F.,(2,2),(-1.297326765493E-02,-4.266408513195E-12),
  .PIECEWISE_BEZIER_KNOTS.);
#1679 = CARTESIAN_POINT('',(-0.452980667643,0.754554307019,
    0.521780646063));
#1680 = CARTESIAN_POINT('',(-0.465953609018,0.754562326108,
    0.521688987454));
#1681 = ORIENTED_EDGE('',*,*,#1682,.F.);
#1682 = EDGE_CURVE('',#1683,#1676,#1685,.T.);
#1683 = VERTEX_POINT('',#1684);
#1684 = CARTESIAN_POINT('',(-0.488266726438,0.746648898043,
    0.612139885715));
#1685 = B_SPLINE_CURVE_WITH_KNOTS('',1,(#1686,#1687),.UNSPECIFIED.,.F.,
  .F.,(2,2),(-9.732622270957E-02,8.444962354656E-18),
  .PIECEWISE_BEZIER_KNOTS.);
#1686 = CARTESIAN_POINT('',(-0.488266726438,0.746648897905,
    0.612139885703));
#1687 = CARTESIAN_POINT('',(-0.452980667643,0.754554307019,
    0.521780646063));
#1688 = ORIENTED_EDGE('',*,*,#1689,.F.);
#1689 = EDGE_CURVE('',#1641,#1683,#1690,.T.);
#1690 = B_SPLINE_CURVE_WITH_KNOTS('',1,(#1691,#1692),.UNSPECIFIED.,.F.,
  .F.,(2,2),(-1.255477515041E-02,-5.63584139577E-17),
  .PIECEWISE_BEZIER_KNOTS.);
#1691 = CARTESIAN_POINT('',(-0.500821185838,0.746656658314,
    0.612051183823));
#1692 = CARTESIAN_POINT('',(-0.488266726438,0.746648897905,
    0.612139885703));
#1693 = B_SPLINE_SURFACE_WITH_KNOTS('',1,1,(
    (#1694,#1695)
    ,(#1696,#1697
    )),.UNSPECIFIED.,.F.,.F.,.F.,(2,2),(2,2),(0.,1.044640294987),(
    6.475265537596E-02,2.635247344624),.PIECEWISE_BEZIER_KNOTS.);
#1694 = CARTESIAN_POINT('',(-1.285247344624,0.8,2.333999937881E-03));
#1695 = CARTESIAN_POINT('',(1.285247344624,0.8,2.333999937881E-03));
#1696 = CARTESIAN_POINT('',(-1.285247344624,0.708953599186,
    1.042999123216));
#1697 = CARTESIAN_POINT('',(1.285247344624,0.708953599186,1.042999123216
    ));
#1698 = ADVANCED_FACE('',(#1699),#1729,.F.);
#1699 = FACE_BOUND('',#1700,.T.);
#1700 = EDGE_LOOP('',(#1701,#1710,#1717,#1724));
#1701 = ORIENTED_EDGE('',*,*,#1702,.T.);
#1702 = EDGE_CURVE('',#1703,#1705,#1707,.T.);
#1703 = VERTEX_POINT('',#1704);
#1704 = CARTESIAN_POINT('',(-1.19420094381,-0.64420094381,1.102333999938
    ));
#1705 = VERTEX_POINT('',#1706);
#1706 = CARTESIAN_POINT('',(-1.021574146379,-0.64420094381,
    1.102333999938));
#1707 = B_SPLINE_CURVE_WITH_KNOTS('',1,(#1708,#1709),.UNSPECIFIED.,.F.,
  .F.,(2,2),(-1.19420094381,-1.021574146379),.PIECEWISE_BEZIER_KNOTS.);
#1708 = CARTESIAN_POINT('',(-1.19420094381,-0.64420094381,1.102333999938
    ));
#1709 = CARTESIAN_POINT('',(-1.021574146379,-0.64420094381,
    1.102333999938));
#1710 = ORIENTED_EDGE('',*,*,#1711,.F.);
#1711 = EDGE_CURVE('',#1712,#1705,#1714,.T.);
#1712 = VERTEX_POINT('',#1713);
#1713 = CARTESIAN_POINT('',(-1.021574146379,0.64420094381,1.102333999938
    ));
#1714 = B_SPLINE_CURVE_WITH_KNOTS('',1,(#1715,#1716),.UNSPECIFIED.,.F.,
  .F.,(2,2),(0.448548450472,1.736950338092),.PIECEWISE_BEZIER_KNOTS.);
#1715 = CARTESIAN_POINT('',(-1.021574146379,0.64420094381,1.102333999938
    ));
#1716 = CARTESIAN_POINT('',(-1.021574146379,-0.64420094381,
    1.102333999938));
#1717 = ORIENTED_EDGE('',*,*,#1718,.T.);
#1718 = EDGE_CURVE('',#1712,#1719,#1721,.T.);
#1719 = VERTEX_POINT('',#1720);
#1720 = CARTESIAN_POINT('',(-1.19420094381,0.64420094381,1.102333999938)
  );
#1721 = B_SPLINE_CURVE_WITH_KNOTS('',1,(#1722,#1723),.UNSPECIFIED.,.F.,
  .F.,(2,2),(1.021574146379,1.19420094381),.PIECEWISE_BEZIER_KNOTS.);
#1722 = CARTESIAN_POINT('',(-1.021574146379,0.64420094381,1.102333999938
    ));
#1723 = CARTESIAN_POINT('',(-1.19420094381,0.64420094381,1.102333999938)
  );
#1724 = ORIENTED_EDGE('',*,*,#1725,.T.);
#1725 = EDGE_CURVE('',#1719,#1703,#1726,.T.);
#1726 = B_SPLINE_CURVE_WITH_KNOTS('',1,(#1727,#1728),.UNSPECIFIED.,.F.,
  .F.,(2,2),(-0.64420094381,0.64420094381),.PIECEWISE_BEZIER_KNOTS.);
#1727 = CARTESIAN_POINT('',(-1.19420094381,0.64420094381,1.102333999938)
  );
#1728 = CARTESIAN_POINT('',(-1.19420094381,-0.64420094381,1.102333999938
    ));
#1729 = B_SPLINE_SURFACE_WITH_KNOTS('',1,1,(
    (#1730,#1731)
    ,(#1732,#1733
    )),.UNSPECIFIED.,.F.,.F.,.F.,(2,2),(2,2),(1.021574146379,
    1.19420094381),(-0.64420094381,0.64420094381),
  .PIECEWISE_BEZIER_KNOTS.);
#1730 = CARTESIAN_POINT('',(-1.021574146379,-0.64420094381,
    1.102333999938));
#1731 = CARTESIAN_POINT('',(-1.021574146379,0.64420094381,1.102333999938
    ));
#1732 = CARTESIAN_POINT('',(-1.19420094381,-0.64420094381,1.102333999938
    ));
#1733 = CARTESIAN_POINT('',(-1.19420094381,0.64420094381,1.102333999938)
  );
#1734 = ADVANCED_FACE('',(#1735),#1793,.T.);
#1735 = FACE_BOUND('',#1736,.T.);
#1736 = EDGE_LOOP('',(#1737,#1746,#1753,#1760,#1767,#1774,#1781,#1788));
#1737 = ORIENTED_EDGE('',*,*,#1738,.T.);
#1738 = EDGE_CURVE('',#1739,#1741,#1743,.T.);
#1739 = VERTEX_POINT('',#1740);
#1740 = CARTESIAN_POINT('',(1.339501360377,-0.3,0.122333999938));
#1741 = VERTEX_POINT('',#1742);
#1742 = CARTESIAN_POINT('',(1.339501360377,0.3,0.122333999938));
#1743 = B_SPLINE_CURVE_WITH_KNOTS('',1,(#1744,#1745),.UNSPECIFIED.,.F.,
  .F.,(2,2),(0.5,1.1),.PIECEWISE_BEZIER_KNOTS.);
#1744 = CARTESIAN_POINT('',(1.339501360377,-0.3,0.122333999938));
#1745 = CARTESIAN_POINT('',(1.339501360377,0.3,0.122333999938));
#1746 = ORIENTED_EDGE('',*,*,#1747,.T.);
#1747 = EDGE_CURVE('',#1741,#1748,#1750,.T.);
#1748 = VERTEX_POINT('',#1749);
#1749 = CARTESIAN_POINT('',(1.35,0.3,2.333999937881E-03));
#1750 = B_SPLINE_CURVE_WITH_KNOTS('',1,(#1751,#1752),.UNSPECIFIED.,.F.,
  .F.,(2,2),(-0.120458380505,1.586989531822E-17),
  .PIECEWISE_BEZIER_KNOTS.);
#1751 = CARTESIAN_POINT('',(1.339501360377,0.3,0.122333999938));
#1752 = CARTESIAN_POINT('',(1.35,0.3,2.333999937881E-03));
#1753 = ORIENTED_EDGE('',*,*,#1754,.T.);
#1754 = EDGE_CURVE('',#1748,#1755,#1757,.T.);
#1755 = VERTEX_POINT('',#1756);
#1756 = CARTESIAN_POINT('',(1.35,0.735247344624,2.333999937881E-03));
#1757 = B_SPLINE_CURVE_WITH_KNOTS('',1,(#1758,#1759),.UNSPECIFIED.,.F.,
  .F.,(2,2),(1.1,1.535247344624),.PIECEWISE_BEZIER_KNOTS.);
#1758 = CARTESIAN_POINT('',(1.35,0.3,2.333999937881E-03));
#1759 = CARTESIAN_POINT('',(1.35,0.735247344624,2.333999937881E-03));
#1760 = ORIENTED_EDGE('',*,*,#1761,.T.);
#1761 = EDGE_CURVE('',#1755,#1762,#1764,.T.);
#1762 = VERTEX_POINT('',#1763);
#1763 = CARTESIAN_POINT('',(1.258953599186,0.64420094381,1.042999123216)
  );
#1764 = B_SPLINE_CURVE_WITH_KNOTS('',1,(#1765,#1766),.UNSPECIFIED.,.F.,
  .F.,(2,2),(-0.133300297673,0.915300099528),.PIECEWISE_BEZIER_KNOTS.);
#1765 = CARTESIAN_POINT('',(1.35,0.735247344624,2.333999937881E-03));
#1766 = CARTESIAN_POINT('',(1.258953599186,0.64420094381,1.042999123216)
  );
#1767 = ORIENTED_EDGE('',*,*,#1768,.T.);
#1768 = EDGE_CURVE('',#1762,#1769,#1771,.T.);
#1769 = VERTEX_POINT('',#1770);
#1770 = CARTESIAN_POINT('',(1.258953599186,-0.64420094381,1.042999123216
    ));
#1771 = B_SPLINE_CURVE_WITH_KNOTS('',1,(#1772,#1773),.UNSPECIFIED.,.F.,
  .F.,(2,2),(-1.44420094381,-0.15579905619),.PIECEWISE_BEZIER_KNOTS.);
#1772 = CARTESIAN_POINT('',(1.258953599186,0.64420094381,1.042999123216)
  );
#1773 = CARTESIAN_POINT('',(1.258953599186,-0.64420094381,1.042999123216
    ));
#1774 = ORIENTED_EDGE('',*,*,#1775,.T.);
#1775 = EDGE_CURVE('',#1769,#1776,#1778,.T.);
#1776 = VERTEX_POINT('',#1777);
#1777 = CARTESIAN_POINT('',(1.35,-0.735247344624,2.333999937881E-03));
#1778 = B_SPLINE_CURVE_WITH_KNOTS('',1,(#1779,#1780),.UNSPECIFIED.,.F.,
  .F.,(2,2),(-1.054222649711,-5.62225250996E-03),
  .PIECEWISE_BEZIER_KNOTS.);
#1779 = CARTESIAN_POINT('',(1.258953599186,-0.64420094381,1.042999123216
    ));
#1780 = CARTESIAN_POINT('',(1.35,-0.735247344624,2.333999937881E-03));
#1781 = ORIENTED_EDGE('',*,*,#1782,.T.);
#1782 = EDGE_CURVE('',#1776,#1783,#1785,.T.);
#1783 = VERTEX_POINT('',#1784);
#1784 = CARTESIAN_POINT('',(1.35,-0.3,2.333999937881E-03));
#1785 = B_SPLINE_CURVE_WITH_KNOTS('',1,(#1786,#1787),.UNSPECIFIED.,.F.,
  .F.,(2,2),(6.475265537596E-02,0.5),.PIECEWISE_BEZIER_KNOTS.);
#1786 = CARTESIAN_POINT('',(1.35,-0.735247344624,2.333999937881E-03));
#1787 = CARTESIAN_POINT('',(1.35,-0.3,2.333999937881E-03));
#1788 = ORIENTED_EDGE('',*,*,#1789,.T.);
#1789 = EDGE_CURVE('',#1783,#1739,#1790,.T.);
#1790 = B_SPLINE_CURVE_WITH_KNOTS('',1,(#1791,#1792),.UNSPECIFIED.,.F.,
  .F.,(2,2),(-7.213588781007E-18,0.120458380505),
  .PIECEWISE_BEZIER_KNOTS.);
#1791 = CARTESIAN_POINT('',(1.35,-0.3,2.333999937881E-03));
#1792 = CARTESIAN_POINT('',(1.339501360377,-0.3,0.122333999938));
#1793 = B_SPLINE_SURFACE_WITH_KNOTS('',1,1,(
    (#1794,#1795)
    ,(#1796,#1797
    )),.UNSPECIFIED.,.F.,.F.,.F.,(2,2),(2,2),(-1.044640294987,
    1.205496846724E-19),(6.475265537596E-02,1.535247344624),
  .PIECEWISE_BEZIER_KNOTS.);
#1794 = CARTESIAN_POINT('',(1.258953599186,-0.735247344624,
    1.042999123216));
#1795 = CARTESIAN_POINT('',(1.258953599186,0.735247344624,1.042999123216
    ));
#1796 = CARTESIAN_POINT('',(1.35,-0.735247344624,2.333999937881E-03));
#1797 = CARTESIAN_POINT('',(1.35,0.735247344624,2.333999937881E-03));
#1798 = ADVANCED_FACE('',(#1799),#1857,.T.);
#1799 = FACE_BOUND('',#1800,.T.);
#1800 = EDGE_LOOP('',(#1801,#1810,#1817,#1824,#1831,#1838,#1845,#1852));
#1801 = ORIENTED_EDGE('',*,*,#1802,.T.);
#1802 = EDGE_CURVE('',#1803,#1805,#1807,.T.);
#1803 = VERTEX_POINT('',#1804);
#1804 = CARTESIAN_POINT('',(-1.35,0.735247344624,2.333999937881E-03));
#1805 = VERTEX_POINT('',#1806);
#1806 = CARTESIAN_POINT('',(-1.35,0.3,2.333999937881E-03));
#1807 = B_SPLINE_CURVE_WITH_KNOTS('',1,(#1808,#1809),.UNSPECIFIED.,.F.,
  .F.,(2,2),(-1.535247344624,-1.1),.PIECEWISE_BEZIER_KNOTS.);
#1808 = CARTESIAN_POINT('',(-1.35,0.735247344624,2.333999937881E-03));
#1809 = CARTESIAN_POINT('',(-1.35,0.3,2.333999937881E-03));
#1810 = ORIENTED_EDGE('',*,*,#1811,.T.);
#1811 = EDGE_CURVE('',#1805,#1812,#1814,.T.);
#1812 = VERTEX_POINT('',#1813);
#1813 = CARTESIAN_POINT('',(-1.339501360377,0.3,0.122333999938));
#1814 = B_SPLINE_CURVE_WITH_KNOTS('',1,(#1815,#1816),.UNSPECIFIED.,.F.,
  .F.,(2,2),(-1.586989531822E-17,0.120458380505),
  .PIECEWISE_BEZIER_KNOTS.);
#1815 = CARTESIAN_POINT('',(-1.35,0.3,2.333999937881E-03));
#1816 = CARTESIAN_POINT('',(-1.339501360377,0.3,0.122333999938));
#1817 = ORIENTED_EDGE('',*,*,#1818,.F.);
#1818 = EDGE_CURVE('',#1819,#1812,#1821,.T.);
#1819 = VERTEX_POINT('',#1820);
#1820 = CARTESIAN_POINT('',(-1.339501360377,-0.3,0.122333999938));
#1821 = B_SPLINE_CURVE_WITH_KNOTS('',1,(#1822,#1823),.UNSPECIFIED.,.F.,
  .F.,(2,2),(0.5,1.1),.PIECEWISE_BEZIER_KNOTS.);
#1822 = CARTESIAN_POINT('',(-1.339501360377,-0.3,0.122333999938));
#1823 = CARTESIAN_POINT('',(-1.339501360377,0.3,0.122333999938));
#1824 = ORIENTED_EDGE('',*,*,#1825,.T.);
#1825 = EDGE_CURVE('',#1819,#1826,#1828,.T.);
#1826 = VERTEX_POINT('',#1827);
#1827 = CARTESIAN_POINT('',(-1.35,-0.3,2.333999937881E-03));
#1828 = B_SPLINE_CURVE_WITH_KNOTS('',1,(#1829,#1830),.UNSPECIFIED.,.F.,
  .F.,(2,2),(-0.120458380505,7.213588781007E-18),
  .PIECEWISE_BEZIER_KNOTS.);
#1829 = CARTESIAN_POINT('',(-1.339501360377,-0.3,0.122333999938));
#1830 = CARTESIAN_POINT('',(-1.35,-0.3,2.333999937881E-03));
#1831 = ORIENTED_EDGE('',*,*,#1832,.T.);
#1832 = EDGE_CURVE('',#1826,#1833,#1835,.T.);
#1833 = VERTEX_POINT('',#1834);
#1834 = CARTESIAN_POINT('',(-1.35,-0.735247344624,2.333999937881E-03));
#1835 = B_SPLINE_CURVE_WITH_KNOTS('',1,(#1836,#1837),.UNSPECIFIED.,.F.,
  .F.,(2,2),(-0.5,-6.475265537596E-02),.PIECEWISE_BEZIER_KNOTS.);
#1836 = CARTESIAN_POINT('',(-1.35,-0.3,2.333999937881E-03));
#1837 = CARTESIAN_POINT('',(-1.35,-0.735247344624,2.333999937881E-03));
#1838 = ORIENTED_EDGE('',*,*,#1839,.T.);
#1839 = EDGE_CURVE('',#1833,#1840,#1842,.T.);
#1840 = VERTEX_POINT('',#1841);
#1841 = CARTESIAN_POINT('',(-1.258953599186,-0.64420094381,
    1.042999123216));
#1842 = B_SPLINE_CURVE_WITH_KNOTS('',1,(#1843,#1844),.UNSPECIFIED.,.F.,
  .F.,(2,2),(5.62225250996E-03,1.054222649711),
  .PIECEWISE_BEZIER_KNOTS.);
#1843 = CARTESIAN_POINT('',(-1.35,-0.735247344624,2.333999937881E-03));
#1844 = CARTESIAN_POINT('',(-1.258953599186,-0.64420094381,
    1.042999123216));
#1845 = ORIENTED_EDGE('',*,*,#1846,.T.);
#1846 = EDGE_CURVE('',#1840,#1847,#1849,.T.);
#1847 = VERTEX_POINT('',#1848);
#1848 = CARTESIAN_POINT('',(-1.258953599186,0.64420094381,1.042999123216
    ));
#1849 = B_SPLINE_CURVE_WITH_KNOTS('',1,(#1850,#1851),.UNSPECIFIED.,.F.,
  .F.,(2,2),(0.15579905619,1.44420094381),.PIECEWISE_BEZIER_KNOTS.);
#1850 = CARTESIAN_POINT('',(-1.258953599186,-0.64420094381,
    1.042999123216));
#1851 = CARTESIAN_POINT('',(-1.258953599186,0.64420094381,1.042999123216
    ));
#1852 = ORIENTED_EDGE('',*,*,#1853,.T.);
#1853 = EDGE_CURVE('',#1847,#1803,#1854,.T.);
#1854 = B_SPLINE_CURVE_WITH_KNOTS('',1,(#1855,#1856),.UNSPECIFIED.,.F.,
  .F.,(2,2),(-0.915300099528,0.133300297673),.PIECEWISE_BEZIER_KNOTS.);
#1855 = CARTESIAN_POINT('',(-1.258953599186,0.64420094381,1.042999123216
    ));
#1856 = CARTESIAN_POINT('',(-1.35,0.735247344624,2.333999937881E-03));
#1857 = B_SPLINE_SURFACE_WITH_KNOTS('',1,1,(
    (#1858,#1859)
    ,(#1860,#1861
    )),.UNSPECIFIED.,.F.,.F.,.F.,(2,2),(2,2),(-3.675218980492E-17,
    1.044640294987),(6.475265537596E-02,1.535247344624),
  .PIECEWISE_BEZIER_KNOTS.);
#1858 = CARTESIAN_POINT('',(-1.35,-0.735247344624,2.333999937881E-03));
#1859 = CARTESIAN_POINT('',(-1.35,0.735247344624,2.333999937881E-03));
#1860 = CARTESIAN_POINT('',(-1.258953599186,-0.735247344624,
    1.042999123216));
#1861 = CARTESIAN_POINT('',(-1.258953599186,0.735247344624,
    1.042999123216));
#1862 = ADVANCED_FACE('',(#1863),#1893,.T.);
#1863 = FACE_BOUND('',#1864,.T.);
#1864 = EDGE_LOOP('',(#1865,#1874,#1881,#1888));
#1865 = ORIENTED_EDGE('',*,*,#1866,.T.);
#1866 = EDGE_CURVE('',#1867,#1869,#1871,.T.);
#1867 = VERTEX_POINT('',#1868);
#1868 = CARTESIAN_POINT('',(-1.285247344624,-0.8,2.333999937881E-03));
#1869 = VERTEX_POINT('',#1870);
#1870 = CARTESIAN_POINT('',(1.285247344624,-0.8,2.333999937881E-03));
#1871 = B_SPLINE_CURVE_WITH_KNOTS('',1,(#1872,#1873),.UNSPECIFIED.,.F.,
  .F.,(2,2),(6.475265537596E-02,2.635247344624),
  .PIECEWISE_BEZIER_KNOTS.);
#1872 = CARTESIAN_POINT('',(-1.285247344624,-0.8,2.333999937881E-03));
#1873 = CARTESIAN_POINT('',(1.285247344624,-0.8,2.333999937881E-03));
#1874 = ORIENTED_EDGE('',*,*,#1875,.T.);
#1875 = EDGE_CURVE('',#1869,#1876,#1878,.T.);
#1876 = VERTEX_POINT('',#1877);
#1877 = CARTESIAN_POINT('',(1.19420094381,-0.708953599186,1.042999123216
    ));
#1878 = B_SPLINE_CURVE_WITH_KNOTS('',1,(#1879,#1880),.UNSPECIFIED.,.F.,
  .F.,(2,2),(-0.228809550924,0.819790846278),.PIECEWISE_BEZIER_KNOTS.);
#1879 = CARTESIAN_POINT('',(1.285247344624,-0.8,2.333999937881E-03));
#1880 = CARTESIAN_POINT('',(1.19420094381,-0.708953599186,1.042999123216
    ));
#1881 = ORIENTED_EDGE('',*,*,#1882,.T.);
#1882 = EDGE_CURVE('',#1876,#1883,#1885,.T.);
#1883 = VERTEX_POINT('',#1884);
#1884 = CARTESIAN_POINT('',(-1.19420094381,-0.708953599186,
    1.042999123216));
#1885 = B_SPLINE_CURVE_WITH_KNOTS('',1,(#1886,#1887),.UNSPECIFIED.,.F.,
  .F.,(2,2),(-2.54420094381,-0.15579905619),.PIECEWISE_BEZIER_KNOTS.);
#1886 = CARTESIAN_POINT('',(1.19420094381,-0.708953599186,1.042999123216
    ));
#1887 = CARTESIAN_POINT('',(-1.19420094381,-0.708953599186,
    1.042999123216));
#1888 = ORIENTED_EDGE('',*,*,#1889,.T.);
#1889 = EDGE_CURVE('',#1883,#1867,#1890,.T.);
#1890 = B_SPLINE_CURVE_WITH_KNOTS('',1,(#1891,#1892),.UNSPECIFIED.,.F.,
  .F.,(2,2),(-1.054222649711,-5.62225250996E-03),
  .PIECEWISE_BEZIER_KNOTS.);
#1891 = CARTESIAN_POINT('',(-1.19420094381,-0.708953599186,
    1.042999123216));
#1892 = CARTESIAN_POINT('',(-1.285247344624,-0.8,2.333999937881E-03));
#1893 = B_SPLINE_SURFACE_WITH_KNOTS('',1,1,(
    (#1894,#1895)
    ,(#1896,#1897
    )),.UNSPECIFIED.,.F.,.F.,.F.,(2,2),(2,2),(-1.044640294987,0.),(
    6.475265537596E-02,2.635247344624),.PIECEWISE_BEZIER_KNOTS.);
#1894 = CARTESIAN_POINT('',(-1.285247344624,-0.708953599186,
    1.042999123216));
#1895 = CARTESIAN_POINT('',(1.285247344624,-0.708953599186,
    1.042999123216));
#1896 = CARTESIAN_POINT('',(-1.285247344624,-0.8,2.333999937881E-03));
#1897 = CARTESIAN_POINT('',(1.285247344624,-0.8,2.333999937881E-03));
#1898 = ADVANCED_FACE('',(#1899),#1929,.F.);
#1899 = FACE_BOUND('',#1900,.T.);
#1900 = EDGE_LOOP('',(#1901,#1910,#1917,#1924));
#1901 = ORIENTED_EDGE('',*,*,#1902,.T.);
#1902 = EDGE_CURVE('',#1903,#1905,#1907,.T.);
#1903 = VERTEX_POINT('',#1904);
#1904 = CARTESIAN_POINT('',(1.19420094381,0.64420094381,1.102333999938)
  );
#1905 = VERTEX_POINT('',#1906);
#1906 = CARTESIAN_POINT('',(-0.821574146379,0.64420094381,1.102333999938
    ));
#1907 = B_SPLINE_CURVE_WITH_KNOTS('',1,(#1908,#1909),.UNSPECIFIED.,.F.,
  .F.,(2,2),(-1.19420094381,0.821574146379),.PIECEWISE_BEZIER_KNOTS.);
#1908 = CARTESIAN_POINT('',(1.19420094381,0.64420094381,1.102333999938)
  );
#1909 = CARTESIAN_POINT('',(-0.821574146379,0.64420094381,1.102333999938
    ));
#1910 = ORIENTED_EDGE('',*,*,#1911,.F.);
#1911 = EDGE_CURVE('',#1912,#1905,#1914,.T.);
#1912 = VERTEX_POINT('',#1913);
#1913 = CARTESIAN_POINT('',(-0.821574146379,-0.64420094381,
    1.102333999938));
#1914 = B_SPLINE_CURVE_WITH_KNOTS('',1,(#1915,#1916),.UNSPECIFIED.,.F.,
  .F.,(2,2),(-1.736950338092,-0.448548450472),.PIECEWISE_BEZIER_KNOTS.);
#1915 = CARTESIAN_POINT('',(-0.821574146379,-0.64420094381,
    1.102333999938));
#1916 = CARTESIAN_POINT('',(-0.821574146379,0.64420094381,1.102333999938
    ));
#1917 = ORIENTED_EDGE('',*,*,#1918,.T.);
#1918 = EDGE_CURVE('',#1912,#1919,#1921,.T.);
#1919 = VERTEX_POINT('',#1920);
#1920 = CARTESIAN_POINT('',(1.19420094381,-0.64420094381,1.102333999938)
  );
#1921 = B_SPLINE_CURVE_WITH_KNOTS('',1,(#1922,#1923),.UNSPECIFIED.,.F.,
  .F.,(2,2),(-0.821574146379,1.19420094381),.PIECEWISE_BEZIER_KNOTS.);
#1922 = CARTESIAN_POINT('',(-0.821574146379,-0.64420094381,
    1.102333999938));
#1923 = CARTESIAN_POINT('',(1.19420094381,-0.64420094381,1.102333999938)
  );
#1924 = ORIENTED_EDGE('',*,*,#1925,.T.);
#1925 = EDGE_CURVE('',#1919,#1903,#1926,.T.);
#1926 = B_SPLINE_CURVE_WITH_KNOTS('',1,(#1927,#1928),.UNSPECIFIED.,.F.,
  .F.,(2,2),(-0.64420094381,0.64420094381),.PIECEWISE_BEZIER_KNOTS.);
#1927 = CARTESIAN_POINT('',(1.19420094381,-0.64420094381,1.102333999938)
  );
#1928 = CARTESIAN_POINT('',(1.19420094381,0.64420094381,1.102333999938)
  );
#1929 = B_SPLINE_SURFACE_WITH_KNOTS('',1,1,(
    (#1930,#1931)
    ,(#1932,#1933
    )),.UNSPECIFIED.,.F.,.F.,.F.,(2,2),(2,2),(-1.19420094381,
    0.821574146379),(-0.64420094381,0.64420094381),
  .PIECEWISE_BEZIER_KNOTS.);
#1930 = CARTESIAN_POINT('',(1.19420094381,-0.64420094381,1.102333999938)
  );
#1931 = CARTESIAN_POINT('',(1.19420094381,0.64420094381,1.102333999938)
  );
#1932 = CARTESIAN_POINT('',(-0.821574146379,-0.64420094381,
    1.102333999938));
#1933 = CARTESIAN_POINT('',(-0.821574146379,0.64420094381,1.102333999938
    ));
#1934 = ADVANCED_FACE('',(#1935),#2009,.T.);
#1935 = FACE_BOUND('',#1936,.T.);
#1936 = EDGE_LOOP('',(#1937,#1944,#1945,#1952,#1953,#1960,#1961,#1968,
    #1975,#1980,#1981,#1988,#1989,#1996,#1997,#2004));
#1937 = ORIENTED_EDGE('',*,*,#1938,.F.);
#1938 = EDGE_CURVE('',#1805,#1939,#1941,.T.);
#1939 = VERTEX_POINT('',#1940);
#1940 = CARTESIAN_POINT('',(-1.25,0.3,2.333999937881E-03));
#1941 = B_SPLINE_CURVE_WITH_KNOTS('',1,(#1942,#1943),.UNSPECIFIED.,.F.,
  .F.,(2,2),(-1.35,-1.25),.PIECEWISE_BEZIER_KNOTS.);
#1942 = CARTESIAN_POINT('',(-1.35,0.3,2.333999937881E-03));
#1943 = CARTESIAN_POINT('',(-1.25,0.3,2.333999937881E-03));
#1944 = ORIENTED_EDGE('',*,*,#1802,.F.);
#1945 = ORIENTED_EDGE('',*,*,#1946,.T.);
#1946 = EDGE_CURVE('',#1803,#1350,#1947,.T.);
#1947 = ( BOUNDED_CURVE() B_SPLINE_CURVE(3,(#1948,#1949,#1950,#1951),
.UNSPECIFIED.,.F.,.F.) B_SPLINE_CURVE_WITH_KNOTS((4,4),(5.501585242055,
7.064785372304),.PIECEWISE_BEZIER_KNOTS.) CURVE() 
GEOMETRIC_REPRESENTATION_ITEM() RATIONAL_B_SPLINE_CURVE((1.,
0.806524890385,0.806524890385,1.)) REPRESENTATION_ITEM('') );
#1948 = CARTESIAN_POINT('',(-1.35,0.735247344624,2.333999937881E-03));
#1949 = CARTESIAN_POINT('',(-1.35,0.773238000816,2.333999937881E-03));
#1950 = CARTESIAN_POINT('',(-1.323238000816,0.8,2.333999937881E-03));
#1951 = CARTESIAN_POINT('',(-1.285247344624,0.8,2.333999937881E-03));
#1952 = ORIENTED_EDGE('',*,*,#1349,.F.);
#1953 = ORIENTED_EDGE('',*,*,#1954,.T.);
#1954 = EDGE_CURVE('',#1343,#1755,#1955,.T.);
#1955 = ( BOUNDED_CURVE() B_SPLINE_CURVE(3,(#1956,#1957,#1958,#1959),
.UNSPECIFIED.,.F.,.F.) B_SPLINE_CURVE_WITH_KNOTS((4,4),(5.501585242055,
7.064785372304),.PIECEWISE_BEZIER_KNOTS.) CURVE() 
GEOMETRIC_REPRESENTATION_ITEM() RATIONAL_B_SPLINE_CURVE((1.,
0.806524890385,0.806524890385,1.)) REPRESENTATION_ITEM('') );
#1956 = CARTESIAN_POINT('',(1.285247344624,0.8,2.333999937881E-03));
#1957 = CARTESIAN_POINT('',(1.323238000816,0.8,2.333999937881E-03));
#1958 = CARTESIAN_POINT('',(1.35,0.773238000816,2.333999937881E-03));
#1959 = CARTESIAN_POINT('',(1.35,0.735247344624,2.333999937881E-03));
#1960 = ORIENTED_EDGE('',*,*,#1754,.F.);
#1961 = ORIENTED_EDGE('',*,*,#1962,.F.);
#1962 = EDGE_CURVE('',#1963,#1748,#1965,.T.);
#1963 = VERTEX_POINT('',#1964);
#1964 = CARTESIAN_POINT('',(1.25,0.3,2.333999937881E-03));
#1965 = B_SPLINE_CURVE_WITH_KNOTS('',1,(#1966,#1967),.UNSPECIFIED.,.F.,
  .F.,(2,2),(-0.65,-0.55),.PIECEWISE_BEZIER_KNOTS.);
#1966 = CARTESIAN_POINT('',(1.25,0.3,2.333999937881E-03));
#1967 = CARTESIAN_POINT('',(1.35,0.3,2.333999937881E-03));
#1968 = ORIENTED_EDGE('',*,*,#1969,.F.);
#1969 = EDGE_CURVE('',#1970,#1963,#1972,.T.);
#1970 = VERTEX_POINT('',#1971);
#1971 = CARTESIAN_POINT('',(1.25,-0.3,2.333999937881E-03));
#1972 = B_SPLINE_CURVE_WITH_KNOTS('',1,(#1973,#1974),.UNSPECIFIED.,.F.,
  .F.,(2,2),(0.,0.6),.PIECEWISE_BEZIER_KNOTS.);
#1973 = CARTESIAN_POINT('',(1.25,-0.3,2.333999937881E-03));
#1974 = CARTESIAN_POINT('',(1.25,0.3,2.333999937881E-03));
#1975 = ORIENTED_EDGE('',*,*,#1976,.F.);
#1976 = EDGE_CURVE('',#1783,#1970,#1977,.T.);
#1977 = B_SPLINE_CURVE_WITH_KNOTS('',1,(#1978,#1979),.UNSPECIFIED.,.F.,
  .F.,(2,2),(-1.35,-1.25),.PIECEWISE_BEZIER_KNOTS.);
#1978 = CARTESIAN_POINT('',(1.35,-0.3,2.333999937881E-03));
#1979 = CARTESIAN_POINT('',(1.25,-0.3,2.333999937881E-03));
#1980 = ORIENTED_EDGE('',*,*,#1782,.F.);
#1981 = ORIENTED_EDGE('',*,*,#1982,.T.);
#1982 = EDGE_CURVE('',#1776,#1869,#1983,.T.);
#1983 = ( BOUNDED_CURVE() B_SPLINE_CURVE(3,(#1984,#1985,#1986,#1987),
.UNSPECIFIED.,.F.,.F.) B_SPLINE_CURVE_WITH_KNOTS((4,4),(5.501585242055,
7.064785372304),.PIECEWISE_BEZIER_KNOTS.) CURVE() 
GEOMETRIC_REPRESENTATION_ITEM() RATIONAL_B_SPLINE_CURVE((1.,
0.806524890385,0.806524890385,1.)) REPRESENTATION_ITEM('') );
#1984 = CARTESIAN_POINT('',(1.35,-0.735247344624,2.333999937881E-03));
#1985 = CARTESIAN_POINT('',(1.35,-0.773238000816,2.333999937881E-03));
#1986 = CARTESIAN_POINT('',(1.323238000816,-0.8,2.333999937881E-03));
#1987 = CARTESIAN_POINT('',(1.285247344624,-0.8,2.333999937881E-03));
#1988 = ORIENTED_EDGE('',*,*,#1866,.F.);
#1989 = ORIENTED_EDGE('',*,*,#1990,.T.);
#1990 = EDGE_CURVE('',#1867,#1833,#1991,.T.);
#1991 = ( BOUNDED_CURVE() B_SPLINE_CURVE(3,(#1992,#1993,#1994,#1995),
.UNSPECIFIED.,.F.,.F.) B_SPLINE_CURVE_WITH_KNOTS((4,4),(5.501585242055,
7.064785372304),.PIECEWISE_BEZIER_KNOTS.) CURVE() 
GEOMETRIC_REPRESENTATION_ITEM() RATIONAL_B_SPLINE_CURVE((1.,
0.806524890385,0.806524890385,1.)) REPRESENTATION_ITEM('') );
#1992 = CARTESIAN_POINT('',(-1.285247344624,-0.8,2.333999937881E-03));
#1993 = CARTESIAN_POINT('',(-1.323238000816,-0.8,2.333999937881E-03));
#1994 = CARTESIAN_POINT('',(-1.35,-0.773238000816,2.333999937881E-03));
#1995 = CARTESIAN_POINT('',(-1.35,-0.735247344624,2.333999937881E-03));
#1996 = ORIENTED_EDGE('',*,*,#1832,.F.);
#1997 = ORIENTED_EDGE('',*,*,#1998,.F.);
#1998 = EDGE_CURVE('',#1999,#1826,#2001,.T.);
#1999 = VERTEX_POINT('',#2000);
#2000 = CARTESIAN_POINT('',(-1.25,-0.3,2.333999937881E-03));
#2001 = B_SPLINE_CURVE_WITH_KNOTS('',1,(#2002,#2003),.UNSPECIFIED.,.F.,
  .F.,(2,2),(-0.65,-0.55),.PIECEWISE_BEZIER_KNOTS.);
#2002 = CARTESIAN_POINT('',(-1.25,-0.3,2.333999937881E-03));
#2003 = CARTESIAN_POINT('',(-1.35,-0.3,2.333999937881E-03));
#2004 = ORIENTED_EDGE('',*,*,#2005,.F.);
#2005 = EDGE_CURVE('',#1939,#1999,#2006,.T.);
#2006 = B_SPLINE_CURVE_WITH_KNOTS('',1,(#2007,#2008),.UNSPECIFIED.,.F.,
  .F.,(2,2),(-0.6,-0.),.PIECEWISE_BEZIER_KNOTS.);
#2007 = CARTESIAN_POINT('',(-1.25,0.3,2.333999937881E-03));
#2008 = CARTESIAN_POINT('',(-1.25,-0.3,2.333999937881E-03));
#2009 = B_SPLINE_SURFACE_WITH_KNOTS('',1,1,(
    (#2010,#2011)
    ,(#2012,#2013
    )),.UNSPECIFIED.,.F.,.F.,.F.,(2,2),(2,2),(-1.35,1.35),(-0.8,0.8),
  .PIECEWISE_BEZIER_KNOTS.);
#2010 = CARTESIAN_POINT('',(1.35,-0.8,2.333999937881E-03));
#2011 = CARTESIAN_POINT('',(1.35,0.8,2.333999937881E-03));
#2012 = CARTESIAN_POINT('',(-1.35,-0.8,2.333999937881E-03));
#2013 = CARTESIAN_POINT('',(-1.35,0.8,2.333999937881E-03));
#2014 = ADVANCED_FACE('',(#2015),#2026,.T.);
#2015 = FACE_BOUND('',#2016,.T.);
#2016 = EDGE_LOOP('',(#2017,#2018,#2019,#2025));
#2017 = ORIENTED_EDGE('',*,*,#1946,.F.);
#2018 = ORIENTED_EDGE('',*,*,#1853,.F.);
#2019 = ORIENTED_EDGE('',*,*,#2020,.F.);
#2020 = EDGE_CURVE('',#1334,#1847,#2021,.T.);
#2021 = ( BOUNDED_CURVE() B_SPLINE_CURVE(2,(#2022,#2023,#2024),
.UNSPECIFIED.,.F.,.F.) B_SPLINE_CURVE_WITH_KNOTS((3,3),(3.14159265359,
4.704792783838),.PIECEWISE_BEZIER_KNOTS.) CURVE() 
GEOMETRIC_REPRESENTATION_ITEM() RATIONAL_B_SPLINE_CURVE((1.,
0.709787335578,1.)) REPRESENTATION_ITEM('') );
#2022 = CARTESIAN_POINT('',(-1.19420094381,0.708953599186,1.042999123216
    ));
#2023 = CARTESIAN_POINT('',(-1.258465438151,0.708465438151,
    1.048578829382));
#2024 = CARTESIAN_POINT('',(-1.258953599186,0.64420094381,1.042999123216
    ));
#2025 = ORIENTED_EDGE('',*,*,#1356,.F.);
#2026 = ( BOUNDED_SURFACE() B_SPLINE_SURFACE(2,1,(
    (#2027,#2028)
    ,(#2029,#2030)
    ,(#2031,#2032
)),.UNSPECIFIED.,.F.,.F.,.F.) B_SPLINE_SURFACE_WITH_KNOTS((3,3),(2,2),(
    0.,1.563200130248),(-0.915300099528,0.133300297673),
.PIECEWISE_BEZIER_KNOTS.) GEOMETRIC_REPRESENTATION_ITEM() 
RATIONAL_B_SPLINE_SURFACE((
    (1.,1.)
    ,(0.709787335578,0.709787335578)
,(1.,1.))) REPRESENTATION_ITEM('') SURFACE() );
#2027 = CARTESIAN_POINT('',(-1.258953599186,0.64420094381,1.042999123216
    ));
#2028 = CARTESIAN_POINT('',(-1.35,0.735247344624,2.333999937881E-03));
#2029 = CARTESIAN_POINT('',(-1.258465438151,0.708465438151,
    1.048578829382));
#2030 = CARTESIAN_POINT('',(-1.349511838965,0.799511838965,
    7.913706103354E-03));
#2031 = CARTESIAN_POINT('',(-1.19420094381,0.708953599186,1.042999123216
    ));
#2032 = CARTESIAN_POINT('',(-1.285247344624,0.8,2.333999937881E-03));
#2033 = ADVANCED_FACE('',(#2034),#2072,.T.);
#2034 = FACE_BOUND('',#2035,.T.);
#2035 = EDGE_LOOP('',(#2036,#2044,#2051,#2057,#2058,#2064,#2065,#2071));
#2036 = ORIENTED_EDGE('',*,*,#2037,.F.);
#2037 = EDGE_CURVE('',#2038,#1712,#2040,.T.);
#2038 = VERTEX_POINT('',#2039);
#2039 = CARTESIAN_POINT('',(-1.021574146379,0.678841959962,
    1.092333999938));
#2040 = ( BOUNDED_CURVE() B_SPLINE_CURVE(2,(#2041,#2042,#2043),
.UNSPECIFIED.,.F.,.F.) B_SPLINE_CURVE_WITH_KNOTS((3,3),(5.721115504174,
6.28318530718),.PIECEWISE_BEZIER_KNOTS.) CURVE() 
GEOMETRIC_REPRESENTATION_ITEM() RATIONAL_B_SPLINE_CURVE((1.,
0.960768922831,1.)) REPRESENTATION_ITEM('') );
#2041 = CARTESIAN_POINT('',(-1.021574146379,0.678841959962,
    1.092333999938));
#2042 = CARTESIAN_POINT('',(-1.021574146379,0.662964827559,
    1.102333999938));
#2043 = CARTESIAN_POINT('',(-1.021574146379,0.64420094381,1.102333999938
    ));
#2044 = ORIENTED_EDGE('',*,*,#2045,.T.);
#2045 = EDGE_CURVE('',#2038,#2046,#2048,.T.);
#2046 = VERTEX_POINT('',#2047);
#2047 = CARTESIAN_POINT('',(-0.821574146379,0.678841959962,
    1.092333999938));
#2048 = B_SPLINE_CURVE_WITH_KNOTS('',1,(#2049,#2050),.UNSPECIFIED.,.F.,
  .F.,(2,2),(-1.021574146379,-0.821574146379),.PIECEWISE_BEZIER_KNOTS.);
#2049 = CARTESIAN_POINT('',(-1.021574146379,0.678841959962,
    1.092333999938));
#2050 = CARTESIAN_POINT('',(-0.821574146379,0.678841959962,
    1.092333999938));
#2051 = ORIENTED_EDGE('',*,*,#2052,.F.);
#2052 = EDGE_CURVE('',#1905,#2046,#2053,.T.);
#2053 = ( BOUNDED_CURVE() B_SPLINE_CURVE(2,(#2054,#2055,#2056),
.UNSPECIFIED.,.F.,.F.) B_SPLINE_CURVE_WITH_KNOTS((3,3),(4.712388980385,
5.27445878339),.PIECEWISE_BEZIER_KNOTS.) CURVE() 
GEOMETRIC_REPRESENTATION_ITEM() RATIONAL_B_SPLINE_CURVE((1.,
0.960768922831,1.)) REPRESENTATION_ITEM('') );
#2054 = CARTESIAN_POINT('',(-0.821574146379,0.64420094381,1.102333999938
    ));
#2055 = CARTESIAN_POINT('',(-0.821574146379,0.662964827559,
    1.102333999938));
#2056 = CARTESIAN_POINT('',(-0.821574146379,0.678841959962,
    1.092333999938));
#2057 = ORIENTED_EDGE('',*,*,#1902,.F.);
#2058 = ORIENTED_EDGE('',*,*,#2059,.F.);
#2059 = EDGE_CURVE('',#1336,#1903,#2060,.T.);
#2060 = ( BOUNDED_CURVE() B_SPLINE_CURVE(2,(#2061,#2062,#2063),
.UNSPECIFIED.,.F.,.F.) B_SPLINE_CURVE_WITH_KNOTS((3,3),(1.658062789395,
3.14159265359),.PIECEWISE_BEZIER_KNOTS.) CURVE() 
GEOMETRIC_REPRESENTATION_ITEM() RATIONAL_B_SPLINE_CURVE((1.,
0.73727733681,1.)) REPRESENTATION_ITEM('') );
#2061 = CARTESIAN_POINT('',(1.19420094381,0.708953599186,1.042999123216)
  );
#2062 = CARTESIAN_POINT('',(1.19420094381,0.703762470121,1.102333999938)
  );
#2063 = CARTESIAN_POINT('',(1.19420094381,0.64420094381,1.102333999938)
  );
#2064 = ORIENTED_EDGE('',*,*,#1333,.F.);
#2065 = ORIENTED_EDGE('',*,*,#2066,.F.);
#2066 = EDGE_CURVE('',#1719,#1334,#2067,.T.);
#2067 = ( BOUNDED_CURVE() B_SPLINE_CURVE(2,(#2068,#2069,#2070),
.UNSPECIFIED.,.F.,.F.) B_SPLINE_CURVE_WITH_KNOTS((3,3),(0.,
1.483529864195),.PIECEWISE_BEZIER_KNOTS.) CURVE() 
GEOMETRIC_REPRESENTATION_ITEM() RATIONAL_B_SPLINE_CURVE((1.,
0.73727733681,1.)) REPRESENTATION_ITEM('') );
#2068 = CARTESIAN_POINT('',(-1.19420094381,0.64420094381,1.102333999938)
  );
#2069 = CARTESIAN_POINT('',(-1.19420094381,0.703762470121,1.102333999938
    ));
#2070 = CARTESIAN_POINT('',(-1.19420094381,0.708953599186,1.042999123216
    ));
#2071 = ORIENTED_EDGE('',*,*,#1718,.F.);
#2072 = ( BOUNDED_SURFACE() B_SPLINE_SURFACE(2,1,(
    (#2073,#2074)
    ,(#2075,#2076)
    ,(#2077,#2078
)),.UNSPECIFIED.,.F.,.F.,.F.) B_SPLINE_SURFACE_WITH_KNOTS((3,3),(2,2),(
    1.658062789395,3.14159265359),(-1.19420094381,1.19420094381),
.PIECEWISE_BEZIER_KNOTS.) GEOMETRIC_REPRESENTATION_ITEM() 
RATIONAL_B_SPLINE_SURFACE((
    (1.,1.)
    ,(0.73727733681,0.73727733681)
,(1.,1.))) REPRESENTATION_ITEM('') SURFACE() );
#2073 = CARTESIAN_POINT('',(-1.19420094381,0.708953599186,1.042999123216
    ));
#2074 = CARTESIAN_POINT('',(1.19420094381,0.708953599186,1.042999123216)
  );
#2075 = CARTESIAN_POINT('',(-1.19420094381,0.703762470121,1.102333999938
    ));
#2076 = CARTESIAN_POINT('',(1.19420094381,0.703762470121,1.102333999938)
  );
#2077 = CARTESIAN_POINT('',(-1.19420094381,0.64420094381,1.102333999938)
  );
#2078 = CARTESIAN_POINT('',(1.19420094381,0.64420094381,1.102333999938)
  );
#2079 = ADVANCED_FACE('',(#2080),#2091,.T.);
#2080 = FACE_BOUND('',#2081,.T.);
#2081 = EDGE_LOOP('',(#2082,#2083,#2084,#2090));
#2082 = ORIENTED_EDGE('',*,*,#1954,.F.);
#2083 = ORIENTED_EDGE('',*,*,#1342,.F.);
#2084 = ORIENTED_EDGE('',*,*,#2085,.F.);
#2085 = EDGE_CURVE('',#1762,#1336,#2086,.T.);
#2086 = ( BOUNDED_CURVE() B_SPLINE_CURVE(2,(#2087,#2088,#2089),
.UNSPECIFIED.,.F.,.F.) B_SPLINE_CURVE_WITH_KNOTS((3,3),(1.578392523341,
3.14159265359),.PIECEWISE_BEZIER_KNOTS.) CURVE() 
GEOMETRIC_REPRESENTATION_ITEM() RATIONAL_B_SPLINE_CURVE((1.,
0.709787335578,1.)) REPRESENTATION_ITEM('') );
#2087 = CARTESIAN_POINT('',(1.258953599186,0.64420094381,1.042999123216)
  );
#2088 = CARTESIAN_POINT('',(1.258465438151,0.708465438151,1.048578829382
    ));
#2089 = CARTESIAN_POINT('',(1.19420094381,0.708953599186,1.042999123216)
  );
#2090 = ORIENTED_EDGE('',*,*,#1761,.F.);
#2091 = ( BOUNDED_SURFACE() B_SPLINE_SURFACE(2,1,(
    (#2092,#2093)
    ,(#2094,#2095)
    ,(#2096,#2097
)),.UNSPECIFIED.,.F.,.F.,.F.) B_SPLINE_SURFACE_WITH_KNOTS((3,3),(2,2),(
    1.578392523341,3.14159265359),(-0.819790846278,0.228809550924),
.PIECEWISE_BEZIER_KNOTS.) GEOMETRIC_REPRESENTATION_ITEM() 
RATIONAL_B_SPLINE_SURFACE((
    (1.,1.)
    ,(0.709787335578,0.709787335578)
,(1.,1.))) REPRESENTATION_ITEM('') SURFACE() );
#2092 = CARTESIAN_POINT('',(1.19420094381,0.708953599186,1.042999123216)
  );
#2093 = CARTESIAN_POINT('',(1.285247344624,0.8,2.333999937881E-03));
#2094 = CARTESIAN_POINT('',(1.258465438151,0.708465438151,1.048578829382
    ));
#2095 = CARTESIAN_POINT('',(1.349511838965,0.799511838965,
    7.913706103354E-03));
#2096 = CARTESIAN_POINT('',(1.258953599186,0.64420094381,1.042999123216)
  );
#2097 = CARTESIAN_POINT('',(1.35,0.735247344624,2.333999937881E-03));
#2098 = ADVANCED_FACE('',(#2099),#2109,.T.);
#2099 = FACE_BOUND('',#2100,.T.);
#2100 = EDGE_LOOP('',(#2101,#2102,#2103));
#2101 = ORIENTED_EDGE('',*,*,#2066,.T.);
#2102 = ORIENTED_EDGE('',*,*,#2020,.T.);
#2103 = ORIENTED_EDGE('',*,*,#2104,.F.);
#2104 = EDGE_CURVE('',#1719,#1847,#2105,.T.);
#2105 = ( BOUNDED_CURVE() B_SPLINE_CURVE(2,(#2106,#2107,#2108),
.UNSPECIFIED.,.F.,.F.) B_SPLINE_CURVE_WITH_KNOTS((3,3),(0.,
1.483529864195),.PIECEWISE_BEZIER_KNOTS.) CURVE() 
GEOMETRIC_REPRESENTATION_ITEM() RATIONAL_B_SPLINE_CURVE((1.,
0.73727733681,1.)) REPRESENTATION_ITEM('') );
#2106 = CARTESIAN_POINT('',(-1.19420094381,0.64420094381,1.102333999938)
  );
#2107 = CARTESIAN_POINT('',(-1.253762470121,0.64420094381,1.102333999938
    ));
#2108 = CARTESIAN_POINT('',(-1.258953599186,0.64420094381,1.042999123216
    ));
#2109 = ( BOUNDED_SURFACE() B_SPLINE_SURFACE(2,2,(
    (#2110,#2111,#2112)
    ,(#2113,#2114,#2115)
    ,(#2116,#2117,#2118
)),.UNSPECIFIED.,.F.,.F.,.F.) B_SPLINE_SURFACE_WITH_KNOTS((3,3),(3,3),(
    3.22885911619,4.712388980385),(0.,1.483529864195),
.PIECEWISE_BEZIER_KNOTS.) GEOMETRIC_REPRESENTATION_ITEM() 
RATIONAL_B_SPLINE_SURFACE((
    (1.,0.73727733681,1.)
    ,(0.73727733681,0.543577871374,0.73727733681)
,(1.,0.73727733681,1.))) REPRESENTATION_ITEM('') SURFACE() );
#2110 = CARTESIAN_POINT('',(-1.258953599186,0.64420094381,1.042999123216
    ));
#2111 = CARTESIAN_POINT('',(-1.258953599186,0.703762470121,
    1.042999123216));
#2112 = CARTESIAN_POINT('',(-1.199844509585,0.708953599186,
    1.037827747965));
#2113 = CARTESIAN_POINT('',(-1.253762470121,0.64420094381,1.102333999938
    ));
#2114 = CARTESIAN_POINT('',(-1.253762470121,0.703762470121,
    1.102333999938));
#2115 = CARTESIAN_POINT('',(-1.199392072875,0.708953599186,
    1.042999123216));
#2116 = CARTESIAN_POINT('',(-1.19420094381,0.64420094381,1.102333999938)
  );
#2117 = CARTESIAN_POINT('',(-1.19420094381,0.703762470121,1.102333999938
    ));
#2118 = CARTESIAN_POINT('',(-1.19420094381,0.708953599186,1.042999123216
    ));
#2119 = ADVANCED_FACE('',(#2120),#2130,.T.);
#2120 = FACE_BOUND('',#2121,.T.);
#2121 = EDGE_LOOP('',(#2122,#2123,#2124));
#2122 = ORIENTED_EDGE('',*,*,#2085,.T.);
#2123 = ORIENTED_EDGE('',*,*,#2059,.T.);
#2124 = ORIENTED_EDGE('',*,*,#2125,.F.);
#2125 = EDGE_CURVE('',#1762,#1903,#2126,.T.);
#2126 = ( BOUNDED_CURVE() B_SPLINE_CURVE(2,(#2127,#2128,#2129),
.UNSPECIFIED.,.F.,.F.) B_SPLINE_CURVE_WITH_KNOTS((3,3),(4.799655442984,
6.28318530718),.PIECEWISE_BEZIER_KNOTS.) CURVE() 
GEOMETRIC_REPRESENTATION_ITEM() RATIONAL_B_SPLINE_CURVE((1.,
0.73727733681,1.)) REPRESENTATION_ITEM('') );
#2127 = CARTESIAN_POINT('',(1.258953599186,0.64420094381,1.042999123216)
  );
#2128 = CARTESIAN_POINT('',(1.253762470121,0.64420094381,1.102333999938)
  );
#2129 = CARTESIAN_POINT('',(1.19420094381,0.64420094381,1.102333999938)
  );
#2130 = ( BOUNDED_SURFACE() B_SPLINE_SURFACE(2,2,(
    (#2131,#2132,#2133)
    ,(#2134,#2135,#2136)
    ,(#2137,#2138,#2139
)),.UNSPECIFIED.,.F.,.F.,.F.) B_SPLINE_SURFACE_WITH_KNOTS((3,3),(3,3),(
    4.712388980385,6.19591884458),(0.,1.483529864195),
.PIECEWISE_BEZIER_KNOTS.) GEOMETRIC_REPRESENTATION_ITEM() 
RATIONAL_B_SPLINE_SURFACE((
    (1.,0.73727733681,1.)
    ,(0.73727733681,0.543577871374,0.73727733681)
,(1.,0.73727733681,1.))) REPRESENTATION_ITEM('') SURFACE() );
#2131 = CARTESIAN_POINT('',(1.19420094381,0.64420094381,1.102333999938)
  );
#2132 = CARTESIAN_POINT('',(1.19420094381,0.703762470121,1.102333999938)
  );
#2133 = CARTESIAN_POINT('',(1.19420094381,0.708953599186,1.042999123216)
  );
#2134 = CARTESIAN_POINT('',(1.253762470121,0.64420094381,1.102333999938)
  );
#2135 = CARTESIAN_POINT('',(1.253762470121,0.703762470121,1.102333999938
    ));
#2136 = CARTESIAN_POINT('',(1.199392072875,0.708953599186,1.042999123216
    ));
#2137 = CARTESIAN_POINT('',(1.258953599186,0.64420094381,1.042999123216)
  );
#2138 = CARTESIAN_POINT('',(1.258953599186,0.703762470121,1.042999123216
    ));
#2139 = CARTESIAN_POINT('',(1.199844509585,0.708953599186,1.037827747965
    ));
#2140 = ADVANCED_FACE('',(#2141),#2152,.T.);
#2141 = FACE_BOUND('',#2142,.T.);
#2142 = EDGE_LOOP('',(#2143,#2144,#2145,#2151));
#2143 = ORIENTED_EDGE('',*,*,#1990,.F.);
#2144 = ORIENTED_EDGE('',*,*,#1889,.F.);
#2145 = ORIENTED_EDGE('',*,*,#2146,.F.);
#2146 = EDGE_CURVE('',#1840,#1883,#2147,.T.);
#2147 = ( BOUNDED_CURVE() B_SPLINE_CURVE(2,(#2148,#2149,#2150),
.UNSPECIFIED.,.F.,.F.) B_SPLINE_CURVE_WITH_KNOTS((3,3),(4.719985176931,
6.28318530718),.PIECEWISE_BEZIER_KNOTS.) CURVE() 
GEOMETRIC_REPRESENTATION_ITEM() RATIONAL_B_SPLINE_CURVE((1.,
0.709787335578,1.)) REPRESENTATION_ITEM('') );
#2148 = CARTESIAN_POINT('',(-1.258953599186,-0.64420094381,
    1.042999123216));
#2149 = CARTESIAN_POINT('',(-1.258465438151,-0.708465438151,
    1.048578829382));
#2150 = CARTESIAN_POINT('',(-1.19420094381,-0.708953599186,
    1.042999123216));
#2151 = ORIENTED_EDGE('',*,*,#1839,.F.);
#2152 = ( BOUNDED_SURFACE() B_SPLINE_SURFACE(2,1,(
    (#2153,#2154)
    ,(#2155,#2156)
    ,(#2157,#2158
)),.UNSPECIFIED.,.F.,.F.,.F.) B_SPLINE_SURFACE_WITH_KNOTS((3,3),(2,2),(
    4.719985176931,6.28318530718),(-1.054222649711,-5.62225250996E-03),
.PIECEWISE_BEZIER_KNOTS.) GEOMETRIC_REPRESENTATION_ITEM() 
RATIONAL_B_SPLINE_SURFACE((
    (1.,1.)
    ,(0.709787335578,0.709787335578)
,(1.,1.))) REPRESENTATION_ITEM('') SURFACE() );
#2153 = CARTESIAN_POINT('',(-1.19420094381,-0.708953599186,
    1.042999123216));
#2154 = CARTESIAN_POINT('',(-1.285247344624,-0.8,2.333999937881E-03));
#2155 = CARTESIAN_POINT('',(-1.258465438151,-0.708465438151,
    1.048578829382));
#2156 = CARTESIAN_POINT('',(-1.349511838965,-0.799511838965,
    7.913706103354E-03));
#2157 = CARTESIAN_POINT('',(-1.258953599186,-0.64420094381,
    1.042999123216));
#2158 = CARTESIAN_POINT('',(-1.35,-0.735247344624,2.333999937881E-03));
#2159 = ADVANCED_FACE('',(#2160),#2171,.T.);
#2160 = FACE_BOUND('',#2161,.T.);
#2161 = EDGE_LOOP('',(#2162,#2163,#2164,#2170));
#2162 = ORIENTED_EDGE('',*,*,#2104,.T.);
#2163 = ORIENTED_EDGE('',*,*,#1846,.F.);
#2164 = ORIENTED_EDGE('',*,*,#2165,.F.);
#2165 = EDGE_CURVE('',#1703,#1840,#2166,.T.);
#2166 = ( BOUNDED_CURVE() B_SPLINE_CURVE(2,(#2167,#2168,#2169),
.UNSPECIFIED.,.F.,.F.) B_SPLINE_CURVE_WITH_KNOTS((3,3),(3.14159265359,
4.625122517785),.PIECEWISE_BEZIER_KNOTS.) CURVE() 
GEOMETRIC_REPRESENTATION_ITEM() RATIONAL_B_SPLINE_CURVE((1.,
0.73727733681,1.)) REPRESENTATION_ITEM('') );
#2167 = CARTESIAN_POINT('',(-1.19420094381,-0.64420094381,1.102333999938
    ));
#2168 = CARTESIAN_POINT('',(-1.253762470121,-0.64420094381,
    1.102333999938));
#2169 = CARTESIAN_POINT('',(-1.258953599186,-0.64420094381,
    1.042999123216));
#2170 = ORIENTED_EDGE('',*,*,#1725,.F.);
#2171 = ( BOUNDED_SURFACE() B_SPLINE_SURFACE(2,1,(
    (#2172,#2173)
    ,(#2174,#2175)
    ,(#2176,#2177
)),.UNSPECIFIED.,.F.,.F.,.F.) B_SPLINE_SURFACE_WITH_KNOTS((3,3),(2,2),(
    4.799655442984,6.28318530718),(-0.64420094381,0.64420094381),
.PIECEWISE_BEZIER_KNOTS.) GEOMETRIC_REPRESENTATION_ITEM() 
RATIONAL_B_SPLINE_SURFACE((
    (1.,1.)
    ,(0.73727733681,0.73727733681)
,(1.,1.))) REPRESENTATION_ITEM('') SURFACE() );
#2172 = CARTESIAN_POINT('',(-1.258953599186,-0.64420094381,
    1.042999123216));
#2173 = CARTESIAN_POINT('',(-1.258953599186,0.64420094381,1.042999123216
    ));
#2174 = CARTESIAN_POINT('',(-1.253762470121,-0.64420094381,
    1.102333999938));
#2175 = CARTESIAN_POINT('',(-1.253762470121,0.64420094381,1.102333999938
    ));
#2176 = CARTESIAN_POINT('',(-1.19420094381,-0.64420094381,1.102333999938
    ));
#2177 = CARTESIAN_POINT('',(-1.19420094381,0.64420094381,1.102333999938)
  );
#2178 = ADVANCED_FACE('',(#2179),#2190,.T.);
#2179 = FACE_BOUND('',#2180,.T.);
#2180 = EDGE_LOOP('',(#2181,#2182,#2183,#2189));
#2181 = ORIENTED_EDGE('',*,*,#2125,.T.);
#2182 = ORIENTED_EDGE('',*,*,#1925,.F.);
#2183 = ORIENTED_EDGE('',*,*,#2184,.F.);
#2184 = EDGE_CURVE('',#1769,#1919,#2185,.T.);
#2185 = ( BOUNDED_CURVE() B_SPLINE_CURVE(2,(#2186,#2187,#2188),
.UNSPECIFIED.,.F.,.F.) B_SPLINE_CURVE_WITH_KNOTS((3,3),(1.658062789395,
3.14159265359),.PIECEWISE_BEZIER_KNOTS.) CURVE() 
GEOMETRIC_REPRESENTATION_ITEM() RATIONAL_B_SPLINE_CURVE((1.,
0.73727733681,1.)) REPRESENTATION_ITEM('') );
#2186 = CARTESIAN_POINT('',(1.258953599186,-0.64420094381,1.042999123216
    ));
#2187 = CARTESIAN_POINT('',(1.253762470121,-0.64420094381,1.102333999938
    ));
#2188 = CARTESIAN_POINT('',(1.19420094381,-0.64420094381,1.102333999938)
  );
#2189 = ORIENTED_EDGE('',*,*,#1768,.F.);
#2190 = ( BOUNDED_SURFACE() B_SPLINE_SURFACE(2,1,(
    (#2191,#2192)
    ,(#2193,#2194)
    ,(#2195,#2196
)),.UNSPECIFIED.,.F.,.F.,.F.) B_SPLINE_SURFACE_WITH_KNOTS((3,3),(2,2),(
    1.658062789395,3.14159265359),(-0.64420094381,0.64420094381),
.PIECEWISE_BEZIER_KNOTS.) GEOMETRIC_REPRESENTATION_ITEM() 
RATIONAL_B_SPLINE_SURFACE((
    (1.,1.)
    ,(0.73727733681,0.73727733681)
,(1.,1.))) REPRESENTATION_ITEM('') SURFACE() );
#2191 = CARTESIAN_POINT('',(1.258953599186,0.64420094381,1.042999123216)
  );
#2192 = CARTESIAN_POINT('',(1.258953599186,-0.64420094381,1.042999123216
    ));
#2193 = CARTESIAN_POINT('',(1.253762470121,0.64420094381,1.102333999938)
  );
#2194 = CARTESIAN_POINT('',(1.253762470121,-0.64420094381,1.102333999938
    ));
#2195 = CARTESIAN_POINT('',(1.19420094381,0.64420094381,1.102333999938)
  );
#2196 = CARTESIAN_POINT('',(1.19420094381,-0.64420094381,1.102333999938)
  );
#2197 = ADVANCED_FACE('',(#2198),#2209,.T.);
#2198 = FACE_BOUND('',#2199,.T.);
#2199 = EDGE_LOOP('',(#2200,#2201,#2202,#2208));
#2200 = ORIENTED_EDGE('',*,*,#1982,.F.);
#2201 = ORIENTED_EDGE('',*,*,#1775,.F.);
#2202 = ORIENTED_EDGE('',*,*,#2203,.F.);
#2203 = EDGE_CURVE('',#1876,#1769,#2204,.T.);
#2204 = ( BOUNDED_CURVE() B_SPLINE_CURVE(2,(#2205,#2206,#2207),
.UNSPECIFIED.,.F.,.F.) B_SPLINE_CURVE_WITH_KNOTS((3,3),(0.,
1.563200130248),.PIECEWISE_BEZIER_KNOTS.) CURVE() 
GEOMETRIC_REPRESENTATION_ITEM() RATIONAL_B_SPLINE_CURVE((1.,
0.709787335578,1.)) REPRESENTATION_ITEM('') );
#2205 = CARTESIAN_POINT('',(1.19420094381,-0.708953599186,1.042999123216
    ));
#2206 = CARTESIAN_POINT('',(1.258465438151,-0.708465438151,
    1.048578829382));
#2207 = CARTESIAN_POINT('',(1.258953599186,-0.64420094381,1.042999123216
    ));
#2208 = ORIENTED_EDGE('',*,*,#1875,.F.);
#2209 = ( BOUNDED_SURFACE() B_SPLINE_SURFACE(2,1,(
    (#2210,#2211)
    ,(#2212,#2213)
    ,(#2214,#2215
)),.UNSPECIFIED.,.F.,.F.,.F.) B_SPLINE_SURFACE_WITH_KNOTS((3,3),(2,2),(
    3.14159265359,4.704792783838),(-1.054222649711,-5.62225250996E-03),
.PIECEWISE_BEZIER_KNOTS.) GEOMETRIC_REPRESENTATION_ITEM() 
RATIONAL_B_SPLINE_SURFACE((
    (1.,1.)
    ,(0.709787335578,0.709787335578)
,(1.,1.))) REPRESENTATION_ITEM('') SURFACE() );
#2210 = CARTESIAN_POINT('',(1.258953599186,-0.64420094381,1.042999123216
    ));
#2211 = CARTESIAN_POINT('',(1.35,-0.735247344624,2.333999937881E-03));
#2212 = CARTESIAN_POINT('',(1.258465438151,-0.708465438151,
    1.048578829382));
#2213 = CARTESIAN_POINT('',(1.349511838965,-0.799511838965,
    7.913706103354E-03));
#2214 = CARTESIAN_POINT('',(1.19420094381,-0.708953599186,1.042999123216
    ));
#2215 = CARTESIAN_POINT('',(1.285247344624,-0.8,2.333999937881E-03));
#2216 = ADVANCED_FACE('',(#2217),#2227,.T.);
#2217 = FACE_BOUND('',#2218,.T.);
#2218 = EDGE_LOOP('',(#2219,#2220,#2221));
#2219 = ORIENTED_EDGE('',*,*,#2165,.T.);
#2220 = ORIENTED_EDGE('',*,*,#2146,.T.);
#2221 = ORIENTED_EDGE('',*,*,#2222,.F.);
#2222 = EDGE_CURVE('',#1703,#1883,#2223,.T.);
#2223 = ( BOUNDED_CURVE() B_SPLINE_CURVE(2,(#2224,#2225,#2226),
.UNSPECIFIED.,.F.,.F.) B_SPLINE_CURVE_WITH_KNOTS((3,3),(0.,
1.483529864195),.PIECEWISE_BEZIER_KNOTS.) CURVE() 
GEOMETRIC_REPRESENTATION_ITEM() RATIONAL_B_SPLINE_CURVE((1.,
0.73727733681,1.)) REPRESENTATION_ITEM('') );
#2224 = CARTESIAN_POINT('',(-1.19420094381,-0.64420094381,1.102333999938
    ));
#2225 = CARTESIAN_POINT('',(-1.19420094381,-0.703762470121,
    1.102333999938));
#2226 = CARTESIAN_POINT('',(-1.19420094381,-0.708953599186,
    1.042999123216));
#2227 = ( BOUNDED_SURFACE() B_SPLINE_SURFACE(2,2,(
    (#2228,#2229,#2230)
    ,(#2231,#2232,#2233)
    ,(#2234,#2235,#2236
)),.UNSPECIFIED.,.F.,.F.,.F.) B_SPLINE_SURFACE_WITH_KNOTS((3,3),(3,3),(
    3.22885911619,4.712388980385),(-1.483529864195,0.),
.PIECEWISE_BEZIER_KNOTS.) GEOMETRIC_REPRESENTATION_ITEM() 
RATIONAL_B_SPLINE_SURFACE((
    (1.,0.73727733681,1.)
    ,(0.73727733681,0.543577871374,0.73727733681)
,(1.,0.73727733681,1.))) REPRESENTATION_ITEM('') SURFACE() );
#2228 = CARTESIAN_POINT('',(-1.199844509585,-0.708953599186,
    1.037827747965));
#2229 = CARTESIAN_POINT('',(-1.258953599186,-0.703762470121,
    1.042999123216));
#2230 = CARTESIAN_POINT('',(-1.258953599186,-0.64420094381,
    1.042999123216));
#2231 = CARTESIAN_POINT('',(-1.199392072875,-0.708953599186,
    1.042999123216));
#2232 = CARTESIAN_POINT('',(-1.253762470121,-0.703762470121,
    1.102333999938));
#2233 = CARTESIAN_POINT('',(-1.253762470121,-0.64420094381,
    1.102333999938));
#2234 = CARTESIAN_POINT('',(-1.19420094381,-0.708953599186,
    1.042999123216));
#2235 = CARTESIAN_POINT('',(-1.19420094381,-0.703762470121,
    1.102333999938));
#2236 = CARTESIAN_POINT('',(-1.19420094381,-0.64420094381,1.102333999938
    ));
#2237 = ADVANCED_FACE('',(#2238),#2248,.T.);
#2238 = FACE_BOUND('',#2239,.T.);
#2239 = EDGE_LOOP('',(#2240,#2241,#2242));
#2240 = ORIENTED_EDGE('',*,*,#2203,.T.);
#2241 = ORIENTED_EDGE('',*,*,#2184,.T.);
#2242 = ORIENTED_EDGE('',*,*,#2243,.F.);
#2243 = EDGE_CURVE('',#1876,#1919,#2244,.T.);
#2244 = ( BOUNDED_CURVE() B_SPLINE_CURVE(2,(#2245,#2246,#2247),
.UNSPECIFIED.,.F.,.F.) B_SPLINE_CURVE_WITH_KNOTS((3,3),(1.658062789395,
3.14159265359),.PIECEWISE_BEZIER_KNOTS.) CURVE() 
GEOMETRIC_REPRESENTATION_ITEM() RATIONAL_B_SPLINE_CURVE((1.,
0.73727733681,1.)) REPRESENTATION_ITEM('') );
#2245 = CARTESIAN_POINT('',(1.19420094381,-0.708953599186,1.042999123216
    ));
#2246 = CARTESIAN_POINT('',(1.19420094381,-0.703762470121,1.102333999938
    ));
#2247 = CARTESIAN_POINT('',(1.19420094381,-0.64420094381,1.102333999938)
  );
#2248 = ( BOUNDED_SURFACE() B_SPLINE_SURFACE(2,2,(
    (#2249,#2250,#2251)
    ,(#2252,#2253,#2254)
    ,(#2255,#2256,#2257
)),.UNSPECIFIED.,.F.,.F.,.F.) B_SPLINE_SURFACE_WITH_KNOTS((3,3),(3,3),(
    4.712388980385,6.19591884458),(-1.483529864195,0.),
.PIECEWISE_BEZIER_KNOTS.) GEOMETRIC_REPRESENTATION_ITEM() 
RATIONAL_B_SPLINE_SURFACE((
    (1.,0.73727733681,1.)
    ,(0.73727733681,0.543577871374,0.73727733681)
,(1.,0.73727733681,1.))) REPRESENTATION_ITEM('') SURFACE() );
#2249 = CARTESIAN_POINT('',(1.19420094381,-0.708953599186,1.042999123216
    ));
#2250 = CARTESIAN_POINT('',(1.19420094381,-0.703762470121,1.102333999938
    ));
#2251 = CARTESIAN_POINT('',(1.19420094381,-0.64420094381,1.102333999938)
  );
#2252 = CARTESIAN_POINT('',(1.199392072875,-0.708953599186,
    1.042999123216));
#2253 = CARTESIAN_POINT('',(1.253762470121,-0.703762470121,
    1.102333999938));
#2254 = CARTESIAN_POINT('',(1.253762470121,-0.64420094381,1.102333999938
    ));
#2255 = CARTESIAN_POINT('',(1.199844509585,-0.708953599186,
    1.037827747965));
#2256 = CARTESIAN_POINT('',(1.258953599186,-0.703762470121,
    1.042999123216));
#2257 = CARTESIAN_POINT('',(1.258953599186,-0.64420094381,1.042999123216
    ));
#2258 = ADVANCED_FACE('',(#2259),#2287,.T.);
#2259 = FACE_BOUND('',#2260,.T.);
#2260 = EDGE_LOOP('',(#2261,#2269,#2270,#2271,#2272,#2273,#2274,#2282));
#2261 = ORIENTED_EDGE('',*,*,#2262,.F.);
#2262 = EDGE_CURVE('',#1705,#2263,#2265,.T.);
#2263 = VERTEX_POINT('',#2264);
#2264 = CARTESIAN_POINT('',(-1.021574146379,-0.678841959962,
    1.092333999938));
#2265 = ( BOUNDED_CURVE() B_SPLINE_CURVE(2,(#2266,#2267,#2268),
.UNSPECIFIED.,.F.,.F.) B_SPLINE_CURVE_WITH_KNOTS((3,3),(0.,
0.562069803006),.PIECEWISE_BEZIER_KNOTS.) CURVE() 
GEOMETRIC_REPRESENTATION_ITEM() RATIONAL_B_SPLINE_CURVE((1.,
0.960768922831,1.)) REPRESENTATION_ITEM('') );
#2266 = CARTESIAN_POINT('',(-1.021574146379,-0.64420094381,
    1.102333999938));
#2267 = CARTESIAN_POINT('',(-1.021574146379,-0.662964827559,
    1.102333999938));
#2268 = CARTESIAN_POINT('',(-1.021574146379,-0.678841959962,
    1.092333999938));
#2269 = ORIENTED_EDGE('',*,*,#1702,.F.);
#2270 = ORIENTED_EDGE('',*,*,#2222,.T.);
#2271 = ORIENTED_EDGE('',*,*,#1882,.F.);
#2272 = ORIENTED_EDGE('',*,*,#2243,.T.);
#2273 = ORIENTED_EDGE('',*,*,#1918,.F.);
#2274 = ORIENTED_EDGE('',*,*,#2275,.F.);
#2275 = EDGE_CURVE('',#2276,#1912,#2278,.T.);
#2276 = VERTEX_POINT('',#2277);
#2277 = CARTESIAN_POINT('',(-0.821574146379,-0.678841959962,
    1.092333999938));
#2278 = ( BOUNDED_CURVE() B_SPLINE_CURVE(2,(#2279,#2280,#2281),
.UNSPECIFIED.,.F.,.F.) B_SPLINE_CURVE_WITH_KNOTS((3,3),(4.150319177379,
4.712388980385),.PIECEWISE_BEZIER_KNOTS.) CURVE() 
GEOMETRIC_REPRESENTATION_ITEM() RATIONAL_B_SPLINE_CURVE((1.,
0.960768922831,1.)) REPRESENTATION_ITEM('') );
#2279 = CARTESIAN_POINT('',(-0.821574146379,-0.678841959962,
    1.092333999938));
#2280 = CARTESIAN_POINT('',(-0.821574146379,-0.662964827559,
    1.102333999938));
#2281 = CARTESIAN_POINT('',(-0.821574146379,-0.64420094381,
    1.102333999938));
#2282 = ORIENTED_EDGE('',*,*,#2283,.T.);
#2283 = EDGE_CURVE('',#2276,#2263,#2284,.T.);
#2284 = B_SPLINE_CURVE_WITH_KNOTS('',1,(#2285,#2286),.UNSPECIFIED.,.F.,
  .F.,(2,2),(0.821574146379,1.021574146379),.PIECEWISE_BEZIER_KNOTS.);
#2285 = CARTESIAN_POINT('',(-0.821574146379,-0.678841959962,
    1.092333999938));
#2286 = CARTESIAN_POINT('',(-1.021574146379,-0.678841959962,
    1.092333999938));
#2287 = ( BOUNDED_SURFACE() B_SPLINE_SURFACE(2,1,(
    (#2288,#2289)
    ,(#2290,#2291)
    ,(#2292,#2293
)),.UNSPECIFIED.,.F.,.F.,.F.) B_SPLINE_SURFACE_WITH_KNOTS((3,3),(2,2),(
    4.799655442984,6.28318530718),(-1.19420094381,1.19420094381),
.PIECEWISE_BEZIER_KNOTS.) GEOMETRIC_REPRESENTATION_ITEM() 
RATIONAL_B_SPLINE_SURFACE((
    (1.,1.)
    ,(0.73727733681,0.73727733681)
,(1.,1.))) REPRESENTATION_ITEM('') SURFACE() );
#2288 = CARTESIAN_POINT('',(1.19420094381,-0.708953599186,1.042999123216
    ));
#2289 = CARTESIAN_POINT('',(-1.19420094381,-0.708953599186,
    1.042999123216));
#2290 = CARTESIAN_POINT('',(1.19420094381,-0.703762470121,1.102333999938
    ));
#2291 = CARTESIAN_POINT('',(-1.19420094381,-0.703762470121,
    1.102333999938));
#2292 = CARTESIAN_POINT('',(1.19420094381,-0.64420094381,1.102333999938)
  );
#2293 = CARTESIAN_POINT('',(-1.19420094381,-0.64420094381,1.102333999938
    ));
#2294 = ADVANCED_FACE('',(#2295),#2317,.F.);
#2295 = FACE_BOUND('',#2296,.T.);
#2296 = EDGE_LOOP('',(#2297,#2304,#2311,#2316));
#2297 = ORIENTED_EDGE('',*,*,#2298,.T.);
#2298 = EDGE_CURVE('',#1739,#2299,#2301,.T.);
#2299 = VERTEX_POINT('',#2300);
#2300 = CARTESIAN_POINT('',(1.25,-0.3,0.122333999938));
#2301 = B_SPLINE_CURVE_WITH_KNOTS('',1,(#2302,#2303),.UNSPECIFIED.,.F.,
  .F.,(2,2),(0.560498639623,0.65),.PIECEWISE_BEZIER_KNOTS.);
#2302 = CARTESIAN_POINT('',(1.339501360377,-0.3,0.122333999938));
#2303 = CARTESIAN_POINT('',(1.25,-0.3,0.122333999938));
#2304 = ORIENTED_EDGE('',*,*,#2305,.T.);
#2305 = EDGE_CURVE('',#2299,#2306,#2308,.T.);
#2306 = VERTEX_POINT('',#2307);
#2307 = CARTESIAN_POINT('',(1.25,0.3,0.122333999938));
#2308 = B_SPLINE_CURVE_WITH_KNOTS('',1,(#2309,#2310),.UNSPECIFIED.,.F.,
  .F.,(2,2),(0.,0.6),.PIECEWISE_BEZIER_KNOTS.);
#2309 = CARTESIAN_POINT('',(1.25,-0.3,0.122333999938));
#2310 = CARTESIAN_POINT('',(1.25,0.3,0.122333999938));
#2311 = ORIENTED_EDGE('',*,*,#2312,.T.);
#2312 = EDGE_CURVE('',#2306,#1741,#2313,.T.);
#2313 = B_SPLINE_CURVE_WITH_KNOTS('',1,(#2314,#2315),.UNSPECIFIED.,.F.,
  .F.,(2,2),(-0.65,-0.560498639623),.PIECEWISE_BEZIER_KNOTS.);
#2314 = CARTESIAN_POINT('',(1.25,0.3,0.122333999938));
#2315 = CARTESIAN_POINT('',(1.339501360377,0.3,0.122333999938));
#2316 = ORIENTED_EDGE('',*,*,#1738,.F.);
#2317 = B_SPLINE_SURFACE_WITH_KNOTS('',1,1,(
    (#2318,#2319)
    ,(#2320,#2321
    )),.UNSPECIFIED.,.F.,.F.,.F.,(2,2),(2,2),(1.25,1.339501360377),(-0.3
    ,0.3),.PIECEWISE_BEZIER_KNOTS.);
#2318 = CARTESIAN_POINT('',(1.25,-0.3,0.122333999938));
#2319 = CARTESIAN_POINT('',(1.25,0.3,0.122333999938));
#2320 = CARTESIAN_POINT('',(1.339501360377,-0.3,0.122333999938));
#2321 = CARTESIAN_POINT('',(1.339501360377,0.3,0.122333999938));
#2322 = ADVANCED_FACE('',(#2323),#2333,.F.);
#2323 = FACE_BOUND('',#2324,.T.);
#2324 = EDGE_LOOP('',(#2325,#2326,#2331,#2332));
#2325 = ORIENTED_EDGE('',*,*,#2312,.F.);
#2326 = ORIENTED_EDGE('',*,*,#2327,.T.);
#2327 = EDGE_CURVE('',#2306,#1963,#2328,.T.);
#2328 = B_SPLINE_CURVE_WITH_KNOTS('',1,(#2329,#2330),.UNSPECIFIED.,.F.,
  .F.,(2,2),(-0.,0.12),.PIECEWISE_BEZIER_KNOTS.);
#2329 = CARTESIAN_POINT('',(1.25,0.3,0.122333999938));
#2330 = CARTESIAN_POINT('',(1.25,0.3,2.333999937881E-03));
#2331 = ORIENTED_EDGE('',*,*,#1962,.T.);
#2332 = ORIENTED_EDGE('',*,*,#1747,.F.);
#2333 = B_SPLINE_SURFACE_WITH_KNOTS('',1,1,(
    (#2334,#2335)
    ,(#2336,#2337
    )),.UNSPECIFIED.,.F.,.F.,.F.,(2,2),(2,2),(0.55,0.65),(-0.12,0.),
  .PIECEWISE_BEZIER_KNOTS.);
#2334 = CARTESIAN_POINT('',(1.35,0.3,2.333999937881E-03));
#2335 = CARTESIAN_POINT('',(1.35,0.3,0.122333999938));
#2336 = CARTESIAN_POINT('',(1.25,0.3,2.333999937881E-03));
#2337 = CARTESIAN_POINT('',(1.25,0.3,0.122333999938));
#2338 = ADVANCED_FACE('',(#2339),#2349,.F.);
#2339 = FACE_BOUND('',#2340,.T.);
#2340 = EDGE_LOOP('',(#2341,#2342,#2347,#2348));
#2341 = ORIENTED_EDGE('',*,*,#1976,.T.);
#2342 = ORIENTED_EDGE('',*,*,#2343,.F.);
#2343 = EDGE_CURVE('',#2299,#1970,#2344,.T.);
#2344 = B_SPLINE_CURVE_WITH_KNOTS('',1,(#2345,#2346),.UNSPECIFIED.,.F.,
  .F.,(2,2),(-0.,0.12),.PIECEWISE_BEZIER_KNOTS.);
#2345 = CARTESIAN_POINT('',(1.25,-0.3,0.122333999938));
#2346 = CARTESIAN_POINT('',(1.25,-0.3,2.333999937881E-03));
#2347 = ORIENTED_EDGE('',*,*,#2298,.F.);
#2348 = ORIENTED_EDGE('',*,*,#1789,.F.);
#2349 = B_SPLINE_SURFACE_WITH_KNOTS('',1,1,(
    (#2350,#2351)
    ,(#2352,#2353
  )),.UNSPECIFIED.,.F.,.F.,.F.,(2,2),(2,2),(-0.65,-0.55),(-0.12,0.),
  .PIECEWISE_BEZIER_KNOTS.);
#2350 = CARTESIAN_POINT('',(1.25,-0.3,2.333999937881E-03));
#2351 = CARTESIAN_POINT('',(1.25,-0.3,0.122333999938));
#2352 = CARTESIAN_POINT('',(1.35,-0.3,2.333999937881E-03));
#2353 = CARTESIAN_POINT('',(1.35,-0.3,0.122333999938));
#2354 = ADVANCED_FACE('',(#2355),#2361,.F.);
#2355 = FACE_BOUND('',#2356,.T.);
#2356 = EDGE_LOOP('',(#2357,#2358,#2359,#2360));
#2357 = ORIENTED_EDGE('',*,*,#1969,.T.);
#2358 = ORIENTED_EDGE('',*,*,#2327,.F.);
#2359 = ORIENTED_EDGE('',*,*,#2305,.F.);
#2360 = ORIENTED_EDGE('',*,*,#2343,.T.);
#2361 = B_SPLINE_SURFACE_WITH_KNOTS('',1,1,(
    (#2362,#2363)
    ,(#2364,#2365
    )),.UNSPECIFIED.,.F.,.F.,.F.,(2,2),(2,2),(-0.12,0.),(0.,0.6),
  .PIECEWISE_BEZIER_KNOTS.);
#2362 = CARTESIAN_POINT('',(1.25,-0.3,2.333999937881E-03));
#2363 = CARTESIAN_POINT('',(1.25,0.3,2.333999937881E-03));
#2364 = CARTESIAN_POINT('',(1.25,-0.3,0.122333999938));
#2365 = CARTESIAN_POINT('',(1.25,0.3,0.122333999938));
#2366 = ADVANCED_FACE('',(#2367),#2389,.T.);
#2367 = FACE_BOUND('',#2368,.T.);
#2368 = EDGE_LOOP('',(#2369,#2370,#2377,#2384));
#2369 = ORIENTED_EDGE('',*,*,#1818,.T.);
#2370 = ORIENTED_EDGE('',*,*,#2371,.T.);
#2371 = EDGE_CURVE('',#1812,#2372,#2374,.T.);
#2372 = VERTEX_POINT('',#2373);
#2373 = CARTESIAN_POINT('',(-1.25,0.3,0.122333999938));
#2374 = B_SPLINE_CURVE_WITH_KNOTS('',1,(#2375,#2376),.UNSPECIFIED.,.F.,
  .F.,(2,2),(0.560498639623,0.65),.PIECEWISE_BEZIER_KNOTS.);
#2375 = CARTESIAN_POINT('',(-1.339501360377,0.3,0.122333999938));
#2376 = CARTESIAN_POINT('',(-1.25,0.3,0.122333999938));
#2377 = ORIENTED_EDGE('',*,*,#2378,.T.);
#2378 = EDGE_CURVE('',#2372,#2379,#2381,.T.);
#2379 = VERTEX_POINT('',#2380);
#2380 = CARTESIAN_POINT('',(-1.25,-0.3,0.122333999938));
#2381 = B_SPLINE_CURVE_WITH_KNOTS('',1,(#2382,#2383),.UNSPECIFIED.,.F.,
  .F.,(2,2),(-0.6,-0.),.PIECEWISE_BEZIER_KNOTS.);
#2382 = CARTESIAN_POINT('',(-1.25,0.3,0.122333999938));
#2383 = CARTESIAN_POINT('',(-1.25,-0.3,0.122333999938));
#2384 = ORIENTED_EDGE('',*,*,#2385,.T.);
#2385 = EDGE_CURVE('',#2379,#1819,#2386,.T.);
#2386 = B_SPLINE_CURVE_WITH_KNOTS('',1,(#2387,#2388),.UNSPECIFIED.,.F.,
  .F.,(2,2),(-0.65,-0.560498639623),.PIECEWISE_BEZIER_KNOTS.);
#2387 = CARTESIAN_POINT('',(-1.25,-0.3,0.122333999938));
#2388 = CARTESIAN_POINT('',(-1.339501360377,-0.3,0.122333999938));
#2389 = B_SPLINE_SURFACE_WITH_KNOTS('',1,1,(
    (#2390,#2391)
    ,(#2392,#2393
    )),.UNSPECIFIED.,.F.,.F.,.F.,(2,2),(2,2),(1.25,1.339501360377),(-0.3
    ,0.3),.PIECEWISE_BEZIER_KNOTS.);
#2390 = CARTESIAN_POINT('',(-1.25,-0.3,0.122333999938));
#2391 = CARTESIAN_POINT('',(-1.25,0.3,0.122333999938));
#2392 = CARTESIAN_POINT('',(-1.339501360377,-0.3,0.122333999938));
#2393 = CARTESIAN_POINT('',(-1.339501360377,0.3,0.122333999938));
#2394 = ADVANCED_FACE('',(#2395),#2405,.F.);
#2395 = FACE_BOUND('',#2396,.T.);
#2396 = EDGE_LOOP('',(#2397,#2398,#2403,#2404));
#2397 = ORIENTED_EDGE('',*,*,#1938,.T.);
#2398 = ORIENTED_EDGE('',*,*,#2399,.F.);
#2399 = EDGE_CURVE('',#2372,#1939,#2400,.T.);
#2400 = B_SPLINE_CURVE_WITH_KNOTS('',1,(#2401,#2402),.UNSPECIFIED.,.F.,
  .F.,(2,2),(-0.,0.12),.PIECEWISE_BEZIER_KNOTS.);
#2401 = CARTESIAN_POINT('',(-1.25,0.3,0.122333999938));
#2402 = CARTESIAN_POINT('',(-1.25,0.3,2.333999937881E-03));
#2403 = ORIENTED_EDGE('',*,*,#2371,.F.);
#2404 = ORIENTED_EDGE('',*,*,#1811,.F.);
#2405 = B_SPLINE_SURFACE_WITH_KNOTS('',1,1,(
    (#2406,#2407)
    ,(#2408,#2409
  )),.UNSPECIFIED.,.F.,.F.,.F.,(2,2),(2,2),(-0.65,-0.55),(-0.12,0.),
  .PIECEWISE_BEZIER_KNOTS.);
#2406 = CARTESIAN_POINT('',(-1.25,0.3,2.333999937881E-03));
#2407 = CARTESIAN_POINT('',(-1.25,0.3,0.122333999938));
#2408 = CARTESIAN_POINT('',(-1.35,0.3,2.333999937881E-03));
#2409 = CARTESIAN_POINT('',(-1.35,0.3,0.122333999938));
#2410 = ADVANCED_FACE('',(#2411),#2421,.F.);
#2411 = FACE_BOUND('',#2412,.T.);
#2412 = EDGE_LOOP('',(#2413,#2414,#2419,#2420));
#2413 = ORIENTED_EDGE('',*,*,#2385,.F.);
#2414 = ORIENTED_EDGE('',*,*,#2415,.T.);
#2415 = EDGE_CURVE('',#2379,#1999,#2416,.T.);
#2416 = B_SPLINE_CURVE_WITH_KNOTS('',1,(#2417,#2418),.UNSPECIFIED.,.F.,
  .F.,(2,2),(-0.,0.12),.PIECEWISE_BEZIER_KNOTS.);
#2417 = CARTESIAN_POINT('',(-1.25,-0.3,0.122333999938));
#2418 = CARTESIAN_POINT('',(-1.25,-0.3,2.333999937881E-03));
#2419 = ORIENTED_EDGE('',*,*,#1998,.T.);
#2420 = ORIENTED_EDGE('',*,*,#1825,.F.);
#2421 = B_SPLINE_SURFACE_WITH_KNOTS('',1,1,(
    (#2422,#2423)
    ,(#2424,#2425
    )),.UNSPECIFIED.,.F.,.F.,.F.,(2,2),(2,2),(0.55,0.65),(-0.12,0.),
  .PIECEWISE_BEZIER_KNOTS.);
#2422 = CARTESIAN_POINT('',(-1.35,-0.3,2.333999937881E-03));
#2423 = CARTESIAN_POINT('',(-1.35,-0.3,0.122333999938));
#2424 = CARTESIAN_POINT('',(-1.25,-0.3,2.333999937881E-03));
#2425 = CARTESIAN_POINT('',(-1.25,-0.3,0.122333999938));
#2426 = ADVANCED_FACE('',(#2427),#2433,.F.);
#2427 = FACE_BOUND('',#2428,.T.);
#2428 = EDGE_LOOP('',(#2429,#2430,#2431,#2432));
#2429 = ORIENTED_EDGE('',*,*,#2005,.T.);
#2430 = ORIENTED_EDGE('',*,*,#2415,.F.);
#2431 = ORIENTED_EDGE('',*,*,#2378,.F.);
#2432 = ORIENTED_EDGE('',*,*,#2399,.T.);
#2433 = B_SPLINE_SURFACE_WITH_KNOTS('',1,1,(
    (#2434,#2435)
    ,(#2436,#2437
    )),.UNSPECIFIED.,.F.,.F.,.F.,(2,2),(2,2),(0.,0.12),(0.,0.6),
  .PIECEWISE_BEZIER_KNOTS.);
#2434 = CARTESIAN_POINT('',(-1.25,-0.3,0.122333999938));
#2435 = CARTESIAN_POINT('',(-1.25,0.3,0.122333999938));
#2436 = CARTESIAN_POINT('',(-1.25,-0.3,2.333999937881E-03));
#2437 = CARTESIAN_POINT('',(-1.25,0.3,2.333999937881E-03));
#2438 = ADVANCED_FACE('',(#2439),#2449,.F.);
#2439 = FACE_BOUND('',#2440,.T.);
#2440 = EDGE_LOOP('',(#2441,#2442,#2443,#2444));
#2441 = ORIENTED_EDGE('',*,*,#2037,.T.);
#2442 = ORIENTED_EDGE('',*,*,#1711,.T.);
#2443 = ORIENTED_EDGE('',*,*,#2262,.T.);
#2444 = ORIENTED_EDGE('',*,*,#2445,.F.);
#2445 = EDGE_CURVE('',#2038,#2263,#2446,.T.);
#2446 = B_SPLINE_CURVE_WITH_KNOTS('',1,(#2447,#2448),.UNSPECIFIED.,.F.,
  .F.,(2,2),(0.41390743432,1.771591354244),.PIECEWISE_BEZIER_KNOTS.);
#2447 = CARTESIAN_POINT('',(-1.021574146379,0.678841959962,
    1.092333999938));
#2448 = CARTESIAN_POINT('',(-1.021574146379,-0.678841959962,
    1.092333999938));
#2449 = B_SPLINE_SURFACE_WITH_KNOTS('',1,1,(
    (#2450,#2451)
    ,(#2452,#2453
    )),.UNSPECIFIED.,.F.,.F.,.F.,(2,2),(2,2),(-2.775557561563E-17,1.E-02
    ),(-1.771591354244,-0.41390743432),.PIECEWISE_BEZIER_KNOTS.);
#2450 = CARTESIAN_POINT('',(-1.021574146379,-0.678841959962,
    1.092333999938));
#2451 = CARTESIAN_POINT('',(-1.021574146379,0.678841959962,
    1.092333999938));
#2452 = CARTESIAN_POINT('',(-1.021574146379,-0.678841959962,
    1.102333999938));
#2453 = CARTESIAN_POINT('',(-1.021574146379,0.678841959962,
    1.102333999938));
#2454 = ADVANCED_FACE('',(#2455),#2465,.F.);
#2455 = FACE_BOUND('',#2456,.T.);
#2456 = EDGE_LOOP('',(#2457,#2458,#2463,#2464));
#2457 = ORIENTED_EDGE('',*,*,#2052,.T.);
#2458 = ORIENTED_EDGE('',*,*,#2459,.F.);
#2459 = EDGE_CURVE('',#2276,#2046,#2460,.T.);
#2460 = B_SPLINE_CURVE_WITH_KNOTS('',1,(#2461,#2462),.UNSPECIFIED.,.F.,
  .F.,(2,2),(-1.771591354244,-0.41390743432),.PIECEWISE_BEZIER_KNOTS.);
#2461 = CARTESIAN_POINT('',(-0.821574146379,-0.678841959962,
    1.092333999938));
#2462 = CARTESIAN_POINT('',(-0.821574146379,0.678841959962,
    1.092333999938));
#2463 = ORIENTED_EDGE('',*,*,#2275,.T.);
#2464 = ORIENTED_EDGE('',*,*,#1911,.T.);
#2465 = B_SPLINE_SURFACE_WITH_KNOTS('',1,1,(
    (#2466,#2467)
    ,(#2468,#2469
    )),.UNSPECIFIED.,.F.,.F.,.F.,(2,2),(2,2),(-1.771591354244,
    -0.41390743432),(-9.020562075079E-17,1.E-02),
  .PIECEWISE_BEZIER_KNOTS.);
#2466 = CARTESIAN_POINT('',(-0.821574146379,-0.678841959962,
    1.092333999938));
#2467 = CARTESIAN_POINT('',(-0.821574146379,-0.678841959962,
    1.102333999938));
#2468 = CARTESIAN_POINT('',(-0.821574146379,0.678841959962,
    1.092333999938));
#2469 = CARTESIAN_POINT('',(-0.821574146379,0.678841959962,
    1.102333999938));
#2470 = ADVANCED_FACE('',(#2471),#2477,.T.);
#2471 = FACE_BOUND('',#2472,.T.);
#2472 = EDGE_LOOP('',(#2473,#2474,#2475,#2476));
#2473 = ORIENTED_EDGE('',*,*,#2445,.T.);
#2474 = ORIENTED_EDGE('',*,*,#2283,.F.);
#2475 = ORIENTED_EDGE('',*,*,#2459,.T.);
#2476 = ORIENTED_EDGE('',*,*,#2045,.F.);
#2477 = B_SPLINE_SURFACE_WITH_KNOTS('',1,1,(
    (#2478,#2479)
    ,(#2480,#2481
    )),.UNSPECIFIED.,.F.,.F.,.F.,(2,2),(2,2),(-1.021574146379,
    -0.821574146379),(-0.678841959962,0.678841959962),
  .PIECEWISE_BEZIER_KNOTS.);
#2478 = CARTESIAN_POINT('',(-1.021574146379,-0.678841959962,
    1.092333999938));
#2479 = CARTESIAN_POINT('',(-1.021574146379,0.678841959962,
    1.092333999938));
#2480 = CARTESIAN_POINT('',(-0.821574146379,-0.678841959962,
    1.092333999938));
#2481 = CARTESIAN_POINT('',(-0.821574146379,0.678841959962,
    1.092333999938));
#2482 = ADVANCED_FACE('',(#2483),#2505,.F.);
#2483 = FACE_BOUND('',#2484,.T.);
#2484 = EDGE_LOOP('',(#2485,#2486,#2493,#2500));
#2485 = ORIENTED_EDGE('',*,*,#1363,.T.);
#2486 = ORIENTED_EDGE('',*,*,#2487,.F.);
#2487 = EDGE_CURVE('',#2488,#1366,#2490,.T.);
#2488 = VERTEX_POINT('',#2489);
#2489 = CARTESIAN_POINT('',(-0.104970549932,0.741855865251,0.67839821287
    ));
#2490 = B_SPLINE_CURVE_WITH_KNOTS('',1,(#2491,#2492),.UNSPECIFIED.,.F.,
  .F.,(2,2),(-0.,9.99999861577E-04),.PIECEWISE_BEZIER_KNOTS.);
#2491 = CARTESIAN_POINT('',(-0.104970549932,0.741855865251,0.67839821287
    ));
#2492 = CARTESIAN_POINT('',(-0.104970549932,0.740859670691,
    0.678311057139));
#2493 = ORIENTED_EDGE('',*,*,#2494,.F.);
#2494 = EDGE_CURVE('',#2495,#2488,#2497,.T.);
#2495 = VERTEX_POINT('',#2496);
#2496 = CARTESIAN_POINT('',(-0.104897008904,0.742759587811,
    0.668068616745));
#2497 = B_SPLINE_CURVE_WITH_KNOTS('',1,(#2498,#2499),.UNSPECIFIED.,.F.,
  .F.,(2,2),(-1.036931429039E-02,0.),.PIECEWISE_BEZIER_KNOTS.);
#2498 = CARTESIAN_POINT('',(-0.104897008904,0.742759587811,
    0.668068616745));
#2499 = CARTESIAN_POINT('',(-0.104970549932,0.741855865251,0.67839821287
    ));
#2500 = ORIENTED_EDGE('',*,*,#2501,.T.);
#2501 = EDGE_CURVE('',#2495,#1364,#2502,.T.);
#2502 = B_SPLINE_CURVE_WITH_KNOTS('',1,(#2503,#2504),.UNSPECIFIED.,.F.,
  .F.,(2,2),(-0.,1.E-03),.PIECEWISE_BEZIER_KNOTS.);
#2503 = CARTESIAN_POINT('',(-0.104897008904,0.742759587811,
    0.668068616745));
#2504 = CARTESIAN_POINT('',(-0.104897008904,0.741763393113,
    0.667981461002));
#2505 = B_SPLINE_SURFACE_WITH_KNOTS('',1,1,(
    (#2506,#2507)
    ,(#2508,#2509
    )),.UNSPECIFIED.,.F.,.F.,.F.,(2,2),(2,2),(0.,1.041701145978E-02),(
    -9.961948884034E-04,9.037227323825E-04),.PIECEWISE_BEZIER_KNOTS.);
#2506 = CARTESIAN_POINT('',(-0.104971165688,0.740859670553,
    0.678398208519));
#2507 = CARTESIAN_POINT('',(-0.104969991333,0.742759587811,
    0.678398216817));
#2508 = CARTESIAN_POINT('',(-0.104897567502,0.740859670553,
    0.667981457056));
#2509 = CARTESIAN_POINT('',(-0.104896393147,0.742759587811,
    0.667981465353));
#2510 = ADVANCED_FACE('',(#2511),#2527,.F.);
#2511 = FACE_BOUND('',#2512,.T.);
#2512 = EDGE_LOOP('',(#2513,#2514,#2521,#2526));
#2513 = ORIENTED_EDGE('',*,*,#1400,.T.);
#2514 = ORIENTED_EDGE('',*,*,#2515,.F.);
#2515 = EDGE_CURVE('',#2516,#1394,#2518,.T.);
#2516 = VERTEX_POINT('',#2517);
#2517 = CARTESIAN_POINT('',(-6.874860966369E-02,0.741833475035,
    0.678654134219));
#2518 = B_SPLINE_CURVE_WITH_KNOTS('',1,(#2519,#2520),.UNSPECIFIED.,.F.,
  .F.,(2,2),(-0.,9.99999861577E-04),.PIECEWISE_BEZIER_KNOTS.);
#2519 = CARTESIAN_POINT('',(-6.874860966369E-02,0.741833475035,
    0.678654134219));
#2520 = CARTESIAN_POINT('',(-6.874860966369E-02,0.740837280474,
    0.678566978489));
#2521 = ORIENTED_EDGE('',*,*,#2522,.F.);
#2522 = EDGE_CURVE('',#2488,#2516,#2523,.T.);
#2523 = B_SPLINE_CURVE_WITH_KNOTS('',1,(#2524,#2525),.UNSPECIFIED.,.F.,
  .F.,(2,2),(-3.622285126591E-02,0.),.PIECEWISE_BEZIER_KNOTS.);
#2524 = CARTESIAN_POINT('',(-0.104970549932,0.741855865251,0.67839821287
    ));
#2525 = CARTESIAN_POINT('',(-6.874860966369E-02,0.741833475035,
    0.678654134219));
#2526 = ORIENTED_EDGE('',*,*,#2487,.T.);
#2527 = B_SPLINE_SURFACE_WITH_KNOTS('',1,1,(
    (#2528,#2529)
    ,(#2530,#2531)),.UNSPECIFIED.,.F.,.F.,.F.,(2,2),(2,2),(-1.E-03,0.),(
    -3.622285126591E-02,1.777648266651E-16),.PIECEWISE_BEZIER_KNOTS.);
#2528 = CARTESIAN_POINT('',(-0.104970549932,0.740859670553,
    0.678311057127));
#2529 = CARTESIAN_POINT('',(-6.874860966369E-02,0.740837280337,
    0.678566978477));
#2530 = CARTESIAN_POINT('',(-0.104970549932,0.741855865251,0.67839821287
    ));
#2531 = CARTESIAN_POINT('',(-6.874860966369E-02,0.741833475035,
    0.678654134219));
#2532 = ADVANCED_FACE('',(#2533),#2549,.F.);
#2533 = FACE_BOUND('',#2534,.T.);
#2534 = EDGE_LOOP('',(#2535,#2536,#2543,#2548));
#2535 = ORIENTED_EDGE('',*,*,#1393,.T.);
#2536 = ORIENTED_EDGE('',*,*,#2537,.F.);
#2537 = EDGE_CURVE('',#2538,#1387,#2540,.T.);
#2538 = VERTEX_POINT('',#2539);
#2539 = CARTESIAN_POINT('',(-6.932011908736E-02,0.734810375501,
    0.758928529218));
#2540 = B_SPLINE_CURVE_WITH_KNOTS('',1,(#2541,#2542),.UNSPECIFIED.,.F.,
  .F.,(2,2),(-0.,9.99999861577E-04),.PIECEWISE_BEZIER_KNOTS.);
#2541 = CARTESIAN_POINT('',(-6.932011908736E-02,0.734810375501,
    0.758928529218));
#2542 = CARTESIAN_POINT('',(-6.932011908736E-02,0.733814180941,
    0.758841373487));
#2543 = ORIENTED_EDGE('',*,*,#2544,.F.);
#2544 = EDGE_CURVE('',#2516,#2538,#2545,.T.);
#2545 = B_SPLINE_CURVE_WITH_KNOTS('',1,(#2546,#2547),.UNSPECIFIED.,.F.,
  .F.,(2,2),(-8.058305679501E-02,0.),.PIECEWISE_BEZIER_KNOTS.);
#2546 = CARTESIAN_POINT('',(-6.874860966369E-02,0.741833475035,
    0.678654134219));
#2547 = CARTESIAN_POINT('',(-6.932011908736E-02,0.734810375501,
    0.758928529218));
#2548 = ORIENTED_EDGE('',*,*,#2515,.T.);
#2549 = B_SPLINE_SURFACE_WITH_KNOTS('',1,1,(
    (#2550,#2551)
    ,(#2552,#2553
    )),.UNSPECIFIED.,.F.,.F.,.F.,(2,2),(2,2),(0.,8.036358285063E-02),(
    -9.961948884034E-04,7.023100875439E-03),.PIECEWISE_BEZIER_KNOTS.);
#2550 = CARTESIAN_POINT('',(-6.932073484404E-02,0.733814180803,
    0.758928524867));
#2551 = CARTESIAN_POINT('',(-6.93157780479E-02,0.741833475035,
    0.758928559889));
#2552 = CARTESIAN_POINT('',(-6.875295070306E-02,0.733814180803,
    0.678566947794));
#2553 = CARTESIAN_POINT('',(-6.874799390692E-02,0.741833475035,
    0.678566982815));
#2554 = ADVANCED_FACE('',(#2555),#2571,.F.);
#2555 = FACE_BOUND('',#2556,.T.);
#2556 = EDGE_LOOP('',(#2557,#2558,#2565,#2570));
#2557 = ORIENTED_EDGE('',*,*,#1386,.T.);
#2558 = ORIENTED_EDGE('',*,*,#2559,.F.);
#2559 = EDGE_CURVE('',#2560,#1380,#2562,.T.);
#2560 = VERTEX_POINT('',#2561);
#2561 = CARTESIAN_POINT('',(-5.757937464891E-02,0.734803118081,
    0.759011481902));
#2562 = B_SPLINE_CURVE_WITH_KNOTS('',1,(#2563,#2564),.UNSPECIFIED.,.F.,
  .F.,(2,2),(-0.,9.99999861577E-04),.PIECEWISE_BEZIER_KNOTS.);
#2563 = CARTESIAN_POINT('',(-5.757937464891E-02,0.734803118081,
    0.759011481902));
#2564 = CARTESIAN_POINT('',(-5.757937464891E-02,0.733806923521,
    0.758924326171));
#2565 = ORIENTED_EDGE('',*,*,#2566,.F.);
#2566 = EDGE_CURVE('',#2538,#2560,#2567,.T.);
#2567 = B_SPLINE_CURVE_WITH_KNOTS('',1,(#2568,#2569),.UNSPECIFIED.,.F.,
  .F.,(2,2),(-1.174103972341E-02,0.),.PIECEWISE_BEZIER_KNOTS.);
#2568 = CARTESIAN_POINT('',(-6.932011908736E-02,0.734810375501,
    0.758928529218));
#2569 = CARTESIAN_POINT('',(-5.757937464891E-02,0.734803118081,
    0.759011481902));
#2570 = ORIENTED_EDGE('',*,*,#2537,.T.);
#2571 = B_SPLINE_SURFACE_WITH_KNOTS('',1,1,(
    (#2572,#2573)
    ,(#2574,#2575)),.UNSPECIFIED.,.F.,.F.,.F.,(2,2),(2,2),(-1.E-03,0.),(
    -1.174103972341E-02,2.313571265254E-16),.PIECEWISE_BEZIER_KNOTS.);
#2572 = CARTESIAN_POINT('',(-6.932011908736E-02,0.733814180803,
    0.758841373475));
#2573 = CARTESIAN_POINT('',(-5.757937464891E-02,0.733806923383,
    0.758924326159));
#2574 = CARTESIAN_POINT('',(-6.932011908736E-02,0.734810375501,
    0.758928529218));
#2575 = CARTESIAN_POINT('',(-5.757937464891E-02,0.734803118081,
    0.759011481902));
#2576 = ADVANCED_FACE('',(#2577),#2593,.F.);
#2577 = FACE_BOUND('',#2578,.T.);
#2578 = EDGE_LOOP('',(#2579,#2580,#2587,#2592));
#2579 = ORIENTED_EDGE('',*,*,#1379,.T.);
#2580 = ORIENTED_EDGE('',*,*,#2581,.F.);
#2581 = EDGE_CURVE('',#2582,#1373,#2584,.T.);
#2582 = VERTEX_POINT('',#2583);
#2583 = CARTESIAN_POINT('',(-5.693432419727E-02,0.742729940175,
    0.668407490778));
#2584 = B_SPLINE_CURVE_WITH_KNOTS('',1,(#2585,#2586),.UNSPECIFIED.,.F.,
  .F.,(2,2),(-0.,9.999998615769E-04),.PIECEWISE_BEZIER_KNOTS.);
#2585 = CARTESIAN_POINT('',(-5.693432419727E-02,0.742729940175,
    0.668407490778));
#2586 = CARTESIAN_POINT('',(-5.693432419727E-02,0.741733745615,
    0.668320335048));
#2587 = ORIENTED_EDGE('',*,*,#2588,.F.);
#2588 = EDGE_CURVE('',#2560,#2582,#2589,.T.);
#2589 = B_SPLINE_CURVE_WITH_KNOTS('',1,(#2590,#2591),.UNSPECIFIED.,.F.,
  .F.,(2,2),(-9.09523710854E-02,0.),.PIECEWISE_BEZIER_KNOTS.);
#2590 = CARTESIAN_POINT('',(-5.757937464891E-02,0.734803118081,
    0.759011481902));
#2591 = CARTESIAN_POINT('',(-5.693432419727E-02,0.742729940175,
    0.668407490778));
#2592 = ORIENTED_EDGE('',*,*,#2559,.T.);
#2593 = B_SPLINE_SURFACE_WITH_KNOTS('',1,1,(
    (#2594,#2595)
    ,(#2596,#2597
    )),.UNSPECIFIED.,.F.,.F.,.F.,(2,2),(2,2),(-8.715356744663E-05,
    9.060628716346E-02),(-8.923018496225E-03,0.),
  .PIECEWISE_BEZIER_KNOTS.);
#2594 = CARTESIAN_POINT('',(-5.693922383557E-02,0.733806923383,
    0.668320300418));
#2595 = CARTESIAN_POINT('',(-5.693370844058E-02,0.742729940175,
    0.668320339386));
#2596 = CARTESIAN_POINT('',(-5.75799904056E-02,0.733806923383,
    0.759011477551));
#2597 = CARTESIAN_POINT('',(-5.757447501061E-02,0.742729940175,
    0.759011516519));
#2598 = ADVANCED_FACE('',(#2599),#2609,.F.);
#2599 = FACE_BOUND('',#2600,.T.);
#2600 = EDGE_LOOP('',(#2601,#2602,#2603,#2608));
#2601 = ORIENTED_EDGE('',*,*,#1372,.T.);
#2602 = ORIENTED_EDGE('',*,*,#2501,.F.);
#2603 = ORIENTED_EDGE('',*,*,#2604,.F.);
#2604 = EDGE_CURVE('',#2582,#2495,#2605,.T.);
#2605 = B_SPLINE_CURVE_WITH_KNOTS('',1,(#2606,#2607),.UNSPECIFIED.,.F.,
  .F.,(2,2),(-4.796389098932E-02,0.),.PIECEWISE_BEZIER_KNOTS.);
#2606 = CARTESIAN_POINT('',(-5.693432419727E-02,0.742729940175,
    0.668407490778));
#2607 = CARTESIAN_POINT('',(-0.104897008904,0.742759587811,
    0.668068616745));
#2608 = ORIENTED_EDGE('',*,*,#2581,.T.);
#2609 = B_SPLINE_SURFACE_WITH_KNOTS('',1,1,(
    (#2610,#2611)
    ,(#2612,#2613)),.UNSPECIFIED.,.F.,.F.,.F.,(2,2),(2,2),(-0.,1.E-03),(
    -2.467059095719E-23,4.796389098932E-02),.PIECEWISE_BEZIER_KNOTS.);
#2610 = CARTESIAN_POINT('',(-0.104897008904,0.742759587811,
    0.668068616745));
#2611 = CARTESIAN_POINT('',(-5.693432419727E-02,0.742729940175,
    0.668407490778));
#2612 = CARTESIAN_POINT('',(-0.104897008904,0.741763393113,
    0.667981461002));
#2613 = CARTESIAN_POINT('',(-5.693432419727E-02,0.741733745477,
    0.668320335035));
#2614 = ADVANCED_FACE('',(#2615),#2623,.F.);
#2615 = FACE_BOUND('',#2616,.T.);
#2616 = EDGE_LOOP('',(#2617,#2618,#2619,#2620,#2621,#2622));
#2617 = ORIENTED_EDGE('',*,*,#2494,.T.);
#2618 = ORIENTED_EDGE('',*,*,#2522,.T.);
#2619 = ORIENTED_EDGE('',*,*,#2544,.T.);
#2620 = ORIENTED_EDGE('',*,*,#2566,.T.);
#2621 = ORIENTED_EDGE('',*,*,#2588,.T.);
#2622 = ORIENTED_EDGE('',*,*,#2604,.T.);
#2623 = B_SPLINE_SURFACE_WITH_KNOTS('',1,1,(
    (#2624,#2625)
    ,(#2626,#2627
    )),.UNSPECIFIED.,.F.,.F.,.F.,(2,2),(2,2),(-0.689755784168,
    -0.598465532041),(-0.104970549932,-5.693432419727E-02),
  .PIECEWISE_BEZIER_KNOTS.);
#2624 = CARTESIAN_POINT('',(-0.104970549932,0.734803118081,
    0.759011481902));
#2625 = CARTESIAN_POINT('',(-5.693432419727E-02,0.734803118081,
    0.759011481902));
#2626 = CARTESIAN_POINT('',(-0.104970549932,0.742759587811,
    0.668068616745));
#2627 = CARTESIAN_POINT('',(-5.693432419727E-02,0.742759587811,
    0.668068616745));
#2628 = ADVANCED_FACE('',(#2629),#2653,.F.);
#2629 = FACE_BOUND('',#2630,.F.);
#2630 = EDGE_LOOP('',(#2631,#2638,#2647,#2652));
#2631 = ORIENTED_EDGE('',*,*,#2632,.F.);
#2632 = EDGE_CURVE('',#2633,#1219,#2635,.T.);
#2633 = VERTEX_POINT('',#2634);
#2634 = CARTESIAN_POINT('',(-0.15152361792,0.742922151022,0.666210510746
    ));
#2635 = B_SPLINE_CURVE_WITH_KNOTS('',1,(#2636,#2637),.UNSPECIFIED.,.F.,
  .F.,(2,2),(-0.,9.999999999999E-04),.PIECEWISE_BEZIER_KNOTS.);
#2636 = CARTESIAN_POINT('',(-0.15152361792,0.742922151022,0.666210510746
    ));
#2637 = CARTESIAN_POINT('',(-0.15152361792,0.741925956324,0.666123355003
    ));
#2638 = ORIENTED_EDGE('',*,*,#2639,.T.);
#2639 = EDGE_CURVE('',#2633,#2640,#2642,.T.);
#2640 = VERTEX_POINT('',#2641);
#2641 = CARTESIAN_POINT('',(-0.176739878681,0.742475722254,
    0.671313214908));
#2642 = B_SPLINE_CURVE_WITH_KNOTS('',3,(#2643,#2644,#2645,#2646),
  .UNSPECIFIED.,.F.,.F.,(4,4),(0.,1.),.PIECEWISE_BEZIER_KNOTS.);
#2643 = CARTESIAN_POINT('',(-0.15152361792,0.742922151022,0.666210510746
    ));
#2644 = CARTESIAN_POINT('',(-0.161613683437,0.742928388091,
    0.666139220716));
#2645 = CARTESIAN_POINT('',(-0.170019103691,0.742779578502,
    0.667840122104));
#2646 = CARTESIAN_POINT('',(-0.176739878681,0.742475722254,
    0.671313214908));
#2647 = ORIENTED_EDGE('',*,*,#2648,.T.);
#2648 = EDGE_CURVE('',#2640,#1210,#2649,.T.);
#2649 = B_SPLINE_CURVE_WITH_KNOTS('',1,(#2650,#2651),.UNSPECIFIED.,.F.,
  .F.,(2,2),(-0.,9.999999999999E-04),.PIECEWISE_BEZIER_KNOTS.);
#2650 = CARTESIAN_POINT('',(-0.176739878681,0.742475722254,
    0.671313214908));
#2651 = CARTESIAN_POINT('',(-0.176739878681,0.741479527556,
    0.671226059165));
#2652 = ORIENTED_EDGE('',*,*,#1218,.F.);
#2653 = B_SPLINE_SURFACE_WITH_KNOTS('',3,1,(
    (#2654,#2655)
    ,(#2656,#2657)
    ,(#2658,#2659)
    ,(#2660,#2661
    )),.UNSPECIFIED.,.F.,.F.,.F.,(4,4),(2,2),(0.,1.),(0.,1.),
  .PIECEWISE_BEZIER_KNOTS.);
#2654 = CARTESIAN_POINT('',(-0.15152361792,0.742922151022,0.666210510746
    ));
#2655 = CARTESIAN_POINT('',(-0.15152361792,0.741925956324,0.666123355003
    ));
#2656 = CARTESIAN_POINT('',(-0.161613683437,0.742928388091,
    0.666139220716));
#2657 = CARTESIAN_POINT('',(-0.161613683437,0.741932193393,
    0.666052064974));
#2658 = CARTESIAN_POINT('',(-0.170019103691,0.742779578502,
    0.667840122104));
#2659 = CARTESIAN_POINT('',(-0.170019103691,0.741783383804,
    0.667752966361));
#2660 = CARTESIAN_POINT('',(-0.176739878681,0.742475722254,
    0.671313214908));
#2661 = CARTESIAN_POINT('',(-0.176739878681,0.741479527556,
    0.671226059165));
#2662 = ADVANCED_FACE('',(#2663),#2679,.F.);
#2663 = FACE_BOUND('',#2664,.T.);
#2664 = EDGE_LOOP('',(#2665,#2666,#2673,#2678));
#2665 = ORIENTED_EDGE('',*,*,#1209,.T.);
#2666 = ORIENTED_EDGE('',*,*,#2667,.F.);
#2667 = EDGE_CURVE('',#2668,#1212,#2670,.T.);
#2668 = VERTEX_POINT('',#2669);
#2669 = CARTESIAN_POINT('',(-0.176819685536,0.741495000911,
    0.682522911151));
#2670 = B_SPLINE_CURVE_WITH_KNOTS('',1,(#2671,#2672),.UNSPECIFIED.,.F.,
  .F.,(2,2),(-0.,1.E-03),.PIECEWISE_BEZIER_KNOTS.);
#2671 = CARTESIAN_POINT('',(-0.176819685536,0.741495000911,
    0.682522911151));
#2672 = CARTESIAN_POINT('',(-0.176819685536,0.740498806213,
    0.682435755409));
#2673 = ORIENTED_EDGE('',*,*,#2674,.F.);
#2674 = EDGE_CURVE('',#2640,#2668,#2675,.T.);
#2675 = B_SPLINE_CURVE_WITH_KNOTS('',1,(#2676,#2677),.UNSPECIFIED.,.F.,
  .F.,(2,2),(-1.125279846783E-02,0.),.PIECEWISE_BEZIER_KNOTS.);
#2676 = CARTESIAN_POINT('',(-0.176739878681,0.742475722254,
    0.671313214908));
#2677 = CARTESIAN_POINT('',(-0.176819685536,0.741495000911,
    0.682522911151));
#2678 = ORIENTED_EDGE('',*,*,#2648,.T.);
#2679 = B_SPLINE_SURFACE_WITH_KNOTS('',1,1,(
    (#2680,#2681)
    ,(#2682,#2683
    )),.UNSPECIFIED.,.F.,.F.,.F.,(2,2),(2,2),(0.,1.129713388133E-02),(
    -9.961948884035E-04,9.807215302294E-04),.PIECEWISE_BEZIER_KNOTS.);
#2680 = CARTESIAN_POINT('',(-0.176820301293,0.740498806213,
    0.682522906801));
#2681 = CARTESIAN_POINT('',(-0.176819079344,0.742475722254,
    0.682522915434));
#2682 = CARTESIAN_POINT('',(-0.176740484873,0.740498806213,
    0.671226054882));
#2683 = CARTESIAN_POINT('',(-0.176739262924,0.742475722254,
    0.671226063516));
#2684 = ADVANCED_FACE('',(#2685),#2703,.F.);
#2685 = FACE_BOUND('',#2686,.F.);
#2686 = EDGE_LOOP('',(#2687,#2688,#2697,#2702));
#2687 = ORIENTED_EDGE('',*,*,#2667,.F.);
#2688 = ORIENTED_EDGE('',*,*,#2689,.T.);
#2689 = EDGE_CURVE('',#2668,#2690,#2692,.T.);
#2690 = VERTEX_POINT('',#2691);
#2691 = CARTESIAN_POINT('',(-0.153294995428,0.742011372419,
    0.676620757808));
#2692 = B_SPLINE_CURVE_WITH_KNOTS('',3,(#2693,#2694,#2695,#2696),
  .UNSPECIFIED.,.F.,.F.,(4,4),(12.,13.),.PIECEWISE_BEZIER_KNOTS.);
#2693 = CARTESIAN_POINT('',(-0.176819685536,0.741495000911,
    0.682522911151));
#2694 = CARTESIAN_POINT('',(-0.17014178096,0.741843464144,0.678539958174
    ));
#2695 = CARTESIAN_POINT('',(-0.162292357997,0.742016934046,
    0.676557188128));
#2696 = CARTESIAN_POINT('',(-0.153294995428,0.742011372419,
    0.676620757808));
#2697 = ORIENTED_EDGE('',*,*,#2698,.T.);
#2698 = EDGE_CURVE('',#2690,#1316,#2699,.T.);
#2699 = B_SPLINE_CURVE_WITH_KNOTS('',1,(#2700,#2701),.UNSPECIFIED.,.F.,
  .F.,(2,2),(-0.,9.999999999999E-04),.PIECEWISE_BEZIER_KNOTS.);
#2700 = CARTESIAN_POINT('',(-0.153294995428,0.742011372419,
    0.676620757808));
#2701 = CARTESIAN_POINT('',(-0.153294995428,0.741015177721,
    0.676533602065));
#2702 = ORIENTED_EDGE('',*,*,#1324,.F.);
#2703 = B_SPLINE_SURFACE_WITH_KNOTS('',3,1,(
    (#2704,#2705)
    ,(#2706,#2707)
    ,(#2708,#2709)
    ,(#2710,#2711
    )),.UNSPECIFIED.,.F.,.F.,.F.,(4,4),(2,2),(12.,13.),(0.,1.),
  .PIECEWISE_BEZIER_KNOTS.);
#2704 = CARTESIAN_POINT('',(-0.176819685536,0.741495000911,
    0.682522911151));
#2705 = CARTESIAN_POINT('',(-0.176819685536,0.740498806213,
    0.682435755409));
#2706 = CARTESIAN_POINT('',(-0.17014178096,0.741843464144,0.678539958174
    ));
#2707 = CARTESIAN_POINT('',(-0.17014178096,0.740847269446,0.678452802431
    ));
#2708 = CARTESIAN_POINT('',(-0.162292357997,0.742016934046,
    0.676557188128));
#2709 = CARTESIAN_POINT('',(-0.162292357997,0.741020739348,
    0.676470032385));
#2710 = CARTESIAN_POINT('',(-0.153294995428,0.742011372419,
    0.676620757808));
#2711 = CARTESIAN_POINT('',(-0.153294995428,0.741015177721,
    0.676533602065));
#2712 = ADVANCED_FACE('',(#2713),#2731,.F.);
#2713 = FACE_BOUND('',#2714,.F.);
#2714 = EDGE_LOOP('',(#2715,#2716,#2725,#2730));
#2715 = ORIENTED_EDGE('',*,*,#2698,.F.);
#2716 = ORIENTED_EDGE('',*,*,#2717,.T.);
#2717 = EDGE_CURVE('',#2690,#2718,#2720,.T.);
#2718 = VERTEX_POINT('',#2719);
#2719 = CARTESIAN_POINT('',(-0.129997686306,0.741162100524,
    0.686327979987));
#2720 = B_SPLINE_CURVE_WITH_KNOTS('',3,(#2721,#2722,#2723,#2724),
  .UNSPECIFIED.,.F.,.F.,(4,4),(11.,12.),.PIECEWISE_BEZIER_KNOTS.);
#2721 = CARTESIAN_POINT('',(-0.153294995428,0.742011372419,
    0.676620757808));
#2722 = CARTESIAN_POINT('',(-0.143669909888,0.742005422772,
    0.676688762583));
#2723 = CARTESIAN_POINT('',(-0.135904250108,0.741720981285,
    0.679939943662));
#2724 = CARTESIAN_POINT('',(-0.129997686306,0.741162100524,
    0.686327979987));
#2725 = ORIENTED_EDGE('',*,*,#2726,.T.);
#2726 = EDGE_CURVE('',#2718,#1307,#2727,.T.);
#2727 = B_SPLINE_CURVE_WITH_KNOTS('',1,(#2728,#2729),.UNSPECIFIED.,.F.,
  .F.,(2,2),(-0.,1.E-03),.PIECEWISE_BEZIER_KNOTS.);
#2728 = CARTESIAN_POINT('',(-0.129997686306,0.741162100524,
    0.686327979987));
#2729 = CARTESIAN_POINT('',(-0.129997686306,0.740165905826,
    0.686240824244));
#2730 = ORIENTED_EDGE('',*,*,#1315,.F.);
#2731 = B_SPLINE_SURFACE_WITH_KNOTS('',3,1,(
    (#2732,#2733)
    ,(#2734,#2735)
    ,(#2736,#2737)
    ,(#2738,#2739
    )),.UNSPECIFIED.,.F.,.F.,.F.,(4,4),(2,2),(11.,12.),(0.,1.),
  .PIECEWISE_BEZIER_KNOTS.);
#2732 = CARTESIAN_POINT('',(-0.153294995428,0.742011372419,
    0.676620757808));
#2733 = CARTESIAN_POINT('',(-0.153294995428,0.741015177721,
    0.676533602065));
#2734 = CARTESIAN_POINT('',(-0.143669909888,0.742005422772,
    0.676688762583));
#2735 = CARTESIAN_POINT('',(-0.143669909888,0.741009228074,0.67660160684
    ));
#2736 = CARTESIAN_POINT('',(-0.135904250108,0.741720981285,
    0.679939943662));
#2737 = CARTESIAN_POINT('',(-0.135904250108,0.740724786587,
    0.679852787919));
#2738 = CARTESIAN_POINT('',(-0.129997686306,0.741162100524,
    0.686327979987));
#2739 = CARTESIAN_POINT('',(-0.129997686306,0.740165905826,
    0.686240824244));
#2740 = ADVANCED_FACE('',(#2741),#2759,.F.);
#2741 = FACE_BOUND('',#2742,.F.);
#2742 = EDGE_LOOP('',(#2743,#2744,#2753,#2758));
#2743 = ORIENTED_EDGE('',*,*,#2726,.F.);
#2744 = ORIENTED_EDGE('',*,*,#2745,.T.);
#2745 = EDGE_CURVE('',#2718,#2746,#2748,.T.);
#2746 = VERTEX_POINT('',#2747);
#2747 = CARTESIAN_POINT('',(-0.121254088194,0.738895249328,
    0.712238207721));
#2748 = B_SPLINE_CURVE_WITH_KNOTS('',3,(#2749,#2750,#2751,#2752),
  .UNSPECIFIED.,.F.,.F.,(4,4),(10.,11.),.PIECEWISE_BEZIER_KNOTS.);
#2749 = CARTESIAN_POINT('',(-0.129997686306,0.741162100524,
    0.686327979987));
#2750 = CARTESIAN_POINT('',(-0.124091452285,0.740599167196,
    0.692762337371));
#2751 = CARTESIAN_POINT('',(-0.121176919581,0.739843550131,
    0.701399079949));
#2752 = CARTESIAN_POINT('',(-0.121254088194,0.738895249328,
    0.712238207721));
#2753 = ORIENTED_EDGE('',*,*,#2754,.T.);
#2754 = EDGE_CURVE('',#2746,#1298,#2755,.T.);
#2755 = B_SPLINE_CURVE_WITH_KNOTS('',1,(#2756,#2757),.UNSPECIFIED.,.F.,
  .F.,(2,2),(-0.,9.999999999999E-04),.PIECEWISE_BEZIER_KNOTS.);
#2756 = CARTESIAN_POINT('',(-0.121254088194,0.738895249328,
    0.712238207721));
#2757 = CARTESIAN_POINT('',(-0.121254088194,0.73789905463,0.712151051979
    ));
#2758 = ORIENTED_EDGE('',*,*,#1306,.F.);
#2759 = B_SPLINE_SURFACE_WITH_KNOTS('',3,1,(
    (#2760,#2761)
    ,(#2762,#2763)
    ,(#2764,#2765)
    ,(#2766,#2767
    )),.UNSPECIFIED.,.F.,.F.,.F.,(4,4),(2,2),(10.,11.),(0.,1.),
  .PIECEWISE_BEZIER_KNOTS.);
#2760 = CARTESIAN_POINT('',(-0.129997686306,0.741162100524,
    0.686327979987));
#2761 = CARTESIAN_POINT('',(-0.129997686306,0.740165905826,
    0.686240824244));
#2762 = CARTESIAN_POINT('',(-0.124091452285,0.740599167196,
    0.692762337371));
#2763 = CARTESIAN_POINT('',(-0.124091452285,0.739602972498,
    0.692675181628));
#2764 = CARTESIAN_POINT('',(-0.121176919581,0.739843550131,
    0.701399079949));
#2765 = CARTESIAN_POINT('',(-0.121176919581,0.738847355433,
    0.701311924206));
#2766 = CARTESIAN_POINT('',(-0.121254088194,0.738895249328,
    0.712238207721));
#2767 = CARTESIAN_POINT('',(-0.121254088194,0.73789905463,0.712151051979
    ));
#2768 = ADVANCED_FACE('',(#2769),#2787,.F.);
#2769 = FACE_BOUND('',#2770,.F.);
#2770 = EDGE_LOOP('',(#2771,#2772,#2781,#2786));
#2771 = ORIENTED_EDGE('',*,*,#2754,.F.);
#2772 = ORIENTED_EDGE('',*,*,#2773,.T.);
#2773 = EDGE_CURVE('',#2746,#2774,#2776,.T.);
#2774 = VERTEX_POINT('',#2775);
#2775 = CARTESIAN_POINT('',(-0.131003337609,0.736518246153,
    0.739407478343));
#2776 = B_SPLINE_CURVE_WITH_KNOTS('',3,(#2777,#2778,#2779,#2780),
  .UNSPECIFIED.,.F.,.F.,(4,4),(9.,10.),.PIECEWISE_BEZIER_KNOTS.);
#2777 = CARTESIAN_POINT('',(-0.121254088194,0.738895249328,
    0.712238207721));
#2778 = CARTESIAN_POINT('',(-0.121335214171,0.737898317715,0.7236331882)
  );
#2779 = CARTESIAN_POINT('',(-0.124584963975,0.737105983323,0.73268961174
    ));
#2780 = CARTESIAN_POINT('',(-0.131003337609,0.736518246153,
    0.739407478343));
#2781 = ORIENTED_EDGE('',*,*,#2782,.T.);
#2782 = EDGE_CURVE('',#2774,#1289,#2783,.T.);
#2783 = B_SPLINE_CURVE_WITH_KNOTS('',1,(#2784,#2785),.UNSPECIFIED.,.F.,
  .F.,(2,2),(-0.,1.E-03),.PIECEWISE_BEZIER_KNOTS.);
#2784 = CARTESIAN_POINT('',(-0.131003337609,0.736518246153,
    0.739407478343));
#2785 = CARTESIAN_POINT('',(-0.131003337609,0.735522051454,0.7393203226)
  );
#2786 = ORIENTED_EDGE('',*,*,#1297,.F.);
#2787 = B_SPLINE_SURFACE_WITH_KNOTS('',3,1,(
    (#2788,#2789)
    ,(#2790,#2791)
    ,(#2792,#2793)
    ,(#2794,#2795
    )),.UNSPECIFIED.,.F.,.F.,.F.,(4,4),(2,2),(9.,10.),(0.,1.),
  .PIECEWISE_BEZIER_KNOTS.);
#2788 = CARTESIAN_POINT('',(-0.121254088194,0.738895249328,
    0.712238207721));
#2789 = CARTESIAN_POINT('',(-0.121254088194,0.73789905463,0.712151051979
    ));
#2790 = CARTESIAN_POINT('',(-0.121335214171,0.737898317715,0.7236331882)
  );
#2791 = CARTESIAN_POINT('',(-0.121335214171,0.736902123017,
    0.723546032457));
#2792 = CARTESIAN_POINT('',(-0.124584963975,0.737105983323,0.73268961174
    ));
#2793 = CARTESIAN_POINT('',(-0.124584963975,0.736109788625,
    0.732602455997));
#2794 = CARTESIAN_POINT('',(-0.131003337609,0.736518246153,
    0.739407478343));
#2795 = CARTESIAN_POINT('',(-0.131003337609,0.735522051454,0.7393203226)
  );
#2796 = ADVANCED_FACE('',(#2797),#2815,.F.);
#2797 = FACE_BOUND('',#2798,.F.);
#2798 = EDGE_LOOP('',(#2799,#2800,#2809,#2814));
#2799 = ORIENTED_EDGE('',*,*,#2782,.F.);
#2800 = ORIENTED_EDGE('',*,*,#2801,.T.);
#2801 = EDGE_CURVE('',#2774,#2802,#2804,.T.);
#2802 = VERTEX_POINT('',#2803);
#2803 = CARTESIAN_POINT('',(-0.155858332769,0.73565415862,0.749284044033
    ));
#2804 = B_SPLINE_CURVE_WITH_KNOTS('',3,(#2805,#2806,#2807,#2808),
  .UNSPECIFIED.,.F.,.F.,(4,4),(8.,9.),.PIECEWISE_BEZIER_KNOTS.);
#2805 = CARTESIAN_POINT('',(-0.131003337609,0.736518246153,
    0.739407478343));
#2806 = CARTESIAN_POINT('',(-0.13744463046,0.73593457592,0.746078859623)
  );
#2807 = CARTESIAN_POINT('',(-0.145721769254,0.735647892808,
    0.749355662588));
#2808 = CARTESIAN_POINT('',(-0.155858332769,0.73565415862,0.749284044033
    ));
#2809 = ORIENTED_EDGE('',*,*,#2810,.T.);
#2810 = EDGE_CURVE('',#2802,#1280,#2811,.T.);
#2811 = B_SPLINE_CURVE_WITH_KNOTS('',1,(#2812,#2813),.UNSPECIFIED.,.F.,
  .F.,(2,2),(-0.,1.E-03),.PIECEWISE_BEZIER_KNOTS.);
#2812 = CARTESIAN_POINT('',(-0.155858332769,0.73565415862,0.749284044033
    ));
#2813 = CARTESIAN_POINT('',(-0.155858332769,0.734657963922,0.74919688829
    ));
#2814 = ORIENTED_EDGE('',*,*,#1288,.F.);
#2815 = B_SPLINE_SURFACE_WITH_KNOTS('',3,1,(
    (#2816,#2817)
    ,(#2818,#2819)
    ,(#2820,#2821)
    ,(#2822,#2823
    )),.UNSPECIFIED.,.F.,.F.,.F.,(4,4),(2,2),(8.,9.),(0.,1.),
  .PIECEWISE_BEZIER_KNOTS.);
#2816 = CARTESIAN_POINT('',(-0.131003337609,0.736518246153,
    0.739407478343));
#2817 = CARTESIAN_POINT('',(-0.131003337609,0.735522051454,0.7393203226)
  );
#2818 = CARTESIAN_POINT('',(-0.13744463046,0.73593457592,0.746078859623)
  );
#2819 = CARTESIAN_POINT('',(-0.13744463046,0.734938381222,0.74599170388)
  );
#2820 = CARTESIAN_POINT('',(-0.145721769254,0.735647892808,
    0.749355662588));
#2821 = CARTESIAN_POINT('',(-0.145721769254,0.73465169811,0.749268506845
    ));
#2822 = CARTESIAN_POINT('',(-0.155858332769,0.73565415862,0.749284044033
    ));
#2823 = CARTESIAN_POINT('',(-0.155858332769,0.734657963922,0.74919688829
    ));
#2824 = ADVANCED_FACE('',(#2825),#2843,.F.);
#2825 = FACE_BOUND('',#2826,.F.);
#2826 = EDGE_LOOP('',(#2827,#2828,#2837,#2842));
#2827 = ORIENTED_EDGE('',*,*,#2810,.F.);
#2828 = ORIENTED_EDGE('',*,*,#2829,.T.);
#2829 = EDGE_CURVE('',#2802,#2830,#2832,.T.);
#2830 = VERTEX_POINT('',#2831);
#2831 = CARTESIAN_POINT('',(-0.177255655218,0.736137506633,0.74375935096
    ));
#2832 = B_SPLINE_CURVE_WITH_KNOTS('',3,(#2833,#2834,#2835,#2836),
  .UNSPECIFIED.,.F.,.F.,(4,4),(7.,8.),.PIECEWISE_BEZIER_KNOTS.);
#2833 = CARTESIAN_POINT('',(-0.155858332769,0.73565415862,0.749284044033
    ));
#2834 = CARTESIAN_POINT('',(-0.163646747396,0.735658972948,
    0.749229016015));
#2835 = CARTESIAN_POINT('',(-0.1707716584,0.73581738245,0.747418387117)
  );
#2836 = CARTESIAN_POINT('',(-0.177255655218,0.736137506633,0.74375935096
    ));
#2837 = ORIENTED_EDGE('',*,*,#2838,.T.);
#2838 = EDGE_CURVE('',#2830,#1273,#2839,.T.);
#2839 = B_SPLINE_CURVE_WITH_KNOTS('',1,(#2840,#2841),.UNSPECIFIED.,.F.,
  .F.,(2,2),(-0.,1.E-03),.PIECEWISE_BEZIER_KNOTS.);
#2840 = CARTESIAN_POINT('',(-0.177255655218,0.736137506633,0.74375935096
    ));
#2841 = CARTESIAN_POINT('',(-0.177255655218,0.735141311935,
    0.743672195217));
#2842 = ORIENTED_EDGE('',*,*,#1279,.F.);
#2843 = B_SPLINE_SURFACE_WITH_KNOTS('',3,1,(
    (#2844,#2845)
    ,(#2846,#2847)
    ,(#2848,#2849)
    ,(#2850,#2851
    )),.UNSPECIFIED.,.F.,.F.,.F.,(4,4),(2,2),(7.,8.),(0.,1.),
  .PIECEWISE_BEZIER_KNOTS.);
#2844 = CARTESIAN_POINT('',(-0.155858332769,0.73565415862,0.749284044033
    ));
#2845 = CARTESIAN_POINT('',(-0.155858332769,0.734657963922,0.74919688829
    ));
#2846 = CARTESIAN_POINT('',(-0.163646747396,0.735658972948,
    0.749229016015));
#2847 = CARTESIAN_POINT('',(-0.163646747396,0.73466277825,0.749141860272
    ));
#2848 = CARTESIAN_POINT('',(-0.1707716584,0.73581738245,0.747418387117)
  );
#2849 = CARTESIAN_POINT('',(-0.1707716584,0.734821187752,0.747331231375)
  );
#2850 = CARTESIAN_POINT('',(-0.177255655218,0.736137506633,0.74375935096
    ));
#2851 = CARTESIAN_POINT('',(-0.177255655218,0.735141311935,
    0.743672195217));
#2852 = ADVANCED_FACE('',(#2853),#2869,.F.);
#2853 = FACE_BOUND('',#2854,.T.);
#2854 = EDGE_LOOP('',(#2855,#2856,#2863,#2868));
#2855 = ORIENTED_EDGE('',*,*,#1272,.T.);
#2856 = ORIENTED_EDGE('',*,*,#2857,.F.);
#2857 = EDGE_CURVE('',#2858,#1264,#2860,.T.);
#2858 = VERTEX_POINT('',#2859);
#2859 = CARTESIAN_POINT('',(-0.177342717242,0.735067628805,
    0.755988110497));
#2860 = B_SPLINE_CURVE_WITH_KNOTS('',1,(#2861,#2862),.UNSPECIFIED.,.F.,
  .F.,(2,2),(-0.,9.999999999999E-04),.PIECEWISE_BEZIER_KNOTS.);
#2861 = CARTESIAN_POINT('',(-0.177342717242,0.735067628805,
    0.755988110497));
#2862 = CARTESIAN_POINT('',(-0.177342717242,0.734071434107,
    0.755900954755));
#2863 = ORIENTED_EDGE('',*,*,#2864,.F.);
#2864 = EDGE_CURVE('',#2830,#2858,#2865,.T.);
#2865 = B_SPLINE_CURVE_WITH_KNOTS('',1,(#2866,#2867),.UNSPECIFIED.,.F.,
  .F.,(2,2),(-1.227578014616E-02,0.),.PIECEWISE_BEZIER_KNOTS.);
#2866 = CARTESIAN_POINT('',(-0.177255655218,0.736137506633,0.74375935096
    ));
#2867 = CARTESIAN_POINT('',(-0.177342717242,0.735067628805,
    0.755988110497));
#2868 = ORIENTED_EDGE('',*,*,#2838,.T.);
#2869 = B_SPLINE_SURFACE_WITH_KNOTS('',1,1,(
    (#2870,#2871)
    ,(#2872,#2873
    )),.UNSPECIFIED.,.F.,.F.,.F.,(2,2),(2,2),(0.,1.231622300022E-02),(
    -9.961948884034E-04,1.069878032928E-03),.PIECEWISE_BEZIER_KNOTS.);
#2870 = CARTESIAN_POINT('',(-0.177343332999,0.734071434107,
    0.755988106147));
#2871 = CARTESIAN_POINT('',(-0.177342055941,0.736137506633,0.75598811517
    ));
#2872 = CARTESIAN_POINT('',(-0.177256316519,0.734071434107,
    0.743672190545));
#2873 = CARTESIAN_POINT('',(-0.177255039461,0.736137506633,
    0.743672199567));
#2874 = ADVANCED_FACE('',(#2875),#2893,.F.);
#2875 = FACE_BOUND('',#2876,.F.);
#2876 = EDGE_LOOP('',(#2877,#2878,#2887,#2892));
#2877 = ORIENTED_EDGE('',*,*,#2857,.F.);
#2878 = ORIENTED_EDGE('',*,*,#2879,.T.);
#2879 = EDGE_CURVE('',#2858,#2880,#2882,.T.);
#2880 = VERTEX_POINT('',#2881);
#2881 = CARTESIAN_POINT('',(-0.155817277704,0.734730101367,
    0.759846066766));
#2882 = B_SPLINE_CURVE_WITH_KNOTS('',3,(#2883,#2884,#2885,#2886),
  .UNSPECIFIED.,.F.,.F.,(4,4),(5.,6.),.PIECEWISE_BEZIER_KNOTS.);
#2883 = CARTESIAN_POINT('',(-0.177342717242,0.735067628805,
    0.755988110497));
#2884 = CARTESIAN_POINT('',(-0.171687439874,0.734849336171,
    0.758483206726));
#2885 = CARTESIAN_POINT('',(-0.164512403288,0.734735476169,
    0.759784632501));
#2886 = CARTESIAN_POINT('',(-0.155817277704,0.734730101367,
    0.759846066766));
#2887 = ORIENTED_EDGE('',*,*,#2888,.T.);
#2888 = EDGE_CURVE('',#2880,#1255,#2889,.T.);
#2889 = B_SPLINE_CURVE_WITH_KNOTS('',1,(#2890,#2891),.UNSPECIFIED.,.F.,
  .F.,(2,2),(-0.,1.E-03),.PIECEWISE_BEZIER_KNOTS.);
#2890 = CARTESIAN_POINT('',(-0.155817277704,0.734730101367,
    0.759846066766));
#2891 = CARTESIAN_POINT('',(-0.155817277704,0.733733906669,
    0.759758911024));
#2892 = ORIENTED_EDGE('',*,*,#1263,.F.);
#2893 = B_SPLINE_SURFACE_WITH_KNOTS('',3,1,(
    (#2894,#2895)
    ,(#2896,#2897)
    ,(#2898,#2899)
    ,(#2900,#2901
    )),.UNSPECIFIED.,.F.,.F.,.F.,(4,4),(2,2),(5.,6.),(0.,1.),
  .PIECEWISE_BEZIER_KNOTS.);
#2894 = CARTESIAN_POINT('',(-0.177342717242,0.735067628805,
    0.755988110497));
#2895 = CARTESIAN_POINT('',(-0.177342717242,0.734071434107,
    0.755900954755));
#2896 = CARTESIAN_POINT('',(-0.171687439874,0.734849336171,
    0.758483206726));
#2897 = CARTESIAN_POINT('',(-0.171687439874,0.733853141472,
    0.758396050983));
#2898 = CARTESIAN_POINT('',(-0.164512403288,0.734735476169,
    0.759784632501));
#2899 = CARTESIAN_POINT('',(-0.164512403288,0.733739281471,
    0.759697476759));
#2900 = CARTESIAN_POINT('',(-0.155817277704,0.734730101367,
    0.759846066766));
#2901 = CARTESIAN_POINT('',(-0.155817277704,0.733733906669,
    0.759758911024));
#2902 = ADVANCED_FACE('',(#2903),#2921,.F.);
#2903 = FACE_BOUND('',#2904,.F.);
#2904 = EDGE_LOOP('',(#2905,#2906,#2915,#2920));
#2905 = ORIENTED_EDGE('',*,*,#2888,.F.);
#2906 = ORIENTED_EDGE('',*,*,#2907,.T.);
#2907 = EDGE_CURVE('',#2880,#2908,#2910,.T.);
#2908 = VERTEX_POINT('',#2909);
#2909 = CARTESIAN_POINT('',(-0.122313489548,0.735876589506,
    0.746741647373));
#2910 = B_SPLINE_CURVE_WITH_KNOTS('',3,(#2911,#2912,#2913,#2914),
  .UNSPECIFIED.,.F.,.F.,(4,4),(4.,5.),.PIECEWISE_BEZIER_KNOTS.);
#2911 = CARTESIAN_POINT('',(-0.155817277704,0.734730101367,
    0.759846066766));
#2912 = CARTESIAN_POINT('',(-0.14230960935,0.734721751742,0.759941503418
    ));
#2913 = CARTESIAN_POINT('',(-0.131141679965,0.735103914455,
    0.755573363621));
#2914 = CARTESIAN_POINT('',(-0.122313489548,0.735876589506,
    0.746741647373));
#2915 = ORIENTED_EDGE('',*,*,#2916,.T.);
#2916 = EDGE_CURVE('',#2908,#1246,#2917,.T.);
#2917 = B_SPLINE_CURVE_WITH_KNOTS('',1,(#2918,#2919),.UNSPECIFIED.,.F.,
  .F.,(2,2),(-0.,1.E-03),.PIECEWISE_BEZIER_KNOTS.);
#2918 = CARTESIAN_POINT('',(-0.122313489548,0.735876589506,
    0.746741647373));
#2919 = CARTESIAN_POINT('',(-0.122313489548,0.734880394808,0.74665449163
    ));
#2920 = ORIENTED_EDGE('',*,*,#1254,.F.);
#2921 = B_SPLINE_SURFACE_WITH_KNOTS('',3,1,(
    (#2922,#2923)
    ,(#2924,#2925)
    ,(#2926,#2927)
    ,(#2928,#2929
    )),.UNSPECIFIED.,.F.,.F.,.F.,(4,4),(2,2),(4.,5.),(0.,1.),
  .PIECEWISE_BEZIER_KNOTS.);
#2922 = CARTESIAN_POINT('',(-0.155817277704,0.734730101367,
    0.759846066766));
#2923 = CARTESIAN_POINT('',(-0.155817277704,0.733733906669,
    0.759758911024));
#2924 = CARTESIAN_POINT('',(-0.14230960935,0.734721751742,0.759941503418
    ));
#2925 = CARTESIAN_POINT('',(-0.14230960935,0.733725557044,0.759854347676
    ));
#2926 = CARTESIAN_POINT('',(-0.131141679965,0.735103914455,
    0.755573363621));
#2927 = CARTESIAN_POINT('',(-0.131141679965,0.734107719757,
    0.755486207878));
#2928 = CARTESIAN_POINT('',(-0.122313489548,0.735876589506,
    0.746741647373));
#2929 = CARTESIAN_POINT('',(-0.122313489548,0.734880394808,0.74665449163
    ));
#2930 = ADVANCED_FACE('',(#2931),#2949,.F.);
#2931 = FACE_BOUND('',#2932,.F.);
#2932 = EDGE_LOOP('',(#2933,#2934,#2943,#2948));
#2933 = ORIENTED_EDGE('',*,*,#2916,.F.);
#2934 = ORIENTED_EDGE('',*,*,#2935,.T.);
#2935 = EDGE_CURVE('',#2908,#2936,#2938,.T.);
#2936 = VERTEX_POINT('',#2937);
#2937 = CARTESIAN_POINT('',(-0.108927172077,0.738948421144,0.71163045109
    ));
#2938 = B_SPLINE_CURVE_WITH_KNOTS('',3,(#2939,#2940,#2941,#2942),
  .UNSPECIFIED.,.F.,.F.,(4,4),(3.,4.),.PIECEWISE_BEZIER_KNOTS.);
#2939 = CARTESIAN_POINT('',(-0.122313489548,0.735876589506,
    0.746741647373));
#2940 = CARTESIAN_POINT('',(-0.113485299132,0.736649264557,
    0.737909931126));
#2941 = CARTESIAN_POINT('',(-0.109031052901,0.737671862371,0.72622158463
    ));
#2942 = CARTESIAN_POINT('',(-0.108927172077,0.738948421144,0.71163045109
    ));
#2943 = ORIENTED_EDGE('',*,*,#2944,.T.);
#2944 = EDGE_CURVE('',#2936,#1237,#2945,.T.);
#2945 = B_SPLINE_CURVE_WITH_KNOTS('',1,(#2946,#2947),.UNSPECIFIED.,.F.,
  .F.,(2,2),(-0.,9.999999999999E-04),.PIECEWISE_BEZIER_KNOTS.);
#2946 = CARTESIAN_POINT('',(-0.108927172077,0.738948421144,0.71163045109
    ));
#2947 = CARTESIAN_POINT('',(-0.108927172077,0.737952226445,
    0.711543295348));
#2948 = ORIENTED_EDGE('',*,*,#1245,.F.);
#2949 = B_SPLINE_SURFACE_WITH_KNOTS('',3,1,(
    (#2950,#2951)
    ,(#2952,#2953)
    ,(#2954,#2955)
    ,(#2956,#2957
    )),.UNSPECIFIED.,.F.,.F.,.F.,(4,4),(2,2),(3.,4.),(0.,1.),
  .PIECEWISE_BEZIER_KNOTS.);
#2950 = CARTESIAN_POINT('',(-0.122313489548,0.735876589506,
    0.746741647373));
#2951 = CARTESIAN_POINT('',(-0.122313489548,0.734880394808,0.74665449163
    ));
#2952 = CARTESIAN_POINT('',(-0.113485299132,0.736649264557,
    0.737909931126));
#2953 = CARTESIAN_POINT('',(-0.113485299132,0.735653069859,
    0.737822775383));
#2954 = CARTESIAN_POINT('',(-0.109031052901,0.737671862371,0.72622158463
    ));
#2955 = CARTESIAN_POINT('',(-0.109031052901,0.736675667673,
    0.726134428887));
#2956 = CARTESIAN_POINT('',(-0.108927172077,0.738948421144,0.71163045109
    ));
#2957 = CARTESIAN_POINT('',(-0.108927172077,0.737952226445,
    0.711543295348));
#2958 = ADVANCED_FACE('',(#2959),#2977,.F.);
#2959 = FACE_BOUND('',#2960,.F.);
#2960 = EDGE_LOOP('',(#2961,#2962,#2971,#2976));
#2961 = ORIENTED_EDGE('',*,*,#2944,.F.);
#2962 = ORIENTED_EDGE('',*,*,#2963,.T.);
#2963 = EDGE_CURVE('',#2936,#2964,#2966,.T.);
#2964 = VERTEX_POINT('',#2965);
#2965 = CARTESIAN_POINT('',(-0.12036501478,0.741820800695,0.678799002583
    ));
#2966 = B_SPLINE_CURVE_WITH_KNOTS('',3,(#2967,#2968,#2969,#2970),
  .UNSPECIFIED.,.F.,.F.,(4,4),(2.,3.),.PIECEWISE_BEZIER_KNOTS.);
#2967 = CARTESIAN_POINT('',(-0.108927172077,0.738948421144,0.71163045109
    ));
#2968 = CARTESIAN_POINT('',(-0.108830546421,0.740135823431,
    0.698058380845));
#2969 = CARTESIAN_POINT('',(-0.112635301062,0.741094629347,
    0.687099179078));
#2970 = CARTESIAN_POINT('',(-0.12036501478,0.741820800695,0.678799002583
    ));
#2971 = ORIENTED_EDGE('',*,*,#2972,.T.);
#2972 = EDGE_CURVE('',#2964,#1228,#2973,.T.);
#2973 = B_SPLINE_CURVE_WITH_KNOTS('',1,(#2974,#2975),.UNSPECIFIED.,.F.,
  .F.,(2,2),(-0.,9.99999861577E-04),.PIECEWISE_BEZIER_KNOTS.);
#2974 = CARTESIAN_POINT('',(-0.12036501478,0.741820800695,0.678799002583
    ));
#2975 = CARTESIAN_POINT('',(-0.12036501478,0.740824606135,0.678711846853
    ));
#2976 = ORIENTED_EDGE('',*,*,#1236,.F.);
#2977 = B_SPLINE_SURFACE_WITH_KNOTS('',3,1,(
    (#2978,#2979)
    ,(#2980,#2981)
    ,(#2982,#2983)
    ,(#2984,#2985
    )),.UNSPECIFIED.,.F.,.F.,.F.,(4,4),(2,2),(2.,3.),(0.,1.),
  .PIECEWISE_BEZIER_KNOTS.);
#2978 = CARTESIAN_POINT('',(-0.108927172077,0.738948421144,0.71163045109
    ));
#2979 = CARTESIAN_POINT('',(-0.108927172077,0.737952226445,
    0.711543295348));
#2980 = CARTESIAN_POINT('',(-0.108830546421,0.740135823431,
    0.698058380845));
#2981 = CARTESIAN_POINT('',(-0.108830546421,0.739139628732,
    0.697971225103));
#2982 = CARTESIAN_POINT('',(-0.112635301062,0.741094629347,
    0.687099179078));
#2983 = CARTESIAN_POINT('',(-0.112635301062,0.740098434648,
    0.687012023335));
#2984 = CARTESIAN_POINT('',(-0.12036501478,0.741820800695,0.678799002583
    ));
#2985 = CARTESIAN_POINT('',(-0.12036501478,0.740824605997,0.678711846841
    ));
#2986 = ADVANCED_FACE('',(#2987),#2999,.F.);
#2987 = FACE_BOUND('',#2988,.F.);
#2988 = EDGE_LOOP('',(#2989,#2990,#2997,#2998));
#2989 = ORIENTED_EDGE('',*,*,#2972,.F.);
#2990 = ORIENTED_EDGE('',*,*,#2991,.T.);
#2991 = EDGE_CURVE('',#2964,#2633,#2992,.T.);
#2992 = B_SPLINE_CURVE_WITH_KNOTS('',3,(#2993,#2994,#2995,#2996),
  .UNSPECIFIED.,.F.,.F.,(4,4),(1.,2.),.PIECEWISE_BEZIER_KNOTS.);
#2993 = CARTESIAN_POINT('',(-0.12036501478,0.741820800695,0.678799002583
    ));
#2994 = CARTESIAN_POINT('',(-0.128094728497,0.742546972044,
    0.670498826089));
#2995 = CARTESIAN_POINT('',(-0.138480929544,0.742914088819,
    0.666302662143));
#2996 = CARTESIAN_POINT('',(-0.15152361792,0.742922151022,0.666210510746
    ));
#2997 = ORIENTED_EDGE('',*,*,#2632,.T.);
#2998 = ORIENTED_EDGE('',*,*,#1227,.F.);
#2999 = B_SPLINE_SURFACE_WITH_KNOTS('',3,1,(
    (#3000,#3001)
    ,(#3002,#3003)
    ,(#3004,#3005)
    ,(#3006,#3007
    )),.UNSPECIFIED.,.F.,.F.,.F.,(4,4),(2,2),(1.,2.),(0.,1.),
  .PIECEWISE_BEZIER_KNOTS.);
#3000 = CARTESIAN_POINT('',(-0.12036501478,0.741820800695,0.678799002583
    ));
#3001 = CARTESIAN_POINT('',(-0.12036501478,0.740824605997,0.678711846841
    ));
#3002 = CARTESIAN_POINT('',(-0.128094728497,0.742546972044,
    0.670498826089));
#3003 = CARTESIAN_POINT('',(-0.128094728497,0.741550777345,
    0.670411670346));
#3004 = CARTESIAN_POINT('',(-0.138480929544,0.742914088819,
    0.666302662143));
#3005 = CARTESIAN_POINT('',(-0.138480929544,0.741917894121,0.6662155064)
  );
#3006 = CARTESIAN_POINT('',(-0.15152361792,0.742922151022,0.666210510746
    ));
#3007 = CARTESIAN_POINT('',(-0.15152361792,0.741925956324,0.666123355003
    ));
#3008 = ADVANCED_FACE('',(#3009),#3025,.T.);
#3009 = FACE_BOUND('',#3010,.T.);
#3010 = EDGE_LOOP('',(#3011,#3012,#3013,#3014,#3015,#3016,#3017,#3018,
    #3019,#3020,#3021,#3022,#3023,#3024));
#3011 = ORIENTED_EDGE('',*,*,#2639,.T.);
#3012 = ORIENTED_EDGE('',*,*,#2674,.T.);
#3013 = ORIENTED_EDGE('',*,*,#2689,.T.);
#3014 = ORIENTED_EDGE('',*,*,#2717,.T.);
#3015 = ORIENTED_EDGE('',*,*,#2745,.T.);
#3016 = ORIENTED_EDGE('',*,*,#2773,.T.);
#3017 = ORIENTED_EDGE('',*,*,#2801,.T.);
#3018 = ORIENTED_EDGE('',*,*,#2829,.T.);
#3019 = ORIENTED_EDGE('',*,*,#2864,.T.);
#3020 = ORIENTED_EDGE('',*,*,#2879,.T.);
#3021 = ORIENTED_EDGE('',*,*,#2907,.T.);
#3022 = ORIENTED_EDGE('',*,*,#2935,.T.);
#3023 = ORIENTED_EDGE('',*,*,#2963,.T.);
#3024 = ORIENTED_EDGE('',*,*,#2991,.T.);
#3025 = B_SPLINE_SURFACE_WITH_KNOTS('',1,1,(
    (#3026,#3027)
    ,(#3028,#3029
    )),.UNSPECIFIED.,.F.,.F.,.F.,(2,2),(2,2),(-1.29843950208E-03,
    9.286215268097E-02),(-1.194748499378E-02,5.656468582715E-02),
  .PIECEWISE_BEZIER_KNOTS.);
#3026 = CARTESIAN_POINT('',(-0.177342717242,0.742928388091,
    0.666139220716));
#3027 = CARTESIAN_POINT('',(-0.108830546421,0.742928388091,
    0.666139220716));
#3028 = CARTESIAN_POINT('',(-0.177342717242,0.734721751742,
    0.759941503418));
#3029 = CARTESIAN_POINT('',(-0.108830546421,0.734721751742,
    0.759941503418));
#3030 = ADVANCED_FACE('',(#3031),#3053,.F.);
#3031 = FACE_BOUND('',#3032,.T.);
#3032 = EDGE_LOOP('',(#3033,#3034,#3041,#3048));
#3033 = ORIENTED_EDGE('',*,*,#1123,.T.);
#3034 = ORIENTED_EDGE('',*,*,#3035,.F.);
#3035 = EDGE_CURVE('',#3036,#1126,#3038,.T.);
#3036 = VERTEX_POINT('',#3037);
#3037 = CARTESIAN_POINT('',(-0.243906567287,0.74194174711,0.677416578734
    ));
#3038 = B_SPLINE_CURVE_WITH_KNOTS('',1,(#3039,#3040),.UNSPECIFIED.,.F.,
  .F.,(2,2),(-0.,9.999998615769E-04),.PIECEWISE_BEZIER_KNOTS.);
#3039 = CARTESIAN_POINT('',(-0.243906567287,0.74194174711,0.677416578734
    ));
#3040 = CARTESIAN_POINT('',(-0.243906567287,0.74094555255,0.677329423003
    ));
#3041 = ORIENTED_EDGE('',*,*,#3042,.F.);
#3042 = EDGE_CURVE('',#3043,#3036,#3045,.T.);
#3043 = VERTEX_POINT('',#3044);
#3044 = CARTESIAN_POINT('',(-0.243833026259,0.74284546967,0.667086982609
    ));
#3045 = B_SPLINE_CURVE_WITH_KNOTS('',1,(#3046,#3047),.UNSPECIFIED.,.F.,
  .F.,(2,2),(-1.036931429039E-02,0.),.PIECEWISE_BEZIER_KNOTS.);
#3046 = CARTESIAN_POINT('',(-0.243833026259,0.74284546967,0.667086982609
    ));
#3047 = CARTESIAN_POINT('',(-0.243906567287,0.74194174711,0.677416578734
    ));
#3048 = ORIENTED_EDGE('',*,*,#3049,.T.);
#3049 = EDGE_CURVE('',#3043,#1124,#3050,.T.);
#3050 = B_SPLINE_CURVE_WITH_KNOTS('',1,(#3051,#3052),.UNSPECIFIED.,.F.,
  .F.,(2,2),(-0.,1.E-03),.PIECEWISE_BEZIER_KNOTS.);
#3051 = CARTESIAN_POINT('',(-0.243833026259,0.74284546967,0.667086982609
    ));
#3052 = CARTESIAN_POINT('',(-0.243833026259,0.741849274972,
    0.666999826866));
#3053 = B_SPLINE_SURFACE_WITH_KNOTS('',1,1,(
    (#3054,#3055)
    ,(#3056,#3057
    )),.UNSPECIFIED.,.F.,.F.,.F.,(2,2),(2,2),(0.,1.041701145978E-02),(
    -9.961948884035E-04,9.037227323825E-04),.PIECEWISE_BEZIER_KNOTS.);
#3054 = CARTESIAN_POINT('',(-0.243907183043,0.740945552412,
    0.677416574384));
#3055 = CARTESIAN_POINT('',(-0.243906008688,0.74284546967,0.677416582681
    ));
#3056 = CARTESIAN_POINT('',(-0.243833584858,0.740945552412,0.66699982292
    ));
#3057 = CARTESIAN_POINT('',(-0.243832410502,0.74284546967,0.666999831217
    ));
#3058 = ADVANCED_FACE('',(#3059),#3075,.F.);
#3059 = FACE_BOUND('',#3060,.T.);
#3060 = EDGE_LOOP('',(#3061,#3062,#3069,#3074));
#3061 = ORIENTED_EDGE('',*,*,#1202,.T.);
#3062 = ORIENTED_EDGE('',*,*,#3063,.F.);
#3063 = EDGE_CURVE('',#3064,#1196,#3066,.T.);
#3064 = VERTEX_POINT('',#3065);
#3065 = CARTESIAN_POINT('',(-0.206731418065,0.741918767677,
    0.677679234856));
#3066 = B_SPLINE_CURVE_WITH_KNOTS('',1,(#3067,#3068),.UNSPECIFIED.,.F.,
  .F.,(2,2),(-0.,9.99999861577E-04),.PIECEWISE_BEZIER_KNOTS.);
#3067 = CARTESIAN_POINT('',(-0.206731418065,0.741918767677,
    0.677679234856));
#3068 = CARTESIAN_POINT('',(-0.206731418065,0.740922573117,
    0.677592079125));
#3069 = ORIENTED_EDGE('',*,*,#3070,.F.);
#3070 = EDGE_CURVE('',#3036,#3064,#3071,.T.);
#3071 = B_SPLINE_CURVE_WITH_KNOTS('',1,(#3072,#3073),.UNSPECIFIED.,.F.,
  .F.,(2,2),(-3.717608419349E-02,0.),.PIECEWISE_BEZIER_KNOTS.);
#3072 = CARTESIAN_POINT('',(-0.243906567287,0.74194174711,0.677416578734
    ));
#3073 = CARTESIAN_POINT('',(-0.206731418065,0.741918767677,
    0.677679234856));
#3074 = ORIENTED_EDGE('',*,*,#3035,.T.);
#3075 = B_SPLINE_SURFACE_WITH_KNOTS('',1,1,(
    (#3076,#3077)
    ,(#3078,#3079)),.UNSPECIFIED.,.F.,.F.,.F.,(2,2),(2,2),(-1.E-03,0.),(
    -3.717608419349E-02,3.140089262052E-22),.PIECEWISE_BEZIER_KNOTS.);
#3076 = CARTESIAN_POINT('',(-0.243906567287,0.740945552412,
    0.677329422991));
#3077 = CARTESIAN_POINT('',(-0.206731418065,0.740922572979,
    0.677592079113));
#3078 = CARTESIAN_POINT('',(-0.243906567287,0.74194174711,0.677416578734
    ));
#3079 = CARTESIAN_POINT('',(-0.206731418065,0.741918767677,
    0.677679234856));
#3080 = ADVANCED_FACE('',(#3081),#3097,.F.);
#3081 = FACE_BOUND('',#3082,.T.);
#3082 = EDGE_LOOP('',(#3083,#3084,#3091,#3096));
#3083 = ORIENTED_EDGE('',*,*,#1195,.T.);
#3084 = ORIENTED_EDGE('',*,*,#3085,.F.);
#3085 = EDGE_CURVE('',#3086,#1189,#3088,.T.);
#3086 = VERTEX_POINT('',#3087);
#3087 = CARTESIAN_POINT('',(-0.206948413564,0.739252178241,
    0.708158491583));
#3088 = B_SPLINE_CURVE_WITH_KNOTS('',1,(#3089,#3090),.UNSPECIFIED.,.F.,
  .F.,(2,2),(-0.,9.99999861577E-04),.PIECEWISE_BEZIER_KNOTS.);
#3089 = CARTESIAN_POINT('',(-0.206948413564,0.739252178241,
    0.708158491583));
#3090 = CARTESIAN_POINT('',(-0.206948413564,0.73825598368,0.708071335853
    ));
#3091 = ORIENTED_EDGE('',*,*,#3092,.F.);
#3092 = EDGE_CURVE('',#3064,#3086,#3093,.T.);
#3093 = B_SPLINE_CURVE_WITH_KNOTS('',1,(#3094,#3095),.UNSPECIFIED.,.F.,
  .F.,(2,2),(-3.059645203169E-02,0.),.PIECEWISE_BEZIER_KNOTS.);
#3094 = CARTESIAN_POINT('',(-0.206731418065,0.741918767677,
    0.677679234856));
#3095 = CARTESIAN_POINT('',(-0.206948413564,0.739252178241,
    0.708158491583));
#3096 = ORIENTED_EDGE('',*,*,#3063,.T.);
#3097 = B_SPLINE_SURFACE_WITH_KNOTS('',1,1,(
    (#3098,#3099)
    ,(#3100,#3101
    )),.UNSPECIFIED.,.F.,.F.,.F.,(2,2),(2,2),(0.,3.056718269676E-02),(
    -9.961948884034E-04,2.666589945771E-03),.PIECEWISE_BEZIER_KNOTS.);
#3098 = CARTESIAN_POINT('',(-0.206949029321,0.738255983543,
    0.708158487233));
#3099 = CARTESIAN_POINT('',(-0.206946765322,0.741918767677,
    0.708158503229));
#3100 = CARTESIAN_POINT('',(-0.206733066307,0.738255983543,
    0.677592067456));
#3101 = CARTESIAN_POINT('',(-0.206730802308,0.741918767677,
    0.677592083452));
#3102 = ADVANCED_FACE('',(#3103),#3119,.F.);
#3103 = FACE_BOUND('',#3104,.T.);
#3104 = EDGE_LOOP('',(#3105,#3106,#3113,#3118));
#3105 = ORIENTED_EDGE('',*,*,#1188,.T.);
#3106 = ORIENTED_EDGE('',*,*,#3107,.F.);
#3107 = EDGE_CURVE('',#3108,#1182,#3110,.T.);
#3108 = VERTEX_POINT('',#3109);
#3109 = CARTESIAN_POINT('',(-0.239473763009,0.739272283448,0.70792868801
    ));
#3110 = B_SPLINE_CURVE_WITH_KNOTS('',1,(#3111,#3112),.UNSPECIFIED.,.F.,
  .F.,(2,2),(-0.,9.999998615769E-04),.PIECEWISE_BEZIER_KNOTS.);
#3111 = CARTESIAN_POINT('',(-0.239473763009,0.739272283448,0.70792868801
    ));
#3112 = CARTESIAN_POINT('',(-0.239473763009,0.738276088888,
    0.707841532279));
#3113 = ORIENTED_EDGE('',*,*,#3114,.F.);
#3114 = EDGE_CURVE('',#3086,#3108,#3115,.T.);
#3115 = B_SPLINE_CURVE_WITH_KNOTS('',1,(#3116,#3117),.UNSPECIFIED.,.F.,
  .F.,(2,2),(-3.252616747135E-02,0.),.PIECEWISE_BEZIER_KNOTS.);
#3116 = CARTESIAN_POINT('',(-0.206948413564,0.739252178241,
    0.708158491583));
#3117 = CARTESIAN_POINT('',(-0.239473763009,0.739272283448,0.70792868801
    ));
#3118 = ORIENTED_EDGE('',*,*,#3085,.T.);
#3119 = B_SPLINE_SURFACE_WITH_KNOTS('',1,1,(
    (#3120,#3121)
    ,(#3122,#3123
    )),.UNSPECIFIED.,.F.,.F.,.F.,(2,2),(2,2),(0.,9.999999999999E-04),(0.
    ,3.252616747135E-02),.PIECEWISE_BEZIER_KNOTS.);
#3120 = CARTESIAN_POINT('',(-0.239473763009,0.739272283448,0.70792868801
    ));
#3121 = CARTESIAN_POINT('',(-0.206948413564,0.739252178241,
    0.708158491583));
#3122 = CARTESIAN_POINT('',(-0.239473763009,0.73827608875,0.707841532267
    ));
#3123 = CARTESIAN_POINT('',(-0.206948413564,0.738255983543,
    0.708071335841));
#3124 = ADVANCED_FACE('',(#3125),#3141,.F.);
#3125 = FACE_BOUND('',#3126,.T.);
#3126 = EDGE_LOOP('',(#3127,#3128,#3135,#3140));
#3127 = ORIENTED_EDGE('',*,*,#1181,.T.);
#3128 = ORIENTED_EDGE('',*,*,#3129,.F.);
#3129 = EDGE_CURVE('',#3130,#1175,#3132,.T.);
#3130 = VERTEX_POINT('',#3131);
#3131 = CARTESIAN_POINT('',(-0.239547633817,0.738364508321,
    0.718304605193));
#3132 = B_SPLINE_CURVE_WITH_KNOTS('',1,(#3133,#3134),.UNSPECIFIED.,.F.,
  .F.,(2,2),(-0.,9.99999861577E-04),.PIECEWISE_BEZIER_KNOTS.);
#3133 = CARTESIAN_POINT('',(-0.239547633817,0.738364508321,
    0.718304605193));
#3134 = CARTESIAN_POINT('',(-0.239547633817,0.737368313761,
    0.718217449463));
#3135 = ORIENTED_EDGE('',*,*,#3136,.F.);
#3136 = EDGE_CURVE('',#3108,#3130,#3137,.T.);
#3137 = B_SPLINE_CURVE_WITH_KNOTS('',1,(#3138,#3139),.UNSPECIFIED.,.F.,
  .F.,(2,2),(-1.041581345756E-02,0.),.PIECEWISE_BEZIER_KNOTS.);
#3138 = CARTESIAN_POINT('',(-0.239473763009,0.739272283448,0.70792868801
    ));
#3139 = CARTESIAN_POINT('',(-0.239547633817,0.738364508321,
    0.718304605193));
#3140 = ORIENTED_EDGE('',*,*,#3107,.T.);
#3141 = B_SPLINE_SURFACE_WITH_KNOTS('',1,1,(
    (#3142,#3143)
    ,(#3144,#3145
    )),.UNSPECIFIED.,.F.,.F.,.F.,(2,2),(2,2),(0.,1.046333370449E-02),(
    -9.961948884036E-04,9.077753006844E-04),.PIECEWISE_BEZIER_KNOTS.);
#3142 = CARTESIAN_POINT('',(-0.239548249574,0.737368313623,
    0.718304600843));
#3143 = CARTESIAN_POINT('',(-0.239547072713,0.739272283448,
    0.718304609158));
#3144 = CARTESIAN_POINT('',(-0.239474324112,0.737368313623,0.70784152829
    ));
#3145 = CARTESIAN_POINT('',(-0.239473147252,0.739272283448,
    0.707841536605));
#3146 = ADVANCED_FACE('',(#3147),#3163,.F.);
#3147 = FACE_BOUND('',#3148,.T.);
#3148 = EDGE_LOOP('',(#3149,#3150,#3157,#3162));
#3149 = ORIENTED_EDGE('',*,*,#1174,.T.);
#3150 = ORIENTED_EDGE('',*,*,#3151,.F.);
#3151 = EDGE_CURVE('',#3152,#1168,#3154,.T.);
#3152 = VERTEX_POINT('',#3153);
#3153 = CARTESIAN_POINT('',(-0.207022284373,0.738344403113,
    0.718534408767));
#3154 = B_SPLINE_CURVE_WITH_KNOTS('',1,(#3155,#3156),.UNSPECIFIED.,.F.,
  .F.,(2,2),(-0.,9.999998615769E-04),.PIECEWISE_BEZIER_KNOTS.);
#3155 = CARTESIAN_POINT('',(-0.207022284373,0.738344403113,
    0.718534408767));
#3156 = CARTESIAN_POINT('',(-0.207022284373,0.737348208553,
    0.718447253036));
#3157 = ORIENTED_EDGE('',*,*,#3158,.F.);
#3158 = EDGE_CURVE('',#3130,#3152,#3159,.T.);
#3159 = B_SPLINE_CURVE_WITH_KNOTS('',1,(#3160,#3161),.UNSPECIFIED.,.F.,
  .F.,(2,2),(-3.252616747135E-02,0.),.PIECEWISE_BEZIER_KNOTS.);
#3160 = CARTESIAN_POINT('',(-0.239547633817,0.738364508321,
    0.718304605193));
#3161 = CARTESIAN_POINT('',(-0.207022284373,0.738344403113,
    0.718534408767));
#3162 = ORIENTED_EDGE('',*,*,#3129,.T.);
#3163 = B_SPLINE_SURFACE_WITH_KNOTS('',1,1,(
    (#3164,#3165)
    ,(#3166,#3167
    )),.UNSPECIFIED.,.F.,.F.,.F.,(2,2),(2,2),(-1.E-03,3.853313753999E-17
    ),(-3.252616747135E-02,4.325790906331E-22),
  .PIECEWISE_BEZIER_KNOTS.);
#3164 = CARTESIAN_POINT('',(-0.239547633817,0.737368313623,
    0.718217449451));
#3165 = CARTESIAN_POINT('',(-0.207022284373,0.737348208415,
    0.718447253024));
#3166 = CARTESIAN_POINT('',(-0.239547633817,0.738364508321,
    0.718304605193));
#3167 = CARTESIAN_POINT('',(-0.207022284373,0.738344403113,
    0.718534408767));
#3168 = ADVANCED_FACE('',(#3169),#3185,.F.);
#3169 = FACE_BOUND('',#3170,.T.);
#3170 = EDGE_LOOP('',(#3171,#3172,#3179,#3184));
#3171 = ORIENTED_EDGE('',*,*,#1167,.T.);
#3172 = ORIENTED_EDGE('',*,*,#3173,.F.);
#3173 = EDGE_CURVE('',#3174,#1161,#3176,.T.);
#3174 = VERTEX_POINT('',#3175);
#3175 = CARTESIAN_POINT('',(-0.2072287269,0.735807495838,0.747531391612)
  );
#3176 = B_SPLINE_CURVE_WITH_KNOTS('',1,(#3177,#3178),.UNSPECIFIED.,.F.,
  .F.,(2,2),(-0.,9.999998615769E-04),.PIECEWISE_BEZIER_KNOTS.);
#3177 = CARTESIAN_POINT('',(-0.2072287269,0.735807495838,0.747531391612)
  );
#3178 = CARTESIAN_POINT('',(-0.2072287269,0.734811301278,0.747444235881)
  );
#3179 = ORIENTED_EDGE('',*,*,#3180,.F.);
#3180 = EDGE_CURVE('',#3152,#3174,#3181,.T.);
#3181 = B_SPLINE_CURVE_WITH_KNOTS('',1,(#3182,#3183),.UNSPECIFIED.,.F.,
  .F.,(2,2),(-2.910847868105E-02,0.),.PIECEWISE_BEZIER_KNOTS.);
#3182 = CARTESIAN_POINT('',(-0.207022284373,0.738344403113,
    0.718534408767));
#3183 = CARTESIAN_POINT('',(-0.2072287269,0.735807495838,0.747531391612)
  );
#3184 = ORIENTED_EDGE('',*,*,#3151,.T.);
#3185 = B_SPLINE_SURFACE_WITH_KNOTS('',1,1,(
    (#3186,#3187)
    ,(#3188,#3189
    )),.UNSPECIFIED.,.F.,.F.,.F.,(2,2),(2,2),(0.,2.908487125078E-02),(
    -9.961948884035E-04,2.536907759997E-03),.PIECEWISE_BEZIER_KNOTS.);
#3186 = CARTESIAN_POINT('',(-0.207229342656,0.73481130114,0.747531387261
    ));
#3187 = CARTESIAN_POINT('',(-0.207227158815,0.738344403113,
    0.747531402691));
#3188 = CARTESIAN_POINT('',(-0.207023852457,0.73481130114,0.718447241933
    ));
#3189 = CARTESIAN_POINT('',(-0.207021668616,0.738344403113,
    0.718447257363));
#3190 = ADVANCED_FACE('',(#3191),#3207,.F.);
#3191 = FACE_BOUND('',#3192,.T.);
#3192 = EDGE_LOOP('',(#3193,#3194,#3201,#3206));
#3193 = ORIENTED_EDGE('',*,*,#1160,.T.);
#3194 = ORIENTED_EDGE('',*,*,#3195,.F.);
#3195 = EDGE_CURVE('',#3196,#1154,#3198,.T.);
#3196 = VERTEX_POINT('',#3197);
#3197 = CARTESIAN_POINT('',(-0.242334715221,0.735829196241,
    0.747283354874));
#3198 = B_SPLINE_CURVE_WITH_KNOTS('',1,(#3199,#3200),.UNSPECIFIED.,.F.,
  .F.,(2,2),(-0.,9.999998615769E-04),.PIECEWISE_BEZIER_KNOTS.);
#3199 = CARTESIAN_POINT('',(-0.242334715221,0.735829196241,
    0.747283354874));
#3200 = CARTESIAN_POINT('',(-0.242334715221,0.734833001681,
    0.747196199143));
#3201 = ORIENTED_EDGE('',*,*,#3202,.F.);
#3202 = EDGE_CURVE('',#3174,#3196,#3203,.T.);
#3203 = B_SPLINE_CURVE_WITH_KNOTS('',1,(#3204,#3205),.UNSPECIFIED.,.F.,
  .F.,(2,2),(-3.510687125232E-02,0.),.PIECEWISE_BEZIER_KNOTS.);
#3204 = CARTESIAN_POINT('',(-0.2072287269,0.735807495838,0.747531391612)
  );
#3205 = CARTESIAN_POINT('',(-0.242334715221,0.735829196241,
    0.747283354874));
#3206 = ORIENTED_EDGE('',*,*,#3173,.T.);
#3207 = B_SPLINE_SURFACE_WITH_KNOTS('',1,1,(
    (#3208,#3209)
    ,(#3210,#3211
    )),.UNSPECIFIED.,.F.,.F.,.F.,(2,2),(2,2),(-5.609966405404E-17,
    9.999999999999E-04),(-7.131333184473E-17,3.510687125232E-02),
  .PIECEWISE_BEZIER_KNOTS.);
#3208 = CARTESIAN_POINT('',(-0.242334715221,0.735829196241,
    0.747283354874));
#3209 = CARTESIAN_POINT('',(-0.2072287269,0.735807495838,0.747531391612)
  );
#3210 = CARTESIAN_POINT('',(-0.242334715221,0.734833001543,
    0.747196199131));
#3211 = CARTESIAN_POINT('',(-0.2072287269,0.73481130114,0.747444235869)
  );
#3212 = ADVANCED_FACE('',(#3213),#3229,.F.);
#3213 = FACE_BOUND('',#3214,.T.);
#3214 = EDGE_LOOP('',(#3215,#3216,#3223,#3228));
#3215 = ORIENTED_EDGE('',*,*,#1153,.T.);
#3216 = ORIENTED_EDGE('',*,*,#3217,.F.);
#3217 = EDGE_CURVE('',#3218,#1147,#3220,.T.);
#3218 = VERTEX_POINT('',#3219);
#3219 = CARTESIAN_POINT('',(-0.24240891581,0.734917368546,0.757705593116
    ));
#3220 = B_SPLINE_CURVE_WITH_KNOTS('',1,(#3221,#3222),.UNSPECIFIED.,.F.,
  .F.,(2,2),(-0.,9.999998615769E-04),.PIECEWISE_BEZIER_KNOTS.);
#3221 = CARTESIAN_POINT('',(-0.24240891581,0.734917368546,0.757705593116
    ));
#3222 = CARTESIAN_POINT('',(-0.24240891581,0.733921173986,0.757618437386
    ));
#3223 = ORIENTED_EDGE('',*,*,#3224,.F.);
#3224 = EDGE_CURVE('',#3196,#3218,#3225,.T.);
#3225 = B_SPLINE_CURVE_WITH_KNOTS('',1,(#3226,#3227),.UNSPECIFIED.,.F.,
  .F.,(2,2),(-1.046231262472E-02,0.),.PIECEWISE_BEZIER_KNOTS.);
#3226 = CARTESIAN_POINT('',(-0.242334715221,0.735829196241,
    0.747283354874));
#3227 = CARTESIAN_POINT('',(-0.24240891581,0.734917368546,0.757705593116
    ));
#3228 = ORIENTED_EDGE('',*,*,#3195,.T.);
#3229 = B_SPLINE_SURFACE_WITH_KNOTS('',1,1,(
    (#3230,#3231)
    ,(#3232,#3233
    )),.UNSPECIFIED.,.F.,.F.,.F.,(2,2),(2,2),(0.,1.050965593714E-02),(
    -9.961948884036E-04,9.118278689865E-04),.PIECEWISE_BEZIER_KNOTS.);
#3230 = CARTESIAN_POINT('',(-0.242409531566,0.733921173848,
    0.757705588766));
#3231 = CARTESIAN_POINT('',(-0.242408352201,0.735829196241,
    0.757705597098));
#3232 = CARTESIAN_POINT('',(-0.242335278829,0.733921173848,
    0.747196195137));
#3233 = CARTESIAN_POINT('',(-0.242334099464,0.735829196241,0.74719620347
    ));
#3234 = ADVANCED_FACE('',(#3235),#3251,.F.);
#3235 = FACE_BOUND('',#3236,.T.);
#3236 = EDGE_LOOP('',(#3237,#3238,#3245,#3250));
#3237 = ORIENTED_EDGE('',*,*,#1146,.T.);
#3238 = ORIENTED_EDGE('',*,*,#3239,.F.);
#3239 = EDGE_CURVE('',#3240,#1140,#3242,.T.);
#3240 = VERTEX_POINT('',#3241);
#3241 = CARTESIAN_POINT('',(-0.19556218305,0.734888410724,0.758036582538
    ));
#3242 = B_SPLINE_CURVE_WITH_KNOTS('',1,(#3243,#3244),.UNSPECIFIED.,.F.,
  .F.,(2,2),(-0.,9.99999861577E-04),.PIECEWISE_BEZIER_KNOTS.);
#3243 = CARTESIAN_POINT('',(-0.19556218305,0.734888410724,0.758036582538
    ));
#3244 = CARTESIAN_POINT('',(-0.19556218305,0.733892216164,0.757949426807
    ));
#3245 = ORIENTED_EDGE('',*,*,#3246,.F.);
#3246 = EDGE_CURVE('',#3218,#3240,#3247,.T.);
#3247 = B_SPLINE_CURVE_WITH_KNOTS('',1,(#3248,#3249),.UNSPECIFIED.,.F.,
  .F.,(2,2),(-4.684791097573E-02,0.),.PIECEWISE_BEZIER_KNOTS.);
#3248 = CARTESIAN_POINT('',(-0.24240891581,0.734917368546,0.757705593116
    ));
#3249 = CARTESIAN_POINT('',(-0.19556218305,0.734888410724,0.758036582538
    ));
#3250 = ORIENTED_EDGE('',*,*,#3217,.T.);
#3251 = B_SPLINE_SURFACE_WITH_KNOTS('',1,1,(
    (#3252,#3253)
    ,(#3254,#3255)),.UNSPECIFIED.,.F.,.F.,.F.,(2,2),(2,2),(-1.E-03,0.),(
    -4.684791097573E-02,2.379609958516E-18),.PIECEWISE_BEZIER_KNOTS.);
#3252 = CARTESIAN_POINT('',(-0.24240891581,0.733921173848,0.757618437374
    ));
#3253 = CARTESIAN_POINT('',(-0.19556218305,0.733892216026,0.757949426795
    ));
#3254 = CARTESIAN_POINT('',(-0.24240891581,0.734917368546,0.757705593116
    ));
#3255 = CARTESIAN_POINT('',(-0.19556218305,0.734888410724,0.758036582538
    ));
#3256 = ADVANCED_FACE('',(#3257),#3273,.F.);
#3257 = FACE_BOUND('',#3258,.T.);
#3258 = EDGE_LOOP('',(#3259,#3260,#3267,#3272));
#3259 = ORIENTED_EDGE('',*,*,#1139,.T.);
#3260 = ORIENTED_EDGE('',*,*,#3261,.F.);
#3261 = EDGE_CURVE('',#3262,#1133,#3264,.T.);
#3262 = VERTEX_POINT('',#3263);
#3263 = CARTESIAN_POINT('',(-0.194917132598,0.742815232817,
    0.667432591415));
#3264 = B_SPLINE_CURVE_WITH_KNOTS('',1,(#3265,#3266),.UNSPECIFIED.,.F.,
  .F.,(2,2),(-0.,9.99999861577E-04),.PIECEWISE_BEZIER_KNOTS.);
#3265 = CARTESIAN_POINT('',(-0.194917132598,0.742815232817,
    0.667432591415));
#3266 = CARTESIAN_POINT('',(-0.194917132598,0.741819038257,
    0.667345435684));
#3267 = ORIENTED_EDGE('',*,*,#3268,.F.);
#3268 = EDGE_CURVE('',#3240,#3262,#3269,.T.);
#3269 = B_SPLINE_CURVE_WITH_KNOTS('',1,(#3270,#3271),.UNSPECIFIED.,.F.,
  .F.,(2,2),(-9.09523710854E-02,0.),.PIECEWISE_BEZIER_KNOTS.);
#3270 = CARTESIAN_POINT('',(-0.19556218305,0.734888410724,0.758036582538
    ));
#3271 = CARTESIAN_POINT('',(-0.194917132598,0.742815232817,
    0.667432591415));
#3272 = ORIENTED_EDGE('',*,*,#3239,.T.);
#3273 = B_SPLINE_SURFACE_WITH_KNOTS('',1,1,(
    (#3274,#3275)
    ,(#3276,#3277
    )),.UNSPECIFIED.,.F.,.F.,.F.,(2,2),(2,2),(-8.715356744662E-05,
    9.060628716346E-02),(-8.923018496225E-03,0.),
  .PIECEWISE_BEZIER_KNOTS.);
#3274 = CARTESIAN_POINT('',(-0.194922032237,0.733892216026,
    0.667345401054));
#3275 = CARTESIAN_POINT('',(-0.194916516842,0.742815232817,
    0.667345440023));
#3276 = CARTESIAN_POINT('',(-0.195562798807,0.733892216026,
    0.758036578187));
#3277 = CARTESIAN_POINT('',(-0.195557283412,0.742815232817,
    0.758036617156));
#3278 = ADVANCED_FACE('',(#3279),#3289,.F.);
#3279 = FACE_BOUND('',#3280,.T.);
#3280 = EDGE_LOOP('',(#3281,#3282,#3283,#3288));
#3281 = ORIENTED_EDGE('',*,*,#1132,.T.);
#3282 = ORIENTED_EDGE('',*,*,#3049,.F.);
#3283 = ORIENTED_EDGE('',*,*,#3284,.F.);
#3284 = EDGE_CURVE('',#3262,#3043,#3285,.T.);
#3285 = B_SPLINE_CURVE_WITH_KNOTS('',1,(#3286,#3287),.UNSPECIFIED.,.F.,
  .F.,(2,2),(-4.89171239169E-02,0.),.PIECEWISE_BEZIER_KNOTS.);
#3286 = CARTESIAN_POINT('',(-0.194917132598,0.742815232817,
    0.667432591415));
#3287 = CARTESIAN_POINT('',(-0.243833026259,0.74284546967,0.667086982609
    ));
#3288 = ORIENTED_EDGE('',*,*,#3261,.T.);
#3289 = B_SPLINE_SURFACE_WITH_KNOTS('',1,1,(
    (#3290,#3291)
    ,(#3292,#3293
    )),.UNSPECIFIED.,.F.,.F.,.F.,(2,2),(2,2),(-0.,1.E-03),(0.,
    4.89171239169E-02),.PIECEWISE_BEZIER_KNOTS.);
#3290 = CARTESIAN_POINT('',(-0.243833026259,0.74284546967,0.667086982609
    ));
#3291 = CARTESIAN_POINT('',(-0.194917132598,0.742815232817,
    0.667432591415));
#3292 = CARTESIAN_POINT('',(-0.243833026259,0.741849274972,
    0.666999826866));
#3293 = CARTESIAN_POINT('',(-0.194917132598,0.741819038119,
    0.667345435672));
#3294 = ADVANCED_FACE('',(#3295),#3309,.F.);
#3295 = FACE_BOUND('',#3296,.T.);
#3296 = EDGE_LOOP('',(#3297,#3298,#3299,#3300,#3301,#3302,#3303,#3304,
    #3305,#3306,#3307,#3308));
#3297 = ORIENTED_EDGE('',*,*,#3042,.T.);
#3298 = ORIENTED_EDGE('',*,*,#3070,.T.);
#3299 = ORIENTED_EDGE('',*,*,#3092,.T.);
#3300 = ORIENTED_EDGE('',*,*,#3114,.T.);
#3301 = ORIENTED_EDGE('',*,*,#3136,.T.);
#3302 = ORIENTED_EDGE('',*,*,#3158,.T.);
#3303 = ORIENTED_EDGE('',*,*,#3180,.T.);
#3304 = ORIENTED_EDGE('',*,*,#3202,.T.);
#3305 = ORIENTED_EDGE('',*,*,#3224,.T.);
#3306 = ORIENTED_EDGE('',*,*,#3246,.T.);
#3307 = ORIENTED_EDGE('',*,*,#3268,.T.);
#3308 = ORIENTED_EDGE('',*,*,#3284,.T.);
#3309 = B_SPLINE_SURFACE_WITH_KNOTS('',1,1,(
    (#3310,#3311)
    ,(#3312,#3313
    )),.UNSPECIFIED.,.F.,.F.,.F.,(2,2),(2,2),(-0.688777160847,
    -0.597480148222),(-0.243906567287,-0.194917132598),
  .PIECEWISE_BEZIER_KNOTS.);
#3310 = CARTESIAN_POINT('',(-0.243906567287,0.734888410724,
    0.758036582538));
#3311 = CARTESIAN_POINT('',(-0.194917132598,0.734888410724,
    0.758036582538));
#3312 = CARTESIAN_POINT('',(-0.243906567287,0.74284546967,0.667086982609
    ));
#3313 = CARTESIAN_POINT('',(-0.194917132598,0.74284546967,0.667086982609
    ));
#3314 = ADVANCED_FACE('',(#3315,#3374),#3433,.T.);
#3315 = FACE_BOUND('',#3316,.T.);
#3316 = EDGE_LOOP('',(#3317,#3326,#3335,#3344,#3353,#3362,#3369));
#3317 = ORIENTED_EDGE('',*,*,#3318,.T.);
#3318 = EDGE_CURVE('',#3319,#3321,#3323,.T.);
#3319 = VERTEX_POINT('',#3320);
#3320 = CARTESIAN_POINT('',(-0.261014036437,0.742856089933,
    0.666965592444));
#3321 = VERTEX_POINT('',#3322);
#3322 = CARTESIAN_POINT('',(-0.286029959241,0.742871553266,
    0.666788845736));
#3323 = B_SPLINE_CURVE_WITH_KNOTS('',1,(#3324,#3325),.UNSPECIFIED.,.F.,
  .F.,(2,2),(-2.501655196525E-02,0.),.PIECEWISE_BEZIER_KNOTS.);
#3324 = CARTESIAN_POINT('',(-0.261014036437,0.742856089933,
    0.666965592444));
#3325 = CARTESIAN_POINT('',(-0.286029959241,0.742871553266,
    0.666788845736));
#3326 = ORIENTED_EDGE('',*,*,#3327,.T.);
#3327 = EDGE_CURVE('',#3321,#3328,#3330,.T.);
#3328 = VERTEX_POINT('',#3329);
#3329 = CARTESIAN_POINT('',(-0.32143554838,0.741782979505,0.67923130076)
  );
#3330 = B_SPLINE_CURVE_WITH_KNOTS('',3,(#3331,#3332,#3333,#3334),
  .UNSPECIFIED.,.F.,.F.,(4,4),(5.,6.),.PIECEWISE_BEZIER_KNOTS.);
#3331 = CARTESIAN_POINT('',(-0.286029959241,0.742871553266,
    0.666788845736));
#3332 = CARTESIAN_POINT('',(-0.300421089552,0.742880448994,
    0.666687167099));
#3333 = CARTESIAN_POINT('',(-0.312238342005,0.742518951511,
    0.670819102246));
#3334 = CARTESIAN_POINT('',(-0.32143554838,0.741782979505,0.67923130076)
  );
#3335 = ORIENTED_EDGE('',*,*,#3336,.T.);
#3336 = EDGE_CURVE('',#3328,#3337,#3339,.T.);
#3337 = VERTEX_POINT('',#3338);
#3338 = CARTESIAN_POINT('',(-0.335392867632,0.738837136739,0.71290243765
    ));
#3339 = B_SPLINE_CURVE_WITH_KNOTS('',3,(#3340,#3341,#3342,#3343),
  .UNSPECIFIED.,.F.,.F.,(4,4),(4.,5.),.PIECEWISE_BEZIER_KNOTS.);
#3340 = CARTESIAN_POINT('',(-0.32143554838,0.741782979505,0.67923130076)
  );
#3341 = CARTESIAN_POINT('',(-0.330632754755,0.7410470075,0.687643499274)
  );
#3342 = CARTESIAN_POINT('',(-0.335292944172,0.740065064702,
    0.698867156816));
#3343 = CARTESIAN_POINT('',(-0.335392867632,0.738837136739,0.71290243765
    ));
#3344 = ORIENTED_EDGE('',*,*,#3345,.T.);
#3345 = EDGE_CURVE('',#3337,#3346,#3348,.T.);
#3346 = VERTEX_POINT('',#3347);
#3347 = CARTESIAN_POINT('',(-0.321904825881,0.736016175907,
    0.745146167513));
#3348 = B_SPLINE_CURVE_WITH_KNOTS('',3,(#3349,#3350,#3351,#3352),
  .UNSPECIFIED.,.F.,.F.,(4,4),(3.,4.),.PIECEWISE_BEZIER_KNOTS.);
#3349 = CARTESIAN_POINT('',(-0.335392867632,0.738837136739,0.71290243765
    ));
#3350 = CARTESIAN_POINT('',(-0.335488503946,0.737661892155,
    0.726335544718));
#3351 = CARTESIAN_POINT('',(-0.330984630436,0.736722917943,
    0.737068069073));
#3352 = CARTESIAN_POINT('',(-0.321904825881,0.736016175907,
    0.745146167513));
#3353 = ORIENTED_EDGE('',*,*,#3354,.T.);
#3354 = EDGE_CURVE('',#3346,#3355,#3357,.T.);
#3355 = VERTEX_POINT('',#3356);
#3356 = CARTESIAN_POINT('',(-0.287604969648,0.734945306018,
    0.757386266349));
#3357 = B_SPLINE_CURVE_WITH_KNOTS('',3,(#3358,#3359,#3360,#3361),
  .UNSPECIFIED.,.F.,.F.,(4,4),(2.,3.),.PIECEWISE_BEZIER_KNOTS.);
#3358 = CARTESIAN_POINT('',(-0.321904825881,0.736016175907,
    0.745146167513));
#3359 = CARTESIAN_POINT('',(-0.312825021327,0.73530943387,0.753224265952
    ));
#3360 = CARTESIAN_POINT('',(-0.301391625989,0.734953828097,
    0.757288858544));
#3361 = CARTESIAN_POINT('',(-0.287604969648,0.734945306018,
    0.757386266349));
#3362 = ORIENTED_EDGE('',*,*,#3363,.T.);
#3363 = EDGE_CURVE('',#3355,#3364,#3366,.T.);
#3364 = VERTEX_POINT('',#3365);
#3365 = CARTESIAN_POINT('',(-0.261659086889,0.73492926784,0.757569583567
    ));
#3366 = B_SPLINE_CURVE_WITH_KNOTS('',1,(#3367,#3368),.UNSPECIFIED.,.F.,
  .F.,(2,2),(-2.594653530986E-02,0.),.PIECEWISE_BEZIER_KNOTS.);
#3367 = CARTESIAN_POINT('',(-0.287604969648,0.734945306018,
    0.757386266349));
#3368 = CARTESIAN_POINT('',(-0.261659086889,0.73492926784,0.757569583567
    ));
#3369 = ORIENTED_EDGE('',*,*,#3370,.T.);
#3370 = EDGE_CURVE('',#3364,#3319,#3371,.T.);
#3371 = B_SPLINE_CURVE_WITH_KNOTS('',1,(#3372,#3373),.UNSPECIFIED.,.F.,
  .F.,(2,2),(-9.09523710854E-02,0.),.PIECEWISE_BEZIER_KNOTS.);
#3372 = CARTESIAN_POINT('',(-0.261659086889,0.73492926784,0.757569583567
    ));
#3373 = CARTESIAN_POINT('',(-0.261014036437,0.742856089933,
    0.666965592444));
#3374 = FACE_BOUND('',#3375,.T.);
#3375 = EDGE_LOOP('',(#3376,#3385,#3392,#3401,#3410,#3419,#3428));
#3376 = ORIENTED_EDGE('',*,*,#3377,.F.);
#3377 = EDGE_CURVE('',#3378,#3380,#3382,.T.);
#3378 = VERTEX_POINT('',#3379);
#3379 = CARTESIAN_POINT('',(-0.273325630739,0.735848352954,
    0.747064392641));
#3380 = VERTEX_POINT('',#3381);
#3381 = CARTESIAN_POINT('',(-0.272828321904,0.741959624793,
    0.677212235885));
#3382 = B_SPLINE_CURVE_WITH_KNOTS('',1,(#3383,#3384),.UNSPECIFIED.,.F.,
  .F.,(2,2),(0.,7.012074417029E-02),.PIECEWISE_BEZIER_KNOTS.);
#3383 = CARTESIAN_POINT('',(-0.273325630739,0.735848352954,
    0.747064392641));
#3384 = CARTESIAN_POINT('',(-0.272828321904,0.741959624793,
    0.677212235885));
#3385 = ORIENTED_EDGE('',*,*,#3386,.F.);
#3386 = EDGE_CURVE('',#3387,#3378,#3389,.T.);
#3387 = VERTEX_POINT('',#3388);
#3388 = CARTESIAN_POINT('',(-0.287065789081,0.73585684629,0.746967313362
    ));
#3389 = B_SPLINE_CURVE_WITH_KNOTS('',1,(#3390,#3391),.UNSPECIFIED.,.F.,
  .F.,(2,2),(-5.472536140509E-17,1.374050391321E-02),
  .PIECEWISE_BEZIER_KNOTS.);
#3390 = CARTESIAN_POINT('',(-0.287065789081,0.73585684629,0.746967313362
    ));
#3391 = CARTESIAN_POINT('',(-0.273325630739,0.735848352954,
    0.747064392641));
#3392 = ORIENTED_EDGE('',*,*,#3393,.F.);
#3393 = EDGE_CURVE('',#3394,#3387,#3396,.T.);
#3394 = VERTEX_POINT('',#3395);
#3395 = CARTESIAN_POINT('',(-0.313253229234,0.736618743719,
    0.738258785898));
#3396 = B_SPLINE_CURVE_WITH_KNOTS('',3,(#3397,#3398,#3399,#3400),
  .UNSPECIFIED.,.F.,.F.,(4,4),(5.,6.),.PIECEWISE_BEZIER_KNOTS.);
#3397 = CARTESIAN_POINT('',(-0.313253229234,0.736618743719,
    0.738258785898));
#3398 = CARTESIAN_POINT('',(-0.30664457854,0.73611616777,0.744003255281)
  );
#3399 = CARTESIAN_POINT('',(-0.297899822563,0.735863543236,
    0.746890766925));
#3400 = CARTESIAN_POINT('',(-0.287065789081,0.73585684629,0.746967313362
    ));
#3401 = ORIENTED_EDGE('',*,*,#3402,.F.);
#3402 = EDGE_CURVE('',#3403,#3394,#3405,.T.);
#3403 = VERTEX_POINT('',#3404);
#3404 = CARTESIAN_POINT('',(-0.32304534076,0.738857873643,0.712665413753
    ));
#3405 = B_SPLINE_CURVE_WITH_KNOTS('',3,(#3406,#3407,#3408,#3409),
  .UNSPECIFIED.,.F.,.F.,(4,4),(4.,5.),.PIECEWISE_BEZIER_KNOTS.);
#3406 = CARTESIAN_POINT('',(-0.32304534076,0.738857873643,0.712665413753
    ));
#3407 = CARTESIAN_POINT('',(-0.323125807176,0.737869047166,
    0.723967752114));
#3408 = CARTESIAN_POINT('',(-0.319861879927,0.737121319668,
    0.732514316515));
#3409 = CARTESIAN_POINT('',(-0.313253229234,0.736618743719,
    0.738258785898));
#3410 = ORIENTED_EDGE('',*,*,#3411,.F.);
#3411 = EDGE_CURVE('',#3412,#3403,#3414,.T.);
#3412 = VERTEX_POINT('',#3413);
#3413 = CARTESIAN_POINT('',(-0.31313961418,0.741157777438,0.686377393088
    ));
#3414 = B_SPLINE_CURVE_WITH_KNOTS('',3,(#3415,#3416,#3417,#3418),
  .UNSPECIFIED.,.F.,.F.,(4,4),(3.,4.),.PIECEWISE_BEZIER_KNOTS.);
#3415 = CARTESIAN_POINT('',(-0.31313961418,0.741157777438,0.686377393088
    ));
#3416 = CARTESIAN_POINT('',(-0.319670605223,0.740614690366,0.69258490673
    ));
#3417 = CARTESIAN_POINT('',(-0.322964874343,0.739846700121,
    0.701363075391));
#3418 = CARTESIAN_POINT('',(-0.32304534076,0.738857873643,0.712665413753
    ));
#3419 = ORIENTED_EDGE('',*,*,#3420,.F.);
#3420 = EDGE_CURVE('',#3421,#3412,#3423,.T.);
#3421 = VERTEX_POINT('',#3422);
#3422 = CARTESIAN_POINT('',(-0.286033753272,0.741967787593,
    0.677118934649));
#3423 = B_SPLINE_CURVE_WITH_KNOTS('',3,(#3424,#3425,#3426,#3427),
  .UNSPECIFIED.,.F.,.F.,(4,4),(2.,3.),.PIECEWISE_BEZIER_KNOTS.);
#3424 = CARTESIAN_POINT('',(-0.286033753272,0.741967787593,
    0.677118934649));
#3425 = CARTESIAN_POINT('',(-0.29758850572,0.741974930044,0.677037296067
    ));
#3426 = CARTESIAN_POINT('',(-0.306631542355,0.741704931449,
    0.680123394126));
#3427 = CARTESIAN_POINT('',(-0.31313961418,0.741157777438,0.686377393088
    ));
#3428 = ORIENTED_EDGE('',*,*,#3429,.F.);
#3429 = EDGE_CURVE('',#3380,#3421,#3430,.T.);
#3430 = B_SPLINE_CURVE_WITH_KNOTS('',1,(#3431,#3432),.UNSPECIFIED.,.F.,
  .F.,(2,2),(0.,1.320576349077E-02),.PIECEWISE_BEZIER_KNOTS.);
#3431 = CARTESIAN_POINT('',(-0.272828321904,0.741959624793,
    0.677212235885));
#3432 = CARTESIAN_POINT('',(-0.286033753272,0.741967787593,
    0.677118934649));
#3433 = B_SPLINE_SURFACE_WITH_KNOTS('',1,1,(
    (#3434,#3435)
    ,(#3436,#3437
    )),.UNSPECIFIED.,.F.,.F.,.F.,(2,2),(2,2),(-8.790631890251E-02,
    3.323253631987E-03),(-2.89685367615E-02,4.550593074714E-02),
  .PIECEWISE_BEZIER_KNOTS.);
#3434 = CARTESIAN_POINT('',(-0.335488503946,0.742880448994,
    0.666687167099));
#3435 = CARTESIAN_POINT('',(-0.261014036437,0.742880448994,
    0.666687167099));
#3436 = CARTESIAN_POINT('',(-0.335488503946,0.73492926784,0.757569583567
    ));
#3437 = CARTESIAN_POINT('',(-0.261014036437,0.73492926784,0.757569583567
    ));
#3438 = ADVANCED_FACE('',(#3439),#3453,.F.);
#3439 = FACE_BOUND('',#3440,.T.);
#3440 = EDGE_LOOP('',(#3441,#3442,#3447,#3448));
#3441 = ORIENTED_EDGE('',*,*,#1064,.T.);
#3442 = ORIENTED_EDGE('',*,*,#3443,.F.);
#3443 = EDGE_CURVE('',#3321,#1067,#3444,.T.);
#3444 = B_SPLINE_CURVE_WITH_KNOTS('',1,(#3445,#3446),.UNSPECIFIED.,.F.,
  .F.,(2,2),(-0.,9.999998615769E-04),.PIECEWISE_BEZIER_KNOTS.);
#3445 = CARTESIAN_POINT('',(-0.286029959241,0.742871553266,
    0.666788845736));
#3446 = CARTESIAN_POINT('',(-0.286029959241,0.741875358706,
    0.666701690005));
#3447 = ORIENTED_EDGE('',*,*,#3318,.F.);
#3448 = ORIENTED_EDGE('',*,*,#3449,.T.);
#3449 = EDGE_CURVE('',#3319,#1065,#3450,.T.);
#3450 = B_SPLINE_CURVE_WITH_KNOTS('',1,(#3451,#3452),.UNSPECIFIED.,.F.,
  .F.,(2,2),(-0.,9.999999999999E-04),.PIECEWISE_BEZIER_KNOTS.);
#3451 = CARTESIAN_POINT('',(-0.261014036437,0.742856089933,
    0.666965592444));
#3452 = CARTESIAN_POINT('',(-0.261014036437,0.741859895235,
    0.666878436701));
#3453 = B_SPLINE_SURFACE_WITH_KNOTS('',1,1,(
    (#3454,#3455)
    ,(#3456,#3457
    )),.UNSPECIFIED.,.F.,.F.,.F.,(2,2),(2,2),(-6.106396901627E-17,
    9.999999999999E-04),(-4.242146186771E-20,2.501655196525E-02),
  .PIECEWISE_BEZIER_KNOTS.);
#3454 = CARTESIAN_POINT('',(-0.286029959241,0.742871553266,
    0.666788845736));
#3455 = CARTESIAN_POINT('',(-0.261014036437,0.742856089933,
    0.666965592444));
#3456 = CARTESIAN_POINT('',(-0.286029959241,0.741875358568,
    0.666701689993));
#3457 = CARTESIAN_POINT('',(-0.261014036437,0.741859895235,
    0.666878436701));
#3458 = ADVANCED_FACE('',(#3459),#3469,.F.);
#3459 = FACE_BOUND('',#3460,.F.);
#3460 = EDGE_LOOP('',(#3461,#3462,#3463,#3468));
#3461 = ORIENTED_EDGE('',*,*,#3443,.F.);
#3462 = ORIENTED_EDGE('',*,*,#3327,.T.);
#3463 = ORIENTED_EDGE('',*,*,#3464,.T.);
#3464 = EDGE_CURVE('',#3328,#1106,#3465,.T.);
#3465 = B_SPLINE_CURVE_WITH_KNOTS('',1,(#3466,#3467),.UNSPECIFIED.,.F.,
  .F.,(2,2),(-0.,9.99999861577E-04),.PIECEWISE_BEZIER_KNOTS.);
#3466 = CARTESIAN_POINT('',(-0.32143554838,0.741782979505,0.67923130076)
  );
#3467 = CARTESIAN_POINT('',(-0.32143554838,0.740786784945,0.679144145029
    ));
#3468 = ORIENTED_EDGE('',*,*,#1114,.F.);
#3469 = B_SPLINE_SURFACE_WITH_KNOTS('',3,1,(
    (#3470,#3471)
    ,(#3472,#3473)
    ,(#3474,#3475)
    ,(#3476,#3477
    )),.UNSPECIFIED.,.F.,.F.,.F.,(4,4),(2,2),(5.,6.),(0.,1.),
  .PIECEWISE_BEZIER_KNOTS.);
#3470 = CARTESIAN_POINT('',(-0.286029959241,0.742871553266,
    0.666788845736));
#3471 = CARTESIAN_POINT('',(-0.286029959241,0.741875358706,
    0.666701690005));
#3472 = CARTESIAN_POINT('',(-0.300421089552,0.742880448994,
    0.666687167099));
#3473 = CARTESIAN_POINT('',(-0.300421089552,0.741884254434,
    0.666600011369));
#3474 = CARTESIAN_POINT('',(-0.312238342005,0.742518951511,
    0.670819102246));
#3475 = CARTESIAN_POINT('',(-0.312238342005,0.74152275695,0.670731946515
    ));
#3476 = CARTESIAN_POINT('',(-0.32143554838,0.741782979505,0.67923130076)
  );
#3477 = CARTESIAN_POINT('',(-0.32143554838,0.740786784945,0.679144145029
    ));
#3478 = ADVANCED_FACE('',(#3479),#3489,.F.);
#3479 = FACE_BOUND('',#3480,.F.);
#3480 = EDGE_LOOP('',(#3481,#3482,#3483,#3488));
#3481 = ORIENTED_EDGE('',*,*,#3464,.F.);
#3482 = ORIENTED_EDGE('',*,*,#3336,.T.);
#3483 = ORIENTED_EDGE('',*,*,#3484,.T.);
#3484 = EDGE_CURVE('',#3337,#1097,#3485,.T.);
#3485 = B_SPLINE_CURVE_WITH_KNOTS('',1,(#3486,#3487),.UNSPECIFIED.,.F.,
  .F.,(2,2),(-0.,9.99999861577E-04),.PIECEWISE_BEZIER_KNOTS.);
#3486 = CARTESIAN_POINT('',(-0.335392867632,0.738837136739,0.71290243765
    ));
#3487 = CARTESIAN_POINT('',(-0.335392867632,0.737840942179,
    0.712815281919));
#3488 = ORIENTED_EDGE('',*,*,#1105,.F.);
#3489 = B_SPLINE_SURFACE_WITH_KNOTS('',3,1,(
    (#3490,#3491)
    ,(#3492,#3493)
    ,(#3494,#3495)
    ,(#3496,#3497
    )),.UNSPECIFIED.,.F.,.F.,.F.,(4,4),(2,2),(4.,5.),(0.,1.),
  .PIECEWISE_BEZIER_KNOTS.);
#3490 = CARTESIAN_POINT('',(-0.32143554838,0.741782979505,0.67923130076)
  );
#3491 = CARTESIAN_POINT('',(-0.32143554838,0.740786784945,0.679144145029
    ));
#3492 = CARTESIAN_POINT('',(-0.330632754755,0.7410470075,0.687643499274)
  );
#3493 = CARTESIAN_POINT('',(-0.330632754755,0.74005081294,0.687556343543
    ));
#3494 = CARTESIAN_POINT('',(-0.335292944172,0.740065064702,
    0.698867156816));
#3495 = CARTESIAN_POINT('',(-0.335292944172,0.739068870142,
    0.698780001085));
#3496 = CARTESIAN_POINT('',(-0.335392867632,0.738837136739,0.71290243765
    ));
#3497 = CARTESIAN_POINT('',(-0.335392867632,0.737840942179,
    0.712815281919));
#3498 = ADVANCED_FACE('',(#3499),#3509,.F.);
#3499 = FACE_BOUND('',#3500,.F.);
#3500 = EDGE_LOOP('',(#3501,#3502,#3503,#3508));
#3501 = ORIENTED_EDGE('',*,*,#3484,.F.);
#3502 = ORIENTED_EDGE('',*,*,#3345,.T.);
#3503 = ORIENTED_EDGE('',*,*,#3504,.T.);
#3504 = EDGE_CURVE('',#3346,#1088,#3505,.T.);
#3505 = B_SPLINE_CURVE_WITH_KNOTS('',1,(#3506,#3507),.UNSPECIFIED.,.F.,
  .F.,(2,2),(-0.,9.999998615769E-04),.PIECEWISE_BEZIER_KNOTS.);
#3506 = CARTESIAN_POINT('',(-0.321904825881,0.736016175907,
    0.745146167513));
#3507 = CARTESIAN_POINT('',(-0.321904825881,0.735019981346,
    0.745059011782));
#3508 = ORIENTED_EDGE('',*,*,#1096,.F.);
#3509 = B_SPLINE_SURFACE_WITH_KNOTS('',3,1,(
    (#3510,#3511)
    ,(#3512,#3513)
    ,(#3514,#3515)
    ,(#3516,#3517
    )),.UNSPECIFIED.,.F.,.F.,.F.,(4,4),(2,2),(3.,4.),(0.,1.),
  .PIECEWISE_BEZIER_KNOTS.);
#3510 = CARTESIAN_POINT('',(-0.335392867632,0.738837136739,0.71290243765
    ));
#3511 = CARTESIAN_POINT('',(-0.335392867632,0.737840942179,
    0.712815281919));
#3512 = CARTESIAN_POINT('',(-0.335488503946,0.737661892155,
    0.726335544718));
#3513 = CARTESIAN_POINT('',(-0.335488503946,0.736665697595,
    0.726248388987));
#3514 = CARTESIAN_POINT('',(-0.330984630436,0.736722917943,
    0.737068069073));
#3515 = CARTESIAN_POINT('',(-0.330984630436,0.735726723383,
    0.736980913343));
#3516 = CARTESIAN_POINT('',(-0.321904825881,0.736016175907,
    0.745146167513));
#3517 = CARTESIAN_POINT('',(-0.321904825881,0.735019981346,
    0.745059011782));
#3518 = ADVANCED_FACE('',(#3519),#3529,.F.);
#3519 = FACE_BOUND('',#3520,.F.);
#3520 = EDGE_LOOP('',(#3521,#3522,#3523,#3528));
#3521 = ORIENTED_EDGE('',*,*,#3504,.F.);
#3522 = ORIENTED_EDGE('',*,*,#3354,.T.);
#3523 = ORIENTED_EDGE('',*,*,#3524,.T.);
#3524 = EDGE_CURVE('',#3355,#1081,#3525,.T.);
#3525 = B_SPLINE_CURVE_WITH_KNOTS('',1,(#3526,#3527),.UNSPECIFIED.,.F.,
  .F.,(2,2),(-0.,9.999998615769E-04),.PIECEWISE_BEZIER_KNOTS.);
#3526 = CARTESIAN_POINT('',(-0.287604969648,0.734945306018,
    0.757386266349));
#3527 = CARTESIAN_POINT('',(-0.287604969648,0.733949111458,
    0.757299110619));
#3528 = ORIENTED_EDGE('',*,*,#1087,.F.);
#3529 = B_SPLINE_SURFACE_WITH_KNOTS('',3,1,(
    (#3530,#3531)
    ,(#3532,#3533)
    ,(#3534,#3535)
    ,(#3536,#3537
    )),.UNSPECIFIED.,.F.,.F.,.F.,(4,4),(2,2),(2.,3.),(0.,1.),
  .PIECEWISE_BEZIER_KNOTS.);
#3530 = CARTESIAN_POINT('',(-0.321904825881,0.736016175907,
    0.745146167513));
#3531 = CARTESIAN_POINT('',(-0.321904825881,0.735019981346,
    0.745059011782));
#3532 = CARTESIAN_POINT('',(-0.312825021327,0.73530943387,0.753224265952
    ));
#3533 = CARTESIAN_POINT('',(-0.312825021327,0.73431323931,0.753137110221
    ));
#3534 = CARTESIAN_POINT('',(-0.301391625989,0.734953828097,
    0.757288858544));
#3535 = CARTESIAN_POINT('',(-0.301391625989,0.733957633537,
    0.757201702814));
#3536 = CARTESIAN_POINT('',(-0.287604969648,0.734945306018,
    0.757386266349));
#3537 = CARTESIAN_POINT('',(-0.287604969648,0.733949111458,
    0.757299110619));
#3538 = ADVANCED_FACE('',(#3539),#3549,.F.);
#3539 = FACE_BOUND('',#3540,.T.);
#3540 = EDGE_LOOP('',(#3541,#3542,#3547,#3548));
#3541 = ORIENTED_EDGE('',*,*,#1080,.T.);
#3542 = ORIENTED_EDGE('',*,*,#3543,.F.);
#3543 = EDGE_CURVE('',#3364,#1074,#3544,.T.);
#3544 = B_SPLINE_CURVE_WITH_KNOTS('',1,(#3545,#3546),.UNSPECIFIED.,.F.,
  .F.,(2,2),(-0.,9.999998615769E-04),.PIECEWISE_BEZIER_KNOTS.);
#3545 = CARTESIAN_POINT('',(-0.261659086889,0.73492926784,0.757569583567
    ));
#3546 = CARTESIAN_POINT('',(-0.261659086889,0.733933073279,
    0.757482427837));
#3547 = ORIENTED_EDGE('',*,*,#3363,.F.);
#3548 = ORIENTED_EDGE('',*,*,#3524,.T.);
#3549 = B_SPLINE_SURFACE_WITH_KNOTS('',1,1,(
    (#3550,#3551)
    ,(#3552,#3553
    )),.UNSPECIFIED.,.F.,.F.,.F.,(2,2),(2,2),(-9.999999999999E-04,
    5.407550484505E-17),(-2.594653530986E-02,1.466917749357E-22),
  .PIECEWISE_BEZIER_KNOTS.);
#3550 = CARTESIAN_POINT('',(-0.287604969648,0.73394911132,0.757299110607
    ));
#3551 = CARTESIAN_POINT('',(-0.261659086889,0.733933073142,
    0.757482427825));
#3552 = CARTESIAN_POINT('',(-0.287604969648,0.734945306018,
    0.757386266349));
#3553 = CARTESIAN_POINT('',(-0.261659086889,0.73492926784,0.757569583567
    ));
#3554 = ADVANCED_FACE('',(#3555),#3561,.F.);
#3555 = FACE_BOUND('',#3556,.T.);
#3556 = EDGE_LOOP('',(#3557,#3558,#3559,#3560));
#3557 = ORIENTED_EDGE('',*,*,#1073,.T.);
#3558 = ORIENTED_EDGE('',*,*,#3449,.F.);
#3559 = ORIENTED_EDGE('',*,*,#3370,.F.);
#3560 = ORIENTED_EDGE('',*,*,#3543,.T.);
#3561 = B_SPLINE_SURFACE_WITH_KNOTS('',1,1,(
    (#3562,#3563)
    ,(#3564,#3565
    )),.UNSPECIFIED.,.F.,.F.,.F.,(2,2),(2,2),(-8.715356744661E-05,
    9.060628716346E-02),(-8.923018496225E-03,0.),
  .PIECEWISE_BEZIER_KNOTS.);
#3562 = CARTESIAN_POINT('',(-0.261018936076,0.733933073142,
    0.666878402084));
#3563 = CARTESIAN_POINT('',(-0.261013420681,0.742856089933,
    0.666878441052));
#3564 = CARTESIAN_POINT('',(-0.261659702646,0.733933073142,
    0.757569579217));
#3565 = CARTESIAN_POINT('',(-0.261654187251,0.742856089933,
    0.757569618185));
#3566 = ADVANCED_FACE('',(#3567),#3589,.T.);
#3567 = FACE_BOUND('',#3568,.T.);
#3568 = EDGE_LOOP('',(#3569,#3578,#3583,#3584));
#3569 = ORIENTED_EDGE('',*,*,#3570,.F.);
#3570 = EDGE_CURVE('',#3571,#3573,#3575,.T.);
#3571 = VERTEX_POINT('',#3572);
#3572 = CARTESIAN_POINT('',(-0.287065789081,0.73486065173,0.746880157631
    ));
#3573 = VERTEX_POINT('',#3574);
#3574 = CARTESIAN_POINT('',(-0.273325630739,0.734852158394,0.74697723691
    ));
#3575 = B_SPLINE_CURVE_WITH_KNOTS('',1,(#3576,#3577),.UNSPECIFIED.,.F.,
  .F.,(2,2),(-5.472100080147E-17,1.374050391321E-02),
  .PIECEWISE_BEZIER_KNOTS.);
#3576 = CARTESIAN_POINT('',(-0.287065789081,0.734860651592,
    0.746880157619));
#3577 = CARTESIAN_POINT('',(-0.273325630739,0.734852158256,
    0.746977236898));
#3578 = ORIENTED_EDGE('',*,*,#3579,.F.);
#3579 = EDGE_CURVE('',#3387,#3571,#3580,.T.);
#3580 = B_SPLINE_CURVE_WITH_KNOTS('',1,(#3581,#3582),.UNSPECIFIED.,.F.,
  .F.,(2,2),(-0.,9.99999861577E-04),.PIECEWISE_BEZIER_KNOTS.);
#3581 = CARTESIAN_POINT('',(-0.287065789081,0.73585684629,0.746967313362
    ));
#3582 = CARTESIAN_POINT('',(-0.287065789081,0.73486065173,0.746880157631
    ));
#3583 = ORIENTED_EDGE('',*,*,#3386,.T.);
#3584 = ORIENTED_EDGE('',*,*,#3585,.T.);
#3585 = EDGE_CURVE('',#3378,#3573,#3586,.T.);
#3586 = B_SPLINE_CURVE_WITH_KNOTS('',1,(#3587,#3588),.UNSPECIFIED.,.F.,
  .F.,(2,2),(-0.,9.99999861577E-04),.PIECEWISE_BEZIER_KNOTS.);
#3587 = CARTESIAN_POINT('',(-0.273325630739,0.735848352954,
    0.747064392641));
#3588 = CARTESIAN_POINT('',(-0.273325630739,0.734852158394,0.74697723691
    ));
#3589 = B_SPLINE_SURFACE_WITH_KNOTS('',1,1,(
    (#3590,#3591)
    ,(#3592,#3593
    )),.UNSPECIFIED.,.F.,.F.,.F.,(2,2),(2,2),(-9.999999999999E-04,
    6.890081625552E-17),(-5.550975513611E-17,1.374050391321E-02),
  .PIECEWISE_BEZIER_KNOTS.);
#3590 = CARTESIAN_POINT('',(-0.287065789081,0.734860651592,
    0.746880157619));
#3591 = CARTESIAN_POINT('',(-0.273325630739,0.734852158256,
    0.746977236898));
#3592 = CARTESIAN_POINT('',(-0.287065789081,0.73585684629,0.746967313362
    ));
#3593 = CARTESIAN_POINT('',(-0.273325630739,0.735848352954,
    0.747064392641));
#3594 = ADVANCED_FACE('',(#3595),#3611,.T.);
#3595 = FACE_BOUND('',#3596,.T.);
#3596 = EDGE_LOOP('',(#3597,#3604,#3605,#3606));
#3597 = ORIENTED_EDGE('',*,*,#3598,.F.);
#3598 = EDGE_CURVE('',#3573,#3599,#3601,.T.);
#3599 = VERTEX_POINT('',#3600);
#3600 = CARTESIAN_POINT('',(-0.272828321904,0.740963430233,
    0.677125080155));
#3601 = B_SPLINE_CURVE_WITH_KNOTS('',1,(#3602,#3603),.UNSPECIFIED.,.F.,
  .F.,(2,2),(-3.343743510323E-16,7.012074417029E-02),
  .PIECEWISE_BEZIER_KNOTS.);
#3602 = CARTESIAN_POINT('',(-0.273325630739,0.734852158256,
    0.746977236898));
#3603 = CARTESIAN_POINT('',(-0.272828321904,0.740963430095,
    0.677125080143));
#3604 = ORIENTED_EDGE('',*,*,#3585,.F.);
#3605 = ORIENTED_EDGE('',*,*,#3377,.T.);
#3606 = ORIENTED_EDGE('',*,*,#3607,.T.);
#3607 = EDGE_CURVE('',#3380,#3599,#3608,.T.);
#3608 = B_SPLINE_CURVE_WITH_KNOTS('',1,(#3609,#3610),.UNSPECIFIED.,.F.,
  .F.,(2,2),(-0.,9.99999861577E-04),.PIECEWISE_BEZIER_KNOTS.);
#3609 = CARTESIAN_POINT('',(-0.272828321904,0.741959624793,
    0.677212235885));
#3610 = CARTESIAN_POINT('',(-0.272828321904,0.740963430233,
    0.677125080155));
#3611 = B_SPLINE_SURFACE_WITH_KNOTS('',1,1,(
    (#3612,#3613)
    ,(#3614,#3615
    )),.UNSPECIFIED.,.F.,.F.,.F.,(2,2),(2,2),(-6.994108048094E-02,0.),(
    -9.961948884035E-04,6.111273006453E-03),.PIECEWISE_BEZIER_KNOTS.);
#3612 = CARTESIAN_POINT('',(-0.272832099335,0.734852158256,
    0.677125053454));
#3613 = CARTESIAN_POINT('',(-0.272827706147,0.741959624793,
    0.677125084493));
#3614 = CARTESIAN_POINT('',(-0.273326246496,0.734852158256,0.74706438829
    ));
#3615 = CARTESIAN_POINT('',(-0.273321853308,0.741959624793,0.74706441933
    ));
#3616 = ADVANCED_FACE('',(#3617),#3633,.T.);
#3617 = FACE_BOUND('',#3618,.T.);
#3618 = EDGE_LOOP('',(#3619,#3626,#3627,#3628));
#3619 = ORIENTED_EDGE('',*,*,#3620,.F.);
#3620 = EDGE_CURVE('',#3599,#3621,#3623,.T.);
#3621 = VERTEX_POINT('',#3622);
#3622 = CARTESIAN_POINT('',(-0.286033753272,0.740971593033,
    0.677031778918));
#3623 = B_SPLINE_CURVE_WITH_KNOTS('',1,(#3624,#3625),.UNSPECIFIED.,.F.,
  .F.,(2,2),(2.22103286182E-16,1.320576349077E-02),
  .PIECEWISE_BEZIER_KNOTS.);
#3624 = CARTESIAN_POINT('',(-0.272828321904,0.740963430095,
    0.677125080143));
#3625 = CARTESIAN_POINT('',(-0.286033753272,0.740971592895,
    0.677031778906));
#3626 = ORIENTED_EDGE('',*,*,#3607,.F.);
#3627 = ORIENTED_EDGE('',*,*,#3429,.T.);
#3628 = ORIENTED_EDGE('',*,*,#3629,.T.);
#3629 = EDGE_CURVE('',#3421,#3621,#3630,.T.);
#3630 = B_SPLINE_CURVE_WITH_KNOTS('',1,(#3631,#3632),.UNSPECIFIED.,.F.,
  .F.,(2,2),(-0.,9.999998615768E-04),.PIECEWISE_BEZIER_KNOTS.);
#3631 = CARTESIAN_POINT('',(-0.286033753272,0.741967787593,
    0.677118934649));
#3632 = CARTESIAN_POINT('',(-0.286033753272,0.740971593033,
    0.677031778918));
#3633 = B_SPLINE_SURFACE_WITH_KNOTS('',1,1,(
    (#3634,#3635)
    ,(#3636,#3637)),.UNSPECIFIED.,.F.,.F.,.F.,(2,2),(2,2),(0.,1.E-03),(
    -1.320576349077E-02,0.),.PIECEWISE_BEZIER_KNOTS.);
#3634 = CARTESIAN_POINT('',(-0.286033753272,0.741967787593,
    0.677118934649));
#3635 = CARTESIAN_POINT('',(-0.272828321904,0.741959624793,
    0.677212235885));
#3636 = CARTESIAN_POINT('',(-0.286033753272,0.740971592895,
    0.677031778906));
#3637 = CARTESIAN_POINT('',(-0.272828321904,0.740963430095,
    0.677125080143));
#3638 = ADVANCED_FACE('',(#3639),#3657,.T.);
#3639 = FACE_BOUND('',#3640,.T.);
#3640 = EDGE_LOOP('',(#3641,#3650,#3651,#3652));
#3641 = ORIENTED_EDGE('',*,*,#3642,.F.);
#3642 = EDGE_CURVE('',#3621,#3643,#3645,.T.);
#3643 = VERTEX_POINT('',#3644);
#3644 = CARTESIAN_POINT('',(-0.31313961418,0.740161582878,0.686290237358
    ));
#3645 = B_SPLINE_CURVE_WITH_KNOTS('',3,(#3646,#3647,#3648,#3649),
  .UNSPECIFIED.,.F.,.F.,(4,4),(2.,3.),.PIECEWISE_BEZIER_KNOTS.);
#3646 = CARTESIAN_POINT('',(-0.286033753272,0.740971593033,
    0.677031778918));
#3647 = CARTESIAN_POINT('',(-0.29758850572,0.740978735346,0.676950140324
    ));
#3648 = CARTESIAN_POINT('',(-0.306631542355,0.740708736751,
    0.680036238383));
#3649 = CARTESIAN_POINT('',(-0.31313961418,0.740161582878,0.686290237358
    ));
#3650 = ORIENTED_EDGE('',*,*,#3629,.F.);
#3651 = ORIENTED_EDGE('',*,*,#3420,.T.);
#3652 = ORIENTED_EDGE('',*,*,#3653,.T.);
#3653 = EDGE_CURVE('',#3412,#3643,#3654,.T.);
#3654 = B_SPLINE_CURVE_WITH_KNOTS('',1,(#3655,#3656),.UNSPECIFIED.,.F.,
  .F.,(2,2),(-0.,9.99999861577E-04),.PIECEWISE_BEZIER_KNOTS.);
#3655 = CARTESIAN_POINT('',(-0.31313961418,0.741157777438,0.686377393088
    ));
#3656 = CARTESIAN_POINT('',(-0.31313961418,0.740161582878,0.686290237358
    ));
#3657 = B_SPLINE_SURFACE_WITH_KNOTS('',3,1,(
    (#3658,#3659)
    ,(#3660,#3661)
    ,(#3662,#3663)
    ,(#3664,#3665
    )),.UNSPECIFIED.,.F.,.F.,.F.,(4,4),(2,2),(2.,3.),(0.,1.),
  .PIECEWISE_BEZIER_KNOTS.);
#3658 = CARTESIAN_POINT('',(-0.286033753272,0.741967787593,
    0.677118934649));
#3659 = CARTESIAN_POINT('',(-0.286033753272,0.740971593033,
    0.677031778918));
#3660 = CARTESIAN_POINT('',(-0.29758850572,0.741974930044,0.677037296067
    ));
#3661 = CARTESIAN_POINT('',(-0.29758850572,0.740978735484,0.676950140336
    ));
#3662 = CARTESIAN_POINT('',(-0.306631542355,0.741704931449,
    0.680123394126));
#3663 = CARTESIAN_POINT('',(-0.306631542355,0.740708736889,
    0.680036238395));
#3664 = CARTESIAN_POINT('',(-0.31313961418,0.741157777438,0.686377393088
    ));
#3665 = CARTESIAN_POINT('',(-0.31313961418,0.740161582878,0.686290237358
    ));
#3666 = ADVANCED_FACE('',(#3667),#3685,.T.);
#3667 = FACE_BOUND('',#3668,.T.);
#3668 = EDGE_LOOP('',(#3669,#3678,#3679,#3680));
#3669 = ORIENTED_EDGE('',*,*,#3670,.F.);
#3670 = EDGE_CURVE('',#3643,#3671,#3673,.T.);
#3671 = VERTEX_POINT('',#3672);
#3672 = CARTESIAN_POINT('',(-0.32304534076,0.737861679083,0.712578258022
    ));
#3673 = B_SPLINE_CURVE_WITH_KNOTS('',3,(#3674,#3675,#3676,#3677),
  .UNSPECIFIED.,.F.,.F.,(4,4),(3.,4.),.PIECEWISE_BEZIER_KNOTS.);
#3674 = CARTESIAN_POINT('',(-0.31313961418,0.740161582878,0.686290237358
    ));
#3675 = CARTESIAN_POINT('',(-0.319670605223,0.739618495668,
    0.692497750987));
#3676 = CARTESIAN_POINT('',(-0.322964874343,0.738850505423,
    0.701275919649));
#3677 = CARTESIAN_POINT('',(-0.32304534076,0.737861679083,0.712578258022
    ));
#3678 = ORIENTED_EDGE('',*,*,#3653,.F.);
#3679 = ORIENTED_EDGE('',*,*,#3411,.T.);
#3680 = ORIENTED_EDGE('',*,*,#3681,.T.);
#3681 = EDGE_CURVE('',#3403,#3671,#3682,.T.);
#3682 = B_SPLINE_CURVE_WITH_KNOTS('',1,(#3683,#3684),.UNSPECIFIED.,.F.,
  .F.,(2,2),(-0.,9.99999861577E-04),.PIECEWISE_BEZIER_KNOTS.);
#3683 = CARTESIAN_POINT('',(-0.32304534076,0.738857873643,0.712665413753
    ));
#3684 = CARTESIAN_POINT('',(-0.32304534076,0.737861679083,0.712578258022
    ));
#3685 = B_SPLINE_SURFACE_WITH_KNOTS('',3,1,(
    (#3686,#3687)
    ,(#3688,#3689)
    ,(#3690,#3691)
    ,(#3692,#3693
    )),.UNSPECIFIED.,.F.,.F.,.F.,(4,4),(2,2),(3.,4.),(0.,1.),
  .PIECEWISE_BEZIER_KNOTS.);
#3686 = CARTESIAN_POINT('',(-0.31313961418,0.741157777438,0.686377393088
    ));
#3687 = CARTESIAN_POINT('',(-0.31313961418,0.740161582878,0.686290237358
    ));
#3688 = CARTESIAN_POINT('',(-0.319670605223,0.740614690366,0.69258490673
    ));
#3689 = CARTESIAN_POINT('',(-0.319670605223,0.739618495806,
    0.692497750999));
#3690 = CARTESIAN_POINT('',(-0.322964874343,0.739846700121,
    0.701363075391));
#3691 = CARTESIAN_POINT('',(-0.322964874343,0.738850505561,
    0.701275919661));
#3692 = CARTESIAN_POINT('',(-0.32304534076,0.738857873643,0.712665413753
    ));
#3693 = CARTESIAN_POINT('',(-0.32304534076,0.737861679083,0.712578258022
    ));
#3694 = ADVANCED_FACE('',(#3695),#3713,.T.);
#3695 = FACE_BOUND('',#3696,.T.);
#3696 = EDGE_LOOP('',(#3697,#3706,#3707,#3708));
#3697 = ORIENTED_EDGE('',*,*,#3698,.F.);
#3698 = EDGE_CURVE('',#3671,#3699,#3701,.T.);
#3699 = VERTEX_POINT('',#3700);
#3700 = CARTESIAN_POINT('',(-0.313253229234,0.735622549021,
    0.738171630155));
#3701 = B_SPLINE_CURVE_WITH_KNOTS('',3,(#3702,#3703,#3704,#3705),
  .UNSPECIFIED.,.F.,.F.,(4,4),(4.,5.),.PIECEWISE_BEZIER_KNOTS.);
#3702 = CARTESIAN_POINT('',(-0.32304534076,0.737861679083,0.712578258022
    ));
#3703 = CARTESIAN_POINT('',(-0.323125807176,0.736872852467,
    0.723880596371));
#3704 = CARTESIAN_POINT('',(-0.319861879927,0.73612512497,0.732427160772
    ));
#3705 = CARTESIAN_POINT('',(-0.313253229234,0.735622549021,
    0.738171630155));
#3706 = ORIENTED_EDGE('',*,*,#3681,.F.);
#3707 = ORIENTED_EDGE('',*,*,#3402,.T.);
#3708 = ORIENTED_EDGE('',*,*,#3709,.T.);
#3709 = EDGE_CURVE('',#3394,#3699,#3710,.T.);
#3710 = B_SPLINE_CURVE_WITH_KNOTS('',1,(#3711,#3712),.UNSPECIFIED.,.F.,
  .F.,(2,2),(1.105998290831E-16,9.999999999999E-04),
  .PIECEWISE_BEZIER_KNOTS.);
#3711 = CARTESIAN_POINT('',(-0.313253229234,0.736618743719,
    0.738258785898));
#3712 = CARTESIAN_POINT('',(-0.313253229234,0.735622549021,
    0.738171630155));
#3713 = B_SPLINE_SURFACE_WITH_KNOTS('',3,1,(
    (#3714,#3715)
    ,(#3716,#3717)
    ,(#3718,#3719)
    ,(#3720,#3721
    )),.UNSPECIFIED.,.F.,.F.,.F.,(4,4),(2,2),(4.,5.),(0.,1.),
  .PIECEWISE_BEZIER_KNOTS.);
#3714 = CARTESIAN_POINT('',(-0.32304534076,0.738857873643,0.712665413753
    ));
#3715 = CARTESIAN_POINT('',(-0.32304534076,0.737861678945,0.71257825801)
  );
#3716 = CARTESIAN_POINT('',(-0.323125807176,0.737869047166,
    0.723967752114));
#3717 = CARTESIAN_POINT('',(-0.323125807176,0.736872852467,
    0.723880596371));
#3718 = CARTESIAN_POINT('',(-0.319861879927,0.737121319668,
    0.732514316515));
#3719 = CARTESIAN_POINT('',(-0.319861879927,0.73612512497,0.732427160772
    ));
#3720 = CARTESIAN_POINT('',(-0.313253229234,0.736618743719,
    0.738258785898));
#3721 = CARTESIAN_POINT('',(-0.313253229234,0.735622549021,
    0.738171630155));
#3722 = ADVANCED_FACE('',(#3723),#3735,.T.);
#3723 = FACE_BOUND('',#3724,.T.);
#3724 = EDGE_LOOP('',(#3725,#3732,#3733,#3734));
#3725 = ORIENTED_EDGE('',*,*,#3726,.F.);
#3726 = EDGE_CURVE('',#3699,#3571,#3727,.T.);
#3727 = B_SPLINE_CURVE_WITH_KNOTS('',3,(#3728,#3729,#3730,#3731),
  .UNSPECIFIED.,.F.,.F.,(4,4),(5.,6.),.PIECEWISE_BEZIER_KNOTS.);
#3728 = CARTESIAN_POINT('',(-0.313253229234,0.735622549021,
    0.738171630155));
#3729 = CARTESIAN_POINT('',(-0.30664457854,0.735119973072,0.743916099539
    ));
#3730 = CARTESIAN_POINT('',(-0.297899822563,0.734867348538,
    0.746803611182));
#3731 = CARTESIAN_POINT('',(-0.287065789081,0.73486065173,0.746880157631
    ));
#3732 = ORIENTED_EDGE('',*,*,#3709,.F.);
#3733 = ORIENTED_EDGE('',*,*,#3393,.T.);
#3734 = ORIENTED_EDGE('',*,*,#3579,.T.);
#3735 = B_SPLINE_SURFACE_WITH_KNOTS('',3,1,(
    (#3736,#3737)
    ,(#3738,#3739)
    ,(#3740,#3741)
    ,(#3742,#3743
    )),.UNSPECIFIED.,.F.,.F.,.F.,(4,4),(2,2),(5.,6.),(0.,1.),
  .PIECEWISE_BEZIER_KNOTS.);
#3736 = CARTESIAN_POINT('',(-0.313253229234,0.736618743719,
    0.738258785898));
#3737 = CARTESIAN_POINT('',(-0.313253229234,0.735622549021,
    0.738171630155));
#3738 = CARTESIAN_POINT('',(-0.30664457854,0.73611616777,0.744003255281)
  );
#3739 = CARTESIAN_POINT('',(-0.30664457854,0.735119973072,0.743916099539
    ));
#3740 = CARTESIAN_POINT('',(-0.297899822563,0.735863543236,
    0.746890766925));
#3741 = CARTESIAN_POINT('',(-0.297899822563,0.734867348538,
    0.746803611182));
#3742 = CARTESIAN_POINT('',(-0.287065789081,0.73585684629,0.746967313362
    ));
#3743 = CARTESIAN_POINT('',(-0.287065789081,0.734860651592,
    0.746880157619));
#3744 = ADVANCED_FACE('',(#3745),#3754,.T.);
#3745 = FACE_BOUND('',#3746,.T.);
#3746 = EDGE_LOOP('',(#3747,#3748,#3749,#3750,#3751,#3752,#3753));
#3747 = ORIENTED_EDGE('',*,*,#3726,.T.);
#3748 = ORIENTED_EDGE('',*,*,#3570,.T.);
#3749 = ORIENTED_EDGE('',*,*,#3598,.T.);
#3750 = ORIENTED_EDGE('',*,*,#3620,.T.);
#3751 = ORIENTED_EDGE('',*,*,#3642,.T.);
#3752 = ORIENTED_EDGE('',*,*,#3670,.T.);
#3753 = ORIENTED_EDGE('',*,*,#3698,.T.);
#3754 = B_SPLINE_SURFACE_WITH_KNOTS('',1,1,(
    (#3755,#3756)
    ,(#3757,#3758
    )),.UNSPECIFIED.,.F.,.F.,.F.,(2,2),(2,2),(0.677193064459,
    0.747487653165),(1.026874192824,1.077171678096),
  .PIECEWISE_BEZIER_KNOTS.);
#3755 = CARTESIAN_POINT('',(-0.323125807176,0.740978735484,
    0.676950140336));
#3756 = CARTESIAN_POINT('',(-0.272828321904,0.740978735484,
    0.676950140336));
#3757 = CARTESIAN_POINT('',(-0.323125807176,0.734852158394,0.74697723691
    ));
#3758 = CARTESIAN_POINT('',(-0.272828321904,0.734852158394,0.74697723691
    ));
#3759 = ADVANCED_FACE('',(#3760,#3818),#3866,.F.);
#3760 = FACE_BOUND('',#3761,.T.);
#3761 = EDGE_LOOP('',(#3762,#3771,#3778,#3785,#3792,#3799,#3806,#3813));
#3762 = ORIENTED_EDGE('',*,*,#3763,.T.);
#3763 = EDGE_CURVE('',#3764,#3766,#3768,.T.);
#3764 = VERTEX_POINT('',#3765);
#3765 = CARTESIAN_POINT('',(-0.421943606741,0.742955566878,
    0.665828565756));
#3766 = VERTEX_POINT('',#3767);
#3767 = CARTESIAN_POINT('',(-0.387947648849,0.735007331805,
    0.756677308362));
#3768 = B_SPLINE_CURVE_WITH_KNOTS('',1,(#3769,#3770),.UNSPECIFIED.,.F.,
  .F.,(2,2),(-9.732622270957E-02,0.),.PIECEWISE_BEZIER_KNOTS.);
#3769 = CARTESIAN_POINT('',(-0.421943606741,0.742955566878,
    0.665828565756));
#3770 = CARTESIAN_POINT('',(-0.387947648849,0.735007331805,
    0.756677308362));
#3771 = ORIENTED_EDGE('',*,*,#3772,.T.);
#3772 = EDGE_CURVE('',#3766,#3773,#3775,.T.);
#3773 = VERTEX_POINT('',#3774);
#3774 = CARTESIAN_POINT('',(-0.37539318945,0.734999571396,0.756766010242
    ));
#3775 = B_SPLINE_CURVE_WITH_KNOTS('',1,(#3776,#3777),.UNSPECIFIED.,.F.,
  .F.,(2,2),(-1.255477514979E-02,0.),.PIECEWISE_BEZIER_KNOTS.);
#3776 = CARTESIAN_POINT('',(-0.387947648849,0.735007331805,
    0.756677308362));
#3777 = CARTESIAN_POINT('',(-0.37539318945,0.734999571396,0.756766010242
    ));
#3778 = ORIENTED_EDGE('',*,*,#3779,.T.);
#3779 = EDGE_CURVE('',#3773,#3780,#3782,.T.);
#3780 = VERTEX_POINT('',#3781);
#3781 = CARTESIAN_POINT('',(-0.340107130655,0.742904980509,
    0.666406770602));
#3782 = B_SPLINE_CURVE_WITH_KNOTS('',1,(#3783,#3784),.UNSPECIFIED.,.F.,
  .F.,(2,2),(-9.732622270935E-02,0.),.PIECEWISE_BEZIER_KNOTS.);
#3783 = CARTESIAN_POINT('',(-0.37539318945,0.734999571396,0.756766010242
    ));
#3784 = CARTESIAN_POINT('',(-0.340107130655,0.742904980509,
    0.666406770602));
#3785 = ORIENTED_EDGE('',*,*,#3786,.T.);
#3786 = EDGE_CURVE('',#3780,#3787,#3789,.T.);
#3787 = VERTEX_POINT('',#3788);
#3788 = CARTESIAN_POINT('',(-0.353080072034,0.742912999598,
    0.666315111993));
#3789 = B_SPLINE_CURVE_WITH_KNOTS('',1,(#3790,#3791),.UNSPECIFIED.,.F.,
  .F.,(2,2),(-1.297326765431E-02,0.),.PIECEWISE_BEZIER_KNOTS.);
#3790 = CARTESIAN_POINT('',(-0.340107130655,0.742904980509,
    0.666406770602));
#3791 = CARTESIAN_POINT('',(-0.353080072034,0.742912999598,
    0.666315111993));
#3792 = ORIENTED_EDGE('',*,*,#3793,.T.);
#3793 = EDGE_CURVE('',#3787,#3794,#3796,.T.);
#3794 = VERTEX_POINT('',#3795);
#3795 = CARTESIAN_POINT('',(-0.361998128127,0.740750279513,
    0.691035115691));
#3796 = B_SPLINE_CURVE_WITH_KNOTS('',1,(#3797,#3798),.UNSPECIFIED.,.F.,
  .F.,(2,2),(-2.636830797529E-02,0.),.PIECEWISE_BEZIER_KNOTS.);
#3797 = CARTESIAN_POINT('',(-0.353080072034,0.742912999598,
    0.666315111993));
#3798 = CARTESIAN_POINT('',(-0.361998128127,0.740750279513,
    0.691035115691));
#3799 = ORIENTED_EDGE('',*,*,#3800,.T.);
#3800 = EDGE_CURVE('',#3794,#3801,#3803,.T.);
#3801 = VERTEX_POINT('',#3802);
#3802 = CARTESIAN_POINT('',(-0.399870747316,0.740773690079,
    0.690767531687));
#3803 = B_SPLINE_CURVE_WITH_KNOTS('',1,(#3804,#3805),.UNSPECIFIED.,.F.,
  .F.,(2,2),(-3.787357170226E-02,0.),.PIECEWISE_BEZIER_KNOTS.);
#3804 = CARTESIAN_POINT('',(-0.361998128127,0.740750279513,
    0.691035115691));
#3805 = CARTESIAN_POINT('',(-0.399870747316,0.740773690079,
    0.690767531687));
#3806 = ORIENTED_EDGE('',*,*,#3807,.T.);
#3807 = EDGE_CURVE('',#3801,#3808,#3810,.T.);
#3808 = VERTEX_POINT('',#3809);
#3809 = CARTESIAN_POINT('',(-0.408970665361,0.742947547789,
    0.665920224365));
#3810 = B_SPLINE_CURVE_WITH_KNOTS('',1,(#3811,#3812),.UNSPECIFIED.,.F.,
  .F.,(2,2),(-2.655038317833E-02,0.),.PIECEWISE_BEZIER_KNOTS.);
#3811 = CARTESIAN_POINT('',(-0.399870747316,0.740773690079,
    0.690767531687));
#3812 = CARTESIAN_POINT('',(-0.408970665361,0.742947547789,
    0.665920224365));
#3813 = ORIENTED_EDGE('',*,*,#3814,.T.);
#3814 = EDGE_CURVE('',#3808,#3764,#3815,.T.);
#3815 = B_SPLINE_CURVE_WITH_KNOTS('',1,(#3816,#3817),.UNSPECIFIED.,.F.,
  .F.,(2,2),(-1.297326765493E-02,0.),.PIECEWISE_BEZIER_KNOTS.);
#3816 = CARTESIAN_POINT('',(-0.408970665361,0.742947547789,
    0.665920224365));
#3817 = CARTESIAN_POINT('',(-0.421943606741,0.742955566878,
    0.665828565756));
#3818 = FACE_BOUND('',#3819,.T.);
#3819 = EDGE_LOOP('',(#3820,#3829,#3836,#3845,#3852,#3861));
#3820 = ORIENTED_EDGE('',*,*,#3821,.F.);
#3821 = EDGE_CURVE('',#3822,#3824,#3826,.T.);
#3822 = VERTEX_POINT('',#3823);
#3823 = CARTESIAN_POINT('',(-0.365790849416,0.739856961468,0.70124578766
    ));
#3824 = VERTEX_POINT('',#3825);
#3825 = CARTESIAN_POINT('',(-0.396316784956,0.739875830759,
    0.701030110682));
#3826 = B_SPLINE_CURVE_WITH_KNOTS('',1,(#3827,#3828),.UNSPECIFIED.,.F.,
  .F.,(2,2),(0.,3.052670328093E-02),.PIECEWISE_BEZIER_KNOTS.);
#3827 = CARTESIAN_POINT('',(-0.365790849416,0.739856961468,0.70124578766
    ));
#3828 = CARTESIAN_POINT('',(-0.396316784956,0.739875830759,
    0.701030110682));
#3829 = ORIENTED_EDGE('',*,*,#3830,.F.);
#3830 = EDGE_CURVE('',#3831,#3822,#3833,.T.);
#3831 = VERTEX_POINT('',#3832);
#3832 = CARTESIAN_POINT('',(-0.379659625227,0.736570631174,
    0.738808714807));
#3833 = B_SPLINE_CURVE_WITH_KNOTS('',1,(#3834,#3835),.UNSPECIFIED.,.F.,
  .F.,(2,2),(-1.219640165823E-16,4.017606756677E-02),
  .PIECEWISE_BEZIER_KNOTS.);
#3834 = CARTESIAN_POINT('',(-0.379659625227,0.736570631174,
    0.738808714807));
#3835 = CARTESIAN_POINT('',(-0.365790849416,0.739856961468,0.70124578766
    ));
#3836 = ORIENTED_EDGE('',*,*,#3837,.F.);
#3837 = EDGE_CURVE('',#3838,#3831,#3840,.T.);
#3838 = VERTEX_POINT('',#3839);
#3839 = CARTESIAN_POINT('',(-0.38119274107,0.736016349174,0.745144187055
    ));
#3840 = B_SPLINE_CURVE_WITH_KNOTS('',3,(#3841,#3842,#3843,#3844),
  .UNSPECIFIED.,.F.,.F.,(4,4),(3.,4.),.PIECEWISE_BEZIER_KNOTS.);
#3841 = CARTESIAN_POINT('',(-0.38119274107,0.736016349174,0.745144187055
    ));
#3842 = CARTESIAN_POINT('',(-0.380731553047,0.736255177607,
    0.742414365574));
#3843 = CARTESIAN_POINT('',(-0.380228154173,0.73644129392,0.740287046385
    ));
#3844 = CARTESIAN_POINT('',(-0.379659625227,0.736570631174,
    0.738808714807));
#3845 = ORIENTED_EDGE('',*,*,#3846,.F.);
#3846 = EDGE_CURVE('',#3847,#3838,#3849,.T.);
#3847 = VERTEX_POINT('',#3848);
#3848 = CARTESIAN_POINT('',(-0.381471729056,0.736016521628,
    0.745142215902));
#3849 = B_SPLINE_CURVE_WITH_KNOTS('',1,(#3850,#3851),.UNSPECIFIED.,.F.,
  .F.,(2,2),(-7.843937309982E-19,2.78995003012E-04),
  .PIECEWISE_BEZIER_KNOTS.);
#3850 = CARTESIAN_POINT('',(-0.381471729056,0.736016521628,
    0.745142215902));
#3851 = CARTESIAN_POINT('',(-0.38119274107,0.736016349174,0.745144187055
    ));
#3852 = ORIENTED_EDGE('',*,*,#3853,.F.);
#3853 = EDGE_CURVE('',#3854,#3847,#3856,.T.);
#3854 = VERTEX_POINT('',#3855);
#3855 = CARTESIAN_POINT('',(-0.382844738074,0.736572600019,
    0.738786210811));
#3856 = B_SPLINE_CURVE_WITH_KNOTS('',3,(#3857,#3858,#3859,#3860),
  .UNSPECIFIED.,.F.,.F.,(4,4),(1.,2.),.PIECEWISE_BEZIER_KNOTS.);
#3857 = CARTESIAN_POINT('',(-0.382844738074,0.736572600019,
    0.738786210811));
#3858 = CARTESIAN_POINT('',(-0.382411911166,0.736462907644,
    0.740040000392));
#3859 = CARTESIAN_POINT('',(-0.381961771306,0.736280254682,
    0.742127733296));
#3860 = CARTESIAN_POINT('',(-0.381471729056,0.736016521628,
    0.745142215902));
#3861 = ORIENTED_EDGE('',*,*,#3862,.F.);
#3862 = EDGE_CURVE('',#3824,#3854,#3863,.T.);
#3863 = B_SPLINE_CURVE_WITH_KNOTS('',1,(#3864,#3865),.UNSPECIFIED.,.F.,
  .F.,(2,2),(0.,4.022350652924E-02),.PIECEWISE_BEZIER_KNOTS.);
#3864 = CARTESIAN_POINT('',(-0.396316784956,0.739875830759,
    0.701030110682));
#3865 = CARTESIAN_POINT('',(-0.382844738074,0.736572600019,
    0.738786210811));
#3866 = B_SPLINE_SURFACE_WITH_KNOTS('',1,1,(
    (#3867,#3868)
    ,(#3869,#3870
    )),.UNSPECIFIED.,.F.,.F.,.F.,(2,2),(2,2),(-0.687501735171,
    -0.596216924421),(-0.421943606741,-0.340107130655),
  .PIECEWISE_BEZIER_KNOTS.);
#3867 = CARTESIAN_POINT('',(-0.421943606741,0.734999571396,
    0.756766010242));
#3868 = CARTESIAN_POINT('',(-0.340107130655,0.734999571396,
    0.756766010242));
#3869 = CARTESIAN_POINT('',(-0.421943606741,0.742955566878,
    0.665828565756));
#3870 = CARTESIAN_POINT('',(-0.340107130655,0.742955566878,
    0.665828565756));
#3871 = ADVANCED_FACE('',(#3872),#3886,.F.);
#3872 = FACE_BOUND('',#3873,.T.);
#3873 = EDGE_LOOP('',(#3874,#3875,#3880,#3881));
#3874 = ORIENTED_EDGE('',*,*,#1006,.T.);
#3875 = ORIENTED_EDGE('',*,*,#3876,.F.);
#3876 = EDGE_CURVE('',#3766,#1009,#3877,.T.);
#3877 = B_SPLINE_CURVE_WITH_KNOTS('',1,(#3878,#3879),.UNSPECIFIED.,.F.,
  .F.,(2,2),(-0.,9.999998615769E-04),.PIECEWISE_BEZIER_KNOTS.);
#3878 = CARTESIAN_POINT('',(-0.387947648849,0.735007331805,
    0.756677308362));
#3879 = CARTESIAN_POINT('',(-0.387947648849,0.734011137245,
    0.756590152632));
#3880 = ORIENTED_EDGE('',*,*,#3763,.F.);
#3881 = ORIENTED_EDGE('',*,*,#3882,.T.);
#3882 = EDGE_CURVE('',#3764,#1007,#3883,.T.);
#3883 = B_SPLINE_CURVE_WITH_KNOTS('',1,(#3884,#3885),.UNSPECIFIED.,.F.,
  .F.,(2,2),(-0.,9.999999999999E-04),.PIECEWISE_BEZIER_KNOTS.);
#3884 = CARTESIAN_POINT('',(-0.421943606741,0.742955566878,
    0.665828565756));
#3885 = CARTESIAN_POINT('',(-0.421943606741,0.74195937218,0.665741410013
    ));
#3886 = B_SPLINE_SURFACE_WITH_KNOTS('',1,1,(
    (#3887,#3888)
    ,(#3889,#3890
    )),.UNSPECIFIED.,.F.,.F.,.F.,(2,2),(2,2),(-0.,9.708253152265E-02),(
    -9.966566567191E-04,7.951920854911E-03),.PIECEWISE_BEZIER_KNOTS.);
#3887 = CARTESIAN_POINT('',(-0.38791920521,0.734011137107,0.756666745491
    ));
#3888 = CARTESIAN_POINT('',(-0.388174589159,0.742955566878,
    0.756761585244));
#3889 = CARTESIAN_POINT('',(-0.421716666431,0.734011137107,
    0.665657133132));
#3890 = CARTESIAN_POINT('',(-0.42197205038,0.742955566878,0.665751972884
    ));
#3891 = ADVANCED_FACE('',(#3892),#3902,.F.);
#3892 = FACE_BOUND('',#3893,.T.);
#3893 = EDGE_LOOP('',(#3894,#3895,#3900,#3901));
#3894 = ORIENTED_EDGE('',*,*,#1057,.T.);
#3895 = ORIENTED_EDGE('',*,*,#3896,.F.);
#3896 = EDGE_CURVE('',#3773,#1051,#3897,.T.);
#3897 = B_SPLINE_CURVE_WITH_KNOTS('',1,(#3898,#3899),.UNSPECIFIED.,.F.,
  .F.,(2,2),(-0.,9.999998615769E-04),.PIECEWISE_BEZIER_KNOTS.);
#3898 = CARTESIAN_POINT('',(-0.37539318945,0.734999571396,0.756766010242
    ));
#3899 = CARTESIAN_POINT('',(-0.37539318945,0.734003376836,0.756678854511
    ));
#3900 = ORIENTED_EDGE('',*,*,#3772,.F.);
#3901 = ORIENTED_EDGE('',*,*,#3876,.T.);
#3902 = B_SPLINE_SURFACE_WITH_KNOTS('',1,1,(
    (#3903,#3904)
    ,(#3905,#3906
    )),.UNSPECIFIED.,.F.,.F.,.F.,(2,2),(2,2),(-1.E-03,1.268873061372E-17
    ),(-1.255477514979E-02,1.526222928413E-18),
  .PIECEWISE_BEZIER_KNOTS.);
#3903 = CARTESIAN_POINT('',(-0.387947648849,0.734011137107,0.75659015262
    ));
#3904 = CARTESIAN_POINT('',(-0.37539318945,0.734003376698,0.756678854499
    ));
#3905 = CARTESIAN_POINT('',(-0.387947648849,0.735007331805,
    0.756677308362));
#3906 = CARTESIAN_POINT('',(-0.37539318945,0.734999571396,0.756766010242
    ));
#3907 = ADVANCED_FACE('',(#3908),#3918,.F.);
#3908 = FACE_BOUND('',#3909,.T.);
#3909 = EDGE_LOOP('',(#3910,#3911,#3916,#3917));
#3910 = ORIENTED_EDGE('',*,*,#1050,.T.);
#3911 = ORIENTED_EDGE('',*,*,#3912,.F.);
#3912 = EDGE_CURVE('',#3780,#1044,#3913,.T.);
#3913 = B_SPLINE_CURVE_WITH_KNOTS('',1,(#3914,#3915),.UNSPECIFIED.,.F.,
  .F.,(2,2),(-0.,9.999998615769E-04),.PIECEWISE_BEZIER_KNOTS.);
#3914 = CARTESIAN_POINT('',(-0.340107130655,0.742904980509,
    0.666406770602));
#3915 = CARTESIAN_POINT('',(-0.340107130655,0.741908785949,
    0.666319614871));
#3916 = ORIENTED_EDGE('',*,*,#3779,.F.);
#3917 = ORIENTED_EDGE('',*,*,#3896,.T.);
#3918 = B_SPLINE_SURFACE_WITH_KNOTS('',1,1,(
    (#3919,#3920)
    ,(#3921,#3922
    )),.UNSPECIFIED.,.F.,.F.,.F.,(2,2),(2,2),(-8.126647208187E-05,
    9.700430748614E-02),(-8.906051170829E-03,0.),
  .PIECEWISE_BEZIER_KNOTS.);
#3919 = CARTESIAN_POINT('',(-0.340340168238,0.734003376698,
    0.666229302954));
#3920 = CARTESIAN_POINT('',(-0.340077764584,0.742904980509,
    0.666330995452));
#3921 = CARTESIAN_POINT('',(-0.37542255552,0.734003376698,0.756754629649
    ));
#3922 = CARTESIAN_POINT('',(-0.375160151867,0.742904980509,
    0.756856322147));
#3923 = ADVANCED_FACE('',(#3924),#3934,.F.);
#3924 = FACE_BOUND('',#3925,.T.);
#3925 = EDGE_LOOP('',(#3926,#3927,#3932,#3933));
#3926 = ORIENTED_EDGE('',*,*,#1043,.T.);
#3927 = ORIENTED_EDGE('',*,*,#3928,.F.);
#3928 = EDGE_CURVE('',#3787,#1037,#3929,.T.);
#3929 = B_SPLINE_CURVE_WITH_KNOTS('',1,(#3930,#3931),.UNSPECIFIED.,.F.,
  .F.,(2,2),(-0.,9.999998615769E-04),.PIECEWISE_BEZIER_KNOTS.);
#3930 = CARTESIAN_POINT('',(-0.353080072034,0.742912999598,
    0.666315111993));
#3931 = CARTESIAN_POINT('',(-0.353080072034,0.741916805038,
    0.666227956262));
#3932 = ORIENTED_EDGE('',*,*,#3786,.F.);
#3933 = ORIENTED_EDGE('',*,*,#3912,.T.);
#3934 = B_SPLINE_SURFACE_WITH_KNOTS('',1,1,(
    (#3935,#3936)
    ,(#3937,#3938
    )),.UNSPECIFIED.,.F.,.F.,.F.,(2,2),(2,2),(-0.,1.E-03),(0.,
    1.297326765431E-02),.PIECEWISE_BEZIER_KNOTS.);
#3935 = CARTESIAN_POINT('',(-0.353080072034,0.742912999598,
    0.666315111993));
#3936 = CARTESIAN_POINT('',(-0.340107130655,0.742904980509,
    0.666406770602));
#3937 = CARTESIAN_POINT('',(-0.353080072034,0.7419168049,0.66622795625)
  );
#3938 = CARTESIAN_POINT('',(-0.340107130655,0.741908785811,
    0.666319614859));
#3939 = ADVANCED_FACE('',(#3940),#3950,.F.);
#3940 = FACE_BOUND('',#3941,.T.);
#3941 = EDGE_LOOP('',(#3942,#3943,#3948,#3949));
#3942 = ORIENTED_EDGE('',*,*,#1036,.T.);
#3943 = ORIENTED_EDGE('',*,*,#3944,.F.);
#3944 = EDGE_CURVE('',#3794,#1030,#3945,.T.);
#3945 = B_SPLINE_CURVE_WITH_KNOTS('',1,(#3946,#3947),.UNSPECIFIED.,.F.,
  .F.,(2,2),(-0.,9.999998615769E-04),.PIECEWISE_BEZIER_KNOTS.);
#3946 = CARTESIAN_POINT('',(-0.361998128127,0.740750279513,
    0.691035115691));
#3947 = CARTESIAN_POINT('',(-0.361998128127,0.739754084952,0.69094795996
    ));
#3948 = ORIENTED_EDGE('',*,*,#3793,.F.);
#3949 = ORIENTED_EDGE('',*,*,#3928,.T.);
#3950 = B_SPLINE_SURFACE_WITH_KNOTS('',1,1,(
    (#3951,#3952)
    ,(#3953,#3954
    )),.UNSPECIFIED.,.F.,.F.,.F.,(2,2),(2,2),(0.,2.636144345952E-02),(
    -9.966277752233E-04,2.163660288266E-03),.PIECEWISE_BEZIER_KNOTS.);
#3951 = CARTESIAN_POINT('',(-0.36202578657,0.739754084814,0.69102521335)
  );
#3952 = CARTESIAN_POINT('',(-0.361938082163,0.742912999598,
    0.691056613487));
#3953 = CARTESIAN_POINT('',(-0.353140117994,0.739754084814,
    0.666206458442));
#3954 = CARTESIAN_POINT('',(-0.353052413586,0.742912999598,
    0.666237858578));
#3955 = ADVANCED_FACE('',(#3956),#3966,.F.);
#3956 = FACE_BOUND('',#3957,.T.);
#3957 = EDGE_LOOP('',(#3958,#3959,#3964,#3965));
#3958 = ORIENTED_EDGE('',*,*,#1029,.T.);
#3959 = ORIENTED_EDGE('',*,*,#3960,.F.);
#3960 = EDGE_CURVE('',#3801,#1023,#3961,.T.);
#3961 = B_SPLINE_CURVE_WITH_KNOTS('',1,(#3962,#3963),.UNSPECIFIED.,.F.,
  .F.,(2,2),(-0.,9.999998615769E-04),.PIECEWISE_BEZIER_KNOTS.);
#3962 = CARTESIAN_POINT('',(-0.399870747316,0.740773690079,
    0.690767531687));
#3963 = CARTESIAN_POINT('',(-0.399870747316,0.739777495519,
    0.690680375956));
#3964 = ORIENTED_EDGE('',*,*,#3800,.F.);
#3965 = ORIENTED_EDGE('',*,*,#3944,.T.);
#3966 = B_SPLINE_SURFACE_WITH_KNOTS('',1,1,(
    (#3967,#3968)
    ,(#3969,#3970
    )),.UNSPECIFIED.,.F.,.F.,.F.,(2,2),(2,2),(-5.122718569287E-18,1.E-03
    ),(-8.266306115647E-19,3.787357170226E-02),
  .PIECEWISE_BEZIER_KNOTS.);
#3967 = CARTESIAN_POINT('',(-0.399870747316,0.740773690079,
    0.690767531687));
#3968 = CARTESIAN_POINT('',(-0.361998128127,0.740750279513,
    0.691035115691));
#3969 = CARTESIAN_POINT('',(-0.399870747316,0.739777495381,
    0.690680375944));
#3970 = CARTESIAN_POINT('',(-0.361998128127,0.739754084814,
    0.690947959948));
#3971 = ADVANCED_FACE('',(#3972),#3982,.F.);
#3972 = FACE_BOUND('',#3973,.T.);
#3973 = EDGE_LOOP('',(#3974,#3975,#3980,#3981));
#3974 = ORIENTED_EDGE('',*,*,#1022,.T.);
#3975 = ORIENTED_EDGE('',*,*,#3976,.F.);
#3976 = EDGE_CURVE('',#3808,#1016,#3977,.T.);
#3977 = B_SPLINE_CURVE_WITH_KNOTS('',1,(#3978,#3979),.UNSPECIFIED.,.F.,
  .F.,(2,2),(-0.,9.999998615769E-04),.PIECEWISE_BEZIER_KNOTS.);
#3978 = CARTESIAN_POINT('',(-0.408970665361,0.742947547789,
    0.665920224365));
#3979 = CARTESIAN_POINT('',(-0.408970665361,0.741951353229,
    0.665833068634));
#3980 = ORIENTED_EDGE('',*,*,#3807,.F.);
#3981 = ORIENTED_EDGE('',*,*,#3960,.T.);
#3982 = B_SPLINE_SURFACE_WITH_KNOTS('',1,1,(
    (#3983,#3984)
    ,(#3985,#3986
    )),.UNSPECIFIED.,.F.,.F.,.F.,(2,2),(2,2),(-8.191325314498E-05,
    2.646115962997E-02),(-3.171467721259E-03,0.),
  .PIECEWISE_BEZIER_KNOTS.);
#3983 = CARTESIAN_POINT('',(-0.408909606904,0.739777495381,
    0.665810876827));
#3984 = CARTESIAN_POINT('',(-0.408998646085,0.742947547789,
    0.665843238261));
#3985 = CARTESIAN_POINT('',(-0.399842766592,0.739777495381,
    0.690757362048));
#3986 = CARTESIAN_POINT('',(-0.399931805774,0.742947547789,
    0.690789723482));
#3987 = ADVANCED_FACE('',(#3988),#3994,.F.);
#3988 = FACE_BOUND('',#3989,.T.);
#3989 = EDGE_LOOP('',(#3990,#3991,#3992,#3993));
#3990 = ORIENTED_EDGE('',*,*,#1015,.T.);
#3991 = ORIENTED_EDGE('',*,*,#3882,.F.);
#3992 = ORIENTED_EDGE('',*,*,#3814,.F.);
#3993 = ORIENTED_EDGE('',*,*,#3976,.T.);
#3994 = B_SPLINE_SURFACE_WITH_KNOTS('',1,1,(
    (#3995,#3996)
    ,(#3997,#3998
    )),.UNSPECIFIED.,.F.,.F.,.F.,(2,2),(2,2),(0.,9.999999999999E-04),(0.
    ,1.297326765493E-02),.PIECEWISE_BEZIER_KNOTS.);
#3995 = CARTESIAN_POINT('',(-0.421943606741,0.742955566878,
    0.665828565756));
#3996 = CARTESIAN_POINT('',(-0.408970665361,0.742947547789,
    0.665920224365));
#3997 = CARTESIAN_POINT('',(-0.421943606741,0.74195937218,0.665741410013
    ));
#3998 = CARTESIAN_POINT('',(-0.408970665361,0.741951353091,
    0.665833068622));
#3999 = ADVANCED_FACE('',(#4000),#4022,.T.);
#4000 = FACE_BOUND('',#4001,.T.);
#4001 = EDGE_LOOP('',(#4002,#4011,#4016,#4017));
#4002 = ORIENTED_EDGE('',*,*,#4003,.F.);
#4003 = EDGE_CURVE('',#4004,#4006,#4008,.T.);
#4004 = VERTEX_POINT('',#4005);
#4005 = CARTESIAN_POINT('',(-0.365790849412,0.738860766909,
    0.701158631917));
#4006 = VERTEX_POINT('',#4007);
#4007 = CARTESIAN_POINT('',(-0.396316784956,0.738879636061,
    0.700942954939));
#4008 = B_SPLINE_CURVE_WITH_KNOTS('',1,(#4009,#4010),.UNSPECIFIED.,.F.,
  .F.,(2,2),(-4.368490815639E-12,3.052670328093E-02),
  .PIECEWISE_BEZIER_KNOTS.);
#4009 = CARTESIAN_POINT('',(-0.365790849412,0.73886076677,0.701158631917
    ));
#4010 = CARTESIAN_POINT('',(-0.396316784956,0.738879636061,
    0.700942954939));
#4011 = ORIENTED_EDGE('',*,*,#4012,.F.);
#4012 = EDGE_CURVE('',#3822,#4004,#4013,.T.);
#4013 = B_SPLINE_CURVE_WITH_KNOTS('',1,(#4014,#4015),.UNSPECIFIED.,.F.,
  .F.,(2,2),(-0.,9.999998615769E-04),.PIECEWISE_BEZIER_KNOTS.);
#4014 = CARTESIAN_POINT('',(-0.365790849416,0.739856961468,0.70124578766
    ));
#4015 = CARTESIAN_POINT('',(-0.365790849416,0.738860766908,
    0.701158631929));
#4016 = ORIENTED_EDGE('',*,*,#3821,.T.);
#4017 = ORIENTED_EDGE('',*,*,#4018,.T.);
#4018 = EDGE_CURVE('',#3824,#4006,#4019,.T.);
#4019 = B_SPLINE_CURVE_WITH_KNOTS('',1,(#4020,#4021),.UNSPECIFIED.,.F.,
  .F.,(2,2),(-0.,1.E-03),.PIECEWISE_BEZIER_KNOTS.);
#4020 = CARTESIAN_POINT('',(-0.396316784956,0.739875830759,
    0.701030110682));
#4021 = CARTESIAN_POINT('',(-0.396316784956,0.738879636061,
    0.700942954939));
#4022 = B_SPLINE_SURFACE_WITH_KNOTS('',1,1,(
    (#4023,#4024)
    ,(#4025,#4026
    )),.UNSPECIFIED.,.F.,.F.,.F.,(2,2),(2,2),(-3.561489429397E-17,1.E-03
    ),(-3.052670328093E-02,4.368490906099E-12),
  .PIECEWISE_BEZIER_KNOTS.);
#4023 = CARTESIAN_POINT('',(-0.396316784956,0.739875830759,
    0.701030110682));
#4024 = CARTESIAN_POINT('',(-0.365790849412,0.739856961468,0.70124578766
    ));
#4025 = CARTESIAN_POINT('',(-0.396316784956,0.738879636061,
    0.700942954939));
#4026 = CARTESIAN_POINT('',(-0.365790849412,0.73886076677,0.701158631917
    ));
#4027 = ADVANCED_FACE('',(#4028),#4044,.T.);
#4028 = FACE_BOUND('',#4029,.T.);
#4029 = EDGE_LOOP('',(#4030,#4037,#4038,#4039));
#4030 = ORIENTED_EDGE('',*,*,#4031,.F.);
#4031 = EDGE_CURVE('',#4006,#4032,#4034,.T.);
#4032 = VERTEX_POINT('',#4033);
#4033 = CARTESIAN_POINT('',(-0.382844738074,0.73557640532,0.738699055069
    ));
#4034 = B_SPLINE_CURVE_WITH_KNOTS('',1,(#4035,#4036),.UNSPECIFIED.,.F.,
  .F.,(2,2),(0.,4.022350652924E-02),.PIECEWISE_BEZIER_KNOTS.);
#4035 = CARTESIAN_POINT('',(-0.396316784956,0.738879636061,
    0.700942954939));
#4036 = CARTESIAN_POINT('',(-0.382844738074,0.73557640532,0.738699055069
    ));
#4037 = ORIENTED_EDGE('',*,*,#4018,.F.);
#4038 = ORIENTED_EDGE('',*,*,#3862,.T.);
#4039 = ORIENTED_EDGE('',*,*,#4040,.T.);
#4040 = EDGE_CURVE('',#3854,#4032,#4041,.T.);
#4041 = B_SPLINE_CURVE_WITH_KNOTS('',1,(#4042,#4043),.UNSPECIFIED.,.F.,
  .F.,(2,2),(-0.,9.999999999999E-04),.PIECEWISE_BEZIER_KNOTS.);
#4042 = CARTESIAN_POINT('',(-0.382844738074,0.736572600019,
    0.738786210811));
#4043 = CARTESIAN_POINT('',(-0.382844738074,0.73557640532,0.738699055069
    ));
#4044 = B_SPLINE_SURFACE_WITH_KNOTS('',1,1,(
    (#4045,#4046)
    ,(#4047,#4048
    )),.UNSPECIFIED.,.F.,.F.,.F.,(2,2),(2,2),(-4.008752721882E-02,
    8.215691010979E-05),(-4.301258417079E-03,0.),
  .PIECEWISE_BEZIER_KNOTS.);
#4045 = CARTESIAN_POINT('',(-0.382817314308,0.73557640532,0.738776499855
    ));
#4046 = CARTESIAN_POINT('',(-0.382935671129,0.739875830759,
    0.738818410872));
#4047 = CARTESIAN_POINT('',(-0.396225851902,0.73557640532,0.700910754878
    ));
#4048 = CARTESIAN_POINT('',(-0.396344208722,0.739875830759,
    0.700952665895));
#4049 = ADVANCED_FACE('',(#4050),#4068,.T.);
#4050 = FACE_BOUND('',#4051,.T.);
#4051 = EDGE_LOOP('',(#4052,#4061,#4062,#4063));
#4052 = ORIENTED_EDGE('',*,*,#4053,.F.);
#4053 = EDGE_CURVE('',#4032,#4054,#4056,.T.);
#4054 = VERTEX_POINT('',#4055);
#4055 = CARTESIAN_POINT('',(-0.381471729056,0.73502032693,0.745055060159
    ));
#4056 = B_SPLINE_CURVE_WITH_KNOTS('',3,(#4057,#4058,#4059,#4060),
  .UNSPECIFIED.,.F.,.F.,(4,4),(1.,2.),.PIECEWISE_BEZIER_KNOTS.);
#4057 = CARTESIAN_POINT('',(-0.382844738074,0.73557640532,0.738699055069
    ));
#4058 = CARTESIAN_POINT('',(-0.382411911166,0.735466712946,0.73995284465
    ));
#4059 = CARTESIAN_POINT('',(-0.381961771306,0.735284059984,
    0.742040577553));
#4060 = CARTESIAN_POINT('',(-0.381471729056,0.73502032693,0.745055060159
    ));
#4061 = ORIENTED_EDGE('',*,*,#4040,.F.);
#4062 = ORIENTED_EDGE('',*,*,#3853,.T.);
#4063 = ORIENTED_EDGE('',*,*,#4064,.T.);
#4064 = EDGE_CURVE('',#3847,#4054,#4065,.T.);
#4065 = B_SPLINE_CURVE_WITH_KNOTS('',1,(#4066,#4067),.UNSPECIFIED.,.F.,
  .F.,(2,2),(-0.,1.E-03),.PIECEWISE_BEZIER_KNOTS.);
#4066 = CARTESIAN_POINT('',(-0.381471729056,0.736016521628,
    0.745142215902));
#4067 = CARTESIAN_POINT('',(-0.381471729056,0.73502032693,0.745055060159
    ));
#4068 = B_SPLINE_SURFACE_WITH_KNOTS('',3,1,(
    (#4069,#4070)
    ,(#4071,#4072)
    ,(#4073,#4074)
    ,(#4075,#4076
    )),.UNSPECIFIED.,.F.,.F.,.F.,(4,4),(2,2),(1.,2.),(0.,1.),
  .PIECEWISE_BEZIER_KNOTS.);
#4069 = CARTESIAN_POINT('',(-0.382844738074,0.736572600019,
    0.738786210811));
#4070 = CARTESIAN_POINT('',(-0.382844738074,0.73557640532,0.738699055069
    ));
#4071 = CARTESIAN_POINT('',(-0.382411911166,0.736462907644,
    0.740040000392));
#4072 = CARTESIAN_POINT('',(-0.382411911166,0.735466712946,0.73995284465
    ));
#4073 = CARTESIAN_POINT('',(-0.381961771306,0.736280254682,
    0.742127733296));
#4074 = CARTESIAN_POINT('',(-0.381961771306,0.735284059984,
    0.742040577553));
#4075 = CARTESIAN_POINT('',(-0.381471729056,0.736016521628,
    0.745142215902));
#4076 = CARTESIAN_POINT('',(-0.381471729056,0.73502032693,0.745055060159
    ));
#4077 = ADVANCED_FACE('',(#4078),#4094,.T.);
#4078 = FACE_BOUND('',#4079,.T.);
#4079 = EDGE_LOOP('',(#4080,#4087,#4088,#4089));
#4080 = ORIENTED_EDGE('',*,*,#4081,.F.);
#4081 = EDGE_CURVE('',#4054,#4082,#4084,.T.);
#4082 = VERTEX_POINT('',#4083);
#4083 = CARTESIAN_POINT('',(-0.38119274107,0.735020154476,0.745057031312
    ));
#4084 = B_SPLINE_CURVE_WITH_KNOTS('',1,(#4085,#4086),.UNSPECIFIED.,.F.,
  .F.,(2,2),(-7.843937309982E-19,2.78995003012E-04),
  .PIECEWISE_BEZIER_KNOTS.);
#4085 = CARTESIAN_POINT('',(-0.381471729056,0.73502032693,0.745055060159
    ));
#4086 = CARTESIAN_POINT('',(-0.38119274107,0.735020154476,0.745057031312
    ));
#4087 = ORIENTED_EDGE('',*,*,#4064,.F.);
#4088 = ORIENTED_EDGE('',*,*,#3846,.T.);
#4089 = ORIENTED_EDGE('',*,*,#4090,.T.);
#4090 = EDGE_CURVE('',#3838,#4082,#4091,.T.);
#4091 = B_SPLINE_CURVE_WITH_KNOTS('',1,(#4092,#4093),.UNSPECIFIED.,.F.,
  .F.,(2,2),(-0.,9.999999999999E-04),.PIECEWISE_BEZIER_KNOTS.);
#4092 = CARTESIAN_POINT('',(-0.38119274107,0.736016349174,0.745144187055
    ));
#4093 = CARTESIAN_POINT('',(-0.38119274107,0.735020154476,0.745057031312
    ));
#4094 = B_SPLINE_SURFACE_WITH_KNOTS('',1,1,(
    (#4095,#4096)
    ,(#4097,#4098
    )),.UNSPECIFIED.,.F.,.F.,.F.,(2,2),(2,2),(-1.E-03,2.771169520072E-32
    ),(-7.843937309982E-19,2.78995003012E-04),.PIECEWISE_BEZIER_KNOTS.);
#4095 = CARTESIAN_POINT('',(-0.381471729056,0.73502032693,0.745055060159
    ));
#4096 = CARTESIAN_POINT('',(-0.38119274107,0.735020154476,0.745057031312
    ));
#4097 = CARTESIAN_POINT('',(-0.381471729056,0.736016521628,
    0.745142215902));
#4098 = CARTESIAN_POINT('',(-0.38119274107,0.736016349174,0.745144187055
    ));
#4099 = ADVANCED_FACE('',(#4100),#4118,.T.);
#4100 = FACE_BOUND('',#4101,.T.);
#4101 = EDGE_LOOP('',(#4102,#4111,#4112,#4113));
#4102 = ORIENTED_EDGE('',*,*,#4103,.F.);
#4103 = EDGE_CURVE('',#4082,#4104,#4106,.T.);
#4104 = VERTEX_POINT('',#4105);
#4105 = CARTESIAN_POINT('',(-0.379659625227,0.735574436476,
    0.738721559064));
#4106 = B_SPLINE_CURVE_WITH_KNOTS('',3,(#4107,#4108,#4109,#4110),
  .UNSPECIFIED.,.F.,.F.,(4,4),(3.,4.),.PIECEWISE_BEZIER_KNOTS.);
#4107 = CARTESIAN_POINT('',(-0.38119274107,0.735020154476,0.745057031312
    ));
#4108 = CARTESIAN_POINT('',(-0.380731553047,0.735258982909,
    0.742327209832));
#4109 = CARTESIAN_POINT('',(-0.380228154173,0.735445099222,
    0.740199890642));
#4110 = CARTESIAN_POINT('',(-0.379659625227,0.735574436476,
    0.738721559064));
#4111 = ORIENTED_EDGE('',*,*,#4090,.F.);
#4112 = ORIENTED_EDGE('',*,*,#3837,.T.);
#4113 = ORIENTED_EDGE('',*,*,#4114,.T.);
#4114 = EDGE_CURVE('',#3831,#4104,#4115,.T.);
#4115 = B_SPLINE_CURVE_WITH_KNOTS('',1,(#4116,#4117),.UNSPECIFIED.,.F.,
  .F.,(2,2),(2.115234269335E-16,1.E-03),.PIECEWISE_BEZIER_KNOTS.);
#4116 = CARTESIAN_POINT('',(-0.379659625227,0.736570631174,
    0.738808714807));
#4117 = CARTESIAN_POINT('',(-0.379659625227,0.735574436476,
    0.738721559064));
#4118 = B_SPLINE_SURFACE_WITH_KNOTS('',3,1,(
    (#4119,#4120)
    ,(#4121,#4122)
    ,(#4123,#4124)
    ,(#4125,#4126
    )),.UNSPECIFIED.,.F.,.F.,.F.,(4,4),(2,2),(3.,4.),(0.,1.),
  .PIECEWISE_BEZIER_KNOTS.);
#4119 = CARTESIAN_POINT('',(-0.38119274107,0.736016349174,0.745144187055
    ));
#4120 = CARTESIAN_POINT('',(-0.38119274107,0.735020154476,0.745057031312
    ));
#4121 = CARTESIAN_POINT('',(-0.380731553047,0.736255177607,
    0.742414365574));
#4122 = CARTESIAN_POINT('',(-0.380731553047,0.735258982909,
    0.742327209832));
#4123 = CARTESIAN_POINT('',(-0.380228154173,0.73644129392,0.740287046385
    ));
#4124 = CARTESIAN_POINT('',(-0.380228154173,0.735445099222,
    0.740199890642));
#4125 = CARTESIAN_POINT('',(-0.379659625227,0.736570631174,
    0.738808714807));
#4126 = CARTESIAN_POINT('',(-0.379659625227,0.735574436476,
    0.738721559064));
#4127 = ADVANCED_FACE('',(#4128),#4138,.T.);
#4128 = FACE_BOUND('',#4129,.T.);
#4129 = EDGE_LOOP('',(#4130,#4135,#4136,#4137));
#4130 = ORIENTED_EDGE('',*,*,#4131,.F.);
#4131 = EDGE_CURVE('',#4104,#4004,#4132,.T.);
#4132 = B_SPLINE_CURVE_WITH_KNOTS('',1,(#4133,#4134),.UNSPECIFIED.,.F.,
  .F.,(2,2),(-1.91624456554E-17,4.017606757968E-02),
  .PIECEWISE_BEZIER_KNOTS.);
#4133 = CARTESIAN_POINT('',(-0.379659625227,0.735574436476,
    0.738721559064));
#4134 = CARTESIAN_POINT('',(-0.365790849412,0.738860766771,
    0.701158631905));
#4135 = ORIENTED_EDGE('',*,*,#4114,.F.);
#4136 = ORIENTED_EDGE('',*,*,#3830,.T.);
#4137 = ORIENTED_EDGE('',*,*,#4012,.T.);
#4138 = B_SPLINE_SURFACE_WITH_KNOTS('',1,1,(
    (#4139,#4140)
    ,(#4141,#4142
    )),.UNSPECIFIED.,.F.,.F.,.F.,(2,2),(2,2),(-4.012314710254E-02,
    1.21554933486E-16),(-9.966458705793E-04,3.287818659708E-03),
  .PIECEWISE_BEZIER_KNOTS.);
#4139 = CARTESIAN_POINT('',(-0.365883728724,0.735574436476,
    0.701124600009));
#4140 = CARTESIAN_POINT('',(-0.365762694641,0.739856961468,
    0.701168948091));
#4141 = CARTESIAN_POINT('',(-0.379687779998,0.735574436476,
    0.738798398621));
#4142 = CARTESIAN_POINT('',(-0.379566745915,0.739856961468,
    0.738842746702));
#4143 = ADVANCED_FACE('',(#4144),#4152,.T.);
#4144 = FACE_BOUND('',#4145,.T.);
#4145 = EDGE_LOOP('',(#4146,#4147,#4148,#4149,#4150,#4151));
#4146 = ORIENTED_EDGE('',*,*,#4131,.T.);
#4147 = ORIENTED_EDGE('',*,*,#4003,.T.);
#4148 = ORIENTED_EDGE('',*,*,#4031,.T.);
#4149 = ORIENTED_EDGE('',*,*,#4053,.T.);
#4150 = ORIENTED_EDGE('',*,*,#4081,.T.);
#4151 = ORIENTED_EDGE('',*,*,#4103,.T.);
#4152 = B_SPLINE_SURFACE_WITH_KNOTS('',1,1,(
    (#4153,#4154)
    ,(#4155,#4156
    )),.UNSPECIFIED.,.F.,.F.,.F.,(2,2),(2,2),(0.701277527728,
    0.745560112706),(0.953683215044,0.984209150588),
  .PIECEWISE_BEZIER_KNOTS.);
#4153 = CARTESIAN_POINT('',(-0.396316784956,0.738879636199,
    0.700942954951));
#4154 = CARTESIAN_POINT('',(-0.365790849412,0.738879636199,
    0.700942954951));
#4155 = CARTESIAN_POINT('',(-0.396316784956,0.735020154614,
    0.745057031324));
#4156 = CARTESIAN_POINT('',(-0.365790849412,0.735020154614,
    0.745057031324));
#4157 = ADVANCED_FACE('',(#4158),#4180,.F.);
#4158 = FACE_BOUND('',#4159,.T.);
#4159 = EDGE_LOOP('',(#4160,#4161,#4168,#4175));
#4160 = ORIENTED_EDGE('',*,*,#1407,.T.);
#4161 = ORIENTED_EDGE('',*,*,#4162,.F.);
#4162 = EDGE_CURVE('',#4163,#1410,#4165,.T.);
#4163 = VERTEX_POINT('',#4164);
#4164 = CARTESIAN_POINT('',(-0.104900450322,0.754431571521,
    0.534657232466));
#4165 = B_SPLINE_CURVE_WITH_KNOTS('',1,(#4166,#4167),.UNSPECIFIED.,.F.,
  .F.,(2,2),(-0.,9.99999861577E-04),.PIECEWISE_BEZIER_KNOTS.);
#4166 = CARTESIAN_POINT('',(-0.104900450322,0.754431571521,
    0.534657232466));
#4167 = CARTESIAN_POINT('',(-0.104900450322,0.753435376961,
    0.534570076735));
#4168 = ORIENTED_EDGE('',*,*,#4169,.F.);
#4169 = EDGE_CURVE('',#4170,#4163,#4172,.T.);
#4170 = VERTEX_POINT('',#4171);
#4171 = CARTESIAN_POINT('',(-0.104826909294,0.755335294081,
    0.524327636341));
#4172 = B_SPLINE_CURVE_WITH_KNOTS('',1,(#4173,#4174),.UNSPECIFIED.,.F.,
  .F.,(2,2),(-1.036931429039E-02,0.),.PIECEWISE_BEZIER_KNOTS.);
#4173 = CARTESIAN_POINT('',(-0.104826909294,0.755335294081,
    0.524327636341));
#4174 = CARTESIAN_POINT('',(-0.104900450322,0.754431571521,
    0.534657232466));
#4175 = ORIENTED_EDGE('',*,*,#4176,.T.);
#4176 = EDGE_CURVE('',#4170,#1408,#4177,.T.);
#4177 = B_SPLINE_CURVE_WITH_KNOTS('',1,(#4178,#4179),.UNSPECIFIED.,.F.,
  .F.,(2,2),(-0.,9.999999999999E-04),.PIECEWISE_BEZIER_KNOTS.);
#4178 = CARTESIAN_POINT('',(-0.104826909294,0.755335294081,
    0.524327636341));
#4179 = CARTESIAN_POINT('',(-0.104826909294,0.754339099383,
    0.524240480598));
#4180 = B_SPLINE_SURFACE_WITH_KNOTS('',1,1,(
    (#4181,#4182)
    ,(#4183,#4184
    )),.UNSPECIFIED.,.F.,.F.,.F.,(2,2),(2,2),(0.,1.041701145978E-02),(
    -9.961948884035E-04,9.037227323826E-04),.PIECEWISE_BEZIER_KNOTS.);
#4181 = CARTESIAN_POINT('',(-0.104901066078,0.753435376823,
    0.534657228115));
#4182 = CARTESIAN_POINT('',(-0.104899891723,0.755335294081,
    0.534657236413));
#4183 = CARTESIAN_POINT('',(-0.104827467893,0.753435376823,
    0.524240476652));
#4184 = CARTESIAN_POINT('',(-0.104826293537,0.755335294081,
    0.524240484949));
#4185 = ADVANCED_FACE('',(#4186),#4202,.F.);
#4186 = FACE_BOUND('',#4187,.T.);
#4187 = EDGE_LOOP('',(#4188,#4189,#4196,#4201));
#4188 = ORIENTED_EDGE('',*,*,#1486,.T.);
#4189 = ORIENTED_EDGE('',*,*,#4190,.F.);
#4190 = EDGE_CURVE('',#4191,#1480,#4193,.T.);
#4191 = VERTEX_POINT('',#4192);
#4192 = CARTESIAN_POINT('',(-6.772530109955E-02,0.754408592088,
    0.534919888588));
#4193 = B_SPLINE_CURVE_WITH_KNOTS('',1,(#4194,#4195),.UNSPECIFIED.,.F.,
  .F.,(2,2),(-0.,9.99999861577E-04),.PIECEWISE_BEZIER_KNOTS.);
#4194 = CARTESIAN_POINT('',(-6.772530109955E-02,0.754408592088,
    0.534919888588));
#4195 = CARTESIAN_POINT('',(-6.772530109955E-02,0.753412397528,
    0.534832732857));
#4196 = ORIENTED_EDGE('',*,*,#4197,.F.);
#4197 = EDGE_CURVE('',#4163,#4191,#4198,.T.);
#4198 = B_SPLINE_CURVE_WITH_KNOTS('',1,(#4199,#4200),.UNSPECIFIED.,.F.,
  .F.,(2,2),(-3.71760841938E-02,0.),.PIECEWISE_BEZIER_KNOTS.);
#4199 = CARTESIAN_POINT('',(-0.104900450322,0.754431571521,
    0.534657232466));
#4200 = CARTESIAN_POINT('',(-6.772530109955E-02,0.754408592088,
    0.534919888588));
#4201 = ORIENTED_EDGE('',*,*,#4162,.T.);
#4202 = B_SPLINE_SURFACE_WITH_KNOTS('',1,1,(
    (#4203,#4204)
    ,(#4205,#4206
    )),.UNSPECIFIED.,.F.,.F.,.F.,(2,2),(2,2),(-9.999999999999E-04,
    2.64738896667E-17),(-3.71760841938E-02,2.511277765925E-17),
  .PIECEWISE_BEZIER_KNOTS.);
#4203 = CARTESIAN_POINT('',(-0.104900450322,0.753435376823,
    0.534570076723));
#4204 = CARTESIAN_POINT('',(-6.772530109955E-02,0.75341239739,
    0.534832732845));
#4205 = CARTESIAN_POINT('',(-0.104900450322,0.754431571521,
    0.534657232466));
#4206 = CARTESIAN_POINT('',(-6.772530109955E-02,0.754408592088,
    0.534919888588));
#4207 = ADVANCED_FACE('',(#4208),#4224,.F.);
#4208 = FACE_BOUND('',#4209,.T.);
#4209 = EDGE_LOOP('',(#4210,#4211,#4218,#4223));
#4210 = ORIENTED_EDGE('',*,*,#1479,.T.);
#4211 = ORIENTED_EDGE('',*,*,#4212,.F.);
#4212 = EDGE_CURVE('',#4213,#1473,#4215,.T.);
#4213 = VERTEX_POINT('',#4214);
#4214 = CARTESIAN_POINT('',(-6.794229659914E-02,0.751742002652,
    0.565399145315));
#4215 = B_SPLINE_CURVE_WITH_KNOTS('',1,(#4216,#4217),.UNSPECIFIED.,.F.,
  .F.,(2,2),(-0.,9.999998615769E-04),.PIECEWISE_BEZIER_KNOTS.);
#4216 = CARTESIAN_POINT('',(-6.794229659914E-02,0.751742002652,
    0.565399145315));
#4217 = CARTESIAN_POINT('',(-6.794229659914E-02,0.750745808091,
    0.565311989584));
#4218 = ORIENTED_EDGE('',*,*,#4219,.F.);
#4219 = EDGE_CURVE('',#4191,#4213,#4220,.T.);
#4220 = B_SPLINE_CURVE_WITH_KNOTS('',1,(#4221,#4222),.UNSPECIFIED.,.F.,
  .F.,(2,2),(-3.059645203168E-02,0.),.PIECEWISE_BEZIER_KNOTS.);
#4221 = CARTESIAN_POINT('',(-6.772530109955E-02,0.754408592088,
    0.534919888588));
#4222 = CARTESIAN_POINT('',(-6.794229659914E-02,0.751742002652,
    0.565399145315));
#4223 = ORIENTED_EDGE('',*,*,#4190,.T.);
#4224 = B_SPLINE_SURFACE_WITH_KNOTS('',1,1,(
    (#4225,#4226)
    ,(#4227,#4228
    )),.UNSPECIFIED.,.F.,.F.,.F.,(2,2),(2,2),(0.,3.056718269676E-02),(
    -9.961948884035E-04,2.666589945771E-03),.PIECEWISE_BEZIER_KNOTS.);
#4225 = CARTESIAN_POINT('',(-6.794291235582E-02,0.750745807953,
    0.565399140965));
#4226 = CARTESIAN_POINT('',(-6.79406483568E-02,0.754408592088,
    0.565399156961));
#4227 = CARTESIAN_POINT('',(-6.77269493418E-02,0.750745807953,
    0.534832721187));
#4228 = CARTESIAN_POINT('',(-6.772468534278E-02,0.754408592088,
    0.534832737183));
#4229 = ADVANCED_FACE('',(#4230),#4246,.F.);
#4230 = FACE_BOUND('',#4231,.T.);
#4231 = EDGE_LOOP('',(#4232,#4233,#4240,#4245));
#4232 = ORIENTED_EDGE('',*,*,#1472,.T.);
#4233 = ORIENTED_EDGE('',*,*,#4234,.F.);
#4234 = EDGE_CURVE('',#4235,#1466,#4237,.T.);
#4235 = VERTEX_POINT('',#4236);
#4236 = CARTESIAN_POINT('',(-0.100467646044,0.751762107859,
    0.565169341741));
#4237 = B_SPLINE_CURVE_WITH_KNOTS('',1,(#4238,#4239),.UNSPECIFIED.,.F.,
  .F.,(2,2),(-0.,9.999998615769E-04),.PIECEWISE_BEZIER_KNOTS.);
#4238 = CARTESIAN_POINT('',(-0.100467646044,0.751762107859,
    0.565169341741));
#4239 = CARTESIAN_POINT('',(-0.100467646044,0.750765913299,
    0.565082186011));
#4240 = ORIENTED_EDGE('',*,*,#4241,.F.);
#4241 = EDGE_CURVE('',#4213,#4235,#4242,.T.);
#4242 = B_SPLINE_CURVE_WITH_KNOTS('',1,(#4243,#4244),.UNSPECIFIED.,.F.,
  .F.,(2,2),(-3.252616747166E-02,0.),.PIECEWISE_BEZIER_KNOTS.);
#4243 = CARTESIAN_POINT('',(-6.794229659914E-02,0.751742002652,
    0.565399145315));
#4244 = CARTESIAN_POINT('',(-0.100467646044,0.751762107859,
    0.565169341741));
#4245 = ORIENTED_EDGE('',*,*,#4212,.T.);
#4246 = B_SPLINE_SURFACE_WITH_KNOTS('',1,1,(
    (#4247,#4248)
    ,(#4249,#4250)),.UNSPECIFIED.,.F.,.F.,.F.,(2,2),(2,2),(-0.,1.E-03),(
    -4.355865355313E-17,3.252616747166E-02),.PIECEWISE_BEZIER_KNOTS.);
#4247 = CARTESIAN_POINT('',(-0.100467646044,0.751762107859,
    0.565169341741));
#4248 = CARTESIAN_POINT('',(-6.794229659914E-02,0.751742002652,
    0.565399145315));
#4249 = CARTESIAN_POINT('',(-0.100467646044,0.750765913161,
    0.565082185999));
#4250 = CARTESIAN_POINT('',(-6.794229659914E-02,0.750745807953,
    0.565311989572));
#4251 = ADVANCED_FACE('',(#4252),#4268,.F.);
#4252 = FACE_BOUND('',#4253,.T.);
#4253 = EDGE_LOOP('',(#4254,#4255,#4262,#4267));
#4254 = ORIENTED_EDGE('',*,*,#1465,.T.);
#4255 = ORIENTED_EDGE('',*,*,#4256,.F.);
#4256 = EDGE_CURVE('',#4257,#1459,#4259,.T.);
#4257 = VERTEX_POINT('',#4258);
#4258 = CARTESIAN_POINT('',(-0.100541516852,0.750854332732,
    0.575545258925));
#4259 = B_SPLINE_CURVE_WITH_KNOTS('',1,(#4260,#4261),.UNSPECIFIED.,.F.,
  .F.,(2,2),(-0.,9.99999861577E-04),.PIECEWISE_BEZIER_KNOTS.);
#4260 = CARTESIAN_POINT('',(-0.100541516852,0.750854332732,
    0.575545258925));
#4261 = CARTESIAN_POINT('',(-0.100541516852,0.749858138172,
    0.575458103195));
#4262 = ORIENTED_EDGE('',*,*,#4263,.F.);
#4263 = EDGE_CURVE('',#4235,#4257,#4264,.T.);
#4264 = B_SPLINE_CURVE_WITH_KNOTS('',1,(#4265,#4266),.UNSPECIFIED.,.F.,
  .F.,(2,2),(-1.041581345756E-02,0.),.PIECEWISE_BEZIER_KNOTS.);
#4265 = CARTESIAN_POINT('',(-0.100467646044,0.751762107859,
    0.565169341741));
#4266 = CARTESIAN_POINT('',(-0.100541516852,0.750854332732,
    0.575545258925));
#4267 = ORIENTED_EDGE('',*,*,#4234,.T.);
#4268 = B_SPLINE_SURFACE_WITH_KNOTS('',1,1,(
    (#4269,#4270)
    ,(#4271,#4272
    )),.UNSPECIFIED.,.F.,.F.,.F.,(2,2),(2,2),(0.,1.046333370449E-02),(
    -9.961948884034E-04,9.077753006845E-04),.PIECEWISE_BEZIER_KNOTS.);
#4269 = CARTESIAN_POINT('',(-0.100542132609,0.749858138034,
    0.575545254575));
#4270 = CARTESIAN_POINT('',(-0.100540955748,0.751762107859,0.57554526289
    ));
#4271 = CARTESIAN_POINT('',(-0.100468207147,0.749858138034,
    0.565082182022));
#4272 = CARTESIAN_POINT('',(-0.100467030287,0.751762107859,
    0.565082190337));
#4273 = ADVANCED_FACE('',(#4274),#4290,.F.);
#4274 = FACE_BOUND('',#4275,.T.);
#4275 = EDGE_LOOP('',(#4276,#4277,#4284,#4289));
#4276 = ORIENTED_EDGE('',*,*,#1458,.T.);
#4277 = ORIENTED_EDGE('',*,*,#4278,.F.);
#4278 = EDGE_CURVE('',#4279,#1452,#4281,.T.);
#4279 = VERTEX_POINT('',#4280);
#4280 = CARTESIAN_POINT('',(-6.80161674075E-02,0.750834227524,
    0.575775062499));
#4281 = B_SPLINE_CURVE_WITH_KNOTS('',1,(#4282,#4283),.UNSPECIFIED.,.F.,
  .F.,(2,2),(-0.,9.999998615769E-04),.PIECEWISE_BEZIER_KNOTS.);
#4282 = CARTESIAN_POINT('',(-6.80161674075E-02,0.750834227524,
    0.575775062499));
#4283 = CARTESIAN_POINT('',(-6.80161674075E-02,0.749838032964,
    0.575687906768));
#4284 = ORIENTED_EDGE('',*,*,#4285,.F.);
#4285 = EDGE_CURVE('',#4257,#4279,#4286,.T.);
#4286 = B_SPLINE_CURVE_WITH_KNOTS('',1,(#4287,#4288),.UNSPECIFIED.,.F.,
  .F.,(2,2),(-3.252616747166E-02,0.),.PIECEWISE_BEZIER_KNOTS.);
#4287 = CARTESIAN_POINT('',(-0.100541516852,0.750854332732,
    0.575545258925));
#4288 = CARTESIAN_POINT('',(-6.80161674075E-02,0.750834227524,
    0.575775062499));
#4289 = ORIENTED_EDGE('',*,*,#4256,.T.);
#4290 = B_SPLINE_SURFACE_WITH_KNOTS('',1,1,(
    (#4291,#4292)
    ,(#4293,#4294
    )),.UNSPECIFIED.,.F.,.F.,.F.,(2,2),(2,2),(-9.999999999999E-04,
    5.613105593815E-17),(-3.252616747166E-02,0.),
  .PIECEWISE_BEZIER_KNOTS.);
#4291 = CARTESIAN_POINT('',(-0.100541516852,0.749858138034,
    0.575458103182));
#4292 = CARTESIAN_POINT('',(-6.80161674075E-02,0.749838032826,
    0.575687906756));
#4293 = CARTESIAN_POINT('',(-0.100541516852,0.750854332732,
    0.575545258925));
#4294 = CARTESIAN_POINT('',(-6.80161674075E-02,0.750834227524,
    0.575775062499));
#4295 = ADVANCED_FACE('',(#4296),#4312,.F.);
#4296 = FACE_BOUND('',#4297,.T.);
#4297 = EDGE_LOOP('',(#4298,#4299,#4306,#4311));
#4298 = ORIENTED_EDGE('',*,*,#1451,.T.);
#4299 = ORIENTED_EDGE('',*,*,#4300,.F.);
#4300 = EDGE_CURVE('',#4301,#1445,#4303,.T.);
#4301 = VERTEX_POINT('',#4302);
#4302 = CARTESIAN_POINT('',(-6.822260993446E-02,0.748297320249,
    0.604772045343));
#4303 = B_SPLINE_CURVE_WITH_KNOTS('',1,(#4304,#4305),.UNSPECIFIED.,.F.,
  .F.,(2,2),(-0.,9.999998615769E-04),.PIECEWISE_BEZIER_KNOTS.);
#4304 = CARTESIAN_POINT('',(-6.822260993446E-02,0.748297320249,
    0.604772045343));
#4305 = CARTESIAN_POINT('',(-6.822260993446E-02,0.747301125689,
    0.604684889613));
#4306 = ORIENTED_EDGE('',*,*,#4307,.F.);
#4307 = EDGE_CURVE('',#4279,#4301,#4308,.T.);
#4308 = B_SPLINE_CURVE_WITH_KNOTS('',1,(#4309,#4310),.UNSPECIFIED.,.F.,
  .F.,(2,2),(-2.910847868105E-02,0.),.PIECEWISE_BEZIER_KNOTS.);
#4309 = CARTESIAN_POINT('',(-6.80161674075E-02,0.750834227524,
    0.575775062499));
#4310 = CARTESIAN_POINT('',(-6.822260993446E-02,0.748297320249,
    0.604772045343));
#4311 = ORIENTED_EDGE('',*,*,#4278,.T.);
#4312 = B_SPLINE_SURFACE_WITH_KNOTS('',1,1,(
    (#4313,#4314)
    ,(#4315,#4316
    )),.UNSPECIFIED.,.F.,.F.,.F.,(2,2),(2,2),(0.,2.908487125078E-02),(
    -9.961948884034E-04,2.536907759997E-03),.PIECEWISE_BEZIER_KNOTS.);
#4313 = CARTESIAN_POINT('',(-6.822322569115E-02,0.747301125551,
    0.604772040993));
#4314 = CARTESIAN_POINT('',(-6.822104184981E-02,0.750834227524,
    0.604772056422));
#4315 = CARTESIAN_POINT('',(-6.801773549207E-02,0.747301125551,
    0.575687895665));
#4316 = CARTESIAN_POINT('',(-6.801555165073E-02,0.750834227524,
    0.575687911095));
#4317 = ADVANCED_FACE('',(#4318),#4334,.F.);
#4318 = FACE_BOUND('',#4319,.T.);
#4319 = EDGE_LOOP('',(#4320,#4321,#4328,#4333));
#4320 = ORIENTED_EDGE('',*,*,#1444,.T.);
#4321 = ORIENTED_EDGE('',*,*,#4322,.F.);
#4322 = EDGE_CURVE('',#4323,#1438,#4325,.T.);
#4323 = VERTEX_POINT('',#4324);
#4324 = CARTESIAN_POINT('',(-0.103328598255,0.748319020652,
    0.604524008606));
#4325 = B_SPLINE_CURVE_WITH_KNOTS('',1,(#4326,#4327),.UNSPECIFIED.,.F.,
  .F.,(2,2),(-0.,9.99999861577E-04),.PIECEWISE_BEZIER_KNOTS.);
#4326 = CARTESIAN_POINT('',(-0.103328598255,0.748319020652,
    0.604524008606));
#4327 = CARTESIAN_POINT('',(-0.103328598255,0.747322826091,
    0.604436852875));
#4328 = ORIENTED_EDGE('',*,*,#4329,.F.);
#4329 = EDGE_CURVE('',#4301,#4323,#4330,.T.);
#4330 = B_SPLINE_CURVE_WITH_KNOTS('',1,(#4331,#4332),.UNSPECIFIED.,.F.,
  .F.,(2,2),(-3.510687125231E-02,0.),.PIECEWISE_BEZIER_KNOTS.);
#4331 = CARTESIAN_POINT('',(-6.822260993446E-02,0.748297320249,
    0.604772045343));
#4332 = CARTESIAN_POINT('',(-0.103328598255,0.748319020652,
    0.604524008606));
#4333 = ORIENTED_EDGE('',*,*,#4300,.T.);
#4334 = B_SPLINE_SURFACE_WITH_KNOTS('',1,1,(
    (#4335,#4336)
    ,(#4337,#4338)),.UNSPECIFIED.,.F.,.F.,.F.,(2,2),(2,2),(-0.,1.E-03),(
    -9.97840432887E-17,3.510687125231E-02),.PIECEWISE_BEZIER_KNOTS.);
#4335 = CARTESIAN_POINT('',(-0.103328598255,0.748319020652,
    0.604524008606));
#4336 = CARTESIAN_POINT('',(-6.822260993446E-02,0.748297320249,
    0.604772045343));
#4337 = CARTESIAN_POINT('',(-0.103328598255,0.747322825953,
    0.604436852863));
#4338 = CARTESIAN_POINT('',(-6.822260993446E-02,0.747301125551,
    0.604684889601));
#4339 = ADVANCED_FACE('',(#4340),#4356,.F.);
#4340 = FACE_BOUND('',#4341,.T.);
#4341 = EDGE_LOOP('',(#4342,#4343,#4350,#4355));
#4342 = ORIENTED_EDGE('',*,*,#1437,.T.);
#4343 = ORIENTED_EDGE('',*,*,#4344,.F.);
#4344 = EDGE_CURVE('',#4345,#1431,#4347,.T.);
#4345 = VERTEX_POINT('',#4346);
#4346 = CARTESIAN_POINT('',(-0.103402798844,0.747407192957,
    0.614946246848));
#4347 = B_SPLINE_CURVE_WITH_KNOTS('',1,(#4348,#4349),.UNSPECIFIED.,.F.,
  .F.,(2,2),(-0.,9.99999861577E-04),.PIECEWISE_BEZIER_KNOTS.);
#4348 = CARTESIAN_POINT('',(-0.103402798844,0.747407192957,
    0.614946246848));
#4349 = CARTESIAN_POINT('',(-0.103402798844,0.746410998397,
    0.614859091117));
#4350 = ORIENTED_EDGE('',*,*,#4351,.F.);
#4351 = EDGE_CURVE('',#4323,#4345,#4352,.T.);
#4352 = B_SPLINE_CURVE_WITH_KNOTS('',1,(#4353,#4354),.UNSPECIFIED.,.F.,
  .F.,(2,2),(-1.046231262472E-02,0.),.PIECEWISE_BEZIER_KNOTS.);
#4353 = CARTESIAN_POINT('',(-0.103328598255,0.748319020652,
    0.604524008606));
#4354 = CARTESIAN_POINT('',(-0.103402798844,0.747407192957,
    0.614946246848));
#4355 = ORIENTED_EDGE('',*,*,#4322,.T.);
#4356 = B_SPLINE_SURFACE_WITH_KNOTS('',1,1,(
    (#4357,#4358)
    ,(#4359,#4360
    )),.UNSPECIFIED.,.F.,.F.,.F.,(2,2),(2,2),(0.,1.050965593714E-02),(
    -9.961948884034E-04,9.118278689866E-04),.PIECEWISE_BEZIER_KNOTS.);
#4357 = CARTESIAN_POINT('',(-0.103403414601,0.746410998259,
    0.614946242498));
#4358 = CARTESIAN_POINT('',(-0.103402235236,0.748319020652,0.61494625083
    ));
#4359 = CARTESIAN_POINT('',(-0.103329161864,0.746410998259,
    0.604436848869));
#4360 = CARTESIAN_POINT('',(-0.103327982499,0.748319020652,
    0.604436857201));
#4361 = ADVANCED_FACE('',(#4362),#4378,.F.);
#4362 = FACE_BOUND('',#4363,.T.);
#4363 = EDGE_LOOP('',(#4364,#4365,#4372,#4377));
#4364 = ORIENTED_EDGE('',*,*,#1430,.T.);
#4365 = ORIENTED_EDGE('',*,*,#4366,.F.);
#4366 = EDGE_CURVE('',#4367,#1424,#4369,.T.);
#4367 = VERTEX_POINT('',#4368);
#4368 = CARTESIAN_POINT('',(-5.655606608478E-02,0.747378235135,
    0.61527723627));
#4369 = B_SPLINE_CURVE_WITH_KNOTS('',1,(#4370,#4371),.UNSPECIFIED.,.F.,
  .F.,(2,2),(-0.,9.999998615769E-04),.PIECEWISE_BEZIER_KNOTS.);
#4370 = CARTESIAN_POINT('',(-5.655606608478E-02,0.747378235135,
    0.61527723627));
#4371 = CARTESIAN_POINT('',(-5.655606608478E-02,0.746382040574,
    0.615190080539));
#4372 = ORIENTED_EDGE('',*,*,#4373,.F.);
#4373 = EDGE_CURVE('',#4345,#4367,#4374,.T.);
#4374 = B_SPLINE_CURVE_WITH_KNOTS('',1,(#4375,#4376),.UNSPECIFIED.,.F.,
  .F.,(2,2),(-4.684791097573E-02,0.),.PIECEWISE_BEZIER_KNOTS.);
#4375 = CARTESIAN_POINT('',(-0.103402798844,0.747407192957,
    0.614946246848));
#4376 = CARTESIAN_POINT('',(-5.655606608478E-02,0.747378235135,
    0.61527723627));
#4377 = ORIENTED_EDGE('',*,*,#4344,.T.);
#4378 = B_SPLINE_SURFACE_WITH_KNOTS('',1,1,(
    (#4379,#4380)
    ,(#4381,#4382
    )),.UNSPECIFIED.,.F.,.F.,.F.,(2,2),(2,2),(-9.999999999999E-04,
    6.415233002167E-17),(-4.684791097573E-02,3.564122130015E-22),
  .PIECEWISE_BEZIER_KNOTS.);
#4379 = CARTESIAN_POINT('',(-0.103402798844,0.746410998259,
    0.614859091105));
#4380 = CARTESIAN_POINT('',(-5.655606608478E-02,0.746382040437,
    0.615190080527));
#4381 = CARTESIAN_POINT('',(-0.103402798844,0.747407192957,
    0.614946246848));
#4382 = CARTESIAN_POINT('',(-5.655606608478E-02,0.747378235135,
    0.61527723627));
#4383 = ADVANCED_FACE('',(#4384),#4400,.F.);
#4384 = FACE_BOUND('',#4385,.T.);
#4385 = EDGE_LOOP('',(#4386,#4387,#4394,#4399));
#4386 = ORIENTED_EDGE('',*,*,#1423,.T.);
#4387 = ORIENTED_EDGE('',*,*,#4388,.F.);
#4388 = EDGE_CURVE('',#4389,#1417,#4391,.T.);
#4389 = VERTEX_POINT('',#4390);
#4390 = CARTESIAN_POINT('',(-5.591101563314E-02,0.755305057228,
    0.524673245147));
#4391 = B_SPLINE_CURVE_WITH_KNOTS('',1,(#4392,#4393),.UNSPECIFIED.,.F.,
  .F.,(2,2),(-0.,9.99999861577E-04),.PIECEWISE_BEZIER_KNOTS.);
#4392 = CARTESIAN_POINT('',(-5.591101563314E-02,0.755305057228,
    0.524673245147));
#4393 = CARTESIAN_POINT('',(-5.591101563314E-02,0.754308862668,
    0.524586089416));
#4394 = ORIENTED_EDGE('',*,*,#4395,.F.);
#4395 = EDGE_CURVE('',#4367,#4389,#4396,.T.);
#4396 = B_SPLINE_CURVE_WITH_KNOTS('',1,(#4397,#4398),.UNSPECIFIED.,.F.,
  .F.,(2,2),(-9.09523710854E-02,0.),.PIECEWISE_BEZIER_KNOTS.);
#4397 = CARTESIAN_POINT('',(-5.655606608478E-02,0.747378235135,
    0.61527723627));
#4398 = CARTESIAN_POINT('',(-5.591101563314E-02,0.755305057228,
    0.524673245147));
#4399 = ORIENTED_EDGE('',*,*,#4366,.T.);
#4400 = B_SPLINE_SURFACE_WITH_KNOTS('',1,1,(
    (#4401,#4402)
    ,(#4403,#4404
    )),.UNSPECIFIED.,.F.,.F.,.F.,(2,2),(2,2),(-8.71535674465E-05,
    9.060628716346E-02),(-8.923018496225E-03,0.),
  .PIECEWISE_BEZIER_KNOTS.);
#4401 = CARTESIAN_POINT('',(-5.591591527144E-02,0.746382040437,
    0.524586054786));
#4402 = CARTESIAN_POINT('',(-5.591039987645E-02,0.755305057228,
    0.524586093754));
#4403 = CARTESIAN_POINT('',(-5.655668184146E-02,0.746382040437,
    0.615277231919));
#4404 = CARTESIAN_POINT('',(-5.655116644648E-02,0.755305057228,
    0.615277270888));
#4405 = ADVANCED_FACE('',(#4406),#4416,.F.);
#4406 = FACE_BOUND('',#4407,.T.);
#4407 = EDGE_LOOP('',(#4408,#4409,#4410,#4415));
#4408 = ORIENTED_EDGE('',*,*,#1416,.T.);
#4409 = ORIENTED_EDGE('',*,*,#4176,.F.);
#4410 = ORIENTED_EDGE('',*,*,#4411,.F.);
#4411 = EDGE_CURVE('',#4389,#4170,#4412,.T.);
#4412 = B_SPLINE_CURVE_WITH_KNOTS('',1,(#4413,#4414),.UNSPECIFIED.,.F.,
  .F.,(2,2),(-4.891712391721E-02,0.),.PIECEWISE_BEZIER_KNOTS.);
#4413 = CARTESIAN_POINT('',(-5.591101563314E-02,0.755305057228,
    0.524673245147));
#4414 = CARTESIAN_POINT('',(-0.104826909294,0.755335294081,
    0.524327636341));
#4415 = ORIENTED_EDGE('',*,*,#4388,.T.);
#4416 = B_SPLINE_SURFACE_WITH_KNOTS('',1,1,(
    (#4417,#4418)
    ,(#4419,#4420
    )),.UNSPECIFIED.,.F.,.F.,.F.,(2,2),(2,2),(-7.448101245455E-17,
    9.999999999999E-04),(0.,4.891712391721E-02),
  .PIECEWISE_BEZIER_KNOTS.);
#4417 = CARTESIAN_POINT('',(-0.104826909294,0.755335294081,
    0.524327636341));
#4418 = CARTESIAN_POINT('',(-5.591101563314E-02,0.755305057228,
    0.524673245147));
#4419 = CARTESIAN_POINT('',(-0.104826909294,0.754339099383,
    0.524240480598));
#4420 = CARTESIAN_POINT('',(-5.591101563314E-02,0.75430886253,
    0.524586089404));
#4421 = ADVANCED_FACE('',(#4422),#4436,.F.);
#4422 = FACE_BOUND('',#4423,.T.);
#4423 = EDGE_LOOP('',(#4424,#4425,#4426,#4427,#4428,#4429,#4430,#4431,
    #4432,#4433,#4434,#4435));
#4424 = ORIENTED_EDGE('',*,*,#4169,.T.);
#4425 = ORIENTED_EDGE('',*,*,#4197,.T.);
#4426 = ORIENTED_EDGE('',*,*,#4219,.T.);
#4427 = ORIENTED_EDGE('',*,*,#4241,.T.);
#4428 = ORIENTED_EDGE('',*,*,#4263,.T.);
#4429 = ORIENTED_EDGE('',*,*,#4285,.T.);
#4430 = ORIENTED_EDGE('',*,*,#4307,.T.);
#4431 = ORIENTED_EDGE('',*,*,#4329,.T.);
#4432 = ORIENTED_EDGE('',*,*,#4351,.T.);
#4433 = ORIENTED_EDGE('',*,*,#4373,.T.);
#4434 = ORIENTED_EDGE('',*,*,#4395,.T.);
#4435 = ORIENTED_EDGE('',*,*,#4411,.T.);
#4436 = B_SPLINE_SURFACE_WITH_KNOTS('',1,1,(
    (#4437,#4438)
    ,(#4439,#4440
    )),.UNSPECIFIED.,.F.,.F.,.F.,(2,2),(2,2),(-0.545472497068,
    -0.454175484443),(-0.104900450322,-5.591101563314E-02),
  .PIECEWISE_BEZIER_KNOTS.);
#4437 = CARTESIAN_POINT('',(-0.104900450322,0.747378235135,0.61527723627
    ));
#4438 = CARTESIAN_POINT('',(-5.591101563314E-02,0.747378235135,
    0.61527723627));
#4439 = CARTESIAN_POINT('',(-0.104900450322,0.755335294081,
    0.524327636341));
#4440 = CARTESIAN_POINT('',(-5.591101563314E-02,0.755335294081,
    0.524327636341));
#4441 = ADVANCED_FACE('',(#4442,#4558),#4628,.T.);
#4442 = FACE_BOUND('',#4443,.T.);
#4443 = EDGE_LOOP('',(#4444,#4455,#4462,#4471,#4480,#4487,#4496,#4505,
    #4514,#4523,#4530,#4537,#4544,#4551));
#4444 = ORIENTED_EDGE('',*,*,#4445,.T.);
#4445 = EDGE_CURVE('',#4446,#4448,#4450,.T.);
#4446 = VERTEX_POINT('',#4447);
#4447 = CARTESIAN_POINT('',(-0.144914459583,0.749568663478,
    0.590240525737));
#4448 = VERTEX_POINT('',#4449);
#4449 = CARTESIAN_POINT('',(-0.122506051201,0.750081672233,
    0.584376808842));
#4450 = B_SPLINE_CURVE_WITH_KNOTS('',3,(#4451,#4452,#4453,#4454),
  .UNSPECIFIED.,.F.,.F.,(4,4),(0.,1.),.PIECEWISE_BEZIER_KNOTS.);
#4451 = CARTESIAN_POINT('',(-0.144914459583,0.749568663478,
    0.590240525737));
#4452 = CARTESIAN_POINT('',(-0.136451823988,0.749563432388,
    0.590300317375));
#4453 = CARTESIAN_POINT('',(-0.128974714787,0.74973307966,0.588361240184
    ));
#4454 = CARTESIAN_POINT('',(-0.122506051201,0.750081672233,
    0.584376808842));
#4455 = ORIENTED_EDGE('',*,*,#4456,.T.);
#4456 = EDGE_CURVE('',#4448,#4457,#4459,.T.);
#4457 = VERTEX_POINT('',#4458);
#4458 = CARTESIAN_POINT('',(-0.122427563467,0.751046183305,
    0.573352396834));
#4459 = B_SPLINE_CURVE_WITH_KNOTS('',1,(#4460,#4461),.UNSPECIFIED.,.F.,
  .F.,(2,2),(-1.106680179916E-02,0.),.PIECEWISE_BEZIER_KNOTS.);
#4460 = CARTESIAN_POINT('',(-0.122506051201,0.750081672233,
    0.584376808842));
#4461 = CARTESIAN_POINT('',(-0.122427563467,0.751046183305,
    0.573352396834));
#4462 = ORIENTED_EDGE('',*,*,#4463,.T.);
#4463 = EDGE_CURVE('',#4457,#4464,#4466,.T.);
#4464 = VERTEX_POINT('',#4465);
#4465 = CARTESIAN_POINT('',(-0.143779379336,0.750374463345,
    0.581030191111));
#4466 = B_SPLINE_CURVE_WITH_KNOTS('',3,(#4467,#4468,#4469,#4470),
  .UNSPECIFIED.,.F.,.F.,(4,4),(12.,13.),.PIECEWISE_BEZIER_KNOTS.);
#4467 = CARTESIAN_POINT('',(-0.122427563467,0.751046183305,
    0.573352396834));
#4468 = CARTESIAN_POINT('',(-0.128881222565,0.750596262173,0.57849501891
    ));
#4469 = CARTESIAN_POINT('',(-0.135990964708,0.750369649018,
    0.581085219129));
#4470 = CARTESIAN_POINT('',(-0.143779379336,0.750374463345,
    0.581030191111));
#4471 = ORIENTED_EDGE('',*,*,#4472,.T.);
#4472 = EDGE_CURVE('',#4464,#4473,#4475,.T.);
#4473 = VERTEX_POINT('',#4474);
#4474 = CARTESIAN_POINT('',(-0.156825527811,0.7517685755,0.565095416271)
  );
#4475 = B_SPLINE_CURVE_WITH_KNOTS('',3,(#4476,#4477,#4478,#4479),
  .UNSPECIFIED.,.F.,.F.,(4,4),(11.,12.),.PIECEWISE_BEZIER_KNOTS.);
#4476 = CARTESIAN_POINT('',(-0.143779379336,0.750374463345,
    0.581030191111));
#4477 = CARTESIAN_POINT('',(-0.152544251916,0.75037988126,0.580968264058
    ));
#4478 = CARTESIAN_POINT('',(-0.156900717741,0.750844590102,0.57565661769
    ));
#4479 = CARTESIAN_POINT('',(-0.156825527811,0.7517685755,0.565095416271)
  );
#4480 = ORIENTED_EDGE('',*,*,#4481,.T.);
#4481 = EDGE_CURVE('',#4473,#4482,#4484,.T.);
#4482 = VERTEX_POINT('',#4483);
#4483 = CARTESIAN_POINT('',(-0.137556229469,0.751991725123,
    0.562544804407));
#4484 = B_SPLINE_CURVE_WITH_KNOTS('',1,(#4485,#4486),.UNSPECIFIED.,.F.,
  .F.,(2,2),(-1.943865415207E-02,0.),.PIECEWISE_BEZIER_KNOTS.);
#4485 = CARTESIAN_POINT('',(-0.156825527811,0.7517685755,0.565095416271)
  );
#4486 = CARTESIAN_POINT('',(-0.137556229469,0.751991725123,
    0.562544804407));
#4487 = ORIENTED_EDGE('',*,*,#4488,.T.);
#4488 = EDGE_CURVE('',#4482,#4489,#4491,.T.);
#4489 = VERTEX_POINT('',#4490);
#4490 = CARTESIAN_POINT('',(-0.11585402764,0.753826373882,0.541574673128
    ));
#4491 = B_SPLINE_CURVE_WITH_KNOTS('',3,(#4492,#4493,#4494,#4495),
  .UNSPECIFIED.,.F.,.F.,(4,4),(9.,10.),.PIECEWISE_BEZIER_KNOTS.);
#4492 = CARTESIAN_POINT('',(-0.137556229469,0.751991725123,
    0.562544804407));
#4493 = CARTESIAN_POINT('',(-0.123174167599,0.75215710417,0.560654513249
    ));
#4494 = CARTESIAN_POINT('',(-0.115940100323,0.752768653756,0.55366446949
    ));
#4495 = CARTESIAN_POINT('',(-0.11585402764,0.753826373882,0.541574673128
    ));
#4496 = ORIENTED_EDGE('',*,*,#4497,.T.);
#4497 = EDGE_CURVE('',#4489,#4498,#4500,.T.);
#4498 = VERTEX_POINT('',#4499);
#4499 = CARTESIAN_POINT('',(-0.121335842596,0.75503343551,0.52777789559)
  );
#4500 = B_SPLINE_CURVE_WITH_KNOTS('',3,(#4501,#4502,#4503,#4504),
  .UNSPECIFIED.,.F.,.F.,(4,4),(8.,9.),.PIECEWISE_BEZIER_KNOTS.);
#4501 = CARTESIAN_POINT('',(-0.11585402764,0.753826373882,0.541574673128
    ));
#4502 = CARTESIAN_POINT('',(-0.11581280509,0.754332944824,0.535784540771
    ));
#4503 = CARTESIAN_POINT('',(-0.117640076743,0.7547352987,0.531185614925)
  );
#4504 = CARTESIAN_POINT('',(-0.121335842596,0.75503343551,0.52777789559)
  );
#4505 = ORIENTED_EDGE('',*,*,#4506,.T.);
#4506 = EDGE_CURVE('',#4498,#4507,#4509,.T.);
#4507 = VERTEX_POINT('',#4508);
#4508 = CARTESIAN_POINT('',(-0.136318420034,0.755488501687,
    0.522576465386));
#4509 = B_SPLINE_CURVE_WITH_KNOTS('',3,(#4510,#4511,#4512,#4513),
  .UNSPECIFIED.,.F.,.F.,(4,4),(7.,8.),.PIECEWISE_BEZIER_KNOTS.);
#4510 = CARTESIAN_POINT('',(-0.121335842596,0.75503343551,0.52777789559)
  );
#4511 = CARTESIAN_POINT('',(-0.125031608449,0.75533157232,0.524370176255
    ));
#4512 = CARTESIAN_POINT('',(-0.130017941336,0.755484607112,
    0.522620980588));
#4513 = CARTESIAN_POINT('',(-0.136318420034,0.755488501687,
    0.522576465386));
#4514 = ORIENTED_EDGE('',*,*,#4515,.T.);
#4515 = EDGE_CURVE('',#4507,#4516,#4518,.T.);
#4516 = VERTEX_POINT('',#4517);
#4517 = CARTESIAN_POINT('',(-0.156301678401,0.754491714057,
    0.533969800135));
#4518 = B_SPLINE_CURVE_WITH_KNOTS('',3,(#4519,#4520,#4521,#4522),
  .UNSPECIFIED.,.F.,.F.,(4,4),(6.,7.),.PIECEWISE_BEZIER_KNOTS.);
#4519 = CARTESIAN_POINT('',(-0.136318420034,0.755488501687,
    0.522576465386));
#4520 = CARTESIAN_POINT('',(-0.145083292615,0.755493919602,
    0.522514538332));
#4521 = CARTESIAN_POINT('',(-0.15175987807,0.75516166664,0.526312207074)
  );
#4522 = CARTESIAN_POINT('',(-0.156301678401,0.754491714057,
    0.533969800135));
#4523 = ORIENTED_EDGE('',*,*,#4524,.T.);
#4524 = EDGE_CURVE('',#4516,#4525,#4527,.T.);
#4525 = VERTEX_POINT('',#4526);
#4526 = CARTESIAN_POINT('',(-0.156603915386,0.754491900881,
    0.533967664719));
#4527 = B_SPLINE_CURVE_WITH_KNOTS('',1,(#4528,#4529),.UNSPECIFIED.,.F.,
  .F.,(2,2),(-3.022445869055E-04,0.),.PIECEWISE_BEZIER_KNOTS.);
#4528 = CARTESIAN_POINT('',(-0.156301678401,0.754491714057,
    0.533969800135));
#4529 = CARTESIAN_POINT('',(-0.156603915386,0.754491900881,
    0.533967664719));
#4530 = ORIENTED_EDGE('',*,*,#4531,.T.);
#4531 = EDGE_CURVE('',#4525,#4532,#4534,.T.);
#4532 = VERTEX_POINT('',#4533);
#4533 = CARTESIAN_POINT('',(-0.156532682821,0.755367255468,
    0.523962316007));
#4534 = B_SPLINE_CURVE_WITH_KNOTS('',1,(#4535,#4536),.UNSPECIFIED.,.F.,
  .F.,(2,2),(-1.004382011959E-02,0.),.PIECEWISE_BEZIER_KNOTS.);
#4535 = CARTESIAN_POINT('',(-0.156603915386,0.754491900881,
    0.533967664719));
#4536 = CARTESIAN_POINT('',(-0.156532682821,0.755367255468,
    0.523962316007));
#4537 = ORIENTED_EDGE('',*,*,#4538,.T.);
#4538 = EDGE_CURVE('',#4532,#4539,#4541,.T.);
#4539 = VERTEX_POINT('',#4540);
#4540 = CARTESIAN_POINT('',(-0.167924692276,0.755374297321,
    0.523881827264));
#4541 = B_SPLINE_CURVE_WITH_KNOTS('',1,(#4542,#4543),.UNSPECIFIED.,.F.,
  .F.,(2,2),(-1.139229596934E-02,0.),.PIECEWISE_BEZIER_KNOTS.);
#4542 = CARTESIAN_POINT('',(-0.156532682821,0.755367255468,
    0.523962316007));
#4543 = CARTESIAN_POINT('',(-0.167924692276,0.755374297321,
    0.523881827264));
#4544 = ORIENTED_EDGE('',*,*,#4545,.T.);
#4545 = EDGE_CURVE('',#4539,#4546,#4548,.T.);
#4546 = VERTEX_POINT('',#4547);
#4547 = CARTESIAN_POINT('',(-0.168221164851,0.751731039109,
    0.565524459175));
#4548 = B_SPLINE_CURVE_WITH_KNOTS('',1,(#4549,#4550),.UNSPECIFIED.,.F.,
  .F.,(2,2),(-4.180275133173E-02,0.),.PIECEWISE_BEZIER_KNOTS.);
#4549 = CARTESIAN_POINT('',(-0.167924692276,0.755374297321,
    0.523881827264));
#4550 = CARTESIAN_POINT('',(-0.168221164851,0.751731039109,
    0.565524459175));
#4551 = ORIENTED_EDGE('',*,*,#4552,.T.);
#4552 = EDGE_CURVE('',#4546,#4446,#4553,.T.);
#4553 = B_SPLINE_CURVE_WITH_KNOTS('',3,(#4554,#4555,#4556,#4557),
  .UNSPECIFIED.,.F.,.F.,(4,4),(1.,2.),.PIECEWISE_BEZIER_KNOTS.);
#4554 = CARTESIAN_POINT('',(-0.168221164851,0.751731039109,
    0.565524459175));
#4555 = CARTESIAN_POINT('',(-0.16833790711,0.750296430203,0.581922114011
    ));
#4556 = CARTESIAN_POINT('',(-0.160561035834,0.749578335247,
    0.590129976913));
#4557 = CARTESIAN_POINT('',(-0.144914459583,0.749568663478,
    0.590240525737));
#4558 = FACE_BOUND('',#4559,.T.);
#4559 = EDGE_LOOP('',(#4560,#4571,#4580,#4587,#4594,#4603,#4612,#4621));
#4560 = ORIENTED_EDGE('',*,*,#4561,.F.);
#4561 = EDGE_CURVE('',#4562,#4564,#4566,.T.);
#4562 = VERTEX_POINT('',#4563);
#4563 = CARTESIAN_POINT('',(-0.13049611668,0.753037028776,0.550596928984
    ));
#4564 = VERTEX_POINT('',#4565);
#4565 = CARTESIAN_POINT('',(-0.127415375695,0.753752464982,
    0.542419455723));
#4566 = B_SPLINE_CURVE_WITH_KNOTS('',3,(#4567,#4568,#4569,#4570),
  .UNSPECIFIED.,.F.,.F.,(4,4),(1.,2.),.PIECEWISE_BEZIER_KNOTS.);
#4567 = CARTESIAN_POINT('',(-0.13049611668,0.753037028776,0.550596928984
    ));
#4568 = CARTESIAN_POINT('',(-0.128482851999,0.753206000695,
    0.548665571108));
#4569 = CARTESIAN_POINT('',(-0.127440439005,0.75344446985,0.545939856196
    ));
#4570 = CARTESIAN_POINT('',(-0.127415375695,0.753752464982,
    0.542419455723));
#4571 = ORIENTED_EDGE('',*,*,#4572,.F.);
#4572 = EDGE_CURVE('',#4573,#4562,#4575,.T.);
#4573 = VERTEX_POINT('',#4574);
#4574 = CARTESIAN_POINT('',(-0.141544503267,0.752695319882,
    0.554502679507));
#4575 = B_SPLINE_CURVE_WITH_KNOTS('',3,(#4576,#4577,#4578,#4579),
  .UNSPECIFIED.,.F.,.F.,(4,4),(0.,1.),.PIECEWISE_BEZIER_KNOTS.);
#4576 = CARTESIAN_POINT('',(-0.141544503267,0.752695319882,
    0.554502679507));
#4577 = CARTESIAN_POINT('',(-0.136215206036,0.752756869975,
    0.553799158733));
#4578 = CARTESIAN_POINT('',(-0.13253263036,0.752868071227,0.552528122598
    ));
#4579 = CARTESIAN_POINT('',(-0.13049611668,0.753037028776,0.550596928984
    ));
#4580 = ORIENTED_EDGE('',*,*,#4581,.F.);
#4581 = EDGE_CURVE('',#4582,#4573,#4584,.T.);
#4582 = VERTEX_POINT('',#4583);
#4583 = CARTESIAN_POINT('',(-0.156763858877,0.752526405628,
    0.556433378265));
#4584 = B_SPLINE_CURVE_WITH_KNOTS('',1,(#4585,#4586),.UNSPECIFIED.,.F.,
  .F.,(2,2),(3.666979402914E-18,1.53422591201E-02),
  .PIECEWISE_BEZIER_KNOTS.);
#4585 = CARTESIAN_POINT('',(-0.156763858877,0.752526405628,
    0.556433378265));
#4586 = CARTESIAN_POINT('',(-0.141544503267,0.752695319882,
    0.554502679507));
#4587 = ORIENTED_EDGE('',*,*,#4588,.F.);
#4588 = EDGE_CURVE('',#4589,#4582,#4591,.T.);
#4589 = VERTEX_POINT('',#4590);
#4590 = CARTESIAN_POINT('',(-0.156719668305,0.753069449678,
    0.550226356378));
#4591 = B_SPLINE_CURVE_WITH_KNOTS('',1,(#4592,#4593),.UNSPECIFIED.,.F.,
  .F.,(2,2),(0.,6.230888408035E-03),.PIECEWISE_BEZIER_KNOTS.);
#4592 = CARTESIAN_POINT('',(-0.156719668305,0.753069449678,
    0.550226356378));
#4593 = CARTESIAN_POINT('',(-0.156763858877,0.752526405628,
    0.556433378265));
#4594 = ORIENTED_EDGE('',*,*,#4595,.F.);
#4595 = EDGE_CURVE('',#4596,#4589,#4598,.T.);
#4596 = VERTEX_POINT('',#4597);
#4597 = CARTESIAN_POINT('',(-0.151743391126,0.754221413488,0.53705934978
    ));
#4598 = B_SPLINE_CURVE_WITH_KNOTS('',3,(#4599,#4600,#4601,#4602),
  .UNSPECIFIED.,.F.,.F.,(4,4),(5.,6.),.PIECEWISE_BEZIER_KNOTS.);
#4599 = CARTESIAN_POINT('',(-0.151743391126,0.754221413488,0.53705934978
    ));
#4600 = CARTESIAN_POINT('',(-0.1550229845,0.75391948288,0.54051043241));
#4601 = CARTESIAN_POINT('',(-0.156681743559,0.753535494944,
    0.544899434609));
#4602 = CARTESIAN_POINT('',(-0.156719668305,0.753069449678,
    0.550226356378));
#4603 = ORIENTED_EDGE('',*,*,#4604,.F.);
#4604 = EDGE_CURVE('',#4605,#4596,#4607,.T.);
#4605 = VERTEX_POINT('',#4606);
#4606 = CARTESIAN_POINT('',(-0.139337328752,0.754675760746,
    0.531866136848));
#4607 = B_SPLINE_CURVE_WITH_KNOTS('',3,(#4608,#4609,#4610,#4611),
  .UNSPECIFIED.,.F.,.F.,(4,4),(4.,5.),.PIECEWISE_BEZIER_KNOTS.);
#4608 = CARTESIAN_POINT('',(-0.139337328752,0.754675760746,
    0.531866136848));
#4609 = CARTESIAN_POINT('',(-0.144335863513,0.754678850539,
    0.531830820358));
#4610 = CARTESIAN_POINT('',(-0.14848671697,0.754527411033,0.533561781827
    ));
#4611 = CARTESIAN_POINT('',(-0.151743391126,0.754221413488,0.53705934978
    ));
#4612 = ORIENTED_EDGE('',*,*,#4613,.F.);
#4613 = EDGE_CURVE('',#4614,#4605,#4616,.T.);
#4614 = VERTEX_POINT('',#4615);
#4615 = CARTESIAN_POINT('',(-0.130662979333,0.75441507419,0.53484579782)
  );
#4616 = B_SPLINE_CURVE_WITH_KNOTS('',3,(#4617,#4618,#4619,#4620),
  .UNSPECIFIED.,.F.,.F.,(4,4),(3.,4.),.PIECEWISE_BEZIER_KNOTS.);
#4617 = CARTESIAN_POINT('',(-0.130662979333,0.75441507419,0.53484579782)
  );
#4618 = CARTESIAN_POINT('',(-0.132834534452,0.754586632912,
    0.532884872651));
#4619 = CARTESIAN_POINT('',(-0.135733733924,0.754673533222,
    0.531891597572));
#4620 = CARTESIAN_POINT('',(-0.139337328752,0.754675760746,
    0.531866136848));
#4621 = ORIENTED_EDGE('',*,*,#4622,.F.);
#4622 = EDGE_CURVE('',#4564,#4614,#4623,.T.);
#4623 = B_SPLINE_CURVE_WITH_KNOTS('',3,(#4624,#4625,#4626,#4627),
  .UNSPECIFIED.,.F.,.F.,(4,4),(2.,3.),.PIECEWISE_BEZIER_KNOTS.);
#4624 = CARTESIAN_POINT('',(-0.127415375695,0.753752464982,
    0.542419455723));
#4625 = CARTESIAN_POINT('',(-0.127393280409,0.754023987007,0.53931594478
    ));
#4626 = CARTESIAN_POINT('',(-0.128468175215,0.754243501097,
    0.536806887253));
#4627 = CARTESIAN_POINT('',(-0.130662979333,0.75441507419,0.53484579782)
  );
#4628 = B_SPLINE_SURFACE_WITH_KNOTS('',1,1,(
    (#4629,#4630)
    ,(#4631,#4632
    )),.UNSPECIFIED.,.F.,.F.,.F.,(2,2),(2,2),(-6.656400872386E-02,
    1.480700982308E-03),(-3.53753912217E-02,1.714971079821E-02),
  .PIECEWISE_BEZIER_KNOTS.);
#4629 = CARTESIAN_POINT('',(-0.16833790711,0.755493919602,0.522514538332
    ));
#4630 = CARTESIAN_POINT('',(-0.11581280509,0.755493919602,0.522514538332
    ));
#4631 = CARTESIAN_POINT('',(-0.16833790711,0.749563432388,0.590300317375
    ));
#4632 = CARTESIAN_POINT('',(-0.11581280509,0.749563432388,0.590300317375
    ));
#4633 = ADVANCED_FACE('',(#4634),#4648,.F.);
#4634 = FACE_BOUND('',#4635,.F.);
#4635 = EDGE_LOOP('',(#4636,#4641,#4642,#4647));
#4636 = ORIENTED_EDGE('',*,*,#4637,.F.);
#4637 = EDGE_CURVE('',#4446,#900,#4638,.T.);
#4638 = B_SPLINE_CURVE_WITH_KNOTS('',1,(#4639,#4640),.UNSPECIFIED.,.F.,
  .F.,(2,2),(-0.,1.E-03),.PIECEWISE_BEZIER_KNOTS.);
#4639 = CARTESIAN_POINT('',(-0.144914459583,0.749568663478,
    0.590240525737));
#4640 = CARTESIAN_POINT('',(-0.144914459583,0.74857246878,0.590153369995
    ));
#4641 = ORIENTED_EDGE('',*,*,#4445,.T.);
#4642 = ORIENTED_EDGE('',*,*,#4643,.T.);
#4643 = EDGE_CURVE('',#4448,#891,#4644,.T.);
#4644 = B_SPLINE_CURVE_WITH_KNOTS('',1,(#4645,#4646),.UNSPECIFIED.,.F.,
  .F.,(2,2),(-0.,9.999999999999E-04),.PIECEWISE_BEZIER_KNOTS.);
#4645 = CARTESIAN_POINT('',(-0.122506051201,0.750081672233,
    0.584376808842));
#4646 = CARTESIAN_POINT('',(-0.122506051201,0.749085477535,0.5842896531)
  );
#4647 = ORIENTED_EDGE('',*,*,#899,.F.);
#4648 = B_SPLINE_SURFACE_WITH_KNOTS('',3,1,(
    (#4649,#4650)
    ,(#4651,#4652)
    ,(#4653,#4654)
    ,(#4655,#4656
    )),.UNSPECIFIED.,.F.,.F.,.F.,(4,4),(2,2),(0.,1.),(0.,1.),
  .PIECEWISE_BEZIER_KNOTS.);
#4649 = CARTESIAN_POINT('',(-0.144914459583,0.749568663478,
    0.590240525737));
#4650 = CARTESIAN_POINT('',(-0.144914459583,0.74857246878,0.590153369995
    ));
#4651 = CARTESIAN_POINT('',(-0.136451823988,0.749563432388,
    0.590300317375));
#4652 = CARTESIAN_POINT('',(-0.136451823988,0.74856723769,0.590213161632
    ));
#4653 = CARTESIAN_POINT('',(-0.128974714787,0.74973307966,0.588361240184
    ));
#4654 = CARTESIAN_POINT('',(-0.128974714787,0.748736884962,
    0.588274084441));
#4655 = CARTESIAN_POINT('',(-0.122506051201,0.750081672233,
    0.584376808842));
#4656 = CARTESIAN_POINT('',(-0.122506051201,0.749085477535,0.5842896531)
  );
#4657 = ADVANCED_FACE('',(#4658),#4668,.F.);
#4658 = FACE_BOUND('',#4659,.T.);
#4659 = EDGE_LOOP('',(#4660,#4661,#4666,#4667));
#4660 = ORIENTED_EDGE('',*,*,#890,.T.);
#4661 = ORIENTED_EDGE('',*,*,#4662,.F.);
#4662 = EDGE_CURVE('',#4457,#893,#4663,.T.);
#4663 = B_SPLINE_CURVE_WITH_KNOTS('',1,(#4664,#4665),.UNSPECIFIED.,.F.,
  .F.,(2,2),(-0.,1.E-03),.PIECEWISE_BEZIER_KNOTS.);
#4664 = CARTESIAN_POINT('',(-0.122427563467,0.751046183305,
    0.573352396834));
#4665 = CARTESIAN_POINT('',(-0.122427563467,0.750049988607,
    0.573265241091));
#4666 = ORIENTED_EDGE('',*,*,#4456,.F.);
#4667 = ORIENTED_EDGE('',*,*,#4643,.T.);
#4668 = B_SPLINE_SURFACE_WITH_KNOTS('',1,1,(
    (#4669,#4670)
    ,(#4671,#4672
    )),.UNSPECIFIED.,.F.,.F.,.F.,(2,2),(2,2),(-8.715356744662E-05,
    1.10246913833E-02),(-1.960706145425E-03,0.),
  .PIECEWISE_BEZIER_KNOTS.);
#4669 = CARTESIAN_POINT('',(-0.12242815964,0.749085477535,0.573265236879
    ));
#4670 = CARTESIAN_POINT('',(-0.12242694771,0.751046183305,0.573265245442
    ));
#4671 = CARTESIAN_POINT('',(-0.122506666958,0.749085477535,
    0.584376804492));
#4672 = CARTESIAN_POINT('',(-0.122505455028,0.751046183305,
    0.584376813055));
#4673 = ADVANCED_FACE('',(#4674),#4684,.F.);
#4674 = FACE_BOUND('',#4675,.F.);
#4675 = EDGE_LOOP('',(#4676,#4677,#4678,#4683));
#4676 = ORIENTED_EDGE('',*,*,#4662,.F.);
#4677 = ORIENTED_EDGE('',*,*,#4463,.T.);
#4678 = ORIENTED_EDGE('',*,*,#4679,.T.);
#4679 = EDGE_CURVE('',#4464,#989,#4680,.T.);
#4680 = B_SPLINE_CURVE_WITH_KNOTS('',1,(#4681,#4682),.UNSPECIFIED.,.F.,
  .F.,(2,2),(-0.,1.E-03),.PIECEWISE_BEZIER_KNOTS.);
#4681 = CARTESIAN_POINT('',(-0.143779379336,0.750374463345,
    0.581030191111));
#4682 = CARTESIAN_POINT('',(-0.143779379336,0.749378268647,
    0.580943035368));
#4683 = ORIENTED_EDGE('',*,*,#997,.F.);
#4684 = B_SPLINE_SURFACE_WITH_KNOTS('',3,1,(
    (#4685,#4686)
    ,(#4687,#4688)
    ,(#4689,#4690)
    ,(#4691,#4692
    )),.UNSPECIFIED.,.F.,.F.,.F.,(4,4),(2,2),(12.,13.),(0.,1.),
  .PIECEWISE_BEZIER_KNOTS.);
#4685 = CARTESIAN_POINT('',(-0.122427563467,0.751046183305,
    0.573352396834));
#4686 = CARTESIAN_POINT('',(-0.122427563467,0.750049988607,
    0.573265241091));
#4687 = CARTESIAN_POINT('',(-0.128881222565,0.750596262173,0.57849501891
    ));
#4688 = CARTESIAN_POINT('',(-0.128881222565,0.749600067475,
    0.578407863167));
#4689 = CARTESIAN_POINT('',(-0.135990964708,0.750369649018,
    0.581085219129));
#4690 = CARTESIAN_POINT('',(-0.135990964708,0.749373454319,
    0.580998063386));
#4691 = CARTESIAN_POINT('',(-0.143779379336,0.750374463345,
    0.581030191111));
#4692 = CARTESIAN_POINT('',(-0.143779379336,0.749378268647,
    0.580943035368));
#4693 = ADVANCED_FACE('',(#4694),#4704,.F.);
#4694 = FACE_BOUND('',#4695,.F.);
#4695 = EDGE_LOOP('',(#4696,#4697,#4698,#4703));
#4696 = ORIENTED_EDGE('',*,*,#4679,.F.);
#4697 = ORIENTED_EDGE('',*,*,#4472,.T.);
#4698 = ORIENTED_EDGE('',*,*,#4699,.T.);
#4699 = EDGE_CURVE('',#4473,#982,#4700,.T.);
#4700 = B_SPLINE_CURVE_WITH_KNOTS('',1,(#4701,#4702),.UNSPECIFIED.,.F.,
  .F.,(2,2),(-0.,1.E-03),.PIECEWISE_BEZIER_KNOTS.);
#4701 = CARTESIAN_POINT('',(-0.156825527811,0.7517685755,0.565095416271)
  );
#4702 = CARTESIAN_POINT('',(-0.156825527811,0.750772380802,
    0.565008260529));
#4703 = ORIENTED_EDGE('',*,*,#988,.F.);
#4704 = B_SPLINE_SURFACE_WITH_KNOTS('',3,1,(
    (#4705,#4706)
    ,(#4707,#4708)
    ,(#4709,#4710)
    ,(#4711,#4712
    )),.UNSPECIFIED.,.F.,.F.,.F.,(4,4),(2,2),(11.,12.),(0.,1.),
  .PIECEWISE_BEZIER_KNOTS.);
#4705 = CARTESIAN_POINT('',(-0.143779379336,0.750374463345,
    0.581030191111));
#4706 = CARTESIAN_POINT('',(-0.143779379336,0.749378268647,
    0.580943035368));
#4707 = CARTESIAN_POINT('',(-0.152544251916,0.75037988126,0.580968264058
    ));
#4708 = CARTESIAN_POINT('',(-0.152544251916,0.749383686562,
    0.580881108315));
#4709 = CARTESIAN_POINT('',(-0.156900717741,0.750844590102,0.57565661769
    ));
#4710 = CARTESIAN_POINT('',(-0.156900717741,0.749848395404,
    0.575569461948));
#4711 = CARTESIAN_POINT('',(-0.156825527811,0.7517685755,0.565095416271)
  );
#4712 = CARTESIAN_POINT('',(-0.156825527811,0.750772380802,
    0.565008260529));
#4713 = ADVANCED_FACE('',(#4714),#4724,.F.);
#4714 = FACE_BOUND('',#4715,.T.);
#4715 = EDGE_LOOP('',(#4716,#4717,#4722,#4723));
#4716 = ORIENTED_EDGE('',*,*,#981,.T.);
#4717 = ORIENTED_EDGE('',*,*,#4718,.F.);
#4718 = EDGE_CURVE('',#4482,#973,#4719,.T.);
#4719 = B_SPLINE_CURVE_WITH_KNOTS('',1,(#4720,#4721),.UNSPECIFIED.,.F.,
  .F.,(2,2),(-0.,9.999999999999E-04),.PIECEWISE_BEZIER_KNOTS.);
#4720 = CARTESIAN_POINT('',(-0.137556229469,0.751991725123,
    0.562544804407));
#4721 = CARTESIAN_POINT('',(-0.137556229469,0.750995530425,
    0.562457648664));
#4722 = ORIENTED_EDGE('',*,*,#4481,.F.);
#4723 = ORIENTED_EDGE('',*,*,#4699,.T.);
#4724 = B_SPLINE_SURFACE_WITH_KNOTS('',1,1,(
    (#4725,#4726)
    ,(#4727,#4728
    )),.UNSPECIFIED.,.F.,.F.,.F.,(2,2),(2,2),(-1.152277032329E-05,
    1.943736363301E-02),(-1.223920757866E-03,0.),
  .PIECEWISE_BEZIER_KNOTS.);
#4725 = CARTESIAN_POINT('',(-0.137558787935,0.750772380802,
    0.562438466849));
#4726 = CARTESIAN_POINT('',(-0.137544807847,0.751991725123,
    0.562543280993));
#4727 = CARTESIAN_POINT('',(-0.156836949433,0.750772380802,
    0.565009783942));
#4728 = CARTESIAN_POINT('',(-0.156822969345,0.751991725123,
    0.565114598086));
#4729 = ADVANCED_FACE('',(#4730),#4740,.F.);
#4730 = FACE_BOUND('',#4731,.F.);
#4731 = EDGE_LOOP('',(#4732,#4733,#4734,#4739));
#4732 = ORIENTED_EDGE('',*,*,#4718,.F.);
#4733 = ORIENTED_EDGE('',*,*,#4488,.T.);
#4734 = ORIENTED_EDGE('',*,*,#4735,.T.);
#4735 = EDGE_CURVE('',#4489,#964,#4736,.T.);
#4736 = B_SPLINE_CURVE_WITH_KNOTS('',1,(#4737,#4738),.UNSPECIFIED.,.F.,
  .F.,(2,2),(-0.,1.E-03),.PIECEWISE_BEZIER_KNOTS.);
#4737 = CARTESIAN_POINT('',(-0.11585402764,0.753826373882,0.541574673128
    ));
#4738 = CARTESIAN_POINT('',(-0.11585402764,0.752830179184,0.541487517385
    ));
#4739 = ORIENTED_EDGE('',*,*,#972,.F.);
#4740 = B_SPLINE_SURFACE_WITH_KNOTS('',3,1,(
    (#4741,#4742)
    ,(#4743,#4744)
    ,(#4745,#4746)
    ,(#4747,#4748
    )),.UNSPECIFIED.,.F.,.F.,.F.,(4,4),(2,2),(9.,10.),(0.,1.),
  .PIECEWISE_BEZIER_KNOTS.);
#4741 = CARTESIAN_POINT('',(-0.137556229469,0.751991725123,
    0.562544804407));
#4742 = CARTESIAN_POINT('',(-0.137556229469,0.750995530425,
    0.562457648664));
#4743 = CARTESIAN_POINT('',(-0.123174167599,0.75215710417,0.560654513249
    ));
#4744 = CARTESIAN_POINT('',(-0.123174167599,0.751160909472,
    0.560567357506));
#4745 = CARTESIAN_POINT('',(-0.115940100323,0.752768653756,0.55366446949
    ));
#4746 = CARTESIAN_POINT('',(-0.115940100323,0.751772459058,
    0.553577313747));
#4747 = CARTESIAN_POINT('',(-0.11585402764,0.753826373882,0.541574673128
    ));
#4748 = CARTESIAN_POINT('',(-0.11585402764,0.752830179184,0.541487517385
    ));
#4749 = ADVANCED_FACE('',(#4750),#4760,.F.);
#4750 = FACE_BOUND('',#4751,.F.);
#4751 = EDGE_LOOP('',(#4752,#4753,#4754,#4759));
#4752 = ORIENTED_EDGE('',*,*,#4735,.F.);
#4753 = ORIENTED_EDGE('',*,*,#4497,.T.);
#4754 = ORIENTED_EDGE('',*,*,#4755,.T.);
#4755 = EDGE_CURVE('',#4498,#955,#4756,.T.);
#4756 = B_SPLINE_CURVE_WITH_KNOTS('',1,(#4757,#4758),.UNSPECIFIED.,.F.,
  .F.,(2,2),(-0.,9.999999999999E-04),.PIECEWISE_BEZIER_KNOTS.);
#4757 = CARTESIAN_POINT('',(-0.121335842596,0.75503343551,0.52777789559)
  );
#4758 = CARTESIAN_POINT('',(-0.121335842596,0.754037240812,
    0.527690739847));
#4759 = ORIENTED_EDGE('',*,*,#963,.F.);
#4760 = B_SPLINE_SURFACE_WITH_KNOTS('',3,1,(
    (#4761,#4762)
    ,(#4763,#4764)
    ,(#4765,#4766)
    ,(#4767,#4768
    )),.UNSPECIFIED.,.F.,.F.,.F.,(4,4),(2,2),(8.,9.),(0.,1.),
  .PIECEWISE_BEZIER_KNOTS.);
#4761 = CARTESIAN_POINT('',(-0.11585402764,0.753826373882,0.541574673128
    ));
#4762 = CARTESIAN_POINT('',(-0.11585402764,0.752830179184,0.541487517385
    ));
#4763 = CARTESIAN_POINT('',(-0.11581280509,0.754332944824,0.535784540771
    ));
#4764 = CARTESIAN_POINT('',(-0.11581280509,0.753336750126,0.535697385028
    ));
#4765 = CARTESIAN_POINT('',(-0.117640076743,0.7547352987,0.531185614925)
  );
#4766 = CARTESIAN_POINT('',(-0.117640076743,0.753739104002,
    0.531098459182));
#4767 = CARTESIAN_POINT('',(-0.121335842596,0.75503343551,0.52777789559)
  );
#4768 = CARTESIAN_POINT('',(-0.121335842596,0.754037240812,
    0.527690739847));
#4769 = ADVANCED_FACE('',(#4770),#4780,.F.);
#4770 = FACE_BOUND('',#4771,.F.);
#4771 = EDGE_LOOP('',(#4772,#4773,#4774,#4779));
#4772 = ORIENTED_EDGE('',*,*,#4755,.F.);
#4773 = ORIENTED_EDGE('',*,*,#4506,.T.);
#4774 = ORIENTED_EDGE('',*,*,#4775,.T.);
#4775 = EDGE_CURVE('',#4507,#946,#4776,.T.);
#4776 = B_SPLINE_CURVE_WITH_KNOTS('',1,(#4777,#4778),.UNSPECIFIED.,.F.,
  .F.,(2,2),(-0.,1.E-03),.PIECEWISE_BEZIER_KNOTS.);
#4777 = CARTESIAN_POINT('',(-0.136318420034,0.755488501687,
    0.522576465386));
#4778 = CARTESIAN_POINT('',(-0.136318420034,0.754492306989,
    0.522489309643));
#4779 = ORIENTED_EDGE('',*,*,#954,.F.);
#4780 = B_SPLINE_SURFACE_WITH_KNOTS('',3,1,(
    (#4781,#4782)
    ,(#4783,#4784)
    ,(#4785,#4786)
    ,(#4787,#4788
    )),.UNSPECIFIED.,.F.,.F.,.F.,(4,4),(2,2),(7.,8.),(0.,1.),
  .PIECEWISE_BEZIER_KNOTS.);
#4781 = CARTESIAN_POINT('',(-0.121335842596,0.75503343551,0.52777789559)
  );
#4782 = CARTESIAN_POINT('',(-0.121335842596,0.754037240812,
    0.527690739847));
#4783 = CARTESIAN_POINT('',(-0.125031608449,0.75533157232,0.524370176255
    ));
#4784 = CARTESIAN_POINT('',(-0.125031608449,0.754335377622,
    0.524283020512));
#4785 = CARTESIAN_POINT('',(-0.130017941336,0.755484607112,
    0.522620980588));
#4786 = CARTESIAN_POINT('',(-0.130017941336,0.754488412413,
    0.522533824845));
#4787 = CARTESIAN_POINT('',(-0.136318420034,0.755488501687,
    0.522576465386));
#4788 = CARTESIAN_POINT('',(-0.136318420034,0.754492306989,
    0.522489309643));
#4789 = ADVANCED_FACE('',(#4790),#4800,.F.);
#4790 = FACE_BOUND('',#4791,.F.);
#4791 = EDGE_LOOP('',(#4792,#4793,#4794,#4799));
#4792 = ORIENTED_EDGE('',*,*,#4775,.F.);
#4793 = ORIENTED_EDGE('',*,*,#4515,.T.);
#4794 = ORIENTED_EDGE('',*,*,#4795,.T.);
#4795 = EDGE_CURVE('',#4516,#939,#4796,.T.);
#4796 = B_SPLINE_CURVE_WITH_KNOTS('',1,(#4797,#4798),.UNSPECIFIED.,.F.,
  .F.,(2,2),(-0.,9.999999999999E-04),.PIECEWISE_BEZIER_KNOTS.);
#4797 = CARTESIAN_POINT('',(-0.156301678401,0.754491714057,
    0.533969800135));
#4798 = CARTESIAN_POINT('',(-0.156301678401,0.753495519359,
    0.533882644392));
#4799 = ORIENTED_EDGE('',*,*,#945,.F.);
#4800 = B_SPLINE_SURFACE_WITH_KNOTS('',3,1,(
    (#4801,#4802)
    ,(#4803,#4804)
    ,(#4805,#4806)
    ,(#4807,#4808
    )),.UNSPECIFIED.,.F.,.F.,.F.,(4,4),(2,2),(6.,7.),(0.,1.),
  .PIECEWISE_BEZIER_KNOTS.);
#4801 = CARTESIAN_POINT('',(-0.136318420034,0.755488501687,
    0.522576465386));
#4802 = CARTESIAN_POINT('',(-0.136318420034,0.754492306989,
    0.522489309643));
#4803 = CARTESIAN_POINT('',(-0.145083292615,0.755493919602,
    0.522514538332));
#4804 = CARTESIAN_POINT('',(-0.145083292615,0.754497724904,0.52242738259
    ));
#4805 = CARTESIAN_POINT('',(-0.15175987807,0.75516166664,0.526312207074)
  );
#4806 = CARTESIAN_POINT('',(-0.15175987807,0.754165471941,0.526225051331
    ));
#4807 = CARTESIAN_POINT('',(-0.156301678401,0.754491714057,
    0.533969800135));
#4808 = CARTESIAN_POINT('',(-0.156301678401,0.753495519359,
    0.533882644392));
#4809 = ADVANCED_FACE('',(#4810),#4820,.F.);
#4810 = FACE_BOUND('',#4811,.T.);
#4811 = EDGE_LOOP('',(#4812,#4813,#4818,#4819));
#4812 = ORIENTED_EDGE('',*,*,#938,.T.);
#4813 = ORIENTED_EDGE('',*,*,#4814,.F.);
#4814 = EDGE_CURVE('',#4525,#932,#4815,.T.);
#4815 = B_SPLINE_CURVE_WITH_KNOTS('',1,(#4816,#4817),.UNSPECIFIED.,.F.,
  .F.,(2,2),(-0.,1.E-03),.PIECEWISE_BEZIER_KNOTS.);
#4816 = CARTESIAN_POINT('',(-0.156603915386,0.754491900881,
    0.533967664719));
#4817 = CARTESIAN_POINT('',(-0.156603915386,0.753495706183,
    0.533880508977));
#4818 = ORIENTED_EDGE('',*,*,#4524,.F.);
#4819 = ORIENTED_EDGE('',*,*,#4795,.T.);
#4820 = B_SPLINE_SURFACE_WITH_KNOTS('',1,1,(
    (#4821,#4822)
    ,(#4823,#4824
    )),.UNSPECIFIED.,.F.,.F.,.F.,(2,2),(2,2),(-2.147298216052E-17,1.E-03
    ),(-2.216446808633E-23,3.022445869055E-04),
  .PIECEWISE_BEZIER_KNOTS.);
#4821 = CARTESIAN_POINT('',(-0.156603915386,0.754491900881,
    0.533967664719));
#4822 = CARTESIAN_POINT('',(-0.156301678401,0.754491714057,
    0.533969800135));
#4823 = CARTESIAN_POINT('',(-0.156603915386,0.753495706183,
    0.533880508977));
#4824 = CARTESIAN_POINT('',(-0.156301678401,0.753495519359,
    0.533882644392));
#4825 = ADVANCED_FACE('',(#4826),#4836,.F.);
#4826 = FACE_BOUND('',#4827,.T.);
#4827 = EDGE_LOOP('',(#4828,#4829,#4834,#4835));
#4828 = ORIENTED_EDGE('',*,*,#931,.T.);
#4829 = ORIENTED_EDGE('',*,*,#4830,.F.);
#4830 = EDGE_CURVE('',#4532,#925,#4831,.T.);
#4831 = B_SPLINE_CURVE_WITH_KNOTS('',1,(#4832,#4833),.UNSPECIFIED.,.F.,
  .F.,(2,2),(-0.,1.E-03),.PIECEWISE_BEZIER_KNOTS.);
#4832 = CARTESIAN_POINT('',(-0.156532682821,0.755367255468,
    0.523962316007));
#4833 = CARTESIAN_POINT('',(-0.156532682821,0.75437106077,0.523875160264
    ));
#4834 = ORIENTED_EDGE('',*,*,#4531,.F.);
#4835 = ORIENTED_EDGE('',*,*,#4814,.T.);
#4836 = B_SPLINE_SURFACE_WITH_KNOTS('',1,1,(
    (#4837,#4838)
    ,(#4839,#4840
    )),.UNSPECIFIED.,.F.,.F.,.F.,(2,2),(2,2),(-8.715356744662E-05,
    1.000560226318E-02),(-1.871549642618E-03,0.),
  .PIECEWISE_BEZIER_KNOTS.);
#4837 = CARTESIAN_POINT('',(-0.156533223885,0.753495706183,
    0.523875156441));
#4838 = CARTESIAN_POINT('',(-0.156532067064,0.755367255468,
    0.523875164614));
#4839 = CARTESIAN_POINT('',(-0.156604531143,0.753495706183,
    0.533967660369));
#4840 = CARTESIAN_POINT('',(-0.156603374322,0.755367255468,
    0.533967668542));
#4841 = ADVANCED_FACE('',(#4842),#4852,.F.);
#4842 = FACE_BOUND('',#4843,.T.);
#4843 = EDGE_LOOP('',(#4844,#4845,#4850,#4851));
#4844 = ORIENTED_EDGE('',*,*,#924,.T.);
#4845 = ORIENTED_EDGE('',*,*,#4846,.F.);
#4846 = EDGE_CURVE('',#4539,#918,#4847,.T.);
#4847 = B_SPLINE_CURVE_WITH_KNOTS('',1,(#4848,#4849),.UNSPECIFIED.,.F.,
  .F.,(2,2),(-0.,9.999999999999E-04),.PIECEWISE_BEZIER_KNOTS.);
#4848 = CARTESIAN_POINT('',(-0.167924692276,0.755374297321,
    0.523881827264));
#4849 = CARTESIAN_POINT('',(-0.167924692276,0.754378102623,
    0.523794671521));
#4850 = ORIENTED_EDGE('',*,*,#4538,.F.);
#4851 = ORIENTED_EDGE('',*,*,#4830,.T.);
#4852 = B_SPLINE_SURFACE_WITH_KNOTS('',1,1,(
    (#4853,#4854)
    ,(#4855,#4856
    )),.UNSPECIFIED.,.F.,.F.,.F.,(2,2),(2,2),(-4.785586569616E-17,1.E-03
    ),(0.,1.139229596934E-02),.PIECEWISE_BEZIER_KNOTS.);
#4853 = CARTESIAN_POINT('',(-0.167924692276,0.755374297321,
    0.523881827264));
#4854 = CARTESIAN_POINT('',(-0.156532682821,0.755367255468,
    0.523962316007));
#4855 = CARTESIAN_POINT('',(-0.167924692276,0.754378102623,
    0.523794671521));
#4856 = CARTESIAN_POINT('',(-0.156532682821,0.75437106077,0.523875160264
    ));
#4857 = ADVANCED_FACE('',(#4858),#4868,.F.);
#4858 = FACE_BOUND('',#4859,.T.);
#4859 = EDGE_LOOP('',(#4860,#4861,#4866,#4867));
#4860 = ORIENTED_EDGE('',*,*,#917,.T.);
#4861 = ORIENTED_EDGE('',*,*,#4862,.F.);
#4862 = EDGE_CURVE('',#4546,#909,#4863,.T.);
#4863 = B_SPLINE_CURVE_WITH_KNOTS('',1,(#4864,#4865),.UNSPECIFIED.,.F.,
  .F.,(2,2),(-0.,9.999998615769E-04),.PIECEWISE_BEZIER_KNOTS.);
#4864 = CARTESIAN_POINT('',(-0.168221164851,0.751731039109,
    0.565524459175));
#4865 = CARTESIAN_POINT('',(-0.168221164851,0.750734844549,
    0.565437303445));
#4866 = ORIENTED_EDGE('',*,*,#4545,.F.);
#4867 = ORIENTED_EDGE('',*,*,#4846,.T.);
#4868 = B_SPLINE_SURFACE_WITH_KNOTS('',1,1,(
    (#4869,#4870)
    ,(#4871,#4872
    )),.UNSPECIFIED.,.F.,.F.,.F.,(2,2),(2,2),(0.,4.173084076532E-02),(
    -9.961948884034E-04,3.643258907644E-03),.PIECEWISE_BEZIER_KNOTS.);
#4869 = CARTESIAN_POINT('',(-0.168221780607,0.750734844411,
    0.565524454825));
#4870 = CARTESIAN_POINT('',(-0.168218912921,0.755374297321,
    0.565524475086));
#4871 = CARTESIAN_POINT('',(-0.167926944206,0.750734844411,0.52379465561
    ));
#4872 = CARTESIAN_POINT('',(-0.167924076519,0.755374297321,
    0.523794675872));
#4873 = ADVANCED_FACE('',(#4874),#4880,.F.);
#4874 = FACE_BOUND('',#4875,.F.);
#4875 = EDGE_LOOP('',(#4876,#4877,#4878,#4879));
#4876 = ORIENTED_EDGE('',*,*,#4862,.F.);
#4877 = ORIENTED_EDGE('',*,*,#4552,.T.);
#4878 = ORIENTED_EDGE('',*,*,#4637,.T.);
#4879 = ORIENTED_EDGE('',*,*,#908,.F.);
#4880 = B_SPLINE_SURFACE_WITH_KNOTS('',3,1,(
    (#4881,#4882)
    ,(#4883,#4884)
    ,(#4885,#4886)
    ,(#4887,#4888
    )),.UNSPECIFIED.,.F.,.F.,.F.,(4,4),(2,2),(1.,2.),(0.,1.),
  .PIECEWISE_BEZIER_KNOTS.);
#4881 = CARTESIAN_POINT('',(-0.168221164851,0.751731039109,
    0.565524459175));
#4882 = CARTESIAN_POINT('',(-0.168221164851,0.750734844411,
    0.565437303433));
#4883 = CARTESIAN_POINT('',(-0.16833790711,0.750296430203,0.581922114011
    ));
#4884 = CARTESIAN_POINT('',(-0.16833790711,0.749300235505,0.581834958268
    ));
#4885 = CARTESIAN_POINT('',(-0.160561035834,0.749578335247,
    0.590129976913));
#4886 = CARTESIAN_POINT('',(-0.160561035834,0.748582140549,
    0.590042821171));
#4887 = CARTESIAN_POINT('',(-0.144914459583,0.749568663478,
    0.590240525737));
#4888 = CARTESIAN_POINT('',(-0.144914459583,0.74857246878,0.590153369995
    ));
#4889 = ADVANCED_FACE('',(#4890),#4914,.T.);
#4890 = FACE_BOUND('',#4891,.T.);
#4891 = EDGE_LOOP('',(#4892,#4903,#4908,#4909));
#4892 = ORIENTED_EDGE('',*,*,#4893,.F.);
#4893 = EDGE_CURVE('',#4894,#4896,#4898,.T.);
#4894 = VERTEX_POINT('',#4895);
#4895 = CARTESIAN_POINT('',(-0.141544503267,0.751699125322,
    0.554415523777));
#4896 = VERTEX_POINT('',#4897);
#4897 = CARTESIAN_POINT('',(-0.13049611668,0.752040834077,0.550509773241
    ));
#4898 = B_SPLINE_CURVE_WITH_KNOTS('',3,(#4899,#4900,#4901,#4902),
  .UNSPECIFIED.,.F.,.F.,(4,4),(0.,1.),.PIECEWISE_BEZIER_KNOTS.);
#4899 = CARTESIAN_POINT('',(-0.141544503267,0.751699125322,
    0.554415523777));
#4900 = CARTESIAN_POINT('',(-0.136215206036,0.751760675276,0.55371200299
    ));
#4901 = CARTESIAN_POINT('',(-0.13253263036,0.751871876529,0.552440966855
    ));
#4902 = CARTESIAN_POINT('',(-0.13049611668,0.752040834077,0.550509773241
    ));
#4903 = ORIENTED_EDGE('',*,*,#4904,.F.);
#4904 = EDGE_CURVE('',#4573,#4894,#4905,.T.);
#4905 = B_SPLINE_CURVE_WITH_KNOTS('',1,(#4906,#4907),.UNSPECIFIED.,.F.,
  .F.,(2,2),(-0.,9.99999861577E-04),.PIECEWISE_BEZIER_KNOTS.);
#4906 = CARTESIAN_POINT('',(-0.141544503267,0.752695319882,
    0.554502679507));
#4907 = CARTESIAN_POINT('',(-0.141544503267,0.751699125322,
    0.554415523777));
#4908 = ORIENTED_EDGE('',*,*,#4572,.T.);
#4909 = ORIENTED_EDGE('',*,*,#4910,.T.);
#4910 = EDGE_CURVE('',#4562,#4896,#4911,.T.);
#4911 = B_SPLINE_CURVE_WITH_KNOTS('',1,(#4912,#4913),.UNSPECIFIED.,.F.,
  .F.,(2,2),(-0.,1.E-03),.PIECEWISE_BEZIER_KNOTS.);
#4912 = CARTESIAN_POINT('',(-0.13049611668,0.753037028776,0.550596928984
    ));
#4913 = CARTESIAN_POINT('',(-0.13049611668,0.752040834077,0.550509773241
    ));
#4914 = B_SPLINE_SURFACE_WITH_KNOTS('',3,1,(
    (#4915,#4916)
    ,(#4917,#4918)
    ,(#4919,#4920)
    ,(#4921,#4922
    )),.UNSPECIFIED.,.F.,.F.,.F.,(4,4),(2,2),(0.,1.),(0.,1.),
  .PIECEWISE_BEZIER_KNOTS.);
#4915 = CARTESIAN_POINT('',(-0.141544503267,0.752695319882,
    0.554502679507));
#4916 = CARTESIAN_POINT('',(-0.141544503267,0.751699125184,
    0.554415523765));
#4917 = CARTESIAN_POINT('',(-0.136215206036,0.752756869975,
    0.553799158733));
#4918 = CARTESIAN_POINT('',(-0.136215206036,0.751760675276,0.55371200299
    ));
#4919 = CARTESIAN_POINT('',(-0.13253263036,0.752868071227,0.552528122598
    ));
#4920 = CARTESIAN_POINT('',(-0.13253263036,0.751871876529,0.552440966855
    ));
#4921 = CARTESIAN_POINT('',(-0.13049611668,0.753037028776,0.550596928984
    ));
#4922 = CARTESIAN_POINT('',(-0.13049611668,0.752040834077,0.550509773241
    ));
#4923 = ADVANCED_FACE('',(#4924),#4942,.T.);
#4924 = FACE_BOUND('',#4925,.T.);
#4925 = EDGE_LOOP('',(#4926,#4935,#4936,#4937));
#4926 = ORIENTED_EDGE('',*,*,#4927,.F.);
#4927 = EDGE_CURVE('',#4896,#4928,#4930,.T.);
#4928 = VERTEX_POINT('',#4929);
#4929 = CARTESIAN_POINT('',(-0.127415375695,0.752756270284,0.54233229998
    ));
#4930 = B_SPLINE_CURVE_WITH_KNOTS('',3,(#4931,#4932,#4933,#4934),
  .UNSPECIFIED.,.F.,.F.,(4,4),(1.,2.),.PIECEWISE_BEZIER_KNOTS.);
#4931 = CARTESIAN_POINT('',(-0.13049611668,0.752040834077,0.550509773241
    ));
#4932 = CARTESIAN_POINT('',(-0.128482851999,0.752209805997,
    0.548578415366));
#4933 = CARTESIAN_POINT('',(-0.127440439005,0.752448275152,
    0.545852700454));
#4934 = CARTESIAN_POINT('',(-0.127415375695,0.752756270284,0.54233229998
    ));
#4935 = ORIENTED_EDGE('',*,*,#4910,.F.);
#4936 = ORIENTED_EDGE('',*,*,#4561,.T.);
#4937 = ORIENTED_EDGE('',*,*,#4938,.T.);
#4938 = EDGE_CURVE('',#4564,#4928,#4939,.T.);
#4939 = B_SPLINE_CURVE_WITH_KNOTS('',1,(#4940,#4941),.UNSPECIFIED.,.F.,
  .F.,(2,2),(-0.,9.999999999999E-04),.PIECEWISE_BEZIER_KNOTS.);
#4940 = CARTESIAN_POINT('',(-0.127415375695,0.753752464982,
    0.542419455723));
#4941 = CARTESIAN_POINT('',(-0.127415375695,0.752756270284,0.54233229998
    ));
#4942 = B_SPLINE_SURFACE_WITH_KNOTS('',3,1,(
    (#4943,#4944)
    ,(#4945,#4946)
    ,(#4947,#4948)
    ,(#4949,#4950
    )),.UNSPECIFIED.,.F.,.F.,.F.,(4,4),(2,2),(1.,2.),(0.,1.),
  .PIECEWISE_BEZIER_KNOTS.);
#4943 = CARTESIAN_POINT('',(-0.13049611668,0.753037028776,0.550596928984
    ));
#4944 = CARTESIAN_POINT('',(-0.13049611668,0.752040834077,0.550509773241
    ));
#4945 = CARTESIAN_POINT('',(-0.128482851999,0.753206000695,
    0.548665571108));
#4946 = CARTESIAN_POINT('',(-0.128482851999,0.752209805997,
    0.548578415366));
#4947 = CARTESIAN_POINT('',(-0.127440439005,0.75344446985,0.545939856196
    ));
#4948 = CARTESIAN_POINT('',(-0.127440439005,0.752448275152,
    0.545852700454));
#4949 = CARTESIAN_POINT('',(-0.127415375695,0.753752464982,
    0.542419455723));
#4950 = CARTESIAN_POINT('',(-0.127415375695,0.752756270284,0.54233229998
    ));
#4951 = ADVANCED_FACE('',(#4952),#4970,.T.);
#4952 = FACE_BOUND('',#4953,.T.);
#4953 = EDGE_LOOP('',(#4954,#4963,#4964,#4965));
#4954 = ORIENTED_EDGE('',*,*,#4955,.F.);
#4955 = EDGE_CURVE('',#4928,#4956,#4958,.T.);
#4956 = VERTEX_POINT('',#4957);
#4957 = CARTESIAN_POINT('',(-0.130662979333,0.753418879492,
    0.534758642077));
#4958 = B_SPLINE_CURVE_WITH_KNOTS('',3,(#4959,#4960,#4961,#4962),
  .UNSPECIFIED.,.F.,.F.,(4,4),(2.,3.),.PIECEWISE_BEZIER_KNOTS.);
#4959 = CARTESIAN_POINT('',(-0.127415375695,0.752756270284,0.54233229998
    ));
#4960 = CARTESIAN_POINT('',(-0.127393280409,0.753027792309,
    0.539228789037));
#4961 = CARTESIAN_POINT('',(-0.128468175215,0.753247306398,0.53671973151
    ));
#4962 = CARTESIAN_POINT('',(-0.130662979333,0.753418879492,
    0.534758642077));
#4963 = ORIENTED_EDGE('',*,*,#4938,.F.);
#4964 = ORIENTED_EDGE('',*,*,#4622,.T.);
#4965 = ORIENTED_EDGE('',*,*,#4966,.T.);
#4966 = EDGE_CURVE('',#4614,#4956,#4967,.T.);
#4967 = B_SPLINE_CURVE_WITH_KNOTS('',1,(#4968,#4969),.UNSPECIFIED.,.F.,
  .F.,(2,2),(-0.,1.E-03),.PIECEWISE_BEZIER_KNOTS.);
#4968 = CARTESIAN_POINT('',(-0.130662979333,0.75441507419,0.53484579782)
  );
#4969 = CARTESIAN_POINT('',(-0.130662979333,0.753418879492,
    0.534758642077));
#4970 = B_SPLINE_SURFACE_WITH_KNOTS('',3,1,(
    (#4971,#4972)
    ,(#4973,#4974)
    ,(#4975,#4976)
    ,(#4977,#4978
    )),.UNSPECIFIED.,.F.,.F.,.F.,(4,4),(2,2),(2.,3.),(0.,1.),
  .PIECEWISE_BEZIER_KNOTS.);
#4971 = CARTESIAN_POINT('',(-0.127415375695,0.753752464982,
    0.542419455723));
#4972 = CARTESIAN_POINT('',(-0.127415375695,0.752756270284,0.54233229998
    ));
#4973 = CARTESIAN_POINT('',(-0.127393280409,0.754023987007,0.53931594478
    ));
#4974 = CARTESIAN_POINT('',(-0.127393280409,0.753027792309,
    0.539228789037));
#4975 = CARTESIAN_POINT('',(-0.128468175215,0.754243501097,
    0.536806887253));
#4976 = CARTESIAN_POINT('',(-0.128468175215,0.753247306398,0.53671973151
    ));
#4977 = CARTESIAN_POINT('',(-0.130662979333,0.75441507419,0.53484579782)
  );
#4978 = CARTESIAN_POINT('',(-0.130662979333,0.753418879492,
    0.534758642077));
#4979 = ADVANCED_FACE('',(#4980),#4998,.T.);
#4980 = FACE_BOUND('',#4981,.T.);
#4981 = EDGE_LOOP('',(#4982,#4991,#4992,#4993));
#4982 = ORIENTED_EDGE('',*,*,#4983,.F.);
#4983 = EDGE_CURVE('',#4956,#4984,#4986,.T.);
#4984 = VERTEX_POINT('',#4985);
#4985 = CARTESIAN_POINT('',(-0.139337328752,0.753679566048,
    0.531778981105));
#4986 = B_SPLINE_CURVE_WITH_KNOTS('',3,(#4987,#4988,#4989,#4990),
  .UNSPECIFIED.,.F.,.F.,(4,4),(3.,4.),.PIECEWISE_BEZIER_KNOTS.);
#4987 = CARTESIAN_POINT('',(-0.130662979333,0.753418879492,
    0.534758642077));
#4988 = CARTESIAN_POINT('',(-0.132834534452,0.753590438214,
    0.532797716908));
#4989 = CARTESIAN_POINT('',(-0.135733733924,0.753677338523,0.53180444183
    ));
#4990 = CARTESIAN_POINT('',(-0.139337328752,0.753679566048,
    0.531778981105));
#4991 = ORIENTED_EDGE('',*,*,#4966,.F.);
#4992 = ORIENTED_EDGE('',*,*,#4613,.T.);
#4993 = ORIENTED_EDGE('',*,*,#4994,.T.);
#4994 = EDGE_CURVE('',#4605,#4984,#4995,.T.);
#4995 = B_SPLINE_CURVE_WITH_KNOTS('',1,(#4996,#4997),.UNSPECIFIED.,.F.,
  .F.,(2,2),(-0.,9.999999999999E-04),.PIECEWISE_BEZIER_KNOTS.);
#4996 = CARTESIAN_POINT('',(-0.139337328752,0.754675760746,
    0.531866136848));
#4997 = CARTESIAN_POINT('',(-0.139337328752,0.753679566048,
    0.531778981105));
#4998 = B_SPLINE_SURFACE_WITH_KNOTS('',3,1,(
    (#4999,#5000)
    ,(#5001,#5002)
    ,(#5003,#5004)
    ,(#5005,#5006
    )),.UNSPECIFIED.,.F.,.F.,.F.,(4,4),(2,2),(3.,4.),(0.,1.),
  .PIECEWISE_BEZIER_KNOTS.);
#4999 = CARTESIAN_POINT('',(-0.130662979333,0.75441507419,0.53484579782)
  );
#5000 = CARTESIAN_POINT('',(-0.130662979333,0.753418879492,
    0.534758642077));
#5001 = CARTESIAN_POINT('',(-0.132834534452,0.754586632912,
    0.532884872651));
#5002 = CARTESIAN_POINT('',(-0.132834534452,0.753590438214,
    0.532797716908));
#5003 = CARTESIAN_POINT('',(-0.135733733924,0.754673533222,
    0.531891597572));
#5004 = CARTESIAN_POINT('',(-0.135733733924,0.753677338523,0.53180444183
    ));
#5005 = CARTESIAN_POINT('',(-0.139337328752,0.754675760746,
    0.531866136848));
#5006 = CARTESIAN_POINT('',(-0.139337328752,0.753679566048,
    0.531778981105));
#5007 = ADVANCED_FACE('',(#5008),#5026,.T.);
#5008 = FACE_BOUND('',#5009,.T.);
#5009 = EDGE_LOOP('',(#5010,#5019,#5020,#5021));
#5010 = ORIENTED_EDGE('',*,*,#5011,.F.);
#5011 = EDGE_CURVE('',#4984,#5012,#5014,.T.);
#5012 = VERTEX_POINT('',#5013);
#5013 = CARTESIAN_POINT('',(-0.151743391126,0.753225218789,
    0.536972194037));
#5014 = B_SPLINE_CURVE_WITH_KNOTS('',3,(#5015,#5016,#5017,#5018),
  .UNSPECIFIED.,.F.,.F.,(4,4),(4.,5.),.PIECEWISE_BEZIER_KNOTS.);
#5015 = CARTESIAN_POINT('',(-0.139337328752,0.753679566048,
    0.531778981105));
#5016 = CARTESIAN_POINT('',(-0.144335863513,0.753682655841,
    0.531743664616));
#5017 = CARTESIAN_POINT('',(-0.14848671697,0.753531216335,0.533474626084
    ));
#5018 = CARTESIAN_POINT('',(-0.151743391126,0.753225218789,
    0.536972194037));
#5019 = ORIENTED_EDGE('',*,*,#4994,.F.);
#5020 = ORIENTED_EDGE('',*,*,#4604,.T.);
#5021 = ORIENTED_EDGE('',*,*,#5022,.T.);
#5022 = EDGE_CURVE('',#4596,#5012,#5023,.T.);
#5023 = B_SPLINE_CURVE_WITH_KNOTS('',1,(#5024,#5025),.UNSPECIFIED.,.F.,
  .F.,(2,2),(-0.,9.999999999999E-04),.PIECEWISE_BEZIER_KNOTS.);
#5024 = CARTESIAN_POINT('',(-0.151743391126,0.754221413488,0.53705934978
    ));
#5025 = CARTESIAN_POINT('',(-0.151743391126,0.753225218789,
    0.536972194037));
#5026 = B_SPLINE_SURFACE_WITH_KNOTS('',3,1,(
    (#5027,#5028)
    ,(#5029,#5030)
    ,(#5031,#5032)
    ,(#5033,#5034
    )),.UNSPECIFIED.,.F.,.F.,.F.,(4,4),(2,2),(4.,5.),(0.,1.),
  .PIECEWISE_BEZIER_KNOTS.);
#5027 = CARTESIAN_POINT('',(-0.139337328752,0.754675760746,
    0.531866136848));
#5028 = CARTESIAN_POINT('',(-0.139337328752,0.753679566048,
    0.531778981105));
#5029 = CARTESIAN_POINT('',(-0.144335863513,0.754678850539,
    0.531830820358));
#5030 = CARTESIAN_POINT('',(-0.144335863513,0.753682655841,
    0.531743664616));
#5031 = CARTESIAN_POINT('',(-0.14848671697,0.754527411033,0.533561781827
    ));
#5032 = CARTESIAN_POINT('',(-0.14848671697,0.753531216335,0.533474626084
    ));
#5033 = CARTESIAN_POINT('',(-0.151743391126,0.754221413488,0.53705934978
    ));
#5034 = CARTESIAN_POINT('',(-0.151743391126,0.753225218789,
    0.536972194037));
#5035 = ADVANCED_FACE('',(#5036),#5054,.T.);
#5036 = FACE_BOUND('',#5037,.T.);
#5037 = EDGE_LOOP('',(#5038,#5047,#5048,#5049));
#5038 = ORIENTED_EDGE('',*,*,#5039,.F.);
#5039 = EDGE_CURVE('',#5012,#5040,#5042,.T.);
#5040 = VERTEX_POINT('',#5041);
#5041 = CARTESIAN_POINT('',(-0.156719668305,0.752073254979,
    0.550139200635));
#5042 = B_SPLINE_CURVE_WITH_KNOTS('',3,(#5043,#5044,#5045,#5046),
  .UNSPECIFIED.,.F.,.F.,(4,4),(5.,6.),.PIECEWISE_BEZIER_KNOTS.);
#5043 = CARTESIAN_POINT('',(-0.151743391126,0.753225218789,
    0.536972194037));
#5044 = CARTESIAN_POINT('',(-0.1550229845,0.752923288182,0.540423276667)
  );
#5045 = CARTESIAN_POINT('',(-0.156681743559,0.752539300246,
    0.544812278867));
#5046 = CARTESIAN_POINT('',(-0.156719668305,0.752073254979,
    0.550139200635));
#5047 = ORIENTED_EDGE('',*,*,#5022,.F.);
#5048 = ORIENTED_EDGE('',*,*,#4595,.T.);
#5049 = ORIENTED_EDGE('',*,*,#5050,.T.);
#5050 = EDGE_CURVE('',#4589,#5040,#5051,.T.);
#5051 = B_SPLINE_CURVE_WITH_KNOTS('',1,(#5052,#5053),.UNSPECIFIED.,.F.,
  .F.,(2,2),(-0.,9.999999999999E-04),.PIECEWISE_BEZIER_KNOTS.);
#5052 = CARTESIAN_POINT('',(-0.156719668305,0.753069449678,
    0.550226356378));
#5053 = CARTESIAN_POINT('',(-0.156719668305,0.752073254979,
    0.550139200635));
#5054 = B_SPLINE_SURFACE_WITH_KNOTS('',3,1,(
    (#5055,#5056)
    ,(#5057,#5058)
    ,(#5059,#5060)
    ,(#5061,#5062
    )),.UNSPECIFIED.,.F.,.F.,.F.,(4,4),(2,2),(5.,6.),(0.,1.),
  .PIECEWISE_BEZIER_KNOTS.);
#5055 = CARTESIAN_POINT('',(-0.151743391126,0.754221413488,0.53705934978
    ));
#5056 = CARTESIAN_POINT('',(-0.151743391126,0.753225218789,
    0.536972194037));
#5057 = CARTESIAN_POINT('',(-0.1550229845,0.75391948288,0.54051043241));
#5058 = CARTESIAN_POINT('',(-0.1550229845,0.752923288182,0.540423276667)
  );
#5059 = CARTESIAN_POINT('',(-0.156681743559,0.753535494944,
    0.544899434609));
#5060 = CARTESIAN_POINT('',(-0.156681743559,0.752539300246,
    0.544812278867));
#5061 = CARTESIAN_POINT('',(-0.156719668305,0.753069449678,
    0.550226356378));
#5062 = CARTESIAN_POINT('',(-0.156719668305,0.752073254979,
    0.550139200635));
#5063 = ADVANCED_FACE('',(#5064),#5080,.T.);
#5064 = FACE_BOUND('',#5065,.T.);
#5065 = EDGE_LOOP('',(#5066,#5073,#5074,#5075));
#5066 = ORIENTED_EDGE('',*,*,#5067,.F.);
#5067 = EDGE_CURVE('',#5040,#5068,#5070,.T.);
#5068 = VERTEX_POINT('',#5069);
#5069 = CARTESIAN_POINT('',(-0.156763858877,0.75153021093,0.556346222522
    ));
#5070 = B_SPLINE_CURVE_WITH_KNOTS('',1,(#5071,#5072),.UNSPECIFIED.,.F.,
  .F.,(2,2),(0.,6.230888408035E-03),.PIECEWISE_BEZIER_KNOTS.);
#5071 = CARTESIAN_POINT('',(-0.156719668305,0.752073254979,
    0.550139200635));
#5072 = CARTESIAN_POINT('',(-0.156763858877,0.75153021093,0.556346222522
    ));
#5073 = ORIENTED_EDGE('',*,*,#5050,.F.);
#5074 = ORIENTED_EDGE('',*,*,#4588,.T.);
#5075 = ORIENTED_EDGE('',*,*,#5076,.T.);
#5076 = EDGE_CURVE('',#4582,#5068,#5077,.T.);
#5077 = B_SPLINE_CURVE_WITH_KNOTS('',1,(#5078,#5079),.UNSPECIFIED.,.F.,
  .F.,(2,2),(-3.317994872493E-16,1.E-03),.PIECEWISE_BEZIER_KNOTS.);
#5078 = CARTESIAN_POINT('',(-0.156763858877,0.752526405628,
    0.556433378265));
#5079 = CARTESIAN_POINT('',(-0.156763858877,0.75153021093,0.556346222522
    ));
#5080 = B_SPLINE_SURFACE_WITH_KNOTS('',1,1,(
    (#5081,#5082)
    ,(#5083,#5084
    )),.UNSPECIFIED.,.F.,.F.,.F.,(2,2),(2,2),(-6.207179182297E-03,
    8.715356744661E-05),(-1.539239041526E-03,0.),
  .PIECEWISE_BEZIER_KNOTS.);
#5081 = CARTESIAN_POINT('',(-0.156764474634,0.75153021093,0.556433373915
    ));
#5082 = CARTESIAN_POINT('',(-0.156763523217,0.753069449678,
    0.556433380637));
#5083 = CARTESIAN_POINT('',(-0.156720003965,0.75153021093,0.550139198264
    ));
#5084 = CARTESIAN_POINT('',(-0.156719052548,0.753069449678,
    0.550139204986));
#5085 = ADVANCED_FACE('',(#5086),#5096,.T.);
#5086 = FACE_BOUND('',#5087,.T.);
#5087 = EDGE_LOOP('',(#5088,#5093,#5094,#5095));
#5088 = ORIENTED_EDGE('',*,*,#5089,.F.);
#5089 = EDGE_CURVE('',#5068,#4894,#5090,.T.);
#5090 = B_SPLINE_CURVE_WITH_KNOTS('',1,(#5091,#5092),.UNSPECIFIED.,.F.,
  .F.,(2,2),(0.,1.53422591201E-02),.PIECEWISE_BEZIER_KNOTS.);
#5091 = CARTESIAN_POINT('',(-0.156763858877,0.75153021093,0.556346222522
    ));
#5092 = CARTESIAN_POINT('',(-0.141544503267,0.751699125184,
    0.554415523765));
#5093 = ORIENTED_EDGE('',*,*,#5076,.F.);
#5094 = ORIENTED_EDGE('',*,*,#4581,.T.);
#5095 = ORIENTED_EDGE('',*,*,#4904,.T.);
#5096 = B_SPLINE_SURFACE_WITH_KNOTS('',1,1,(
    (#5097,#5098)
    ,(#5099,#5100
    )),.UNSPECIFIED.,.F.,.F.,.F.,(2,2),(2,2),(-1.535237335633E-02,
    3.666755477074E-18),(-9.999389345246E-04,1.695491247611E-04),
  .PIECEWISE_BEZIER_KNOTS.);
#5097 = CARTESIAN_POINT('',(-0.141546361965,0.75153021093,0.554400983278
    ));
#5098 = CARTESIAN_POINT('',(-0.141533541346,0.752695319882,
    0.554501278255));
#5099 = CARTESIAN_POINT('',(-0.156774820798,0.75153021093,0.556347623775
    ));
#5100 = CARTESIAN_POINT('',(-0.15676200018,0.752695319882,0.556447918752
    ));
#5101 = ADVANCED_FACE('',(#5102),#5112,.T.);
#5102 = FACE_BOUND('',#5103,.T.);
#5103 = EDGE_LOOP('',(#5104,#5105,#5106,#5107,#5108,#5109,#5110,#5111));
#5104 = ORIENTED_EDGE('',*,*,#4893,.T.);
#5105 = ORIENTED_EDGE('',*,*,#4927,.T.);
#5106 = ORIENTED_EDGE('',*,*,#4955,.T.);
#5107 = ORIENTED_EDGE('',*,*,#4983,.T.);
#5108 = ORIENTED_EDGE('',*,*,#5011,.T.);
#5109 = ORIENTED_EDGE('',*,*,#5039,.T.);
#5110 = ORIENTED_EDGE('',*,*,#5067,.T.);
#5111 = ORIENTED_EDGE('',*,*,#5089,.T.);
#5112 = B_SPLINE_SURFACE_WITH_KNOTS('',1,1,(
    (#5113,#5114)
    ,(#5115,#5116
    )),.UNSPECIFIED.,.F.,.F.,.F.,(2,2),(2,2),(0.531431923603,
    0.556128459284),(1.193236141123,1.222606719591),
  .PIECEWISE_BEZIER_KNOTS.);
#5113 = CARTESIAN_POINT('',(-0.156763858877,0.753682655979,
    0.531743664628));
#5114 = CARTESIAN_POINT('',(-0.127393280409,0.753682655979,
    0.531743664628));
#5115 = CARTESIAN_POINT('',(-0.156763858877,0.751530211068,
    0.556346222534));
#5116 = CARTESIAN_POINT('',(-0.127393280409,0.751530211068,
    0.556346222534));
#5117 = ADVANCED_FACE('',(#5118),#5142,.F.);
#5118 = FACE_BOUND('',#5119,.F.);
#5119 = EDGE_LOOP('',(#5120,#5127,#5136,#5141));
#5120 = ORIENTED_EDGE('',*,*,#5121,.F.);
#5121 = EDGE_CURVE('',#5122,#713,#5124,.T.);
#5122 = VERTEX_POINT('',#5123);
#5123 = CARTESIAN_POINT('',(-0.202155793968,0.754718644101,
    0.531375977865));
#5124 = B_SPLINE_CURVE_WITH_KNOTS('',1,(#5125,#5126),.UNSPECIFIED.,.F.,
  .F.,(2,2),(-0.,1.E-03),.PIECEWISE_BEZIER_KNOTS.);
#5125 = CARTESIAN_POINT('',(-0.202155793968,0.754718644101,
    0.531375977865));
#5126 = CARTESIAN_POINT('',(-0.202155793968,0.753722449403,
    0.531288822122));
#5127 = ORIENTED_EDGE('',*,*,#5128,.T.);
#5128 = EDGE_CURVE('',#5122,#5129,#5131,.T.);
#5129 = VERTEX_POINT('',#5130);
#5130 = CARTESIAN_POINT('',(-0.183461621217,0.754159964355,
    0.537761716579));
#5131 = B_SPLINE_CURVE_WITH_KNOTS('',3,(#5132,#5133,#5134,#5135),
  .UNSPECIFIED.,.F.,.F.,(4,4),(0.,1.),.PIECEWISE_BEZIER_KNOTS.);
#5132 = CARTESIAN_POINT('',(-0.202155793968,0.754718644101,
    0.531375977865));
#5133 = CARTESIAN_POINT('',(-0.195460082288,0.754714505216,
    0.531423285534));
#5134 = CARTESIAN_POINT('',(-0.189244190703,0.754528288215,
    0.533551755597));
#5135 = CARTESIAN_POINT('',(-0.183461621217,0.754159964355,
    0.537761716579));
#5136 = ORIENTED_EDGE('',*,*,#5137,.T.);
#5137 = EDGE_CURVE('',#5129,#704,#5138,.T.);
#5138 = B_SPLINE_CURVE_WITH_KNOTS('',1,(#5139,#5140),.UNSPECIFIED.,.F.,
  .F.,(2,2),(-0.,9.999999999999E-04),.PIECEWISE_BEZIER_KNOTS.);
#5139 = CARTESIAN_POINT('',(-0.183461621217,0.754159964355,
    0.537761716579));
#5140 = CARTESIAN_POINT('',(-0.183461621217,0.753163769657,
    0.537674560836));
#5141 = ORIENTED_EDGE('',*,*,#712,.F.);
#5142 = B_SPLINE_SURFACE_WITH_KNOTS('',3,1,(
    (#5143,#5144)
    ,(#5145,#5146)
    ,(#5147,#5148)
    ,(#5149,#5150
    )),.UNSPECIFIED.,.F.,.F.,.F.,(4,4),(2,2),(0.,1.),(0.,1.),
  .PIECEWISE_BEZIER_KNOTS.);
#5143 = CARTESIAN_POINT('',(-0.202155793968,0.754718644101,
    0.531375977865));
#5144 = CARTESIAN_POINT('',(-0.202155793968,0.753722449403,
    0.531288822122));
#5145 = CARTESIAN_POINT('',(-0.195460082288,0.754714505216,
    0.531423285534));
#5146 = CARTESIAN_POINT('',(-0.195460082288,0.753718310518,
    0.531336129791));
#5147 = CARTESIAN_POINT('',(-0.189244190703,0.754528288215,
    0.533551755597));
#5148 = CARTESIAN_POINT('',(-0.189244190703,0.753532093517,
    0.533464599854));
#5149 = CARTESIAN_POINT('',(-0.183461621217,0.754159964355,
    0.537761716579));
#5150 = CARTESIAN_POINT('',(-0.183461621217,0.753163769657,
    0.537674560836));
#5151 = ADVANCED_FACE('',(#5152),#5168,.F.);
#5152 = FACE_BOUND('',#5153,.T.);
#5153 = EDGE_LOOP('',(#5154,#5155,#5162,#5167));
#5154 = ORIENTED_EDGE('',*,*,#703,.T.);
#5155 = ORIENTED_EDGE('',*,*,#5156,.F.);
#5156 = EDGE_CURVE('',#5157,#706,#5159,.T.);
#5157 = VERTEX_POINT('',#5158);
#5158 = CARTESIAN_POINT('',(-0.183378186777,0.755185263941,
    0.526042488688));
#5159 = B_SPLINE_CURVE_WITH_KNOTS('',1,(#5160,#5161),.UNSPECIFIED.,.F.,
  .F.,(2,2),(-0.,1.E-03),.PIECEWISE_BEZIER_KNOTS.);
#5160 = CARTESIAN_POINT('',(-0.183378186777,0.755185263941,
    0.526042488688));
#5161 = CARTESIAN_POINT('',(-0.183378186777,0.754189069243,
    0.525955332945));
#5162 = ORIENTED_EDGE('',*,*,#5163,.F.);
#5163 = EDGE_CURVE('',#5129,#5157,#5164,.T.);
#5164 = B_SPLINE_CURVE_WITH_KNOTS('',1,(#5165,#5166),.UNSPECIFIED.,.F.,
  .F.,(2,2),(-1.176428930668E-02,0.),.PIECEWISE_BEZIER_KNOTS.);
#5165 = CARTESIAN_POINT('',(-0.183461621217,0.754159964355,
    0.537761716579));
#5166 = CARTESIAN_POINT('',(-0.183378186777,0.755185263941,
    0.526042488688));
#5167 = ORIENTED_EDGE('',*,*,#5137,.T.);
#5168 = B_SPLINE_SURFACE_WITH_KNOTS('',1,1,(
    (#5169,#5170)
    ,(#5171,#5172
    )),.UNSPECIFIED.,.F.,.F.,.F.,(2,2),(2,2),(-8.715356744662E-05,
    1.171952487302E-02),(-2.021494669955E-03,0.),
  .PIECEWISE_BEZIER_KNOTS.);
#5169 = CARTESIAN_POINT('',(-0.183378820524,0.753163769657,
    0.525955328468));
#5170 = CARTESIAN_POINT('',(-0.183377571021,0.755185263941,
    0.525955337296));
#5171 = CARTESIAN_POINT('',(-0.183462236974,0.753163769657,
    0.537761712228));
#5172 = CARTESIAN_POINT('',(-0.18346098747,0.755185263941,0.537761721056
    ));
#5173 = ADVANCED_FACE('',(#5174),#5192,.F.);
#5174 = FACE_BOUND('',#5175,.F.);
#5175 = EDGE_LOOP('',(#5176,#5177,#5186,#5191));
#5176 = ORIENTED_EDGE('',*,*,#5156,.F.);
#5177 = ORIENTED_EDGE('',*,*,#5178,.T.);
#5178 = EDGE_CURVE('',#5157,#5179,#5181,.T.);
#5179 = VERTEX_POINT('',#5180);
#5180 = CARTESIAN_POINT('',(-0.200973885942,0.755528467793,
    0.522119650705));
#5181 = B_SPLINE_CURVE_WITH_KNOTS('',3,(#5182,#5183,#5184,#5185),
  .UNSPECIFIED.,.F.,.F.,(4,4),(19.,20.),.PIECEWISE_BEZIER_KNOTS.);
#5182 = CARTESIAN_POINT('',(-0.183378186777,0.755185263941,
    0.526042488688));
#5183 = CARTESIAN_POINT('',(-0.188382162396,0.755407206751,
    0.523505670758));
#5184 = CARTESIAN_POINT('',(-0.194231676264,0.755524300166,0.5221672869)
  );
#5185 = CARTESIAN_POINT('',(-0.200973885942,0.755528467793,
    0.522119650705));
#5186 = ORIENTED_EDGE('',*,*,#5187,.T.);
#5187 = EDGE_CURVE('',#5179,#873,#5188,.T.);
#5188 = B_SPLINE_CURVE_WITH_KNOTS('',1,(#5189,#5190),.UNSPECIFIED.,.F.,
  .F.,(2,2),(-0.,1.E-03),.PIECEWISE_BEZIER_KNOTS.);
#5189 = CARTESIAN_POINT('',(-0.200973885942,0.755528467793,
    0.522119650705));
#5190 = CARTESIAN_POINT('',(-0.200973885942,0.754532273095,
    0.522032494962));
#5191 = ORIENTED_EDGE('',*,*,#881,.F.);
#5192 = B_SPLINE_SURFACE_WITH_KNOTS('',3,1,(
    (#5193,#5194)
    ,(#5195,#5196)
    ,(#5197,#5198)
    ,(#5199,#5200
    )),.UNSPECIFIED.,.F.,.F.,.F.,(4,4),(2,2),(19.,20.),(0.,1.),
  .PIECEWISE_BEZIER_KNOTS.);
#5193 = CARTESIAN_POINT('',(-0.183378186777,0.755185263941,
    0.526042488688));
#5194 = CARTESIAN_POINT('',(-0.183378186777,0.754189069243,
    0.525955332945));
#5195 = CARTESIAN_POINT('',(-0.188382162396,0.755407206751,
    0.523505670758));
#5196 = CARTESIAN_POINT('',(-0.188382162396,0.754411012053,
    0.523418515015));
#5197 = CARTESIAN_POINT('',(-0.194231676264,0.755524300166,0.5221672869)
  );
#5198 = CARTESIAN_POINT('',(-0.194231676264,0.754528105468,
    0.522080131157));
#5199 = CARTESIAN_POINT('',(-0.200973885942,0.755528467793,
    0.522119650705));
#5200 = CARTESIAN_POINT('',(-0.200973885942,0.754532273095,
    0.522032494962));
#5201 = ADVANCED_FACE('',(#5202),#5220,.F.);
#5202 = FACE_BOUND('',#5203,.F.);
#5203 = EDGE_LOOP('',(#5204,#5205,#5214,#5219));
#5204 = ORIENTED_EDGE('',*,*,#5187,.F.);
#5205 = ORIENTED_EDGE('',*,*,#5206,.T.);
#5206 = EDGE_CURVE('',#5179,#5207,#5209,.T.);
#5207 = VERTEX_POINT('',#5208);
#5208 = CARTESIAN_POINT('',(-0.219935176661,0.755090330895,
    0.527127578367));
#5209 = B_SPLINE_CURVE_WITH_KNOTS('',3,(#5210,#5211,#5212,#5213),
  .UNSPECIFIED.,.F.,.F.,(4,4),(18.,19.),.PIECEWISE_BEZIER_KNOTS.);
#5210 = CARTESIAN_POINT('',(-0.200973885942,0.755528467793,
    0.522119650705));
#5211 = CARTESIAN_POINT('',(-0.208715802572,0.755533253379,
    0.522064951212));
#5212 = CARTESIAN_POINT('',(-0.215051732144,0.755387217327,
    0.523734150925));
#5213 = CARTESIAN_POINT('',(-0.219935176661,0.755090330895,
    0.527127578367));
#5214 = ORIENTED_EDGE('',*,*,#5215,.T.);
#5215 = EDGE_CURVE('',#5207,#864,#5216,.T.);
#5216 = B_SPLINE_CURVE_WITH_KNOTS('',1,(#5217,#5218),.UNSPECIFIED.,.F.,
  .F.,(2,2),(-0.,1.E-03),.PIECEWISE_BEZIER_KNOTS.);
#5217 = CARTESIAN_POINT('',(-0.219935176661,0.755090330895,
    0.527127578367));
#5218 = CARTESIAN_POINT('',(-0.219935176661,0.754094136197,
    0.527040422624));
#5219 = ORIENTED_EDGE('',*,*,#872,.F.);
#5220 = B_SPLINE_SURFACE_WITH_KNOTS('',3,1,(
    (#5221,#5222)
    ,(#5223,#5224)
    ,(#5225,#5226)
    ,(#5227,#5228
    )),.UNSPECIFIED.,.F.,.F.,.F.,(4,4),(2,2),(18.,19.),(0.,1.),
  .PIECEWISE_BEZIER_KNOTS.);
#5221 = CARTESIAN_POINT('',(-0.200973885942,0.755528467793,
    0.522119650705));
#5222 = CARTESIAN_POINT('',(-0.200973885942,0.754532273095,
    0.522032494962));
#5223 = CARTESIAN_POINT('',(-0.208715802572,0.755533253379,
    0.522064951212));
#5224 = CARTESIAN_POINT('',(-0.208715802572,0.75453705868,0.52197779547)
  );
#5225 = CARTESIAN_POINT('',(-0.215051732144,0.755387217327,
    0.523734150925));
#5226 = CARTESIAN_POINT('',(-0.215051732144,0.754391022628,
    0.523646995182));
#5227 = CARTESIAN_POINT('',(-0.219935176661,0.755090330895,
    0.527127578367));
#5228 = CARTESIAN_POINT('',(-0.219935176661,0.754094136197,
    0.527040422624));
#5229 = ADVANCED_FACE('',(#5230),#5248,.F.);
#5230 = FACE_BOUND('',#5231,.F.);
#5231 = EDGE_LOOP('',(#5232,#5233,#5242,#5247));
#5232 = ORIENTED_EDGE('',*,*,#5215,.F.);
#5233 = ORIENTED_EDGE('',*,*,#5234,.T.);
#5234 = EDGE_CURVE('',#5207,#5235,#5237,.T.);
#5235 = VERTEX_POINT('',#5236);
#5236 = CARTESIAN_POINT('',(-0.22735820499,0.753870982405,0.541064795379
    ));
#5237 = B_SPLINE_CURVE_WITH_KNOTS('',3,(#5238,#5239,#5240,#5241),
  .UNSPECIFIED.,.F.,.F.,(4,4),(17.,18.),.PIECEWISE_BEZIER_KNOTS.);
#5238 = CARTESIAN_POINT('',(-0.219935176661,0.755090330895,
    0.527127578367));
#5239 = CARTESIAN_POINT('',(-0.224841540396,0.754797511402,
    0.530474520489));
#5240 = CARTESIAN_POINT('',(-0.227315993099,0.754389711049,
    0.535135699845));
#5241 = CARTESIAN_POINT('',(-0.22735820499,0.753870982405,0.541064795379
    ));
#5242 = ORIENTED_EDGE('',*,*,#5243,.T.);
#5243 = EDGE_CURVE('',#5235,#855,#5244,.T.);
#5244 = B_SPLINE_CURVE_WITH_KNOTS('',1,(#5245,#5246),.UNSPECIFIED.,.F.,
  .F.,(2,2),(-0.,9.999999999999E-04),.PIECEWISE_BEZIER_KNOTS.);
#5245 = CARTESIAN_POINT('',(-0.22735820499,0.753870982405,0.541064795379
    ));
#5246 = CARTESIAN_POINT('',(-0.22735820499,0.752874787707,0.540977639636
    ));
#5247 = ORIENTED_EDGE('',*,*,#863,.F.);
#5248 = B_SPLINE_SURFACE_WITH_KNOTS('',3,1,(
    (#5249,#5250)
    ,(#5251,#5252)
    ,(#5253,#5254)
    ,(#5255,#5256
    )),.UNSPECIFIED.,.F.,.F.,.F.,(4,4),(2,2),(17.,18.),(0.,1.),
  .PIECEWISE_BEZIER_KNOTS.);
#5249 = CARTESIAN_POINT('',(-0.219935176661,0.755090330895,
    0.527127578367));
#5250 = CARTESIAN_POINT('',(-0.219935176661,0.754094136197,
    0.527040422624));
#5251 = CARTESIAN_POINT('',(-0.224841540396,0.754797511402,
    0.530474520489));
#5252 = CARTESIAN_POINT('',(-0.224841540396,0.753801316704,
    0.530387364746));
#5253 = CARTESIAN_POINT('',(-0.227315993099,0.754389711049,
    0.535135699845));
#5254 = CARTESIAN_POINT('',(-0.227315993099,0.753393516351,
    0.535048544102));
#5255 = CARTESIAN_POINT('',(-0.22735820499,0.753870982405,0.541064795379
    ));
#5256 = CARTESIAN_POINT('',(-0.22735820499,0.752874787707,0.540977639636
    ));
#5257 = ADVANCED_FACE('',(#5258),#5276,.F.);
#5258 = FACE_BOUND('',#5259,.F.);
#5259 = EDGE_LOOP('',(#5260,#5261,#5270,#5275));
#5260 = ORIENTED_EDGE('',*,*,#5243,.F.);
#5261 = ORIENTED_EDGE('',*,*,#5262,.T.);
#5262 = EDGE_CURVE('',#5235,#5263,#5265,.T.);
#5263 = VERTEX_POINT('',#5264);
#5264 = CARTESIAN_POINT('',(-0.223621548443,0.75293248244,0.551791899064
    ));
#5265 = B_SPLINE_CURVE_WITH_KNOTS('',3,(#5266,#5267,#5268,#5269),
  .UNSPECIFIED.,.F.,.F.,(4,4),(16.,17.),.PIECEWISE_BEZIER_KNOTS.);
#5266 = CARTESIAN_POINT('',(-0.22735820499,0.753870982405,0.541064795379
    ));
#5267 = CARTESIAN_POINT('',(-0.227388544786,0.753498146192,
    0.545326332794));
#5268 = CARTESIAN_POINT('',(-0.226135242937,0.75318530808,0.548902088776
    ));
#5269 = CARTESIAN_POINT('',(-0.223621548443,0.75293248244,0.551791899064
    ));
#5270 = ORIENTED_EDGE('',*,*,#5271,.T.);
#5271 = EDGE_CURVE('',#5263,#846,#5272,.T.);
#5272 = B_SPLINE_CURVE_WITH_KNOTS('',1,(#5273,#5274),.UNSPECIFIED.,.F.,
  .F.,(2,2),(-0.,9.999999999999E-04),.PIECEWISE_BEZIER_KNOTS.);
#5273 = CARTESIAN_POINT('',(-0.223621548443,0.75293248244,0.551791899064
    ));
#5274 = CARTESIAN_POINT('',(-0.223621548443,0.751936287742,
    0.551704743321));
#5275 = ORIENTED_EDGE('',*,*,#854,.F.);
#5276 = B_SPLINE_SURFACE_WITH_KNOTS('',3,1,(
    (#5277,#5278)
    ,(#5279,#5280)
    ,(#5281,#5282)
    ,(#5283,#5284
    )),.UNSPECIFIED.,.F.,.F.,.F.,(4,4),(2,2),(16.,17.),(0.,1.),
  .PIECEWISE_BEZIER_KNOTS.);
#5277 = CARTESIAN_POINT('',(-0.22735820499,0.753870982405,0.541064795379
    ));
#5278 = CARTESIAN_POINT('',(-0.22735820499,0.752874787707,0.540977639636
    ));
#5279 = CARTESIAN_POINT('',(-0.227388544786,0.753498146192,
    0.545326332794));
#5280 = CARTESIAN_POINT('',(-0.227388544786,0.752501951494,
    0.545239177051));
#5281 = CARTESIAN_POINT('',(-0.226135242937,0.75318530808,0.548902088776
    ));
#5282 = CARTESIAN_POINT('',(-0.226135242937,0.752189113382,
    0.548814933034));
#5283 = CARTESIAN_POINT('',(-0.223621548443,0.75293248244,0.551791899064
    ));
#5284 = CARTESIAN_POINT('',(-0.223621548443,0.751936287742,
    0.551704743321));
#5285 = ADVANCED_FACE('',(#5286),#5304,.F.);
#5286 = FACE_BOUND('',#5287,.F.);
#5287 = EDGE_LOOP('',(#5288,#5289,#5298,#5303));
#5288 = ORIENTED_EDGE('',*,*,#5271,.F.);
#5289 = ORIENTED_EDGE('',*,*,#5290,.T.);
#5290 = EDGE_CURVE('',#5263,#5291,#5293,.T.);
#5291 = VERTEX_POINT('',#5292);
#5292 = CARTESIAN_POINT('',(-0.208987871397,0.752189885164,
    0.560279824769));
#5293 = B_SPLINE_CURVE_WITH_KNOTS('',3,(#5294,#5295,#5296,#5297),
  .UNSPECIFIED.,.F.,.F.,(4,4),(15.,16.),.PIECEWISE_BEZIER_KNOTS.);
#5294 = CARTESIAN_POINT('',(-0.223621548443,0.75293248244,0.551791899064
    ));
#5295 = CARTESIAN_POINT('',(-0.22108460495,0.752679642429,0.554681873614
    ));
#5296 = CARTESIAN_POINT('',(-0.216222431787,0.752429417873,0.55754195338
    ));
#5297 = CARTESIAN_POINT('',(-0.208987871397,0.752189885164,
    0.560279824769));
#5298 = ORIENTED_EDGE('',*,*,#5299,.T.);
#5299 = EDGE_CURVE('',#5291,#837,#5300,.T.);
#5300 = B_SPLINE_CURVE_WITH_KNOTS('',1,(#5301,#5302),.UNSPECIFIED.,.F.,
  .F.,(2,2),(-0.,1.E-03),.PIECEWISE_BEZIER_KNOTS.);
#5301 = CARTESIAN_POINT('',(-0.208987871397,0.752189885164,
    0.560279824769));
#5302 = CARTESIAN_POINT('',(-0.208987871397,0.751193690466,
    0.560192669026));
#5303 = ORIENTED_EDGE('',*,*,#845,.F.);
#5304 = B_SPLINE_SURFACE_WITH_KNOTS('',3,1,(
    (#5305,#5306)
    ,(#5307,#5308)
    ,(#5309,#5310)
    ,(#5311,#5312
    )),.UNSPECIFIED.,.F.,.F.,.F.,(4,4),(2,2),(15.,16.),(0.,1.),
  .PIECEWISE_BEZIER_KNOTS.);
#5305 = CARTESIAN_POINT('',(-0.223621548443,0.75293248244,0.551791899064
    ));
#5306 = CARTESIAN_POINT('',(-0.223621548443,0.751936287742,
    0.551704743321));
#5307 = CARTESIAN_POINT('',(-0.22108460495,0.752679642429,0.554681873614
    ));
#5308 = CARTESIAN_POINT('',(-0.22108460495,0.751683447731,0.554594717872
    ));
#5309 = CARTESIAN_POINT('',(-0.216222431787,0.752429417873,0.55754195338
    ));
#5310 = CARTESIAN_POINT('',(-0.216222431787,0.751433223175,
    0.557454797637));
#5311 = CARTESIAN_POINT('',(-0.208987871397,0.752189885164,
    0.560279824769));
#5312 = CARTESIAN_POINT('',(-0.208987871397,0.751193690466,
    0.560192669026));
#5313 = ADVANCED_FACE('',(#5314),#5332,.F.);
#5314 = FACE_BOUND('',#5315,.F.);
#5315 = EDGE_LOOP('',(#5316,#5317,#5326,#5331));
#5316 = ORIENTED_EDGE('',*,*,#5299,.F.);
#5317 = ORIENTED_EDGE('',*,*,#5318,.T.);
#5318 = EDGE_CURVE('',#5291,#5319,#5321,.T.);
#5319 = VERTEX_POINT('',#5320);
#5320 = CARTESIAN_POINT('',(-0.197960921574,0.751696736404,
    0.565916540896));
#5321 = B_SPLINE_CURVE_WITH_KNOTS('',3,(#5322,#5323,#5324,#5325),
  .UNSPECIFIED.,.F.,.F.,(4,4),(14.,15.),.PIECEWISE_BEZIER_KNOTS.);
#5322 = CARTESIAN_POINT('',(-0.208987871397,0.752189885164,
    0.560279824769));
#5323 = CARTESIAN_POINT('',(-0.20328444713,0.751991826625,0.562543644228
    ));
#5324 = CARTESIAN_POINT('',(-0.199624296521,0.751827453286,
    0.564422440095));
#5325 = CARTESIAN_POINT('',(-0.197960921574,0.751696736404,
    0.565916540896));
#5326 = ORIENTED_EDGE('',*,*,#5327,.T.);
#5327 = EDGE_CURVE('',#5319,#828,#5328,.T.);
#5328 = B_SPLINE_CURVE_WITH_KNOTS('',1,(#5329,#5330),.UNSPECIFIED.,.F.,
  .F.,(2,2),(-0.,1.E-03),.PIECEWISE_BEZIER_KNOTS.);
#5329 = CARTESIAN_POINT('',(-0.197960921574,0.751696736404,
    0.565916540896));
#5330 = CARTESIAN_POINT('',(-0.197960921574,0.750700541706,
    0.565829385154));
#5331 = ORIENTED_EDGE('',*,*,#836,.F.);
#5332 = B_SPLINE_SURFACE_WITH_KNOTS('',3,1,(
    (#5333,#5334)
    ,(#5335,#5336)
    ,(#5337,#5338)
    ,(#5339,#5340
    )),.UNSPECIFIED.,.F.,.F.,.F.,(4,4),(2,2),(14.,15.),(0.,1.),
  .PIECEWISE_BEZIER_KNOTS.);
#5333 = CARTESIAN_POINT('',(-0.208987871397,0.752189885164,
    0.560279824769));
#5334 = CARTESIAN_POINT('',(-0.208987871397,0.751193690466,
    0.560192669026));
#5335 = CARTESIAN_POINT('',(-0.20328444713,0.751991826625,0.562543644228
    ));
#5336 = CARTESIAN_POINT('',(-0.20328444713,0.750995631927,0.562456488485
    ));
#5337 = CARTESIAN_POINT('',(-0.199624296521,0.751827453286,
    0.564422440095));
#5338 = CARTESIAN_POINT('',(-0.199624296521,0.750831258588,
    0.564335284353));
#5339 = CARTESIAN_POINT('',(-0.197960921574,0.751696736404,
    0.565916540896));
#5340 = CARTESIAN_POINT('',(-0.197960921574,0.750700541706,
    0.565829385154));
#5341 = ADVANCED_FACE('',(#5342),#5360,.F.);
#5342 = FACE_BOUND('',#5343,.F.);
#5343 = EDGE_LOOP('',(#5344,#5345,#5354,#5359));
#5344 = ORIENTED_EDGE('',*,*,#5327,.F.);
#5345 = ORIENTED_EDGE('',*,*,#5346,.T.);
#5346 = EDGE_CURVE('',#5319,#5347,#5349,.T.);
#5347 = VERTEX_POINT('',#5348);
#5348 = CARTESIAN_POINT('',(-0.195516150144,0.751168364914,
    0.571955854661));
#5349 = B_SPLINE_CURVE_WITH_KNOTS('',3,(#5350,#5351,#5352,#5353),
  .UNSPECIFIED.,.F.,.F.,(4,4),(13.,14.),.PIECEWISE_BEZIER_KNOTS.);
#5350 = CARTESIAN_POINT('',(-0.197960921574,0.751696736404,
    0.565916540896));
#5351 = CARTESIAN_POINT('',(-0.196320465845,0.75157008646,0.567364156375
    ));
#5352 = CARTESIAN_POINT('',(-0.195497682442,0.751395308696,
    0.569361875365));
#5353 = CARTESIAN_POINT('',(-0.195516150144,0.751168364914,
    0.571955854661));
#5354 = ORIENTED_EDGE('',*,*,#5355,.T.);
#5355 = EDGE_CURVE('',#5347,#819,#5356,.T.);
#5356 = B_SPLINE_CURVE_WITH_KNOTS('',1,(#5357,#5358),.UNSPECIFIED.,.F.,
  .F.,(2,2),(-0.,1.E-03),.PIECEWISE_BEZIER_KNOTS.);
#5357 = CARTESIAN_POINT('',(-0.195516150144,0.751168364914,
    0.571955854661));
#5358 = CARTESIAN_POINT('',(-0.195516150144,0.750172170216,
    0.571868698918));
#5359 = ORIENTED_EDGE('',*,*,#827,.F.);
#5360 = B_SPLINE_SURFACE_WITH_KNOTS('',3,1,(
    (#5361,#5362)
    ,(#5363,#5364)
    ,(#5365,#5366)
    ,(#5367,#5368
    )),.UNSPECIFIED.,.F.,.F.,.F.,(4,4),(2,2),(13.,14.),(0.,1.),
  .PIECEWISE_BEZIER_KNOTS.);
#5361 = CARTESIAN_POINT('',(-0.197960921574,0.751696736404,
    0.565916540896));
#5362 = CARTESIAN_POINT('',(-0.197960921574,0.750700541706,
    0.565829385154));
#5363 = CARTESIAN_POINT('',(-0.196320465845,0.75157008646,0.567364156375
    ));
#5364 = CARTESIAN_POINT('',(-0.196320465845,0.750573891762,
    0.567277000632));
#5365 = CARTESIAN_POINT('',(-0.195497682442,0.751395308696,
    0.569361875365));
#5366 = CARTESIAN_POINT('',(-0.195497682442,0.750399113997,
    0.569274719622));
#5367 = CARTESIAN_POINT('',(-0.195516150144,0.751168364914,
    0.571955854661));
#5368 = CARTESIAN_POINT('',(-0.195516150144,0.750172170216,
    0.571868698918));
#5369 = ADVANCED_FACE('',(#5370),#5388,.F.);
#5370 = FACE_BOUND('',#5371,.F.);
#5371 = EDGE_LOOP('',(#5372,#5373,#5382,#5387));
#5372 = ORIENTED_EDGE('',*,*,#5355,.F.);
#5373 = ORIENTED_EDGE('',*,*,#5374,.T.);
#5374 = EDGE_CURVE('',#5347,#5375,#5377,.T.);
#5375 = VERTEX_POINT('',#5376);
#5376 = CARTESIAN_POINT('',(-0.199025101112,0.750619357027,
    0.578231043517));
#5377 = B_SPLINE_CURVE_WITH_KNOTS('',3,(#5378,#5379,#5380,#5381),
  .UNSPECIFIED.,.F.,.F.,(4,4),(12.,13.),.PIECEWISE_BEZIER_KNOTS.);
#5378 = CARTESIAN_POINT('',(-0.195516150144,0.751168364914,
    0.571955854661));
#5379 = CARTESIAN_POINT('',(-0.195534617846,0.750941421132,
    0.574549833956));
#5380 = CARTESIAN_POINT('',(-0.196712237689,0.750755721582,
    0.576672389527));
#5381 = CARTESIAN_POINT('',(-0.199025101112,0.750619357027,
    0.578231043517));
#5382 = ORIENTED_EDGE('',*,*,#5383,.T.);
#5383 = EDGE_CURVE('',#5375,#810,#5384,.T.);
#5384 = B_SPLINE_CURVE_WITH_KNOTS('',1,(#5385,#5386),.UNSPECIFIED.,.F.,
  .F.,(2,2),(-0.,1.E-03),.PIECEWISE_BEZIER_KNOTS.);
#5385 = CARTESIAN_POINT('',(-0.199025101112,0.750619357027,
    0.578231043517));
#5386 = CARTESIAN_POINT('',(-0.199025101112,0.749623162329,
    0.578143887774));
#5387 = ORIENTED_EDGE('',*,*,#818,.F.);
#5388 = B_SPLINE_SURFACE_WITH_KNOTS('',3,1,(
    (#5389,#5390)
    ,(#5391,#5392)
    ,(#5393,#5394)
    ,(#5395,#5396
    )),.UNSPECIFIED.,.F.,.F.,.F.,(4,4),(2,2),(12.,13.),(0.,1.),
  .PIECEWISE_BEZIER_KNOTS.);
#5389 = CARTESIAN_POINT('',(-0.195516150144,0.751168364914,
    0.571955854661));
#5390 = CARTESIAN_POINT('',(-0.195516150144,0.750172170216,
    0.571868698918));
#5391 = CARTESIAN_POINT('',(-0.195534617846,0.750941421132,
    0.574549833956));
#5392 = CARTESIAN_POINT('',(-0.195534617846,0.749945226434,
    0.574462678214));
#5393 = CARTESIAN_POINT('',(-0.196712237689,0.750755721582,
    0.576672389527));
#5394 = CARTESIAN_POINT('',(-0.196712237689,0.749759526884,
    0.576585233784));
#5395 = CARTESIAN_POINT('',(-0.199025101112,0.750619357027,
    0.578231043517));
#5396 = CARTESIAN_POINT('',(-0.199025101112,0.749623162329,
    0.578143887774));
#5397 = ADVANCED_FACE('',(#5398),#5416,.F.);
#5398 = FACE_BOUND('',#5399,.F.);
#5399 = EDGE_LOOP('',(#5400,#5401,#5410,#5415));
#5400 = ORIENTED_EDGE('',*,*,#5383,.F.);
#5401 = ORIENTED_EDGE('',*,*,#5402,.T.);
#5402 = EDGE_CURVE('',#5375,#5403,#5405,.T.);
#5403 = VERTEX_POINT('',#5404);
#5404 = CARTESIAN_POINT('',(-0.208016363263,0.750414170771,0.58057633316
    ));
#5405 = B_SPLINE_CURVE_WITH_KNOTS('',3,(#5406,#5407,#5408,#5409),
  .UNSPECIFIED.,.F.,.F.,(4,4),(11.,12.),.PIECEWISE_BEZIER_KNOTS.);
#5406 = CARTESIAN_POINT('',(-0.199025101112,0.750619357027,
    0.578231043517));
#5407 = CARTESIAN_POINT('',(-0.201338294316,0.750478939905,
    0.579836018565));
#5408 = CARTESIAN_POINT('',(-0.204343021439,0.750411900133,
    0.580602286673));
#5409 = CARTESIAN_POINT('',(-0.208016363263,0.750414170771,0.58057633316
    ));
#5410 = ORIENTED_EDGE('',*,*,#5411,.T.);
#5411 = EDGE_CURVE('',#5403,#801,#5412,.T.);
#5412 = B_SPLINE_CURVE_WITH_KNOTS('',1,(#5413,#5414),.UNSPECIFIED.,.F.,
  .F.,(2,2),(-0.,9.999999999999E-04),.PIECEWISE_BEZIER_KNOTS.);
#5413 = CARTESIAN_POINT('',(-0.208016363263,0.750414170771,0.58057633316
    ));
#5414 = CARTESIAN_POINT('',(-0.208016363263,0.749417976073,
    0.580489177417));
#5415 = ORIENTED_EDGE('',*,*,#809,.F.);
#5416 = B_SPLINE_SURFACE_WITH_KNOTS('',3,1,(
    (#5417,#5418)
    ,(#5419,#5420)
    ,(#5421,#5422)
    ,(#5423,#5424
    )),.UNSPECIFIED.,.F.,.F.,.F.,(4,4),(2,2),(11.,12.),(0.,1.),
  .PIECEWISE_BEZIER_KNOTS.);
#5417 = CARTESIAN_POINT('',(-0.199025101112,0.750619357027,
    0.578231043517));
#5418 = CARTESIAN_POINT('',(-0.199025101112,0.749623162329,
    0.578143887774));
#5419 = CARTESIAN_POINT('',(-0.201338294316,0.750478939905,
    0.579836018565));
#5420 = CARTESIAN_POINT('',(-0.201338294316,0.749482745207,
    0.579748862823));
#5421 = CARTESIAN_POINT('',(-0.204343021439,0.750411900133,
    0.580602286673));
#5422 = CARTESIAN_POINT('',(-0.204343021439,0.749415705435,0.58051513093
    ));
#5423 = CARTESIAN_POINT('',(-0.208016363263,0.750414170771,0.58057633316
    ));
#5424 = CARTESIAN_POINT('',(-0.208016363263,0.749417976073,
    0.580489177417));
#5425 = ADVANCED_FACE('',(#5426),#5444,.F.);
#5426 = FACE_BOUND('',#5427,.F.);
#5427 = EDGE_LOOP('',(#5428,#5429,#5438,#5443));
#5428 = ORIENTED_EDGE('',*,*,#5411,.F.);
#5429 = ORIENTED_EDGE('',*,*,#5430,.T.);
#5430 = EDGE_CURVE('',#5403,#5431,#5433,.T.);
#5431 = VERTEX_POINT('',#5432);
#5432 = CARTESIAN_POINT('',(-0.224489844654,0.750833683592,
    0.575781279669));
#5433 = B_SPLINE_CURVE_WITH_KNOTS('',3,(#5434,#5435,#5436,#5437),
  .UNSPECIFIED.,.F.,.F.,(4,4),(10.,11.),.PIECEWISE_BEZIER_KNOTS.);
#5434 = CARTESIAN_POINT('',(-0.208016363263,0.750414170771,0.58057633316
    ));
#5435 = CARTESIAN_POINT('',(-0.214177347969,0.75041797912,0.580532803534
    ));
#5436 = CARTESIAN_POINT('',(-0.219652899173,0.750559158002,
    0.578919121526));
#5437 = CARTESIAN_POINT('',(-0.224489844654,0.750833683592,
    0.575781279669));
#5438 = ORIENTED_EDGE('',*,*,#5439,.T.);
#5439 = EDGE_CURVE('',#5431,#794,#5440,.T.);
#5440 = B_SPLINE_CURVE_WITH_KNOTS('',1,(#5441,#5442),.UNSPECIFIED.,.F.,
  .F.,(2,2),(-0.,1.E-03),.PIECEWISE_BEZIER_KNOTS.);
#5441 = CARTESIAN_POINT('',(-0.224489844654,0.750833683592,
    0.575781279669));
#5442 = CARTESIAN_POINT('',(-0.224489844654,0.749837488894,
    0.575694123927));
#5443 = ORIENTED_EDGE('',*,*,#800,.F.);
#5444 = B_SPLINE_SURFACE_WITH_KNOTS('',3,1,(
    (#5445,#5446)
    ,(#5447,#5448)
    ,(#5449,#5450)
    ,(#5451,#5452
    )),.UNSPECIFIED.,.F.,.F.,.F.,(4,4),(2,2),(10.,11.),(0.,1.),
  .PIECEWISE_BEZIER_KNOTS.);
#5445 = CARTESIAN_POINT('',(-0.208016363263,0.750414170771,0.58057633316
    ));
#5446 = CARTESIAN_POINT('',(-0.208016363263,0.749417976073,
    0.580489177417));
#5447 = CARTESIAN_POINT('',(-0.214177347969,0.75041797912,0.580532803534
    ));
#5448 = CARTESIAN_POINT('',(-0.214177347969,0.749421784422,
    0.580445647791));
#5449 = CARTESIAN_POINT('',(-0.219652899173,0.750559158002,
    0.578919121526));
#5450 = CARTESIAN_POINT('',(-0.219652899173,0.749562963304,
    0.578831965783));
#5451 = CARTESIAN_POINT('',(-0.224489844654,0.750833683592,
    0.575781279669));
#5452 = CARTESIAN_POINT('',(-0.224489844654,0.749837488894,
    0.575694123927));
#5453 = ADVANCED_FACE('',(#5454),#5470,.F.);
#5454 = FACE_BOUND('',#5455,.T.);
#5455 = EDGE_LOOP('',(#5456,#5457,#5464,#5469));
#5456 = ORIENTED_EDGE('',*,*,#793,.T.);
#5457 = ORIENTED_EDGE('',*,*,#5458,.F.);
#5458 = EDGE_CURVE('',#5459,#785,#5461,.T.);
#5459 = VERTEX_POINT('',#5460);
#5460 = CARTESIAN_POINT('',(-0.224568332388,0.74986917252,0.586805691677
    ));
#5461 = B_SPLINE_CURVE_WITH_KNOTS('',1,(#5462,#5463),.UNSPECIFIED.,.F.,
  .F.,(2,2),(-0.,1.E-03),.PIECEWISE_BEZIER_KNOTS.);
#5462 = CARTESIAN_POINT('',(-0.224568332388,0.74986917252,0.586805691677
    ));
#5463 = CARTESIAN_POINT('',(-0.224568332388,0.748872977822,
    0.586718535934));
#5464 = ORIENTED_EDGE('',*,*,#5465,.F.);
#5465 = EDGE_CURVE('',#5431,#5459,#5466,.T.);
#5466 = B_SPLINE_CURVE_WITH_KNOTS('',1,(#5467,#5468),.UNSPECIFIED.,.F.,
  .F.,(2,2),(-1.106680179853E-02,0.),.PIECEWISE_BEZIER_KNOTS.);
#5467 = CARTESIAN_POINT('',(-0.224489844654,0.750833683592,
    0.575781279669));
#5468 = CARTESIAN_POINT('',(-0.224568332388,0.74986917252,0.586805691677
    ));
#5469 = ORIENTED_EDGE('',*,*,#5439,.T.);
#5470 = B_SPLINE_SURFACE_WITH_KNOTS('',1,1,(
    (#5471,#5472)
    ,(#5473,#5474
    )),.UNSPECIFIED.,.F.,.F.,.F.,(2,2),(2,2),(0.,1.111184495012E-02),(
    -9.961948884035E-04,9.64511256967E-04),.PIECEWISE_BEZIER_KNOTS.);
#5471 = CARTESIAN_POINT('',(-0.224568948145,0.748872977822,
    0.586805687326));
#5472 = CARTESIAN_POINT('',(-0.224567736215,0.750833683592,
    0.586805695889));
#5473 = CARTESIAN_POINT('',(-0.224490440827,0.748872977822,
    0.575694119714));
#5474 = CARTESIAN_POINT('',(-0.224489228897,0.750833683592,
    0.575694128277));
#5475 = ADVANCED_FACE('',(#5476),#5494,.F.);
#5476 = FACE_BOUND('',#5477,.F.);
#5477 = EDGE_LOOP('',(#5478,#5479,#5488,#5493));
#5478 = ORIENTED_EDGE('',*,*,#5458,.F.);
#5479 = ORIENTED_EDGE('',*,*,#5480,.T.);
#5480 = EDGE_CURVE('',#5459,#5481,#5483,.T.);
#5481 = VERTEX_POINT('',#5482);
#5482 = CARTESIAN_POINT('',(-0.209197941508,0.749608399646,
    0.589786339261));
#5483 = B_SPLINE_CURVE_WITH_KNOTS('',3,(#5484,#5485,#5486,#5487),
  .UNSPECIFIED.,.F.,.F.,(4,4),(8.,9.),.PIECEWISE_BEZIER_KNOTS.);
#5484 = CARTESIAN_POINT('',(-0.224568332388,0.74986917252,0.586805691677
    ));
#5485 = CARTESIAN_POINT('',(-0.219839387391,0.749696032973,
    0.588784685748));
#5486 = CARTESIAN_POINT('',(-0.214731203244,0.749611819974,
    0.589747244728));
#5487 = CARTESIAN_POINT('',(-0.209197941508,0.749608399646,
    0.589786339261));
#5488 = ORIENTED_EDGE('',*,*,#5489,.T.);
#5489 = EDGE_CURVE('',#5481,#776,#5490,.T.);
#5490 = B_SPLINE_CURVE_WITH_KNOTS('',1,(#5491,#5492),.UNSPECIFIED.,.F.,
  .F.,(2,2),(-0.,1.E-03),.PIECEWISE_BEZIER_KNOTS.);
#5491 = CARTESIAN_POINT('',(-0.209197941508,0.749608399646,
    0.589786339261));
#5492 = CARTESIAN_POINT('',(-0.209197941508,0.748612204948,
    0.589699183518));
#5493 = ORIENTED_EDGE('',*,*,#784,.F.);
#5494 = B_SPLINE_SURFACE_WITH_KNOTS('',3,1,(
    (#5495,#5496)
    ,(#5497,#5498)
    ,(#5499,#5500)
    ,(#5501,#5502
    )),.UNSPECIFIED.,.F.,.F.,.F.,(4,4),(2,2),(8.,9.),(0.,1.),
  .PIECEWISE_BEZIER_KNOTS.);
#5495 = CARTESIAN_POINT('',(-0.224568332388,0.74986917252,0.586805691677
    ));
#5496 = CARTESIAN_POINT('',(-0.224568332388,0.748872977822,
    0.586718535934));
#5497 = CARTESIAN_POINT('',(-0.219839387391,0.749696032973,
    0.588784685748));
#5498 = CARTESIAN_POINT('',(-0.219839387391,0.748699838275,
    0.588697530006));
#5499 = CARTESIAN_POINT('',(-0.214731203244,0.749611819974,
    0.589747244728));
#5500 = CARTESIAN_POINT('',(-0.214731203244,0.748615625276,
    0.589660088986));
#5501 = CARTESIAN_POINT('',(-0.209197941508,0.749608399646,
    0.589786339261));
#5502 = CARTESIAN_POINT('',(-0.209197941508,0.748612204948,
    0.589699183518));
#5503 = ADVANCED_FACE('',(#5504),#5522,.F.);
#5504 = FACE_BOUND('',#5505,.F.);
#5505 = EDGE_LOOP('',(#5506,#5507,#5516,#5521));
#5506 = ORIENTED_EDGE('',*,*,#5489,.F.);
#5507 = ORIENTED_EDGE('',*,*,#5508,.T.);
#5508 = EDGE_CURVE('',#5481,#5509,#5511,.T.);
#5509 = VERTEX_POINT('',#5510);
#5510 = CARTESIAN_POINT('',(-0.191166610745,0.750047111389,
    0.584771841088));
#5511 = B_SPLINE_CURVE_WITH_KNOTS('',3,(#5512,#5513,#5514,#5515),
  .UNSPECIFIED.,.F.,.F.,(4,4),(7.,8.),.PIECEWISE_BEZIER_KNOTS.);
#5512 = CARTESIAN_POINT('',(-0.209197941508,0.749608399646,
    0.589786339261));
#5513 = CARTESIAN_POINT('',(-0.202083747849,0.749604002081,
    0.589836603659));
#5514 = CARTESIAN_POINT('',(-0.196073304261,0.749750239329,
    0.588165104269));
#5515 = CARTESIAN_POINT('',(-0.191166610745,0.750047111389,
    0.584771841088));
#5516 = ORIENTED_EDGE('',*,*,#5517,.T.);
#5517 = EDGE_CURVE('',#5509,#767,#5518,.T.);
#5518 = B_SPLINE_CURVE_WITH_KNOTS('',1,(#5519,#5520),.UNSPECIFIED.,.F.,
  .F.,(2,2),(-0.,1.E-03),.PIECEWISE_BEZIER_KNOTS.);
#5519 = CARTESIAN_POINT('',(-0.191166610745,0.750047111389,
    0.584771841088));
#5520 = CARTESIAN_POINT('',(-0.191166610745,0.749050916691,
    0.584684685345));
#5521 = ORIENTED_EDGE('',*,*,#775,.F.);
#5522 = B_SPLINE_SURFACE_WITH_KNOTS('',3,1,(
    (#5523,#5524)
    ,(#5525,#5526)
    ,(#5527,#5528)
    ,(#5529,#5530
    )),.UNSPECIFIED.,.F.,.F.,.F.,(4,4),(2,2),(7.,8.),(0.,1.),
  .PIECEWISE_BEZIER_KNOTS.);
#5523 = CARTESIAN_POINT('',(-0.209197941508,0.749608399646,
    0.589786339261));
#5524 = CARTESIAN_POINT('',(-0.209197941508,0.748612204948,
    0.589699183518));
#5525 = CARTESIAN_POINT('',(-0.202083747849,0.749604002081,
    0.589836603659));
#5526 = CARTESIAN_POINT('',(-0.202083747849,0.748607807383,
    0.589749447916));
#5527 = CARTESIAN_POINT('',(-0.196073304261,0.749750239329,
    0.588165104269));
#5528 = CARTESIAN_POINT('',(-0.196073304261,0.748754044631,
    0.588077948526));
#5529 = CARTESIAN_POINT('',(-0.191166610745,0.750047111389,
    0.584771841088));
#5530 = CARTESIAN_POINT('',(-0.191166610745,0.749050916691,
    0.584684685345));
#5531 = ADVANCED_FACE('',(#5532),#5550,.F.);
#5532 = FACE_BOUND('',#5533,.F.);
#5533 = EDGE_LOOP('',(#5534,#5535,#5544,#5549));
#5534 = ORIENTED_EDGE('',*,*,#5517,.F.);
#5535 = ORIENTED_EDGE('',*,*,#5536,.T.);
#5536 = EDGE_CURVE('',#5509,#5537,#5539,.T.);
#5537 = VERTEX_POINT('',#5538);
#5538 = CARTESIAN_POINT('',(-0.183768150537,0.75125026398,0.57101974405)
  );
#5539 = B_SPLINE_CURVE_WITH_KNOTS('',3,(#5540,#5541,#5542,#5543),
  .UNSPECIFIED.,.F.,.F.,(4,4),(6.,7.),.PIECEWISE_BEZIER_KNOTS.);
#5540 = CARTESIAN_POINT('',(-0.191166610745,0.750047111389,
    0.584771841088));
#5541 = CARTESIAN_POINT('',(-0.186282836448,0.750348050389,
    0.581332092587));
#5542 = CARTESIAN_POINT('',(-0.183809043306,0.750747745606,
    0.576763555348));
#5543 = CARTESIAN_POINT('',(-0.183768150537,0.75125026398,0.57101974405)
  );
#5544 = ORIENTED_EDGE('',*,*,#5545,.T.);
#5545 = EDGE_CURVE('',#5537,#758,#5546,.T.);
#5546 = B_SPLINE_CURVE_WITH_KNOTS('',1,(#5547,#5548),.UNSPECIFIED.,.F.,
  .F.,(2,2),(-0.,9.999999999999E-04),.PIECEWISE_BEZIER_KNOTS.);
#5547 = CARTESIAN_POINT('',(-0.183768150537,0.75125026398,0.57101974405)
  );
#5548 = CARTESIAN_POINT('',(-0.183768150537,0.750254069282,
    0.570932588307));
#5549 = ORIENTED_EDGE('',*,*,#766,.F.);
#5550 = B_SPLINE_SURFACE_WITH_KNOTS('',3,1,(
    (#5551,#5552)
    ,(#5553,#5554)
    ,(#5555,#5556)
    ,(#5557,#5558
    )),.UNSPECIFIED.,.F.,.F.,.F.,(4,4),(2,2),(6.,7.),(0.,1.),
  .PIECEWISE_BEZIER_KNOTS.);
#5551 = CARTESIAN_POINT('',(-0.191166610745,0.750047111389,
    0.584771841088));
#5552 = CARTESIAN_POINT('',(-0.191166610745,0.749050916691,
    0.584684685345));
#5553 = CARTESIAN_POINT('',(-0.186282836448,0.750348050389,
    0.581332092587));
#5554 = CARTESIAN_POINT('',(-0.186282836448,0.749351855691,
    0.581244936844));
#5555 = CARTESIAN_POINT('',(-0.183809043306,0.750747745606,
    0.576763555348));
#5556 = CARTESIAN_POINT('',(-0.183809043306,0.749751550908,
    0.576676399605));
#5557 = CARTESIAN_POINT('',(-0.183768150537,0.75125026398,0.57101974405)
  );
#5558 = CARTESIAN_POINT('',(-0.183768150537,0.750254069282,
    0.570932588307));
#5559 = ADVANCED_FACE('',(#5560),#5578,.F.);
#5560 = FACE_BOUND('',#5561,.F.);
#5561 = EDGE_LOOP('',(#5562,#5563,#5572,#5577));
#5562 = ORIENTED_EDGE('',*,*,#5545,.F.);
#5563 = ORIENTED_EDGE('',*,*,#5564,.T.);
#5564 = EDGE_CURVE('',#5537,#5565,#5567,.T.);
#5565 = VERTEX_POINT('',#5566);
#5566 = CARTESIAN_POINT('',(-0.186926879915,0.752147878991,
    0.560759957521));
#5567 = B_SPLINE_CURVE_WITH_KNOTS('',3,(#5568,#5569,#5570,#5571),
  .UNSPECIFIED.,.F.,.F.,(4,4),(5.,6.),.PIECEWISE_BEZIER_KNOTS.);
#5568 = CARTESIAN_POINT('',(-0.183768150537,0.75125026398,0.57101974405)
  );
#5569 = CARTESIAN_POINT('',(-0.183739789423,0.751598784788,
    0.567036132988));
#5570 = CARTESIAN_POINT('',(-0.184784839623,0.751899335857,
    0.563600818546));
#5571 = CARTESIAN_POINT('',(-0.186926879915,0.752147878991,
    0.560759957521));
#5572 = ORIENTED_EDGE('',*,*,#5573,.T.);
#5573 = EDGE_CURVE('',#5565,#749,#5574,.T.);
#5574 = B_SPLINE_CURVE_WITH_KNOTS('',1,(#5575,#5576),.UNSPECIFIED.,.F.,
  .F.,(2,2),(-0.,1.E-03),.PIECEWISE_BEZIER_KNOTS.);
#5575 = CARTESIAN_POINT('',(-0.186926879915,0.752147878991,
    0.560759957521));
#5576 = CARTESIAN_POINT('',(-0.186926879915,0.751151684293,
    0.560672801779));
#5577 = ORIENTED_EDGE('',*,*,#757,.F.);
#5578 = B_SPLINE_SURFACE_WITH_KNOTS('',3,1,(
    (#5579,#5580)
    ,(#5581,#5582)
    ,(#5583,#5584)
    ,(#5585,#5586
    )),.UNSPECIFIED.,.F.,.F.,.F.,(4,4),(2,2),(5.,6.),(0.,1.),
  .PIECEWISE_BEZIER_KNOTS.);
#5579 = CARTESIAN_POINT('',(-0.183768150537,0.75125026398,0.57101974405)
  );
#5580 = CARTESIAN_POINT('',(-0.183768150537,0.750254069282,
    0.570932588307));
#5581 = CARTESIAN_POINT('',(-0.183739789423,0.751598784788,
    0.567036132988));
#5582 = CARTESIAN_POINT('',(-0.183739789423,0.75060259009,0.566948977245
    ));
#5583 = CARTESIAN_POINT('',(-0.184784839623,0.751899335857,
    0.563600818546));
#5584 = CARTESIAN_POINT('',(-0.184784839623,0.750903141159,
    0.563513662804));
#5585 = CARTESIAN_POINT('',(-0.186926879915,0.752147878991,
    0.560759957521));
#5586 = CARTESIAN_POINT('',(-0.186926879915,0.751151684293,
    0.560672801779));
#5587 = ADVANCED_FACE('',(#5588),#5606,.F.);
#5588 = FACE_BOUND('',#5589,.F.);
#5589 = EDGE_LOOP('',(#5590,#5591,#5600,#5605));
#5590 = ORIENTED_EDGE('',*,*,#5573,.F.);
#5591 = ORIENTED_EDGE('',*,*,#5592,.T.);
#5592 = EDGE_CURVE('',#5565,#5593,#5595,.T.);
#5593 = VERTEX_POINT('',#5594);
#5594 = CARTESIAN_POINT('',(-0.200885016872,0.752906269775,0.5520915112)
  );
#5595 = B_SPLINE_CURVE_WITH_KNOTS('',3,(#5596,#5597,#5598,#5599),
  .UNSPECIFIED.,.F.,.F.,(4,4),(4.,5.),.PIECEWISE_BEZIER_KNOTS.);
#5596 = CARTESIAN_POINT('',(-0.186926879915,0.752147878991,
    0.560759957521));
#5597 = CARTESIAN_POINT('',(-0.189045671209,0.752396407755,
    0.557919260759));
#5598 = CARTESIAN_POINT('',(-0.1937215226,0.752650569909,0.555014174036)
  );
#5599 = CARTESIAN_POINT('',(-0.200885016872,0.752906269775,0.5520915112)
  );
#5600 = ORIENTED_EDGE('',*,*,#5601,.T.);
#5601 = EDGE_CURVE('',#5593,#740,#5602,.T.);
#5602 = B_SPLINE_CURVE_WITH_KNOTS('',1,(#5603,#5604),.UNSPECIFIED.,.F.,
  .F.,(2,2),(-0.,9.999999999999E-04),.PIECEWISE_BEZIER_KNOTS.);
#5603 = CARTESIAN_POINT('',(-0.200885016872,0.752906269775,0.5520915112)
  );
#5604 = CARTESIAN_POINT('',(-0.200885016872,0.751910075077,
    0.552004355458));
#5605 = ORIENTED_EDGE('',*,*,#748,.F.);
#5606 = B_SPLINE_SURFACE_WITH_KNOTS('',3,1,(
    (#5607,#5608)
    ,(#5609,#5610)
    ,(#5611,#5612)
    ,(#5613,#5614
    )),.UNSPECIFIED.,.F.,.F.,.F.,(4,4),(2,2),(4.,5.),(0.,1.),
  .PIECEWISE_BEZIER_KNOTS.);
#5607 = CARTESIAN_POINT('',(-0.186926879915,0.752147878991,
    0.560759957521));
#5608 = CARTESIAN_POINT('',(-0.186926879915,0.751151684293,
    0.560672801779));
#5609 = CARTESIAN_POINT('',(-0.189045671209,0.752396407755,
    0.557919260759));
#5610 = CARTESIAN_POINT('',(-0.189045671209,0.751400213057,
    0.557832105016));
#5611 = CARTESIAN_POINT('',(-0.1937215226,0.752650569909,0.555014174036)
  );
#5612 = CARTESIAN_POINT('',(-0.1937215226,0.751654375211,0.554927018293)
  );
#5613 = CARTESIAN_POINT('',(-0.200885016872,0.752906269775,0.5520915112)
  );
#5614 = CARTESIAN_POINT('',(-0.200885016872,0.751910075077,
    0.552004355458));
#5615 = ADVANCED_FACE('',(#5616),#5634,.F.);
#5616 = FACE_BOUND('',#5617,.F.);
#5617 = EDGE_LOOP('',(#5618,#5619,#5628,#5633));
#5618 = ORIENTED_EDGE('',*,*,#5601,.F.);
#5619 = ORIENTED_EDGE('',*,*,#5620,.T.);
#5620 = EDGE_CURVE('',#5593,#5621,#5623,.T.);
#5621 = VERTEX_POINT('',#5622);
#5622 = CARTESIAN_POINT('',(-0.212770530752,0.753420213105,
    0.546217112057));
#5623 = B_SPLINE_CURVE_WITH_KNOTS('',3,(#5624,#5625,#5626,#5627),
  .UNSPECIFIED.,.F.,.F.,(4,4),(3.,4.),.PIECEWISE_BEZIER_KNOTS.);
#5624 = CARTESIAN_POINT('',(-0.200885016872,0.752906269775,0.5520915112)
  );
#5625 = CARTESIAN_POINT('',(-0.206867429126,0.753104500767,
    0.549825720588));
#5626 = CARTESIAN_POINT('',(-0.210829157159,0.753277166067,
    0.547852147188));
#5627 = CARTESIAN_POINT('',(-0.212770530752,0.753420213105,
    0.546217112057));
#5628 = ORIENTED_EDGE('',*,*,#5629,.T.);
#5629 = EDGE_CURVE('',#5621,#731,#5630,.T.);
#5630 = B_SPLINE_CURVE_WITH_KNOTS('',1,(#5631,#5632),.UNSPECIFIED.,.F.,
  .F.,(2,2),(-0.,9.999999999999E-04),.PIECEWISE_BEZIER_KNOTS.);
#5631 = CARTESIAN_POINT('',(-0.212770530752,0.753420213105,
    0.546217112057));
#5632 = CARTESIAN_POINT('',(-0.212770530752,0.752424018407,
    0.546129956315));
#5633 = ORIENTED_EDGE('',*,*,#739,.F.);
#5634 = B_SPLINE_SURFACE_WITH_KNOTS('',3,1,(
    (#5635,#5636)
    ,(#5637,#5638)
    ,(#5639,#5640)
    ,(#5641,#5642
    )),.UNSPECIFIED.,.F.,.F.,.F.,(4,4),(2,2),(3.,4.),(0.,1.),
  .PIECEWISE_BEZIER_KNOTS.);
#5635 = CARTESIAN_POINT('',(-0.200885016872,0.752906269775,0.5520915112)
  );
#5636 = CARTESIAN_POINT('',(-0.200885016872,0.751910075077,
    0.552004355458));
#5637 = CARTESIAN_POINT('',(-0.206867429126,0.753104500767,
    0.549825720588));
#5638 = CARTESIAN_POINT('',(-0.206867429126,0.752108306069,
    0.549738564846));
#5639 = CARTESIAN_POINT('',(-0.210829157159,0.753277166067,
    0.547852147188));
#5640 = CARTESIAN_POINT('',(-0.210829157159,0.752280971368,
    0.547764991445));
#5641 = CARTESIAN_POINT('',(-0.212770530752,0.753420213105,
    0.546217112057));
#5642 = CARTESIAN_POINT('',(-0.212770530752,0.752424018407,
    0.546129956315));
#5643 = ADVANCED_FACE('',(#5644),#5662,.F.);
#5644 = FACE_BOUND('',#5645,.F.);
#5645 = EDGE_LOOP('',(#5646,#5647,#5656,#5661));
#5646 = ORIENTED_EDGE('',*,*,#5629,.F.);
#5647 = ORIENTED_EDGE('',*,*,#5648,.T.);
#5648 = EDGE_CURVE('',#5621,#5649,#5651,.T.);
#5649 = VERTEX_POINT('',#5650);
#5650 = CARTESIAN_POINT('',(-0.215656043819,0.753961015349,
    0.540035714124));
#5651 = B_SPLINE_CURVE_WITH_KNOTS('',3,(#5652,#5653,#5654,#5655),
  .UNSPECIFIED.,.F.,.F.,(4,4),(2.,3.),.PIECEWISE_BEZIER_KNOTS.);
#5652 = CARTESIAN_POINT('',(-0.212770530752,0.753420213105,
    0.546217112057));
#5653 = CARTESIAN_POINT('',(-0.214711904345,0.753563260143,
    0.544582076927));
#5654 = CARTESIAN_POINT('',(-0.215673851961,0.753742176702,
    0.542537051303));
#5655 = CARTESIAN_POINT('',(-0.215656043819,0.753961015349,
    0.540035714124));
#5656 = ORIENTED_EDGE('',*,*,#5657,.T.);
#5657 = EDGE_CURVE('',#5649,#722,#5658,.T.);
#5658 = B_SPLINE_CURVE_WITH_KNOTS('',1,(#5659,#5660),.UNSPECIFIED.,.F.,
  .F.,(2,2),(-0.,9.999998615769E-04),.PIECEWISE_BEZIER_KNOTS.);
#5659 = CARTESIAN_POINT('',(-0.215656043819,0.753961015349,
    0.540035714124));
#5660 = CARTESIAN_POINT('',(-0.215656043819,0.752964820789,
    0.539948558394));
#5661 = ORIENTED_EDGE('',*,*,#730,.F.);
#5662 = B_SPLINE_SURFACE_WITH_KNOTS('',3,1,(
    (#5663,#5664)
    ,(#5665,#5666)
    ,(#5667,#5668)
    ,(#5669,#5670
    )),.UNSPECIFIED.,.F.,.F.,.F.,(4,4),(2,2),(2.,3.),(0.,1.),
  .PIECEWISE_BEZIER_KNOTS.);
#5663 = CARTESIAN_POINT('',(-0.212770530752,0.753420213105,
    0.546217112057));
#5664 = CARTESIAN_POINT('',(-0.212770530752,0.752424018407,
    0.546129956315));
#5665 = CARTESIAN_POINT('',(-0.214711904345,0.753563260143,
    0.544582076927));
#5666 = CARTESIAN_POINT('',(-0.214711904345,0.752567065445,
    0.544494921185));
#5667 = CARTESIAN_POINT('',(-0.215673851961,0.753742176702,
    0.542537051303));
#5668 = CARTESIAN_POINT('',(-0.215673851961,0.752745982004,0.54244989556
    ));
#5669 = CARTESIAN_POINT('',(-0.215656043819,0.753961015349,
    0.540035714124));
#5670 = CARTESIAN_POINT('',(-0.215656043819,0.752964820651,
    0.539948558382));
#5671 = ADVANCED_FACE('',(#5672),#5684,.F.);
#5672 = FACE_BOUND('',#5673,.F.);
#5673 = EDGE_LOOP('',(#5674,#5675,#5682,#5683));
#5674 = ORIENTED_EDGE('',*,*,#5657,.F.);
#5675 = ORIENTED_EDGE('',*,*,#5676,.T.);
#5676 = EDGE_CURVE('',#5649,#5122,#5677,.T.);
#5677 = B_SPLINE_CURVE_WITH_KNOTS('',3,(#5678,#5679,#5680,#5681),
  .UNSPECIFIED.,.F.,.F.,(4,4),(1.,2.),.PIECEWISE_BEZIER_KNOTS.);
#5678 = CARTESIAN_POINT('',(-0.215656043819,0.753961015349,
    0.540035714124));
#5679 = CARTESIAN_POINT('',(-0.21561449149,0.754471638858,0.534199260708
    ));
#5680 = CARTESIAN_POINT('',(-0.21110665854,0.754724176985,0.53131273671)
  );
#5681 = CARTESIAN_POINT('',(-0.202155793968,0.754718644101,
    0.531375977865));
#5682 = ORIENTED_EDGE('',*,*,#5121,.T.);
#5683 = ORIENTED_EDGE('',*,*,#721,.F.);
#5684 = B_SPLINE_SURFACE_WITH_KNOTS('',3,1,(
    (#5685,#5686)
    ,(#5687,#5688)
    ,(#5689,#5690)
    ,(#5691,#5692
    )),.UNSPECIFIED.,.F.,.F.,.F.,(4,4),(2,2),(1.,2.),(0.,1.),
  .PIECEWISE_BEZIER_KNOTS.);
#5685 = CARTESIAN_POINT('',(-0.215656043819,0.753961015349,
    0.540035714124));
#5686 = CARTESIAN_POINT('',(-0.215656043819,0.752964820651,
    0.539948558382));
#5687 = CARTESIAN_POINT('',(-0.21561449149,0.754471638858,0.534199260708
    ));
#5688 = CARTESIAN_POINT('',(-0.21561449149,0.75347544416,0.534112104966)
  );
#5689 = CARTESIAN_POINT('',(-0.21110665854,0.754724176985,0.53131273671)
  );
#5690 = CARTESIAN_POINT('',(-0.21110665854,0.753727982287,0.531225580967
    ));
#5691 = CARTESIAN_POINT('',(-0.202155793968,0.754718644101,
    0.531375977865));
#5692 = CARTESIAN_POINT('',(-0.202155793968,0.753722449403,
    0.531288822122));
#5693 = ADVANCED_FACE('',(#5694),#5717,.F.);
#5694 = FACE_BOUND('',#5695,.T.);
#5695 = EDGE_LOOP('',(#5696,#5697,#5698,#5699,#5700,#5701,#5702,#5703,
    #5704,#5705,#5706,#5707,#5708,#5709,#5710,#5711,#5712,#5713,#5714,
    #5715,#5716));
#5696 = ORIENTED_EDGE('',*,*,#5128,.T.);
#5697 = ORIENTED_EDGE('',*,*,#5163,.T.);
#5698 = ORIENTED_EDGE('',*,*,#5178,.T.);
#5699 = ORIENTED_EDGE('',*,*,#5206,.T.);
#5700 = ORIENTED_EDGE('',*,*,#5234,.T.);
#5701 = ORIENTED_EDGE('',*,*,#5262,.T.);
#5702 = ORIENTED_EDGE('',*,*,#5290,.T.);
#5703 = ORIENTED_EDGE('',*,*,#5318,.T.);
#5704 = ORIENTED_EDGE('',*,*,#5346,.T.);
#5705 = ORIENTED_EDGE('',*,*,#5374,.T.);
#5706 = ORIENTED_EDGE('',*,*,#5402,.T.);
#5707 = ORIENTED_EDGE('',*,*,#5430,.T.);
#5708 = ORIENTED_EDGE('',*,*,#5465,.T.);
#5709 = ORIENTED_EDGE('',*,*,#5480,.T.);
#5710 = ORIENTED_EDGE('',*,*,#5508,.T.);
#5711 = ORIENTED_EDGE('',*,*,#5536,.T.);
#5712 = ORIENTED_EDGE('',*,*,#5564,.T.);
#5713 = ORIENTED_EDGE('',*,*,#5592,.T.);
#5714 = ORIENTED_EDGE('',*,*,#5620,.T.);
#5715 = ORIENTED_EDGE('',*,*,#5648,.T.);
#5716 = ORIENTED_EDGE('',*,*,#5676,.T.);
#5717 = B_SPLINE_SURFACE_WITH_KNOTS('',1,1,(
    (#5718,#5719)
    ,(#5720,#5721
    )),.UNSPECIFIED.,.F.,.F.,.F.,(2,2),(2,2),(-5.704582802806E-02,
    1.098470112115E-02),(-3.49222655161E-02,9.088092492546E-03),
  .PIECEWISE_BEZIER_KNOTS.);
#5718 = CARTESIAN_POINT('',(-0.227388544786,0.749604002081,
    0.589836603659));
#5719 = CARTESIAN_POINT('',(-0.183378186777,0.749604002081,
    0.589836603659));
#5720 = CARTESIAN_POINT('',(-0.227388544786,0.755533253379,
    0.522064951212));
#5721 = CARTESIAN_POINT('',(-0.183378186777,0.755533253379,
    0.522064951212));
#5722 = ADVANCED_FACE('',(#5723),#5745,.F.);
#5723 = FACE_BOUND('',#5724,.T.);
#5724 = EDGE_LOOP('',(#5725,#5726,#5733,#5740));
#5725 = ORIENTED_EDGE('',*,*,#586,.T.);
#5726 = ORIENTED_EDGE('',*,*,#5727,.F.);
#5727 = EDGE_CURVE('',#5728,#589,#5730,.T.);
#5728 = VERTEX_POINT('',#5729);
#5729 = CARTESIAN_POINT('',(-0.28416540995,0.749784428694,0.58777431804)
  );
#5730 = B_SPLINE_CURVE_WITH_KNOTS('',1,(#5731,#5732),.UNSPECIFIED.,.F.,
  .F.,(2,2),(-0.,9.999998615769E-04),.PIECEWISE_BEZIER_KNOTS.);
#5731 = CARTESIAN_POINT('',(-0.28416540995,0.749784428694,0.58777431804)
  );
#5732 = CARTESIAN_POINT('',(-0.28416540995,0.748788234133,0.587687162309
    ));
#5733 = ORIENTED_EDGE('',*,*,#5734,.F.);
#5734 = EDGE_CURVE('',#5735,#5728,#5737,.T.);
#5735 = VERTEX_POINT('',#5736);
#5736 = CARTESIAN_POINT('',(-0.295975901385,0.749791729226,
    0.587690872568));
#5737 = B_SPLINE_CURVE_WITH_KNOTS('',1,(#5738,#5739),.UNSPECIFIED.,.F.,
  .F.,(2,2),(-1.181078847386E-02,0.),.PIECEWISE_BEZIER_KNOTS.);
#5738 = CARTESIAN_POINT('',(-0.295975901385,0.749791729226,
    0.587690872568));
#5739 = CARTESIAN_POINT('',(-0.28416540995,0.749784428694,0.58777431804)
  );
#5740 = ORIENTED_EDGE('',*,*,#5741,.T.);
#5741 = EDGE_CURVE('',#5735,#587,#5742,.T.);
#5742 = B_SPLINE_CURVE_WITH_KNOTS('',1,(#5743,#5744),.UNSPECIFIED.,.F.,
  .F.,(2,2),(-0.,1.E-03),.PIECEWISE_BEZIER_KNOTS.);
#5743 = CARTESIAN_POINT('',(-0.295975901385,0.749791729226,
    0.587690872568));
#5744 = CARTESIAN_POINT('',(-0.295975901385,0.748795534528,
    0.587603716825));
#5745 = B_SPLINE_SURFACE_WITH_KNOTS('',1,1,(
    (#5746,#5747)
    ,(#5748,#5749
    )),.UNSPECIFIED.,.F.,.F.,.F.,(2,2),(2,2),(-1.E-03,6.592005990299E-17
    ),(-1.181078847386E-02,2.310705462716E-18),
  .PIECEWISE_BEZIER_KNOTS.);
#5746 = CARTESIAN_POINT('',(-0.295975901385,0.748795534528,
    0.587603716825));
#5747 = CARTESIAN_POINT('',(-0.28416540995,0.748788233996,0.587687162297
    ));
#5748 = CARTESIAN_POINT('',(-0.295975901385,0.749791729226,
    0.587690872568));
#5749 = CARTESIAN_POINT('',(-0.28416540995,0.749784428694,0.58777431804)
  );
#5750 = ADVANCED_FACE('',(#5751),#5767,.F.);
#5751 = FACE_BOUND('',#5752,.T.);
#5752 = EDGE_LOOP('',(#5753,#5754,#5761,#5766));
#5753 = ORIENTED_EDGE('',*,*,#696,.T.);
#5754 = ORIENTED_EDGE('',*,*,#5755,.F.);
#5755 = EDGE_CURVE('',#5756,#688,#5758,.T.);
#5756 = VERTEX_POINT('',#5757);
#5757 = CARTESIAN_POINT('',(-0.266079494824,0.754036764567,
    0.539169896593));
#5758 = B_SPLINE_CURVE_WITH_KNOTS('',1,(#5759,#5760),.UNSPECIFIED.,.F.,
  .F.,(2,2),(-0.,9.99999861577E-04),.PIECEWISE_BEZIER_KNOTS.);
#5759 = CARTESIAN_POINT('',(-0.266079494824,0.754036764567,
    0.539169896593));
#5760 = CARTESIAN_POINT('',(-0.266079494824,0.753040570007,
    0.539082740863));
#5761 = ORIENTED_EDGE('',*,*,#5762,.F.);
#5762 = EDGE_CURVE('',#5728,#5756,#5763,.T.);
#5763 = B_SPLINE_CURVE_WITH_KNOTS('',1,(#5764,#5765),.UNSPECIFIED.,.F.,
  .F.,(2,2),(-5.203433933943E-02,0.),.PIECEWISE_BEZIER_KNOTS.);
#5764 = CARTESIAN_POINT('',(-0.28416540995,0.749784428694,0.58777431804)
  );
#5765 = CARTESIAN_POINT('',(-0.266079494824,0.754036764567,
    0.539169896593));
#5766 = ORIENTED_EDGE('',*,*,#5727,.T.);
#5767 = B_SPLINE_SURFACE_WITH_KNOTS('',1,1,(
    (#5768,#5769)
    ,(#5770,#5771
    )),.UNSPECIFIED.,.F.,.F.,.F.,(2,2),(2,2),(-8.175924631453E-05,
    5.186013402395E-02),(-5.250940475499E-03,0.),
  .PIECEWISE_BEZIER_KNOTS.);
#5768 = CARTESIAN_POINT('',(-0.266200391468,0.748788233996,
    0.539038096408));
#5769 = CARTESIAN_POINT('',(-0.266051172367,0.754036764567,
    0.539093199704));
#5770 = CARTESIAN_POINT('',(-0.284193732407,0.748788233996,
    0.587763859186));
#5771 = CARTESIAN_POINT('',(-0.284044513306,0.754036764567,
    0.587818962483));
#5772 = ADVANCED_FACE('',(#5773),#5791,.F.);
#5773 = FACE_BOUND('',#5774,.F.);
#5774 = EDGE_LOOP('',(#5775,#5776,#5785,#5790));
#5775 = ORIENTED_EDGE('',*,*,#5755,.F.);
#5776 = ORIENTED_EDGE('',*,*,#5777,.T.);
#5777 = EDGE_CURVE('',#5756,#5778,#5780,.T.);
#5778 = VERTEX_POINT('',#5779);
#5779 = CARTESIAN_POINT('',(-0.264647289705,0.754493842431,
    0.533945472707));
#5780 = B_SPLINE_CURVE_WITH_KNOTS('',3,(#5781,#5782,#5783,#5784),
  .UNSPECIFIED.,.F.,.F.,(4,4),(12.,13.),.PIECEWISE_BEZIER_KNOTS.);
#5781 = CARTESIAN_POINT('',(-0.266079494824,0.754036764567,
    0.539169896593));
#5782 = CARTESIAN_POINT('',(-0.265365865618,0.754234909243,
    0.536905092592));
#5783 = CARTESIAN_POINT('',(-0.264888353984,0.754388619386,0.53514817761
    ));
#5784 = CARTESIAN_POINT('',(-0.264647289705,0.754493842431,
    0.533945472707));
#5785 = ORIENTED_EDGE('',*,*,#5786,.T.);
#5786 = EDGE_CURVE('',#5778,#681,#5787,.T.);
#5787 = B_SPLINE_CURVE_WITH_KNOTS('',1,(#5788,#5789),.UNSPECIFIED.,.F.,
  .F.,(2,2),(-0.,9.99999861577E-04),.PIECEWISE_BEZIER_KNOTS.);
#5788 = CARTESIAN_POINT('',(-0.264647289705,0.754493842431,
    0.533945472707));
#5789 = CARTESIAN_POINT('',(-0.264647289705,0.753497647871,
    0.533858316976));
#5790 = ORIENTED_EDGE('',*,*,#687,.F.);
#5791 = B_SPLINE_SURFACE_WITH_KNOTS('',3,1,(
    (#5792,#5793)
    ,(#5794,#5795)
    ,(#5796,#5797)
    ,(#5798,#5799
    )),.UNSPECIFIED.,.F.,.F.,.F.,(4,4),(2,2),(12.,13.),(0.,1.),
  .PIECEWISE_BEZIER_KNOTS.);
#5792 = CARTESIAN_POINT('',(-0.266079494824,0.754036764567,
    0.539169896593));
#5793 = CARTESIAN_POINT('',(-0.266079494824,0.753040570007,
    0.539082740863));
#5794 = CARTESIAN_POINT('',(-0.265365865618,0.754234909243,
    0.536905092592));
#5795 = CARTESIAN_POINT('',(-0.265365865618,0.753238714683,
    0.536817936861));
#5796 = CARTESIAN_POINT('',(-0.264888353984,0.754388619386,0.53514817761
    ));
#5797 = CARTESIAN_POINT('',(-0.264888353984,0.753392424826,
    0.535061021879));
#5798 = CARTESIAN_POINT('',(-0.264647289705,0.754493842431,
    0.533945472707));
#5799 = CARTESIAN_POINT('',(-0.264647289705,0.753497647871,
    0.533858316976));
#5800 = ADVANCED_FACE('',(#5801),#5817,.F.);
#5801 = FACE_BOUND('',#5802,.T.);
#5802 = EDGE_LOOP('',(#5803,#5804,#5811,#5816));
#5803 = ORIENTED_EDGE('',*,*,#680,.T.);
#5804 = ORIENTED_EDGE('',*,*,#5805,.F.);
#5805 = EDGE_CURVE('',#5806,#674,#5808,.T.);
#5806 = VERTEX_POINT('',#5807);
#5807 = CARTESIAN_POINT('',(-0.26434505272,0.754493655606,0.533947608122
    ));
#5808 = B_SPLINE_CURVE_WITH_KNOTS('',1,(#5809,#5810),.UNSPECIFIED.,.F.,
  .F.,(2,2),(-0.,9.999998615769E-04),.PIECEWISE_BEZIER_KNOTS.);
#5809 = CARTESIAN_POINT('',(-0.26434505272,0.754493655606,0.533947608122
    ));
#5810 = CARTESIAN_POINT('',(-0.26434505272,0.753497461046,0.533860452392
    ));
#5811 = ORIENTED_EDGE('',*,*,#5812,.F.);
#5812 = EDGE_CURVE('',#5778,#5806,#5813,.T.);
#5813 = B_SPLINE_CURVE_WITH_KNOTS('',1,(#5814,#5815),.UNSPECIFIED.,.F.,
  .F.,(2,2),(-3.022445865956E-04,0.),.PIECEWISE_BEZIER_KNOTS.);
#5814 = CARTESIAN_POINT('',(-0.264647289705,0.754493842431,
    0.533945472707));
#5815 = CARTESIAN_POINT('',(-0.26434505272,0.754493655606,0.533947608122
    ));
#5816 = ORIENTED_EDGE('',*,*,#5786,.T.);
#5817 = B_SPLINE_SURFACE_WITH_KNOTS('',1,1,(
    (#5818,#5819)
    ,(#5820,#5821
    )),.UNSPECIFIED.,.F.,.F.,.F.,(2,2),(2,2),(-9.999999999999E-04,
    1.006036622612E-16),(-3.022445865956E-04,0.),
  .PIECEWISE_BEZIER_KNOTS.);
#5818 = CARTESIAN_POINT('',(-0.264647289705,0.753497647733,
    0.533858316964));
#5819 = CARTESIAN_POINT('',(-0.26434505272,0.753497460908,0.53386045238)
  );
#5820 = CARTESIAN_POINT('',(-0.264647289705,0.754493842431,
    0.533945472707));
#5821 = CARTESIAN_POINT('',(-0.26434505272,0.754493655606,0.533947608122
    ));
#5822 = ADVANCED_FACE('',(#5823),#5839,.F.);
#5823 = FACE_BOUND('',#5824,.T.);
#5824 = EDGE_LOOP('',(#5825,#5826,#5833,#5838));
#5825 = ORIENTED_EDGE('',*,*,#673,.T.);
#5826 = ORIENTED_EDGE('',*,*,#5827,.F.);
#5827 = EDGE_CURVE('',#5828,#667,#5830,.T.);
#5828 = VERTEX_POINT('',#5829);
#5829 = CARTESIAN_POINT('',(-0.262988037532,0.754026748072,
    0.539284385655));
#5830 = B_SPLINE_CURVE_WITH_KNOTS('',1,(#5831,#5832),.UNSPECIFIED.,.F.,
  .F.,(2,2),(-0.,9.999998615769E-04),.PIECEWISE_BEZIER_KNOTS.);
#5831 = CARTESIAN_POINT('',(-0.262988037532,0.754026748072,
    0.539284385655));
#5832 = CARTESIAN_POINT('',(-0.262988037532,0.753030553512,
    0.539197229925));
#5833 = ORIENTED_EDGE('',*,*,#5834,.F.);
#5834 = EDGE_CURVE('',#5806,#5828,#5835,.T.);
#5835 = B_SPLINE_CURVE_WITH_KNOTS('',1,(#5836,#5837),.UNSPECIFIED.,.F.,
  .F.,(2,2),(-5.526362936254E-03,0.),.PIECEWISE_BEZIER_KNOTS.);
#5836 = CARTESIAN_POINT('',(-0.26434505272,0.754493655606,0.533947608122
    ));
#5837 = CARTESIAN_POINT('',(-0.262988037532,0.754026748072,
    0.539284385655));
#5838 = ORIENTED_EDGE('',*,*,#5805,.T.);
#5839 = B_SPLINE_SURFACE_WITH_KNOTS('',1,1,(
    (#5840,#5841)
    ,(#5842,#5843
    )),.UNSPECIFIED.,.F.,.F.,.F.,(2,2),(2,2),(0.,5.59110133784E-03),(
    -9.964229130067E-04,4.670144966916E-04),.PIECEWISE_BEZIER_KNOTS.);
#5840 = CARTESIAN_POINT('',(-0.262967360892,0.753030553375,
    0.539279168016));
#5841 = CARTESIAN_POINT('',(-0.262997728488,0.754493655606,
    0.539286831116));
#5842 = CARTESIAN_POINT('',(-0.264335361767,0.753030553375,
    0.533858006907));
#5843 = CARTESIAN_POINT('',(-0.264365729363,0.754493655606,
    0.533865670007));
#5844 = ADVANCED_FACE('',(#5845),#5861,.F.);
#5845 = FACE_BOUND('',#5846,.T.);
#5846 = EDGE_LOOP('',(#5847,#5848,#5855,#5860));
#5847 = ORIENTED_EDGE('',*,*,#666,.T.);
#5848 = ORIENTED_EDGE('',*,*,#5849,.F.);
#5849 = EDGE_CURVE('',#5850,#660,#5852,.T.);
#5850 = VERTEX_POINT('',#5851);
#5851 = CARTESIAN_POINT('',(-0.246362537758,0.74976106124,0.588041409255
    ));
#5852 = B_SPLINE_CURVE_WITH_KNOTS('',1,(#5853,#5854),.UNSPECIFIED.,.F.,
  .F.,(2,2),(-0.,9.99999861577E-04),.PIECEWISE_BEZIER_KNOTS.);
#5853 = CARTESIAN_POINT('',(-0.246362537758,0.74976106124,0.588041409255
    ));
#5854 = CARTESIAN_POINT('',(-0.246362537758,0.74876486668,0.587954253525
    ));
#5855 = ORIENTED_EDGE('',*,*,#5856,.F.);
#5856 = EDGE_CURVE('',#5828,#5850,#5857,.T.);
#5857 = B_SPLINE_CURVE_WITH_KNOTS('',1,(#5858,#5859),.UNSPECIFIED.,.F.,
  .F.,(2,2),(-5.168994754504E-02,0.),.PIECEWISE_BEZIER_KNOTS.);
#5858 = CARTESIAN_POINT('',(-0.262988037532,0.754026748072,
    0.539284385655));
#5859 = CARTESIAN_POINT('',(-0.246362537758,0.74976106124,0.588041409255
    ));
#5860 = ORIENTED_EDGE('',*,*,#5827,.T.);
#5861 = B_SPLINE_SURFACE_WITH_KNOTS('',1,1,(
    (#5862,#5863)
    ,(#5864,#5865
    )),.UNSPECIFIED.,.F.,.F.,.F.,(2,2),(2,2),(0.,5.159605307481E-02),(
    -9.965863493595E-04,4.267363875571E-03),.PIECEWISE_BEZIER_KNOTS.);
#5862 = CARTESIAN_POINT('',(-0.246336074876,0.748764866542,
    0.588032454306));
#5863 = CARTESIAN_POINT('',(-0.246475851317,0.754026748072,
    0.588079754177));
#5864 = CARTESIAN_POINT('',(-0.262874723977,0.748764866542,
    0.539158884979));
#5865 = CARTESIAN_POINT('',(-0.263014500418,0.754026748072,0.53920618485
    ));
#5866 = ADVANCED_FACE('',(#5867),#5883,.F.);
#5867 = FACE_BOUND('',#5868,.T.);
#5868 = EDGE_LOOP('',(#5869,#5870,#5877,#5882));
#5869 = ORIENTED_EDGE('',*,*,#659,.T.);
#5870 = ORIENTED_EDGE('',*,*,#5871,.F.);
#5871 = EDGE_CURVE('',#5872,#653,#5874,.T.);
#5872 = VERTEX_POINT('',#5873);
#5873 = CARTESIAN_POINT('',(-0.233622086367,0.749753185862,
    0.588131425237));
#5874 = B_SPLINE_CURVE_WITH_KNOTS('',1,(#5875,#5876),.UNSPECIFIED.,.F.,
  .F.,(2,2),(-0.,9.99999861577E-04),.PIECEWISE_BEZIER_KNOTS.);
#5875 = CARTESIAN_POINT('',(-0.233622086367,0.749753185862,
    0.588131425237));
#5876 = CARTESIAN_POINT('',(-0.233622086367,0.748756991302,
    0.588044269506));
#5877 = ORIENTED_EDGE('',*,*,#5878,.F.);
#5878 = EDGE_CURVE('',#5850,#5872,#5879,.T.);
#5879 = B_SPLINE_CURVE_WITH_KNOTS('',1,(#5880,#5881),.UNSPECIFIED.,.F.,
  .F.,(2,2),(-1.274077181878E-02,0.),.PIECEWISE_BEZIER_KNOTS.);
#5880 = CARTESIAN_POINT('',(-0.246362537758,0.74976106124,0.588041409255
    ));
#5881 = CARTESIAN_POINT('',(-0.233622086367,0.749753185862,
    0.588131425237));
#5882 = ORIENTED_EDGE('',*,*,#5849,.T.);
#5883 = B_SPLINE_SURFACE_WITH_KNOTS('',1,1,(
    (#5884,#5885)
    ,(#5886,#5887
    )),.UNSPECIFIED.,.F.,.F.,.F.,(2,2),(2,2),(-1.E-03,8.358951901571E-19
    ),(-1.274077181878E-02,5.396715546E-17),.PIECEWISE_BEZIER_KNOTS.);
#5884 = CARTESIAN_POINT('',(-0.246362537758,0.748764866542,
    0.587954253513));
#5885 = CARTESIAN_POINT('',(-0.233622086367,0.748756991164,
    0.588044269494));
#5886 = CARTESIAN_POINT('',(-0.246362537758,0.74976106124,0.588041409255
    ));
#5887 = CARTESIAN_POINT('',(-0.233622086367,0.749753185862,
    0.588131425237));
#5888 = ADVANCED_FACE('',(#5889),#5905,.F.);
#5889 = FACE_BOUND('',#5890,.T.);
#5890 = EDGE_LOOP('',(#5891,#5892,#5899,#5904));
#5891 = ORIENTED_EDGE('',*,*,#652,.T.);
#5892 = ORIENTED_EDGE('',*,*,#5893,.F.);
#5893 = EDGE_CURVE('',#5894,#646,#5896,.T.);
#5894 = VERTEX_POINT('',#5895);
#5895 = CARTESIAN_POINT('',(-0.258643275279,0.755418215758,
    0.523379837228));
#5896 = B_SPLINE_CURVE_WITH_KNOTS('',1,(#5897,#5898),.UNSPECIFIED.,.F.,
  .F.,(2,2),(-0.,9.99999861577E-04),.PIECEWISE_BEZIER_KNOTS.);
#5897 = CARTESIAN_POINT('',(-0.258643275279,0.755418215758,
    0.523379837228));
#5898 = CARTESIAN_POINT('',(-0.258643275279,0.754422021198,
    0.523292681497));
#5899 = ORIENTED_EDGE('',*,*,#5900,.F.);
#5900 = EDGE_CURVE('',#5872,#5894,#5901,.T.);
#5901 = B_SPLINE_CURVE_WITH_KNOTS('',1,(#5902,#5903),.UNSPECIFIED.,.F.,
  .F.,(2,2),(-6.964855065249E-02,0.),.PIECEWISE_BEZIER_KNOTS.);
#5902 = CARTESIAN_POINT('',(-0.233622086367,0.749753185862,
    0.588131425237));
#5903 = CARTESIAN_POINT('',(-0.258643275279,0.755418215758,
    0.523379837228));
#5904 = ORIENTED_EDGE('',*,*,#5871,.T.);
#5905 = B_SPLINE_SURFACE_WITH_KNOTS('',1,1,(
    (#5906,#5907)
    ,(#5908,#5909
    )),.UNSPECIFIED.,.F.,.F.,.F.,(2,2),(2,2),(-8.137726857216E-05,
    6.941755218432E-02),(-6.664492182115E-03,0.),
  .PIECEWISE_BEZIER_KNOTS.);
#5906 = CARTESIAN_POINT('',(-0.258477578464,0.748756991164,
    0.523229139595));
#5907 = CARTESIAN_POINT('',(-0.25867241304,0.755418215758,0.523303855317
    ));
#5908 = CARTESIAN_POINT('',(-0.233592948606,0.748756991164,
    0.588120251405));
#5909 = CARTESIAN_POINT('',(-0.233787783182,0.755418215758,
    0.588194967127));
#5910 = ADVANCED_FACE('',(#5911),#5927,.F.);
#5911 = FACE_BOUND('',#5912,.T.);
#5912 = EDGE_LOOP('',(#5913,#5914,#5921,#5926));
#5913 = ORIENTED_EDGE('',*,*,#645,.T.);
#5914 = ORIENTED_EDGE('',*,*,#5915,.F.);
#5915 = EDGE_CURVE('',#5916,#637,#5918,.T.);
#5916 = VERTEX_POINT('',#5917);
#5917 = CARTESIAN_POINT('',(-0.253560976297,0.756444478119,
    0.511649604767));
#5918 = B_SPLINE_CURVE_WITH_KNOTS('',1,(#5919,#5920),.UNSPECIFIED.,.F.,
  .F.,(2,2),(-0.,9.99999861577E-04),.PIECEWISE_BEZIER_KNOTS.);
#5919 = CARTESIAN_POINT('',(-0.253560976297,0.756444478119,
    0.511649604767));
#5920 = CARTESIAN_POINT('',(-0.253560976297,0.755448283559,
    0.511562449037));
#5921 = ORIENTED_EDGE('',*,*,#5922,.F.);
#5922 = EDGE_CURVE('',#5894,#5916,#5923,.T.);
#5923 = B_SPLINE_CURVE_WITH_KNOTS('',1,(#5924,#5925),.UNSPECIFIED.,.F.,
  .F.,(2,2),(-1.282502752232E-02,1.015449997225E-16),
  .PIECEWISE_BEZIER_KNOTS.);
#5924 = CARTESIAN_POINT('',(-0.258643275279,0.755418215758,
    0.523379837228));
#5925 = CARTESIAN_POINT('',(-0.253560976297,0.756444478119,
    0.511649604767));
#5926 = ORIENTED_EDGE('',*,*,#5893,.T.);
#5927 = B_SPLINE_SURFACE_WITH_KNOTS('',1,1,(
    (#5928,#5929)
    ,(#5930,#5931
    )),.UNSPECIFIED.,.F.,.F.,.F.,(2,2),(2,2),(-8.006805520031E-05,
    1.278385147985E-02),(-2.023664410891E-03,8.130510643083E-18),
  .PIECEWISE_BEZIER_KNOTS.);
#5928 = CARTESIAN_POINT('',(-0.253593558375,0.75442202106,0.511548439583
    ));
#5929 = CARTESIAN_POINT('',(-0.253529348817,0.756444478119,
    0.511576048014));
#5930 = CARTESIAN_POINT('',(-0.258674902759,0.75442202106,0.523366238238
    ));
#5931 = CARTESIAN_POINT('',(-0.258610693202,0.756444478119,
    0.523393846669));
#5932 = ADVANCED_FACE('',(#5933),#5951,.F.);
#5933 = FACE_BOUND('',#5934,.F.);
#5934 = EDGE_LOOP('',(#5935,#5936,#5945,#5950));
#5935 = ORIENTED_EDGE('',*,*,#5915,.F.);
#5936 = ORIENTED_EDGE('',*,*,#5937,.T.);
#5937 = EDGE_CURVE('',#5916,#5938,#5940,.T.);
#5938 = VERTEX_POINT('',#5939);
#5939 = CARTESIAN_POINT('',(-0.241825012118,0.757235619617,
    0.502606816068));
#5940 = B_SPLINE_CURVE_WITH_KNOTS('',3,(#5941,#5942,#5943,#5944),
  .UNSPECIFIED.,.F.,.F.,(4,4),(5.,6.),.PIECEWISE_BEZIER_KNOTS.);
#5941 = CARTESIAN_POINT('',(-0.253560976297,0.756444478119,
    0.511649604767));
#5942 = CARTESIAN_POINT('',(-0.250936806409,0.756977821838,
    0.505553458162));
#5943 = CARTESIAN_POINT('',(-0.247032787869,0.75723883875,0.502570021214
    ));
#5944 = CARTESIAN_POINT('',(-0.241825012118,0.757235619617,
    0.502606816068));
#5945 = ORIENTED_EDGE('',*,*,#5946,.T.);
#5946 = EDGE_CURVE('',#5938,#628,#5947,.T.);
#5947 = B_SPLINE_CURVE_WITH_KNOTS('',1,(#5948,#5949),.UNSPECIFIED.,.F.,
  .F.,(2,2),(-0.,9.99999861577E-04),.PIECEWISE_BEZIER_KNOTS.);
#5948 = CARTESIAN_POINT('',(-0.241825012118,0.757235619617,
    0.502606816068));
#5949 = CARTESIAN_POINT('',(-0.241825012118,0.756239425057,
    0.502519660337));
#5950 = ORIENTED_EDGE('',*,*,#636,.F.);
#5951 = B_SPLINE_SURFACE_WITH_KNOTS('',3,1,(
    (#5952,#5953)
    ,(#5954,#5955)
    ,(#5956,#5957)
    ,(#5958,#5959
    )),.UNSPECIFIED.,.F.,.F.,.F.,(4,4),(2,2),(5.,6.),(0.,1.),
  .PIECEWISE_BEZIER_KNOTS.);
#5952 = CARTESIAN_POINT('',(-0.253560976297,0.756444478119,
    0.511649604767));
#5953 = CARTESIAN_POINT('',(-0.253560976297,0.755448283559,
    0.511562449037));
#5954 = CARTESIAN_POINT('',(-0.250936806409,0.756977821838,
    0.505553458162));
#5955 = CARTESIAN_POINT('',(-0.250936806409,0.755981627278,
    0.505466302432));
#5956 = CARTESIAN_POINT('',(-0.247032787869,0.75723883875,0.502570021214
    ));
#5957 = CARTESIAN_POINT('',(-0.247032787869,0.756242644189,
    0.502482865483));
#5958 = CARTESIAN_POINT('',(-0.241825012118,0.757235619617,
    0.502606816068));
#5959 = CARTESIAN_POINT('',(-0.241825012118,0.756239425057,
    0.502519660337));
#5960 = ADVANCED_FACE('',(#5961),#5979,.F.);
#5961 = FACE_BOUND('',#5962,.F.);
#5962 = EDGE_LOOP('',(#5963,#5964,#5973,#5978));
#5963 = ORIENTED_EDGE('',*,*,#5946,.F.);
#5964 = ORIENTED_EDGE('',*,*,#5965,.T.);
#5965 = EDGE_CURVE('',#5938,#5966,#5968,.T.);
#5966 = VERTEX_POINT('',#5967);
#5967 = CARTESIAN_POINT('',(-0.235371024278,0.757118152553,
    0.503949470758));
#5968 = B_SPLINE_CURVE_WITH_KNOTS('',3,(#5969,#5970,#5971,#5972),
  .UNSPECIFIED.,.F.,.F.,(4,4),(4.,5.),.PIECEWISE_BEZIER_KNOTS.);
#5969 = CARTESIAN_POINT('',(-0.241825012118,0.757235619617,
    0.502606816068));
#5970 = CARTESIAN_POINT('',(-0.239732602218,0.757234326216,
    0.502621599715));
#5971 = CARTESIAN_POINT('',(-0.237596662344,0.757196530964,
    0.503053601417));
#5972 = CARTESIAN_POINT('',(-0.235371024278,0.757118152553,
    0.503949470758));
#5973 = ORIENTED_EDGE('',*,*,#5974,.T.);
#5974 = EDGE_CURVE('',#5966,#621,#5975,.T.);
#5975 = B_SPLINE_CURVE_WITH_KNOTS('',1,(#5976,#5977),.UNSPECIFIED.,.F.,
  .F.,(2,2),(-0.,9.99999861577E-04),.PIECEWISE_BEZIER_KNOTS.);
#5976 = CARTESIAN_POINT('',(-0.235371024278,0.757118152553,
    0.503949470758));
#5977 = CARTESIAN_POINT('',(-0.235371024278,0.756121957992,
    0.503862315027));
#5978 = ORIENTED_EDGE('',*,*,#627,.F.);
#5979 = B_SPLINE_SURFACE_WITH_KNOTS('',3,1,(
    (#5980,#5981)
    ,(#5982,#5983)
    ,(#5984,#5985)
    ,(#5986,#5987
    )),.UNSPECIFIED.,.F.,.F.,.F.,(4,4),(2,2),(4.,5.),(0.,1.),
  .PIECEWISE_BEZIER_KNOTS.);
#5980 = CARTESIAN_POINT('',(-0.241825012118,0.757235619617,
    0.502606816068));
#5981 = CARTESIAN_POINT('',(-0.241825012118,0.756239425057,
    0.502519660337));
#5982 = CARTESIAN_POINT('',(-0.239732602218,0.757234326216,
    0.502621599715));
#5983 = CARTESIAN_POINT('',(-0.239732602218,0.756238131655,
    0.502534443984));
#5984 = CARTESIAN_POINT('',(-0.237596662344,0.757196530964,
    0.503053601417));
#5985 = CARTESIAN_POINT('',(-0.237596662344,0.756200336404,
    0.502966445686));
#5986 = CARTESIAN_POINT('',(-0.235371024278,0.757118152553,
    0.503949470758));
#5987 = CARTESIAN_POINT('',(-0.235371024278,0.756121957992,
    0.503862315027));
#5988 = ADVANCED_FACE('',(#5989),#6005,.F.);
#5989 = FACE_BOUND('',#5990,.T.);
#5990 = EDGE_LOOP('',(#5991,#5992,#5999,#6004));
#5991 = ORIENTED_EDGE('',*,*,#620,.T.);
#5992 = ORIENTED_EDGE('',*,*,#5993,.F.);
#5993 = EDGE_CURVE('',#5994,#612,#5996,.T.);
#5994 = VERTEX_POINT('',#5995);
#5995 = CARTESIAN_POINT('',(-0.235299132152,0.758001612275,
    0.493851479927));
#5996 = B_SPLINE_CURVE_WITH_KNOTS('',1,(#5997,#5998),.UNSPECIFIED.,.F.,
  .F.,(2,2),(-0.,9.999998615769E-04),.PIECEWISE_BEZIER_KNOTS.);
#5997 = CARTESIAN_POINT('',(-0.235299132152,0.758001612275,
    0.493851479927));
#5998 = CARTESIAN_POINT('',(-0.235299132152,0.757005417715,
    0.493764324196));
#5999 = ORIENTED_EDGE('',*,*,#6000,.F.);
#6000 = EDGE_CURVE('',#5966,#5994,#6001,.T.);
#6001 = B_SPLINE_CURVE_WITH_KNOTS('',1,(#6002,#6003),.UNSPECIFIED.,.F.,
  .F.,(2,2),(-1.013681845454E-02,1.102033525241E-16),
  .PIECEWISE_BEZIER_KNOTS.);
#6002 = CARTESIAN_POINT('',(-0.235371024278,0.757118152553,
    0.503949470758));
#6003 = CARTESIAN_POINT('',(-0.235299132152,0.758001612275,
    0.493851479927));
#6004 = ORIENTED_EDGE('',*,*,#5974,.T.);
#6005 = B_SPLINE_SURFACE_WITH_KNOTS('',1,1,(
    (#6006,#6007)
    ,(#6008,#6009
    )),.UNSPECIFIED.,.F.,.F.,.F.,(2,2),(2,2),(-8.715356744674E-05,
    1.009824672909E-02),(-1.879654779276E-03,9.604615317053E-18),
  .PIECEWISE_BEZIER_KNOTS.);
#6006 = CARTESIAN_POINT('',(-0.235299678227,0.756121957855,
    0.493764320326));
#6007 = CARTESIAN_POINT('',(-0.235298516396,0.758001612275,
    0.493764328535));
#6008 = CARTESIAN_POINT('',(-0.235371640035,0.756121957855,
    0.503949466408));
#6009 = CARTESIAN_POINT('',(-0.235370478204,0.758001612275,
    0.503949474616));
#6010 = ADVANCED_FACE('',(#6011),#6029,.F.);
#6011 = FACE_BOUND('',#6012,.F.);
#6012 = EDGE_LOOP('',(#6013,#6014,#6023,#6028));
#6013 = ORIENTED_EDGE('',*,*,#5993,.F.);
#6014 = ORIENTED_EDGE('',*,*,#6015,.T.);
#6015 = EDGE_CURVE('',#5994,#6016,#6018,.T.);
#6016 = VERTEX_POINT('',#6017);
#6017 = CARTESIAN_POINT('',(-0.242639220193,0.758087204902,
    0.492873151724));
#6018 = B_SPLINE_CURVE_WITH_KNOTS('',3,(#6019,#6020,#6021,#6022),
  .UNSPECIFIED.,.F.,.F.,(4,4),(2.,3.),.PIECEWISE_BEZIER_KNOTS.);
#6019 = CARTESIAN_POINT('',(-0.235299132152,0.758001612275,
    0.493851479927));
#6020 = CARTESIAN_POINT('',(-0.23731750791,0.758055545941,0.493235015304
    ));
#6021 = CARTESIAN_POINT('',(-0.23977959333,0.758085437253,0.492893356041
    ));
#6022 = CARTESIAN_POINT('',(-0.242639220193,0.758087204902,
    0.492873151724));
#6023 = ORIENTED_EDGE('',*,*,#6024,.T.);
#6024 = EDGE_CURVE('',#6016,#603,#6025,.T.);
#6025 = B_SPLINE_CURVE_WITH_KNOTS('',1,(#6026,#6027),.UNSPECIFIED.,.F.,
  .F.,(2,2),(-0.,9.999998615769E-04),.PIECEWISE_BEZIER_KNOTS.);
#6026 = CARTESIAN_POINT('',(-0.242639220193,0.758087204902,
    0.492873151724));
#6027 = CARTESIAN_POINT('',(-0.242639220193,0.757091010341,
    0.492785995993));
#6028 = ORIENTED_EDGE('',*,*,#611,.F.);
#6029 = B_SPLINE_SURFACE_WITH_KNOTS('',3,1,(
    (#6030,#6031)
    ,(#6032,#6033)
    ,(#6034,#6035)
    ,(#6036,#6037
    )),.UNSPECIFIED.,.F.,.F.,.F.,(4,4),(2,2),(2.,3.),(0.,1.),
  .PIECEWISE_BEZIER_KNOTS.);
#6030 = CARTESIAN_POINT('',(-0.235299132152,0.758001612275,
    0.493851479927));
#6031 = CARTESIAN_POINT('',(-0.235299132152,0.757005417715,
    0.493764324196));
#6032 = CARTESIAN_POINT('',(-0.23731750791,0.758055545941,0.493235015304
    ));
#6033 = CARTESIAN_POINT('',(-0.23731750791,0.757059351381,0.493147859573
    ));
#6034 = CARTESIAN_POINT('',(-0.23977959333,0.758085437253,0.492893356041
    ));
#6035 = CARTESIAN_POINT('',(-0.23977959333,0.757089242693,0.49280620031)
  );
#6036 = CARTESIAN_POINT('',(-0.242639220193,0.758087204902,
    0.492873151724));
#6037 = CARTESIAN_POINT('',(-0.242639220193,0.757091010341,
    0.492785995993));
#6038 = ADVANCED_FACE('',(#6039),#6057,.F.);
#6039 = FACE_BOUND('',#6040,.F.);
#6040 = EDGE_LOOP('',(#6041,#6042,#6051,#6056));
#6041 = ORIENTED_EDGE('',*,*,#6024,.F.);
#6042 = ORIENTED_EDGE('',*,*,#6043,.T.);
#6043 = EDGE_CURVE('',#6016,#6044,#6046,.T.);
#6044 = VERTEX_POINT('',#6045);
#6045 = CARTESIAN_POINT('',(-0.265965883921,0.756290035229,
    0.513414895081));
#6046 = B_SPLINE_CURVE_WITH_KNOTS('',3,(#6047,#6048,#6049,#6050),
  .UNSPECIFIED.,.F.,.F.,(4,4),(1.,2.),.PIECEWISE_BEZIER_KNOTS.);
#6047 = CARTESIAN_POINT('',(-0.242639220193,0.758087204902,
    0.492873151724));
#6048 = CARTESIAN_POINT('',(-0.252613040716,0.758093370115,
    0.492802683008));
#6049 = CARTESIAN_POINT('',(-0.260380845626,0.757494308767,
    0.499649985548));
#6050 = CARTESIAN_POINT('',(-0.265965883921,0.756290035229,
    0.513414895081));
#6051 = ORIENTED_EDGE('',*,*,#6052,.T.);
#6052 = EDGE_CURVE('',#6044,#596,#6053,.T.);
#6053 = B_SPLINE_CURVE_WITH_KNOTS('',1,(#6054,#6055),.UNSPECIFIED.,.F.,
  .F.,(2,2),(-0.,9.99999861577E-04),.PIECEWISE_BEZIER_KNOTS.);
#6054 = CARTESIAN_POINT('',(-0.265965883921,0.756290035229,
    0.513414895081));
#6055 = CARTESIAN_POINT('',(-0.265965883921,0.755293840669,
    0.513327739351));
#6056 = ORIENTED_EDGE('',*,*,#602,.F.);
#6057 = B_SPLINE_SURFACE_WITH_KNOTS('',3,1,(
    (#6058,#6059)
    ,(#6060,#6061)
    ,(#6062,#6063)
    ,(#6064,#6065
    )),.UNSPECIFIED.,.F.,.F.,.F.,(4,4),(2,2),(1.,2.),(0.,1.),
  .PIECEWISE_BEZIER_KNOTS.);
#6058 = CARTESIAN_POINT('',(-0.242639220193,0.758087204902,
    0.492873151724));
#6059 = CARTESIAN_POINT('',(-0.242639220193,0.757091010341,
    0.492785995993));
#6060 = CARTESIAN_POINT('',(-0.252613040716,0.758093370115,
    0.492802683008));
#6061 = CARTESIAN_POINT('',(-0.252613040716,0.757097175555,
    0.492715527278));
#6062 = CARTESIAN_POINT('',(-0.260380845626,0.757494308767,
    0.499649985548));
#6063 = CARTESIAN_POINT('',(-0.260380845626,0.756498114207,
    0.499562829818));
#6064 = CARTESIAN_POINT('',(-0.265965883921,0.756290035229,
    0.513414895081));
#6065 = CARTESIAN_POINT('',(-0.265965883921,0.755293840669,
    0.513327739351));
#6066 = ADVANCED_FACE('',(#6067),#6077,.F.);
#6067 = FACE_BOUND('',#6068,.T.);
#6068 = EDGE_LOOP('',(#6069,#6070,#6071,#6076));
#6069 = ORIENTED_EDGE('',*,*,#595,.T.);
#6070 = ORIENTED_EDGE('',*,*,#5741,.F.);
#6071 = ORIENTED_EDGE('',*,*,#6072,.F.);
#6072 = EDGE_CURVE('',#6044,#5735,#6073,.T.);
#6073 = B_SPLINE_CURVE_WITH_KNOTS('',1,(#6074,#6075),.UNSPECIFIED.,.F.,
  .F.,(2,2),(-8.037256970305E-02,0.),.PIECEWISE_BEZIER_KNOTS.);
#6074 = CARTESIAN_POINT('',(-0.265965883921,0.756290035229,
    0.513414895081));
#6075 = CARTESIAN_POINT('',(-0.295975901385,0.749791729226,
    0.587690872568));
#6076 = ORIENTED_EDGE('',*,*,#6052,.T.);
#6077 = B_SPLINE_SURFACE_WITH_KNOTS('',1,1,(
    (#6078,#6079)
    ,(#6080,#6081
    )),.UNSPECIFIED.,.F.,.F.,.F.,(2,2),(2,2),(0.,8.019005324644E-02),(
    -9.967226181357E-04,6.501749692638E-03),.PIECEWISE_BEZIER_KNOTS.);
#6078 = CARTESIAN_POINT('',(-0.296006007527,0.748795534528,
    0.587678801062));
#6079 = CARTESIAN_POINT('',(-0.295779515156,0.756290035229,
    0.587769616547));
#6080 = CARTESIAN_POINT('',(-0.266162270145,0.748795534528,
    0.513248995347));
#6081 = CARTESIAN_POINT('',(-0.265935777774,0.756290035229,
    0.513339810832));
#6082 = ADVANCED_FACE('',(#6083),#6100,.T.);
#6083 = FACE_BOUND('',#6084,.T.);
#6084 = EDGE_LOOP('',(#6085,#6086,#6087,#6088,#6089,#6090,#6091,#6092,
    #6093,#6094,#6095,#6096,#6097,#6098,#6099));
#6085 = ORIENTED_EDGE('',*,*,#5734,.T.);
#6086 = ORIENTED_EDGE('',*,*,#5762,.T.);
#6087 = ORIENTED_EDGE('',*,*,#5777,.T.);
#6088 = ORIENTED_EDGE('',*,*,#5812,.T.);
#6089 = ORIENTED_EDGE('',*,*,#5834,.T.);
#6090 = ORIENTED_EDGE('',*,*,#5856,.T.);
#6091 = ORIENTED_EDGE('',*,*,#5878,.T.);
#6092 = ORIENTED_EDGE('',*,*,#5900,.T.);
#6093 = ORIENTED_EDGE('',*,*,#5922,.T.);
#6094 = ORIENTED_EDGE('',*,*,#5937,.T.);
#6095 = ORIENTED_EDGE('',*,*,#5965,.T.);
#6096 = ORIENTED_EDGE('',*,*,#6000,.T.);
#6097 = ORIENTED_EDGE('',*,*,#6015,.T.);
#6098 = ORIENTED_EDGE('',*,*,#6043,.T.);
#6099 = ORIENTED_EDGE('',*,*,#6072,.T.);
#6100 = B_SPLINE_SURFACE_WITH_KNOTS('',1,1,(
    (#6101,#6102)
    ,(#6103,#6104
    )),.UNSPECIFIED.,.F.,.F.,.F.,(2,2),(2,2),(-5.172757454879E-03,
    9.052012508233E-02),(-4.002755599284E-02,2.232625902499E-02),
  .PIECEWISE_BEZIER_KNOTS.);
#6101 = CARTESIAN_POINT('',(-0.295975901385,0.758093370115,
    0.492802683008));
#6102 = CARTESIAN_POINT('',(-0.233622086367,0.758093370115,
    0.492802683008));
#6103 = CARTESIAN_POINT('',(-0.295975901385,0.749753185862,
    0.588131425237));
#6104 = CARTESIAN_POINT('',(-0.233622086367,0.749753185862,
    0.588131425237));
#6105 = ADVANCED_FACE('',(#6106),#6128,.F.);
#6106 = FACE_BOUND('',#6107,.T.);
#6107 = EDGE_LOOP('',(#6108,#6109,#6116,#6123));
#6108 = ORIENTED_EDGE('',*,*,#1493,.T.);
#6109 = ORIENTED_EDGE('',*,*,#6110,.F.);
#6110 = EDGE_CURVE('',#6111,#1496,#6113,.T.);
#6111 = VERTEX_POINT('',#6112);
#6112 = CARTESIAN_POINT('',(-0.356780104276,0.754587268317,
    0.532877609938));
#6113 = B_SPLINE_CURVE_WITH_KNOTS('',1,(#6114,#6115),.UNSPECIFIED.,.F.,
  .F.,(2,2),(-0.,9.999998615769E-04),.PIECEWISE_BEZIER_KNOTS.);
#6114 = CARTESIAN_POINT('',(-0.356780104276,0.754587268317,
    0.532877609938));
#6115 = CARTESIAN_POINT('',(-0.356780104276,0.753591073757,
    0.532790454207));
#6116 = ORIENTED_EDGE('',*,*,#6117,.F.);
#6117 = EDGE_CURVE('',#6118,#6111,#6120,.T.);
#6118 = VERTEX_POINT('',#6119);
#6119 = CARTESIAN_POINT('',(-0.356706563248,0.755490990877,
    0.522548013813));
#6120 = B_SPLINE_CURVE_WITH_KNOTS('',1,(#6121,#6122),.UNSPECIFIED.,.F.,
  .F.,(2,2),(-1.036931429039E-02,0.),.PIECEWISE_BEZIER_KNOTS.);
#6121 = CARTESIAN_POINT('',(-0.356706563248,0.755490990877,
    0.522548013813));
#6122 = CARTESIAN_POINT('',(-0.356780104276,0.754587268317,
    0.532877609938));
#6123 = ORIENTED_EDGE('',*,*,#6124,.T.);
#6124 = EDGE_CURVE('',#6118,#1494,#6125,.T.);
#6125 = B_SPLINE_CURVE_WITH_KNOTS('',1,(#6126,#6127),.UNSPECIFIED.,.F.,
  .F.,(2,2),(-0.,1.E-03),.PIECEWISE_BEZIER_KNOTS.);
#6126 = CARTESIAN_POINT('',(-0.356706563248,0.755490990877,
    0.522548013813));
#6127 = CARTESIAN_POINT('',(-0.356706563248,0.754494796179,0.52246085807
    ));
#6128 = B_SPLINE_SURFACE_WITH_KNOTS('',1,1,(
    (#6129,#6130)
    ,(#6131,#6132
    )),.UNSPECIFIED.,.F.,.F.,.F.,(2,2),(2,2),(0.,1.041701145978E-02),(
    -9.961948884036E-04,9.037227323826E-04),.PIECEWISE_BEZIER_KNOTS.);
#6129 = CARTESIAN_POINT('',(-0.356780720032,0.753591073619,
    0.532877605587));
#6130 = CARTESIAN_POINT('',(-0.356779545677,0.755490990877,
    0.532877613885));
#6131 = CARTESIAN_POINT('',(-0.356707121847,0.753591073619,
    0.522460854123));
#6132 = CARTESIAN_POINT('',(-0.356705947491,0.755490990877,
    0.522460862421));
#6133 = ADVANCED_FACE('',(#6134),#6150,.F.);
#6134 = FACE_BOUND('',#6135,.T.);
#6135 = EDGE_LOOP('',(#6136,#6137,#6144,#6149));
#6136 = ORIENTED_EDGE('',*,*,#1572,.T.);
#6137 = ORIENTED_EDGE('',*,*,#6138,.F.);
#6138 = EDGE_CURVE('',#6139,#1566,#6141,.T.);
#6139 = VERTEX_POINT('',#6140);
#6140 = CARTESIAN_POINT('',(-0.319604955054,0.754564288884,0.53314026606
    ));
#6141 = B_SPLINE_CURVE_WITH_KNOTS('',1,(#6142,#6143),.UNSPECIFIED.,.F.,
  .F.,(2,2),(-0.,9.999998615769E-04),.PIECEWISE_BEZIER_KNOTS.);
#6142 = CARTESIAN_POINT('',(-0.319604955054,0.754564288884,0.53314026606
    ));
#6143 = CARTESIAN_POINT('',(-0.319604955054,0.753568094324,
    0.533053110329));
#6144 = ORIENTED_EDGE('',*,*,#6145,.F.);
#6145 = EDGE_CURVE('',#6111,#6139,#6146,.T.);
#6146 = B_SPLINE_CURVE_WITH_KNOTS('',1,(#6147,#6148),.UNSPECIFIED.,.F.,
  .F.,(2,2),(-3.717608419349E-02,0.),.PIECEWISE_BEZIER_KNOTS.);
#6147 = CARTESIAN_POINT('',(-0.356780104276,0.754587268317,
    0.532877609938));
#6148 = CARTESIAN_POINT('',(-0.319604955054,0.754564288884,0.53314026606
    ));
#6149 = ORIENTED_EDGE('',*,*,#6110,.T.);
#6150 = B_SPLINE_SURFACE_WITH_KNOTS('',1,1,(
    (#6151,#6152)
    ,(#6153,#6154)),.UNSPECIFIED.,.F.,.F.,.F.,(2,2),(2,2),(-1.E-03,0.),(
    -3.717608419349E-02,3.193344305956E-22),.PIECEWISE_BEZIER_KNOTS.);
#6151 = CARTESIAN_POINT('',(-0.356780104276,0.753591073619,
    0.532790454195));
#6152 = CARTESIAN_POINT('',(-0.319604955054,0.753568094186,
    0.533053110317));
#6153 = CARTESIAN_POINT('',(-0.356780104276,0.754587268317,
    0.532877609938));
#6154 = CARTESIAN_POINT('',(-0.319604955054,0.754564288884,0.53314026606
    ));
#6155 = ADVANCED_FACE('',(#6156),#6172,.F.);
#6156 = FACE_BOUND('',#6157,.T.);
#6157 = EDGE_LOOP('',(#6158,#6159,#6166,#6171));
#6158 = ORIENTED_EDGE('',*,*,#1565,.T.);
#6159 = ORIENTED_EDGE('',*,*,#6160,.F.);
#6160 = EDGE_CURVE('',#6161,#1559,#6163,.T.);
#6161 = VERTEX_POINT('',#6162);
#6162 = CARTESIAN_POINT('',(-0.319821950554,0.751897699448,
    0.563619522787));
#6163 = B_SPLINE_CURVE_WITH_KNOTS('',1,(#6164,#6165),.UNSPECIFIED.,.F.,
  .F.,(2,2),(-0.,9.99999861577E-04),.PIECEWISE_BEZIER_KNOTS.);
#6164 = CARTESIAN_POINT('',(-0.319821950554,0.751897699448,
    0.563619522787));
#6165 = CARTESIAN_POINT('',(-0.319821950554,0.750901504888,
    0.563532367056));
#6166 = ORIENTED_EDGE('',*,*,#6167,.F.);
#6167 = EDGE_CURVE('',#6139,#6161,#6168,.T.);
#6168 = B_SPLINE_CURVE_WITH_KNOTS('',1,(#6169,#6170),.UNSPECIFIED.,.F.,
  .F.,(2,2),(-3.059645203168E-02,0.),.PIECEWISE_BEZIER_KNOTS.);
#6169 = CARTESIAN_POINT('',(-0.319604955054,0.754564288884,0.53314026606
    ));
#6170 = CARTESIAN_POINT('',(-0.319821950554,0.751897699448,
    0.563619522787));
#6171 = ORIENTED_EDGE('',*,*,#6138,.T.);
#6172 = B_SPLINE_SURFACE_WITH_KNOTS('',1,1,(
    (#6173,#6174)
    ,(#6175,#6176
    )),.UNSPECIFIED.,.F.,.F.,.F.,(2,2),(2,2),(0.,3.056718269676E-02),(
    -9.961948884036E-04,2.66658994577E-03),.PIECEWISE_BEZIER_KNOTS.);
#6173 = CARTESIAN_POINT('',(-0.31982256631,0.75090150475,0.563619518436)
  );
#6174 = CARTESIAN_POINT('',(-0.319820302311,0.754564288884,
    0.563619534432));
#6175 = CARTESIAN_POINT('',(-0.319606603296,0.75090150475,0.533053098659
    ));
#6176 = CARTESIAN_POINT('',(-0.319604339297,0.754564288884,
    0.533053114655));
#6177 = ADVANCED_FACE('',(#6178),#6194,.F.);
#6178 = FACE_BOUND('',#6179,.T.);
#6179 = EDGE_LOOP('',(#6180,#6181,#6188,#6193));
#6180 = ORIENTED_EDGE('',*,*,#1558,.T.);
#6181 = ORIENTED_EDGE('',*,*,#6182,.F.);
#6182 = EDGE_CURVE('',#6183,#1552,#6185,.T.);
#6183 = VERTEX_POINT('',#6184);
#6184 = CARTESIAN_POINT('',(-0.352347299997,0.751917804656,
    0.563389719213));
#6185 = B_SPLINE_CURVE_WITH_KNOTS('',1,(#6186,#6187),.UNSPECIFIED.,.F.,
  .F.,(2,2),(-0.,9.99999861577E-04),.PIECEWISE_BEZIER_KNOTS.);
#6186 = CARTESIAN_POINT('',(-0.352347299997,0.751917804656,
    0.563389719213));
#6187 = CARTESIAN_POINT('',(-0.352347299997,0.750921610095,
    0.563302563483));
#6188 = ORIENTED_EDGE('',*,*,#6189,.F.);
#6189 = EDGE_CURVE('',#6161,#6183,#6190,.T.);
#6190 = B_SPLINE_CURVE_WITH_KNOTS('',1,(#6191,#6192),.UNSPECIFIED.,.F.,
  .F.,(2,2),(-3.252616747104E-02,0.),.PIECEWISE_BEZIER_KNOTS.);
#6191 = CARTESIAN_POINT('',(-0.319821950554,0.751897699448,
    0.563619522787));
#6192 = CARTESIAN_POINT('',(-0.352347299997,0.751917804656,
    0.563389719213));
#6193 = ORIENTED_EDGE('',*,*,#6160,.T.);
#6194 = B_SPLINE_SURFACE_WITH_KNOTS('',1,1,(
    (#6195,#6196)
    ,(#6197,#6198
    )),.UNSPECIFIED.,.F.,.F.,.F.,(2,2),(2,2),(-1.142725773438E-17,
    9.999999999999E-04),(-8.266378223102E-23,3.252616747104E-02),
  .PIECEWISE_BEZIER_KNOTS.);
#6195 = CARTESIAN_POINT('',(-0.352347299997,0.751917804656,
    0.563389719213));
#6196 = CARTESIAN_POINT('',(-0.319821950554,0.751897699448,
    0.563619522787));
#6197 = CARTESIAN_POINT('',(-0.352347299997,0.750921609958,
    0.563302563471));
#6198 = CARTESIAN_POINT('',(-0.319821950554,0.75090150475,0.563532367044
    ));
#6199 = ADVANCED_FACE('',(#6200),#6216,.F.);
#6200 = FACE_BOUND('',#6201,.T.);
#6201 = EDGE_LOOP('',(#6202,#6203,#6210,#6215));
#6202 = ORIENTED_EDGE('',*,*,#1551,.T.);
#6203 = ORIENTED_EDGE('',*,*,#6204,.F.);
#6204 = EDGE_CURVE('',#6205,#1545,#6207,.T.);
#6205 = VERTEX_POINT('',#6206);
#6206 = CARTESIAN_POINT('',(-0.352421170806,0.751010029528,
    0.573765636397));
#6207 = B_SPLINE_CURVE_WITH_KNOTS('',1,(#6208,#6209),.UNSPECIFIED.,.F.,
  .F.,(2,2),(-0.,9.999998615769E-04),.PIECEWISE_BEZIER_KNOTS.);
#6208 = CARTESIAN_POINT('',(-0.352421170806,0.751010029528,
    0.573765636397));
#6209 = CARTESIAN_POINT('',(-0.352421170806,0.750013834968,
    0.573678480666));
#6210 = ORIENTED_EDGE('',*,*,#6211,.F.);
#6211 = EDGE_CURVE('',#6183,#6205,#6212,.T.);
#6212 = B_SPLINE_CURVE_WITH_KNOTS('',1,(#6213,#6214),.UNSPECIFIED.,.F.,
  .F.,(2,2),(-1.041581345756E-02,0.),.PIECEWISE_BEZIER_KNOTS.);
#6213 = CARTESIAN_POINT('',(-0.352347299997,0.751917804656,
    0.563389719213));
#6214 = CARTESIAN_POINT('',(-0.352421170806,0.751010029528,
    0.573765636397));
#6215 = ORIENTED_EDGE('',*,*,#6182,.T.);
#6216 = B_SPLINE_SURFACE_WITH_KNOTS('',1,1,(
    (#6217,#6218)
    ,(#6219,#6220
    )),.UNSPECIFIED.,.F.,.F.,.F.,(2,2),(2,2),(0.,1.046333370449E-02),(
    -9.961948884035E-04,9.077753006845E-04),.PIECEWISE_BEZIER_KNOTS.);
#6217 = CARTESIAN_POINT('',(-0.352421786563,0.75001383483,0.573765632047
    ));
#6218 = CARTESIAN_POINT('',(-0.352420609702,0.751917804656,
    0.573765640362));
#6219 = CARTESIAN_POINT('',(-0.352347861101,0.75001383483,0.563302559494
    ));
#6220 = CARTESIAN_POINT('',(-0.352346684241,0.751917804656,
    0.563302567809));
#6221 = ADVANCED_FACE('',(#6222),#6238,.F.);
#6222 = FACE_BOUND('',#6223,.T.);
#6223 = EDGE_LOOP('',(#6224,#6225,#6232,#6237));
#6224 = ORIENTED_EDGE('',*,*,#1544,.T.);
#6225 = ORIENTED_EDGE('',*,*,#6226,.F.);
#6226 = EDGE_CURVE('',#6227,#1538,#6229,.T.);
#6227 = VERTEX_POINT('',#6228);
#6228 = CARTESIAN_POINT('',(-0.319895821362,0.750989924321,
    0.573995439971));
#6229 = B_SPLINE_CURVE_WITH_KNOTS('',1,(#6230,#6231),.UNSPECIFIED.,.F.,
  .F.,(2,2),(-0.,9.999998615769E-04),.PIECEWISE_BEZIER_KNOTS.);
#6230 = CARTESIAN_POINT('',(-0.319895821362,0.750989924321,
    0.573995439971));
#6231 = CARTESIAN_POINT('',(-0.319895821362,0.749993729761,0.57390828424
    ));
#6232 = ORIENTED_EDGE('',*,*,#6233,.F.);
#6233 = EDGE_CURVE('',#6205,#6227,#6234,.T.);
#6234 = B_SPLINE_CURVE_WITH_KNOTS('',1,(#6235,#6236),.UNSPECIFIED.,.F.,
  .F.,(2,2),(-3.252616747104E-02,0.),.PIECEWISE_BEZIER_KNOTS.);
#6235 = CARTESIAN_POINT('',(-0.352421170806,0.751010029528,
    0.573765636397));
#6236 = CARTESIAN_POINT('',(-0.319895821362,0.750989924321,
    0.573995439971));
#6237 = ORIENTED_EDGE('',*,*,#6204,.T.);
#6238 = B_SPLINE_SURFACE_WITH_KNOTS('',1,1,(
    (#6239,#6240)
    ,(#6241,#6242
    )),.UNSPECIFIED.,.F.,.F.,.F.,(2,2),(2,2),(-9.999999999999E-04,
    9.916136385915E-17),(-3.252616747104E-02,3.042718137957E-22),
  .PIECEWISE_BEZIER_KNOTS.);
#6239 = CARTESIAN_POINT('',(-0.352421170806,0.75001383483,0.573678480654
    ));
#6240 = CARTESIAN_POINT('',(-0.319895821362,0.749993729623,
    0.573908284228));
#6241 = CARTESIAN_POINT('',(-0.352421170806,0.751010029528,
    0.573765636397));
#6242 = CARTESIAN_POINT('',(-0.319895821362,0.750989924321,
    0.573995439971));
#6243 = ADVANCED_FACE('',(#6244),#6260,.F.);
#6244 = FACE_BOUND('',#6245,.T.);
#6245 = EDGE_LOOP('',(#6246,#6247,#6254,#6259));
#6246 = ORIENTED_EDGE('',*,*,#1537,.T.);
#6247 = ORIENTED_EDGE('',*,*,#6248,.F.);
#6248 = EDGE_CURVE('',#6249,#1531,#6251,.T.);
#6249 = VERTEX_POINT('',#6250);
#6250 = CARTESIAN_POINT('',(-0.320102263889,0.748453017045,
    0.602992422815));
#6251 = B_SPLINE_CURVE_WITH_KNOTS('',1,(#6252,#6253),.UNSPECIFIED.,.F.,
  .F.,(2,2),(-0.,9.999998615768E-04),.PIECEWISE_BEZIER_KNOTS.);
#6252 = CARTESIAN_POINT('',(-0.320102263889,0.748453017045,
    0.602992422815));
#6253 = CARTESIAN_POINT('',(-0.320102263889,0.747456822485,
    0.602905267085));
#6254 = ORIENTED_EDGE('',*,*,#6255,.F.);
#6255 = EDGE_CURVE('',#6227,#6249,#6256,.T.);
#6256 = B_SPLINE_CURVE_WITH_KNOTS('',1,(#6257,#6258),.UNSPECIFIED.,.F.,
  .F.,(2,2),(-2.910847868105E-02,0.),.PIECEWISE_BEZIER_KNOTS.);
#6257 = CARTESIAN_POINT('',(-0.319895821362,0.750989924321,
    0.573995439971));
#6258 = CARTESIAN_POINT('',(-0.320102263889,0.748453017045,
    0.602992422815));
#6259 = ORIENTED_EDGE('',*,*,#6226,.T.);
#6260 = B_SPLINE_SURFACE_WITH_KNOTS('',1,1,(
    (#6261,#6262)
    ,(#6263,#6264
    )),.UNSPECIFIED.,.F.,.F.,.F.,(2,2),(2,2),(0.,2.908487125078E-02),(
    -9.961948884034E-04,2.536907759997E-03),.PIECEWISE_BEZIER_KNOTS.);
#6261 = CARTESIAN_POINT('',(-0.320102879646,0.747456822347,
    0.602992418465));
#6262 = CARTESIAN_POINT('',(-0.320100695804,0.750989924321,
    0.602992433894));
#6263 = CARTESIAN_POINT('',(-0.319897389446,0.747456822347,
    0.573908273137));
#6264 = CARTESIAN_POINT('',(-0.319895205605,0.750989924321,
    0.573908288567));
#6265 = ADVANCED_FACE('',(#6266),#6282,.F.);
#6266 = FACE_BOUND('',#6267,.T.);
#6267 = EDGE_LOOP('',(#6268,#6269,#6276,#6281));
#6268 = ORIENTED_EDGE('',*,*,#1530,.T.);
#6269 = ORIENTED_EDGE('',*,*,#6270,.F.);
#6270 = EDGE_CURVE('',#6271,#1524,#6273,.T.);
#6271 = VERTEX_POINT('',#6272);
#6272 = CARTESIAN_POINT('',(-0.35520825221,0.748474717448,0.602744386078
    ));
#6273 = B_SPLINE_CURVE_WITH_KNOTS('',1,(#6274,#6275),.UNSPECIFIED.,.F.,
  .F.,(2,2),(-0.,9.999998615769E-04),.PIECEWISE_BEZIER_KNOTS.);
#6274 = CARTESIAN_POINT('',(-0.35520825221,0.748474717448,0.602744386078
    ));
#6275 = CARTESIAN_POINT('',(-0.35520825221,0.747478522888,0.602657230347
    ));
#6276 = ORIENTED_EDGE('',*,*,#6277,.F.);
#6277 = EDGE_CURVE('',#6249,#6271,#6278,.T.);
#6278 = B_SPLINE_CURVE_WITH_KNOTS('',1,(#6279,#6280),.UNSPECIFIED.,.F.,
  .F.,(2,2),(-3.5106871252E-02,0.),.PIECEWISE_BEZIER_KNOTS.);
#6279 = CARTESIAN_POINT('',(-0.320102263889,0.748453017045,
    0.602992422815));
#6280 = CARTESIAN_POINT('',(-0.35520825221,0.748474717448,0.602744386078
    ));
#6281 = ORIENTED_EDGE('',*,*,#6248,.T.);
#6282 = B_SPLINE_SURFACE_WITH_KNOTS('',1,1,(
    (#6283,#6284)
    ,(#6285,#6286
    )),.UNSPECIFIED.,.F.,.F.,.F.,(2,2),(2,2),(-0.,1.E-03),(0.,
    3.5106871252E-02),.PIECEWISE_BEZIER_KNOTS.);
#6283 = CARTESIAN_POINT('',(-0.35520825221,0.748474717448,0.602744386078
    ));
#6284 = CARTESIAN_POINT('',(-0.320102263889,0.748453017045,
    0.602992422815));
#6285 = CARTESIAN_POINT('',(-0.35520825221,0.74747852275,0.602657230335)
  );
#6286 = CARTESIAN_POINT('',(-0.320102263889,0.747456822347,
    0.602905267073));
#6287 = ADVANCED_FACE('',(#6288),#6304,.F.);
#6288 = FACE_BOUND('',#6289,.T.);
#6289 = EDGE_LOOP('',(#6290,#6291,#6298,#6303));
#6290 = ORIENTED_EDGE('',*,*,#1523,.T.);
#6291 = ORIENTED_EDGE('',*,*,#6292,.F.);
#6292 = EDGE_CURVE('',#6293,#1517,#6295,.T.);
#6293 = VERTEX_POINT('',#6294);
#6294 = CARTESIAN_POINT('',(-0.355282452798,0.747562889753,0.61316662432
    ));
#6295 = B_SPLINE_CURVE_WITH_KNOTS('',1,(#6296,#6297),.UNSPECIFIED.,.F.,
  .F.,(2,2),(-0.,9.999998615769E-04),.PIECEWISE_BEZIER_KNOTS.);
#6296 = CARTESIAN_POINT('',(-0.355282452798,0.747562889753,0.61316662432
    ));
#6297 = CARTESIAN_POINT('',(-0.355282452798,0.746566695193,
    0.613079468589));
#6298 = ORIENTED_EDGE('',*,*,#6299,.F.);
#6299 = EDGE_CURVE('',#6271,#6293,#6300,.T.);
#6300 = B_SPLINE_CURVE_WITH_KNOTS('',1,(#6301,#6302),.UNSPECIFIED.,.F.,
  .F.,(2,2),(-1.046231262472E-02,0.),.PIECEWISE_BEZIER_KNOTS.);
#6301 = CARTESIAN_POINT('',(-0.35520825221,0.748474717448,0.602744386078
    ));
#6302 = CARTESIAN_POINT('',(-0.355282452798,0.747562889753,0.61316662432
    ));
#6303 = ORIENTED_EDGE('',*,*,#6270,.T.);
#6304 = B_SPLINE_SURFACE_WITH_KNOTS('',1,1,(
    (#6305,#6306)
    ,(#6307,#6308
    )),.UNSPECIFIED.,.F.,.F.,.F.,(2,2),(2,2),(0.,1.050965593714E-02),(
    -9.961948884034E-04,9.118278689866E-04),.PIECEWISE_BEZIER_KNOTS.);
#6305 = CARTESIAN_POINT('',(-0.355283068555,0.746566695055,0.61316661997
    ));
#6306 = CARTESIAN_POINT('',(-0.35528188919,0.748474717448,0.613166628302
    ));
#6307 = CARTESIAN_POINT('',(-0.355208815818,0.746566695055,
    0.602657226341));
#6308 = CARTESIAN_POINT('',(-0.355207636453,0.748474717448,
    0.602657234673));
#6309 = ADVANCED_FACE('',(#6310),#6326,.F.);
#6310 = FACE_BOUND('',#6311,.T.);
#6311 = EDGE_LOOP('',(#6312,#6313,#6320,#6325));
#6312 = ORIENTED_EDGE('',*,*,#1516,.T.);
#6313 = ORIENTED_EDGE('',*,*,#6314,.F.);
#6314 = EDGE_CURVE('',#6315,#1510,#6317,.T.);
#6315 = VERTEX_POINT('',#6316);
#6316 = CARTESIAN_POINT('',(-0.308435720039,0.747533931931,
    0.613497613742));
#6317 = B_SPLINE_CURVE_WITH_KNOTS('',1,(#6318,#6319),.UNSPECIFIED.,.F.,
  .F.,(2,2),(-0.,9.99999861577E-04),.PIECEWISE_BEZIER_KNOTS.);
#6318 = CARTESIAN_POINT('',(-0.308435720039,0.747533931931,
    0.613497613742));
#6319 = CARTESIAN_POINT('',(-0.308435720039,0.746537737371,
    0.613410458011));
#6320 = ORIENTED_EDGE('',*,*,#6321,.F.);
#6321 = EDGE_CURVE('',#6293,#6315,#6322,.T.);
#6322 = B_SPLINE_CURVE_WITH_KNOTS('',1,(#6323,#6324),.UNSPECIFIED.,.F.,
  .F.,(2,2),(-4.684791097572E-02,0.),.PIECEWISE_BEZIER_KNOTS.);
#6323 = CARTESIAN_POINT('',(-0.355282452798,0.747562889753,0.61316662432
    ));
#6324 = CARTESIAN_POINT('',(-0.308435720039,0.747533931931,
    0.613497613742));
#6325 = ORIENTED_EDGE('',*,*,#6292,.T.);
#6326 = B_SPLINE_SURFACE_WITH_KNOTS('',1,1,(
    (#6327,#6328)
    ,(#6329,#6330)),.UNSPECIFIED.,.F.,.F.,.F.,(2,2),(2,2),(-1.E-03,0.),(
    -4.684791097572E-02,1.457659625495E-22),.PIECEWISE_BEZIER_KNOTS.);
#6327 = CARTESIAN_POINT('',(-0.355282452798,0.746566695055,
    0.613079468577));
#6328 = CARTESIAN_POINT('',(-0.308435720039,0.746537737233,
    0.613410457999));
#6329 = CARTESIAN_POINT('',(-0.355282452798,0.747562889753,0.61316662432
    ));
#6330 = CARTESIAN_POINT('',(-0.308435720039,0.747533931931,
    0.613497613742));
#6331 = ADVANCED_FACE('',(#6332),#6348,.F.);
#6332 = FACE_BOUND('',#6333,.T.);
#6333 = EDGE_LOOP('',(#6334,#6335,#6342,#6347));
#6334 = ORIENTED_EDGE('',*,*,#1509,.T.);
#6335 = ORIENTED_EDGE('',*,*,#6336,.F.);
#6336 = EDGE_CURVE('',#6337,#1503,#6339,.T.);
#6337 = VERTEX_POINT('',#6338);
#6338 = CARTESIAN_POINT('',(-0.307790669587,0.755460754025,
    0.522893622618));
#6339 = B_SPLINE_CURVE_WITH_KNOTS('',1,(#6340,#6341),.UNSPECIFIED.,.F.,
  .F.,(2,2),(-0.,9.99999861577E-04),.PIECEWISE_BEZIER_KNOTS.);
#6340 = CARTESIAN_POINT('',(-0.307790669587,0.755460754025,
    0.522893622618));
#6341 = CARTESIAN_POINT('',(-0.307790669587,0.754464559465,
    0.522806466888));
#6342 = ORIENTED_EDGE('',*,*,#6343,.F.);
#6343 = EDGE_CURVE('',#6315,#6337,#6344,.T.);
#6344 = B_SPLINE_CURVE_WITH_KNOTS('',1,(#6345,#6346),.UNSPECIFIED.,.F.,
  .F.,(2,2),(-9.09523710854E-02,0.),.PIECEWISE_BEZIER_KNOTS.);
#6345 = CARTESIAN_POINT('',(-0.308435720039,0.747533931931,
    0.613497613742));
#6346 = CARTESIAN_POINT('',(-0.307790669587,0.755460754025,
    0.522893622618));
#6347 = ORIENTED_EDGE('',*,*,#6314,.T.);
#6348 = B_SPLINE_SURFACE_WITH_KNOTS('',1,1,(
    (#6349,#6350)
    ,(#6351,#6352
    )),.UNSPECIFIED.,.F.,.F.,.F.,(2,2),(2,2),(-8.71535674465E-05,
    9.060628716346E-02),(-8.923018496225E-03,0.),
  .PIECEWISE_BEZIER_KNOTS.);
#6349 = CARTESIAN_POINT('',(-0.307795569225,0.746537737233,
    0.522806432258));
#6350 = CARTESIAN_POINT('',(-0.307790053831,0.755460754025,
    0.522806471226));
#6351 = CARTESIAN_POINT('',(-0.308436335796,0.746537737233,
    0.613497609391));
#6352 = CARTESIAN_POINT('',(-0.308430820401,0.755460754025,
    0.613497648359));
#6353 = ADVANCED_FACE('',(#6354),#6364,.F.);
#6354 = FACE_BOUND('',#6355,.T.);
#6355 = EDGE_LOOP('',(#6356,#6357,#6358,#6363));
#6356 = ORIENTED_EDGE('',*,*,#1502,.T.);
#6357 = ORIENTED_EDGE('',*,*,#6124,.F.);
#6358 = ORIENTED_EDGE('',*,*,#6359,.F.);
#6359 = EDGE_CURVE('',#6337,#6118,#6360,.T.);
#6360 = B_SPLINE_CURVE_WITH_KNOTS('',1,(#6361,#6362),.UNSPECIFIED.,.F.,
  .F.,(2,2),(-4.891712391721E-02,0.),.PIECEWISE_BEZIER_KNOTS.);
#6361 = CARTESIAN_POINT('',(-0.307790669587,0.755460754025,
    0.522893622618));
#6362 = CARTESIAN_POINT('',(-0.356706563248,0.755490990877,
    0.522548013813));
#6363 = ORIENTED_EDGE('',*,*,#6336,.T.);
#6364 = B_SPLINE_SURFACE_WITH_KNOTS('',1,1,(
    (#6365,#6366)
    ,(#6367,#6368
    )),.UNSPECIFIED.,.F.,.F.,.F.,(2,2),(2,2),(-5.790226708698E-17,1.E-03
    ),(0.,4.891712391721E-02),.PIECEWISE_BEZIER_KNOTS.);
#6365 = CARTESIAN_POINT('',(-0.356706563248,0.755490990877,
    0.522548013813));
#6366 = CARTESIAN_POINT('',(-0.307790669587,0.755460754025,
    0.522893622618));
#6367 = CARTESIAN_POINT('',(-0.356706563248,0.754494796179,0.52246085807
    ));
#6368 = CARTESIAN_POINT('',(-0.307790669587,0.754464559327,
    0.522806466876));
#6369 = ADVANCED_FACE('',(#6370),#6384,.F.);
#6370 = FACE_BOUND('',#6371,.T.);
#6371 = EDGE_LOOP('',(#6372,#6373,#6374,#6375,#6376,#6377,#6378,#6379,
    #6380,#6381,#6382,#6383));
#6372 = ORIENTED_EDGE('',*,*,#6117,.T.);
#6373 = ORIENTED_EDGE('',*,*,#6145,.T.);
#6374 = ORIENTED_EDGE('',*,*,#6167,.T.);
#6375 = ORIENTED_EDGE('',*,*,#6189,.T.);
#6376 = ORIENTED_EDGE('',*,*,#6211,.T.);
#6377 = ORIENTED_EDGE('',*,*,#6233,.T.);
#6378 = ORIENTED_EDGE('',*,*,#6255,.T.);
#6379 = ORIENTED_EDGE('',*,*,#6277,.T.);
#6380 = ORIENTED_EDGE('',*,*,#6299,.T.);
#6381 = ORIENTED_EDGE('',*,*,#6321,.T.);
#6382 = ORIENTED_EDGE('',*,*,#6343,.T.);
#6383 = ORIENTED_EDGE('',*,*,#6359,.T.);
#6384 = B_SPLINE_SURFACE_WITH_KNOTS('',1,1,(
    (#6385,#6386)
    ,(#6387,#6388
    )),.UNSPECIFIED.,.F.,.F.,.F.,(2,2),(2,2),(-0.543686076671,
    -0.452389064046),(-0.356780104276,-0.307790669587),
  .PIECEWISE_BEZIER_KNOTS.);
#6385 = CARTESIAN_POINT('',(-0.356780104276,0.747533931931,
    0.613497613742));
#6386 = CARTESIAN_POINT('',(-0.307790669587,0.747533931931,
    0.613497613742));
#6387 = CARTESIAN_POINT('',(-0.356780104276,0.755490990877,
    0.522548013813));
#6388 = CARTESIAN_POINT('',(-0.307790669587,0.755490990877,
    0.522548013813));
#6389 = ADVANCED_FACE('',(#6390,#6449),#6508,.T.);
#6390 = FACE_BOUND('',#6391,.T.);
#6391 = EDGE_LOOP('',(#6392,#6401,#6410,#6419,#6428,#6437,#6444));
#6392 = ORIENTED_EDGE('',*,*,#6393,.T.);
#6393 = EDGE_CURVE('',#6394,#6396,#6398,.T.);
#6394 = VERTEX_POINT('',#6395);
#6395 = CARTESIAN_POINT('',(-0.373887573426,0.755501611141,
    0.522426623648));
#6396 = VERTEX_POINT('',#6397);
#6397 = CARTESIAN_POINT('',(-0.39890349623,0.755517074474,0.522249876939
    ));
#6398 = B_SPLINE_CURVE_WITH_KNOTS('',1,(#6399,#6400),.UNSPECIFIED.,.F.,
  .F.,(2,2),(-2.501655196525E-02,5.544112957691E-17),
  .PIECEWISE_BEZIER_KNOTS.);
#6399 = CARTESIAN_POINT('',(-0.373887573426,0.755501611141,
    0.522426623648));
#6400 = CARTESIAN_POINT('',(-0.39890349623,0.755517074474,0.522249876939
    ));
#6401 = ORIENTED_EDGE('',*,*,#6402,.T.);
#6402 = EDGE_CURVE('',#6396,#6403,#6405,.T.);
#6403 = VERTEX_POINT('',#6404);
#6404 = CARTESIAN_POINT('',(-0.434309085369,0.754428500713,
    0.534692331963));
#6405 = B_SPLINE_CURVE_WITH_KNOTS('',3,(#6406,#6407,#6408,#6409),
  .UNSPECIFIED.,.F.,.F.,(4,4),(5.,6.),.PIECEWISE_BEZIER_KNOTS.);
#6406 = CARTESIAN_POINT('',(-0.39890349623,0.755517074474,0.522249876939
    ));
#6407 = CARTESIAN_POINT('',(-0.413294626541,0.755525970202,
    0.522148198303));
#6408 = CARTESIAN_POINT('',(-0.425111878994,0.755164472718,
    0.526280133449));
#6409 = CARTESIAN_POINT('',(-0.434309085369,0.754428500713,
    0.534692331963));
#6410 = ORIENTED_EDGE('',*,*,#6411,.T.);
#6411 = EDGE_CURVE('',#6403,#6412,#6414,.T.);
#6412 = VERTEX_POINT('',#6413);
#6413 = CARTESIAN_POINT('',(-0.448266404621,0.751482657947,
    0.568363468853));
#6414 = B_SPLINE_CURVE_WITH_KNOTS('',3,(#6415,#6416,#6417,#6418),
  .UNSPECIFIED.,.F.,.F.,(4,4),(4.,5.),.PIECEWISE_BEZIER_KNOTS.);
#6415 = CARTESIAN_POINT('',(-0.434309085369,0.754428500713,
    0.534692331963));
#6416 = CARTESIAN_POINT('',(-0.443506291744,0.753692528707,
    0.543104530477));
#6417 = CARTESIAN_POINT('',(-0.448166481161,0.752710585909,
    0.554328188019));
#6418 = CARTESIAN_POINT('',(-0.448266404621,0.751482657947,
    0.568363468853));
#6419 = ORIENTED_EDGE('',*,*,#6420,.T.);
#6420 = EDGE_CURVE('',#6412,#6421,#6423,.T.);
#6421 = VERTEX_POINT('',#6422);
#6422 = CARTESIAN_POINT('',(-0.43477836287,0.748661697114,0.600607198716
    ));
#6423 = B_SPLINE_CURVE_WITH_KNOTS('',3,(#6424,#6425,#6426,#6427),
  .UNSPECIFIED.,.F.,.F.,(4,4),(3.,4.),.PIECEWISE_BEZIER_KNOTS.);
#6424 = CARTESIAN_POINT('',(-0.448266404621,0.751482657947,
    0.568363468853));
#6425 = CARTESIAN_POINT('',(-0.448362040935,0.750307413363,
    0.581796575921));
#6426 = CARTESIAN_POINT('',(-0.443858167425,0.74936843915,0.592529100277
    ));
#6427 = CARTESIAN_POINT('',(-0.43477836287,0.748661697114,0.600607198716
    ));
#6428 = ORIENTED_EDGE('',*,*,#6429,.T.);
#6429 = EDGE_CURVE('',#6421,#6430,#6432,.T.);
#6430 = VERTEX_POINT('',#6431);
#6431 = CARTESIAN_POINT('',(-0.400478506637,0.747590827225,
    0.612847297553));
#6432 = B_SPLINE_CURVE_WITH_KNOTS('',3,(#6433,#6434,#6435,#6436),
  .UNSPECIFIED.,.F.,.F.,(4,4),(2.,3.),.PIECEWISE_BEZIER_KNOTS.);
#6433 = CARTESIAN_POINT('',(-0.43477836287,0.748661697114,0.600607198716
    ));
#6434 = CARTESIAN_POINT('',(-0.425698558316,0.747954955078,
    0.608685297155));
#6435 = CARTESIAN_POINT('',(-0.414265162977,0.747599349304,
    0.612749889748));
#6436 = CARTESIAN_POINT('',(-0.400478506637,0.747590827225,
    0.612847297553));
#6437 = ORIENTED_EDGE('',*,*,#6438,.T.);
#6438 = EDGE_CURVE('',#6430,#6439,#6441,.T.);
#6439 = VERTEX_POINT('',#6440);
#6440 = CARTESIAN_POINT('',(-0.374532623878,0.747574789047,
    0.613030614771));
#6441 = B_SPLINE_CURVE_WITH_KNOTS('',1,(#6442,#6443),.UNSPECIFIED.,.F.,
  .F.,(2,2),(-2.594653530924E-02,0.),.PIECEWISE_BEZIER_KNOTS.);
#6442 = CARTESIAN_POINT('',(-0.400478506637,0.747590827225,
    0.612847297553));
#6443 = CARTESIAN_POINT('',(-0.374532623878,0.747574789047,
    0.613030614771));
#6444 = ORIENTED_EDGE('',*,*,#6445,.T.);
#6445 = EDGE_CURVE('',#6439,#6394,#6446,.T.);
#6446 = B_SPLINE_CURVE_WITH_KNOTS('',1,(#6447,#6448),.UNSPECIFIED.,.F.,
  .F.,(2,2),(-9.09523710854E-02,0.),.PIECEWISE_BEZIER_KNOTS.);
#6447 = CARTESIAN_POINT('',(-0.374532623878,0.747574789047,
    0.613030614771));
#6448 = CARTESIAN_POINT('',(-0.373887573426,0.755501611141,
    0.522426623648));
#6449 = FACE_BOUND('',#6450,.T.);
#6450 = EDGE_LOOP('',(#6451,#6460,#6467,#6476,#6485,#6494,#6503));
#6451 = ORIENTED_EDGE('',*,*,#6452,.F.);
#6452 = EDGE_CURVE('',#6453,#6455,#6457,.T.);
#6453 = VERTEX_POINT('',#6454);
#6454 = CARTESIAN_POINT('',(-0.386199167727,0.748493874161,
    0.602525423845));
#6455 = VERTEX_POINT('',#6456);
#6456 = CARTESIAN_POINT('',(-0.385701858892,0.754605146,0.532673267089)
  );
#6457 = B_SPLINE_CURVE_WITH_KNOTS('',1,(#6458,#6459),.UNSPECIFIED.,.F.,
  .F.,(2,2),(0.,7.012074417029E-02),.PIECEWISE_BEZIER_KNOTS.);
#6458 = CARTESIAN_POINT('',(-0.386199167727,0.748493874161,
    0.602525423845));
#6459 = CARTESIAN_POINT('',(-0.385701858892,0.754605146,0.532673267089)
  );
#6460 = ORIENTED_EDGE('',*,*,#6461,.F.);
#6461 = EDGE_CURVE('',#6462,#6453,#6464,.T.);
#6462 = VERTEX_POINT('',#6463);
#6463 = CARTESIAN_POINT('',(-0.39993932607,0.748502367498,0.602428344565
    ));
#6464 = B_SPLINE_CURVE_WITH_KNOTS('',1,(#6465,#6466),.UNSPECIFIED.,.F.,
  .F.,(2,2),(-5.622552330794E-17,1.374050391383E-02),
  .PIECEWISE_BEZIER_KNOTS.);
#6465 = CARTESIAN_POINT('',(-0.39993932607,0.748502367498,0.602428344565
    ));
#6466 = CARTESIAN_POINT('',(-0.386199167727,0.748493874161,
    0.602525423845));
#6467 = ORIENTED_EDGE('',*,*,#6468,.F.);
#6468 = EDGE_CURVE('',#6469,#6462,#6471,.T.);
#6469 = VERTEX_POINT('',#6470);
#6470 = CARTESIAN_POINT('',(-0.426126766222,0.749264264927,
    0.593719817102));
#6471 = B_SPLINE_CURVE_WITH_KNOTS('',3,(#6472,#6473,#6474,#6475),
  .UNSPECIFIED.,.F.,.F.,(4,4),(5.,6.),.PIECEWISE_BEZIER_KNOTS.);
#6472 = CARTESIAN_POINT('',(-0.426126766222,0.749264264927,
    0.593719817102));
#6473 = CARTESIAN_POINT('',(-0.419518115529,0.748761688978,
    0.599464286484));
#6474 = CARTESIAN_POINT('',(-0.410773359552,0.748509064443,
    0.602351798128));
#6475 = CARTESIAN_POINT('',(-0.39993932607,0.748502367498,0.602428344565
    ));
#6476 = ORIENTED_EDGE('',*,*,#6477,.F.);
#6477 = EDGE_CURVE('',#6478,#6469,#6480,.T.);
#6478 = VERTEX_POINT('',#6479);
#6479 = CARTESIAN_POINT('',(-0.435918877747,0.751503394851,
    0.568126444956));
#6480 = B_SPLINE_CURVE_WITH_KNOTS('',3,(#6481,#6482,#6483,#6484),
  .UNSPECIFIED.,.F.,.F.,(4,4),(4.,5.),.PIECEWISE_BEZIER_KNOTS.);
#6481 = CARTESIAN_POINT('',(-0.435918877747,0.751503394851,
    0.568126444956));
#6482 = CARTESIAN_POINT('',(-0.435999344164,0.750514568373,
    0.579428783317));
#6483 = CARTESIAN_POINT('',(-0.432735416915,0.749766840876,
    0.587975347718));
#6484 = CARTESIAN_POINT('',(-0.426126766222,0.749264264927,
    0.593719817102));
#6485 = ORIENTED_EDGE('',*,*,#6486,.F.);
#6486 = EDGE_CURVE('',#6487,#6478,#6489,.T.);
#6487 = VERTEX_POINT('',#6488);
#6488 = CARTESIAN_POINT('',(-0.426013151168,0.753803298646,
    0.541838424292));
#6489 = B_SPLINE_CURVE_WITH_KNOTS('',3,(#6490,#6491,#6492,#6493),
  .UNSPECIFIED.,.F.,.F.,(4,4),(3.,4.),.PIECEWISE_BEZIER_KNOTS.);
#6490 = CARTESIAN_POINT('',(-0.426013151168,0.753803298646,
    0.541838424292));
#6491 = CARTESIAN_POINT('',(-0.432544142211,0.753260211573,
    0.548045937933));
#6492 = CARTESIAN_POINT('',(-0.435838411331,0.752492221329,
    0.556824106595));
#6493 = CARTESIAN_POINT('',(-0.435918877747,0.751503394851,
    0.568126444956));
#6494 = ORIENTED_EDGE('',*,*,#6495,.F.);
#6495 = EDGE_CURVE('',#6496,#6487,#6498,.T.);
#6496 = VERTEX_POINT('',#6497);
#6497 = CARTESIAN_POINT('',(-0.398907290261,0.754613308801,
    0.532579965853));
#6498 = B_SPLINE_CURVE_WITH_KNOTS('',3,(#6499,#6500,#6501,#6502),
  .UNSPECIFIED.,.F.,.F.,(4,4),(2.,3.),.PIECEWISE_BEZIER_KNOTS.);
#6499 = CARTESIAN_POINT('',(-0.398907290261,0.754613308801,
    0.532579965853));
#6500 = CARTESIAN_POINT('',(-0.410462042708,0.754620451251,
    0.532498327271));
#6501 = CARTESIAN_POINT('',(-0.419505079344,0.754350452656,
    0.535584425329));
#6502 = CARTESIAN_POINT('',(-0.426013151168,0.753803298646,
    0.541838424292));
#6503 = ORIENTED_EDGE('',*,*,#6504,.F.);
#6504 = EDGE_CURVE('',#6455,#6496,#6505,.T.);
#6505 = B_SPLINE_CURVE_WITH_KNOTS('',1,(#6506,#6507),.UNSPECIFIED.,.F.,
  .F.,(2,2),(0.,1.320576349078E-02),.PIECEWISE_BEZIER_KNOTS.);
#6506 = CARTESIAN_POINT('',(-0.385701858892,0.754605146,0.532673267089)
  );
#6507 = CARTESIAN_POINT('',(-0.398907290261,0.754613308801,
    0.532579965853));
#6508 = B_SPLINE_SURFACE_WITH_KNOTS('',1,1,(
    (#6509,#6510)
    ,(#6511,#6512
    )),.UNSPECIFIED.,.F.,.F.,.F.,(2,2),(2,2),(-8.790631890228E-02,
    3.323253632217E-03),(-2.896853676189E-02,4.550593074675E-02),
  .PIECEWISE_BEZIER_KNOTS.);
#6509 = CARTESIAN_POINT('',(-0.448362040935,0.755525970202,
    0.522148198303));
#6510 = CARTESIAN_POINT('',(-0.373887573426,0.755525970202,
    0.522148198303));
#6511 = CARTESIAN_POINT('',(-0.448362040935,0.747574789047,
    0.613030614771));
#6512 = CARTESIAN_POINT('',(-0.373887573426,0.747574789047,
    0.613030614771));
#6513 = ADVANCED_FACE('',(#6514),#6528,.F.);
#6514 = FACE_BOUND('',#6515,.T.);
#6515 = EDGE_LOOP('',(#6516,#6517,#6522,#6523));
#6516 = ORIENTED_EDGE('',*,*,#1579,.T.);
#6517 = ORIENTED_EDGE('',*,*,#6518,.F.);
#6518 = EDGE_CURVE('',#6396,#1582,#6519,.T.);
#6519 = B_SPLINE_CURVE_WITH_KNOTS('',1,(#6520,#6521),.UNSPECIFIED.,.F.,
  .F.,(2,2),(-0.,9.999998615769E-04),.PIECEWISE_BEZIER_KNOTS.);
#6520 = CARTESIAN_POINT('',(-0.39890349623,0.755517074474,0.522249876939
    ));
#6521 = CARTESIAN_POINT('',(-0.39890349623,0.754520879914,0.522162721209
    ));
#6522 = ORIENTED_EDGE('',*,*,#6393,.F.);
#6523 = ORIENTED_EDGE('',*,*,#6524,.T.);
#6524 = EDGE_CURVE('',#6394,#1580,#6525,.T.);
#6525 = B_SPLINE_CURVE_WITH_KNOTS('',1,(#6526,#6527),.UNSPECIFIED.,.F.,
  .F.,(2,2),(-0.,1.E-03),.PIECEWISE_BEZIER_KNOTS.);
#6526 = CARTESIAN_POINT('',(-0.373887573426,0.755501611141,
    0.522426623648));
#6527 = CARTESIAN_POINT('',(-0.373887573426,0.754505416442,
    0.522339467905));
#6528 = B_SPLINE_SURFACE_WITH_KNOTS('',1,1,(
    (#6529,#6530)
    ,(#6531,#6532
    )),.UNSPECIFIED.,.F.,.F.,.F.,(2,2),(2,2),(-5.138680250512E-17,1.E-03
    ),(-5.548359891218E-17,2.501655196525E-02),
  .PIECEWISE_BEZIER_KNOTS.);
#6529 = CARTESIAN_POINT('',(-0.39890349623,0.755517074474,0.522249876939
    ));
#6530 = CARTESIAN_POINT('',(-0.373887573426,0.755501611141,
    0.522426623648));
#6531 = CARTESIAN_POINT('',(-0.39890349623,0.754520879776,0.522162721197
    ));
#6532 = CARTESIAN_POINT('',(-0.373887573426,0.754505416442,
    0.522339467905));
#6533 = ADVANCED_FACE('',(#6534),#6544,.F.);
#6534 = FACE_BOUND('',#6535,.F.);
#6535 = EDGE_LOOP('',(#6536,#6537,#6538,#6543));
#6536 = ORIENTED_EDGE('',*,*,#6518,.F.);
#6537 = ORIENTED_EDGE('',*,*,#6402,.T.);
#6538 = ORIENTED_EDGE('',*,*,#6539,.T.);
#6539 = EDGE_CURVE('',#6403,#1621,#6540,.T.);
#6540 = B_SPLINE_CURVE_WITH_KNOTS('',1,(#6541,#6542),.UNSPECIFIED.,.F.,
  .F.,(2,2),(-0.,9.999998615771E-04),.PIECEWISE_BEZIER_KNOTS.);
#6541 = CARTESIAN_POINT('',(-0.434309085369,0.754428500713,
    0.534692331963));
#6542 = CARTESIAN_POINT('',(-0.434309085369,0.753432306153,
    0.534605176233));
#6543 = ORIENTED_EDGE('',*,*,#1629,.F.);
#6544 = B_SPLINE_SURFACE_WITH_KNOTS('',3,1,(
    (#6545,#6546)
    ,(#6547,#6548)
    ,(#6549,#6550)
    ,(#6551,#6552
    )),.UNSPECIFIED.,.F.,.F.,.F.,(4,4),(2,2),(5.,6.),(0.,1.),
  .PIECEWISE_BEZIER_KNOTS.);
#6545 = CARTESIAN_POINT('',(-0.39890349623,0.755517074474,0.522249876939
    ));
#6546 = CARTESIAN_POINT('',(-0.39890349623,0.754520879914,0.522162721209
    ));
#6547 = CARTESIAN_POINT('',(-0.413294626541,0.755525970202,
    0.522148198303));
#6548 = CARTESIAN_POINT('',(-0.413294626541,0.754529775642,
    0.522061042572));
#6549 = CARTESIAN_POINT('',(-0.425111878994,0.755164472718,
    0.526280133449));
#6550 = CARTESIAN_POINT('',(-0.425111878994,0.754168278158,
    0.526192977719));
#6551 = CARTESIAN_POINT('',(-0.434309085369,0.754428500713,
    0.534692331963));
#6552 = CARTESIAN_POINT('',(-0.434309085369,0.753432306153,
    0.534605176233));
#6553 = ADVANCED_FACE('',(#6554),#6564,.F.);
#6554 = FACE_BOUND('',#6555,.F.);
#6555 = EDGE_LOOP('',(#6556,#6557,#6558,#6563));
#6556 = ORIENTED_EDGE('',*,*,#6539,.F.);
#6557 = ORIENTED_EDGE('',*,*,#6411,.T.);
#6558 = ORIENTED_EDGE('',*,*,#6559,.T.);
#6559 = EDGE_CURVE('',#6412,#1612,#6560,.T.);
#6560 = B_SPLINE_CURVE_WITH_KNOTS('',1,(#6561,#6562),.UNSPECIFIED.,.F.,
  .F.,(2,2),(-0.,9.99999861577E-04),.PIECEWISE_BEZIER_KNOTS.);
#6561 = CARTESIAN_POINT('',(-0.448266404621,0.751482657947,
    0.568363468853));
#6562 = CARTESIAN_POINT('',(-0.448266404621,0.750486463387,
    0.568276313122));
#6563 = ORIENTED_EDGE('',*,*,#1620,.F.);
#6564 = B_SPLINE_SURFACE_WITH_KNOTS('',3,1,(
    (#6565,#6566)
    ,(#6567,#6568)
    ,(#6569,#6570)
    ,(#6571,#6572
    )),.UNSPECIFIED.,.F.,.F.,.F.,(4,4),(2,2),(4.,5.),(0.,1.),
  .PIECEWISE_BEZIER_KNOTS.);
#6565 = CARTESIAN_POINT('',(-0.434309085369,0.754428500713,
    0.534692331963));
#6566 = CARTESIAN_POINT('',(-0.434309085369,0.753432306153,
    0.534605176233));
#6567 = CARTESIAN_POINT('',(-0.443506291744,0.753692528707,
    0.543104530477));
#6568 = CARTESIAN_POINT('',(-0.443506291744,0.752696334147,
    0.543017374747));
#6569 = CARTESIAN_POINT('',(-0.448166481161,0.752710585909,
    0.554328188019));
#6570 = CARTESIAN_POINT('',(-0.448166481161,0.751714391349,
    0.554241032288));
#6571 = CARTESIAN_POINT('',(-0.448266404621,0.751482657947,
    0.568363468853));
#6572 = CARTESIAN_POINT('',(-0.448266404621,0.750486463387,
    0.568276313122));
#6573 = ADVANCED_FACE('',(#6574),#6584,.F.);
#6574 = FACE_BOUND('',#6575,.F.);
#6575 = EDGE_LOOP('',(#6576,#6577,#6578,#6583));
#6576 = ORIENTED_EDGE('',*,*,#6559,.F.);
#6577 = ORIENTED_EDGE('',*,*,#6420,.T.);
#6578 = ORIENTED_EDGE('',*,*,#6579,.T.);
#6579 = EDGE_CURVE('',#6421,#1603,#6580,.T.);
#6580 = B_SPLINE_CURVE_WITH_KNOTS('',1,(#6581,#6582),.UNSPECIFIED.,.F.,
  .F.,(2,2),(-0.,9.999998615771E-04),.PIECEWISE_BEZIER_KNOTS.);
#6581 = CARTESIAN_POINT('',(-0.43477836287,0.748661697114,0.600607198716
    ));
#6582 = CARTESIAN_POINT('',(-0.43477836287,0.747665502554,0.600520042986
    ));
#6583 = ORIENTED_EDGE('',*,*,#1611,.F.);
#6584 = B_SPLINE_SURFACE_WITH_KNOTS('',3,1,(
    (#6585,#6586)
    ,(#6587,#6588)
    ,(#6589,#6590)
    ,(#6591,#6592
    )),.UNSPECIFIED.,.F.,.F.,.F.,(4,4),(2,2),(3.,4.),(0.,1.),
  .PIECEWISE_BEZIER_KNOTS.);
#6585 = CARTESIAN_POINT('',(-0.448266404621,0.751482657947,
    0.568363468853));
#6586 = CARTESIAN_POINT('',(-0.448266404621,0.750486463387,
    0.568276313122));
#6587 = CARTESIAN_POINT('',(-0.448362040935,0.750307413363,
    0.581796575921));
#6588 = CARTESIAN_POINT('',(-0.448362040935,0.749311218802,
    0.581709420191));
#6589 = CARTESIAN_POINT('',(-0.443858167425,0.74936843915,0.592529100277
    ));
#6590 = CARTESIAN_POINT('',(-0.443858167425,0.74837224459,0.592441944546
    ));
#6591 = CARTESIAN_POINT('',(-0.43477836287,0.748661697114,0.600607198716
    ));
#6592 = CARTESIAN_POINT('',(-0.43477836287,0.747665502554,0.600520042986
    ));
#6593 = ADVANCED_FACE('',(#6594),#6604,.F.);
#6594 = FACE_BOUND('',#6595,.F.);
#6595 = EDGE_LOOP('',(#6596,#6597,#6598,#6603));
#6596 = ORIENTED_EDGE('',*,*,#6579,.F.);
#6597 = ORIENTED_EDGE('',*,*,#6429,.T.);
#6598 = ORIENTED_EDGE('',*,*,#6599,.T.);
#6599 = EDGE_CURVE('',#6430,#1596,#6600,.T.);
#6600 = B_SPLINE_CURVE_WITH_KNOTS('',1,(#6601,#6602),.UNSPECIFIED.,.F.,
  .F.,(2,2),(-0.,9.99999861577E-04),.PIECEWISE_BEZIER_KNOTS.);
#6601 = CARTESIAN_POINT('',(-0.400478506637,0.747590827225,
    0.612847297553));
#6602 = CARTESIAN_POINT('',(-0.400478506637,0.746594632665,
    0.612760141822));
#6603 = ORIENTED_EDGE('',*,*,#1602,.F.);
#6604 = B_SPLINE_SURFACE_WITH_KNOTS('',3,1,(
    (#6605,#6606)
    ,(#6607,#6608)
    ,(#6609,#6610)
    ,(#6611,#6612
    )),.UNSPECIFIED.,.F.,.F.,.F.,(4,4),(2,2),(2.,3.),(0.,1.),
  .PIECEWISE_BEZIER_KNOTS.);
#6605 = CARTESIAN_POINT('',(-0.43477836287,0.748661697114,0.600607198716
    ));
#6606 = CARTESIAN_POINT('',(-0.43477836287,0.747665502554,0.600520042986
    ));
#6607 = CARTESIAN_POINT('',(-0.425698558316,0.747954955078,
    0.608685297155));
#6608 = CARTESIAN_POINT('',(-0.425698558316,0.746958760518,
    0.608598141424));
#6609 = CARTESIAN_POINT('',(-0.414265162977,0.747599349304,
    0.612749889748));
#6610 = CARTESIAN_POINT('',(-0.414265162977,0.746603154744,
    0.612662734017));
#6611 = CARTESIAN_POINT('',(-0.400478506637,0.747590827225,
    0.612847297553));
#6612 = CARTESIAN_POINT('',(-0.400478506637,0.746594632665,
    0.612760141822));
#6613 = ADVANCED_FACE('',(#6614),#6624,.F.);
#6614 = FACE_BOUND('',#6615,.T.);
#6615 = EDGE_LOOP('',(#6616,#6617,#6622,#6623));
#6616 = ORIENTED_EDGE('',*,*,#1595,.T.);
#6617 = ORIENTED_EDGE('',*,*,#6618,.F.);
#6618 = EDGE_CURVE('',#6439,#1589,#6619,.T.);
#6619 = B_SPLINE_CURVE_WITH_KNOTS('',1,(#6620,#6621),.UNSPECIFIED.,.F.,
  .F.,(2,2),(-0.,9.999998615769E-04),.PIECEWISE_BEZIER_KNOTS.);
#6620 = CARTESIAN_POINT('',(-0.374532623878,0.747574789047,
    0.613030614771));
#6621 = CARTESIAN_POINT('',(-0.374532623878,0.746578594487,0.61294345904
    ));
#6622 = ORIENTED_EDGE('',*,*,#6438,.F.);
#6623 = ORIENTED_EDGE('',*,*,#6599,.T.);
#6624 = B_SPLINE_SURFACE_WITH_KNOTS('',1,1,(
    (#6625,#6626)
    ,(#6627,#6628
    )),.UNSPECIFIED.,.F.,.F.,.F.,(2,2),(2,2),(-1.E-03,9.96547089902E-17)
  ,(-2.594653530924E-02,0.),.PIECEWISE_BEZIER_KNOTS.);
#6625 = CARTESIAN_POINT('',(-0.400478506637,0.746594632527,0.61276014181
    ));
#6626 = CARTESIAN_POINT('',(-0.374532623878,0.746578594349,
    0.612943459028));
#6627 = CARTESIAN_POINT('',(-0.400478506637,0.747590827225,
    0.612847297553));
#6628 = CARTESIAN_POINT('',(-0.374532623878,0.747574789047,
    0.613030614771));
#6629 = ADVANCED_FACE('',(#6630),#6636,.F.);
#6630 = FACE_BOUND('',#6631,.T.);
#6631 = EDGE_LOOP('',(#6632,#6633,#6634,#6635));
#6632 = ORIENTED_EDGE('',*,*,#1588,.T.);
#6633 = ORIENTED_EDGE('',*,*,#6524,.F.);
#6634 = ORIENTED_EDGE('',*,*,#6445,.F.);
#6635 = ORIENTED_EDGE('',*,*,#6618,.T.);
#6636 = B_SPLINE_SURFACE_WITH_KNOTS('',1,1,(
    (#6637,#6638)
    ,(#6639,#6640
    )),.UNSPECIFIED.,.F.,.F.,.F.,(2,2),(2,2),(-8.715356744662E-05,
    9.060628716346E-02),(-8.923018496225E-03,0.),
  .PIECEWISE_BEZIER_KNOTS.);
#6637 = CARTESIAN_POINT('',(-0.373892473065,0.746578594349,
    0.522339433287));
#6638 = CARTESIAN_POINT('',(-0.37388695767,0.755501611141,0.522339472256
    ));
#6639 = CARTESIAN_POINT('',(-0.374533239635,0.746578594349,
    0.613030610421));
#6640 = CARTESIAN_POINT('',(-0.37452772424,0.755501611141,0.613030649389
    ));
#6641 = ADVANCED_FACE('',(#6642),#6664,.T.);
#6642 = FACE_BOUND('',#6643,.T.);
#6643 = EDGE_LOOP('',(#6644,#6653,#6658,#6659));
#6644 = ORIENTED_EDGE('',*,*,#6645,.F.);
#6645 = EDGE_CURVE('',#6646,#6648,#6650,.T.);
#6646 = VERTEX_POINT('',#6647);
#6647 = CARTESIAN_POINT('',(-0.39993932607,0.747506172937,0.602341188835
    ));
#6648 = VERTEX_POINT('',#6649);
#6649 = CARTESIAN_POINT('',(-0.386199167727,0.747497679601,
    0.602438268114));
#6650 = B_SPLINE_CURVE_WITH_KNOTS('',1,(#6651,#6652),.UNSPECIFIED.,.F.,
  .F.,(2,2),(-5.635841545537E-17,1.374050391383E-02),
  .PIECEWISE_BEZIER_KNOTS.);
#6651 = CARTESIAN_POINT('',(-0.39993932607,0.7475061728,0.602341188822)
  );
#6652 = CARTESIAN_POINT('',(-0.386199167727,0.747497679463,
    0.602438268102));
#6653 = ORIENTED_EDGE('',*,*,#6654,.F.);
#6654 = EDGE_CURVE('',#6462,#6646,#6655,.T.);
#6655 = B_SPLINE_CURVE_WITH_KNOTS('',1,(#6656,#6657),.UNSPECIFIED.,.F.,
  .F.,(2,2),(-0.,9.999998615769E-04),.PIECEWISE_BEZIER_KNOTS.);
#6656 = CARTESIAN_POINT('',(-0.39993932607,0.748502367498,0.602428344565
    ));
#6657 = CARTESIAN_POINT('',(-0.39993932607,0.747506172937,0.602341188835
    ));
#6658 = ORIENTED_EDGE('',*,*,#6461,.T.);
#6659 = ORIENTED_EDGE('',*,*,#6660,.T.);
#6660 = EDGE_CURVE('',#6453,#6648,#6661,.T.);
#6661 = B_SPLINE_CURVE_WITH_KNOTS('',1,(#6662,#6663),.UNSPECIFIED.,.F.,
  .F.,(2,2),(-0.,9.99999861577E-04),.PIECEWISE_BEZIER_KNOTS.);
#6662 = CARTESIAN_POINT('',(-0.386199167727,0.748493874161,
    0.602525423845));
#6663 = CARTESIAN_POINT('',(-0.386199167727,0.747497679601,
    0.602438268114));
#6664 = B_SPLINE_SURFACE_WITH_KNOTS('',1,1,(
    (#6665,#6666)
    ,(#6667,#6668
    )),.UNSPECIFIED.,.F.,.F.,.F.,(2,2),(2,2),(-1.E-03,3.812102179667E-31
    ),(-5.626802104188E-17,1.374050391383E-02),
  .PIECEWISE_BEZIER_KNOTS.);
#6665 = CARTESIAN_POINT('',(-0.39993932607,0.7475061728,0.602341188822)
  );
#6666 = CARTESIAN_POINT('',(-0.386199167727,0.747497679463,
    0.602438268102));
#6667 = CARTESIAN_POINT('',(-0.39993932607,0.748502367498,0.602428344565
    ));
#6668 = CARTESIAN_POINT('',(-0.386199167727,0.748493874161,
    0.602525423845));
#6669 = ADVANCED_FACE('',(#6670),#6686,.T.);
#6670 = FACE_BOUND('',#6671,.T.);
#6671 = EDGE_LOOP('',(#6672,#6679,#6680,#6681));
#6672 = ORIENTED_EDGE('',*,*,#6673,.F.);
#6673 = EDGE_CURVE('',#6648,#6674,#6676,.T.);
#6674 = VERTEX_POINT('',#6675);
#6675 = CARTESIAN_POINT('',(-0.385701858892,0.75360895144,0.532586111358
    ));
#6676 = B_SPLINE_CURVE_WITH_KNOTS('',1,(#6677,#6678),.UNSPECIFIED.,.F.,
  .F.,(2,2),(9.061254453873E-18,7.012074417029E-02),
  .PIECEWISE_BEZIER_KNOTS.);
#6677 = CARTESIAN_POINT('',(-0.386199167727,0.747497679463,
    0.602438268102));
#6678 = CARTESIAN_POINT('',(-0.385701858892,0.753608951302,
    0.532586111346));
#6679 = ORIENTED_EDGE('',*,*,#6660,.F.);
#6680 = ORIENTED_EDGE('',*,*,#6452,.T.);
#6681 = ORIENTED_EDGE('',*,*,#6682,.T.);
#6682 = EDGE_CURVE('',#6455,#6674,#6683,.T.);
#6683 = B_SPLINE_CURVE_WITH_KNOTS('',1,(#6684,#6685),.UNSPECIFIED.,.F.,
  .F.,(2,2),(-0.,9.999998615769E-04),.PIECEWISE_BEZIER_KNOTS.);
#6684 = CARTESIAN_POINT('',(-0.385701858892,0.754605146,0.532673267089)
  );
#6685 = CARTESIAN_POINT('',(-0.385701858892,0.75360895144,0.532586111358
    ));
#6686 = B_SPLINE_SURFACE_WITH_KNOTS('',1,1,(
    (#6687,#6688)
    ,(#6689,#6690
    )),.UNSPECIFIED.,.F.,.F.,.F.,(2,2),(2,2),(-6.994108048094E-02,0.),(
    -9.961948884035E-04,6.111273006452E-03),.PIECEWISE_BEZIER_KNOTS.);
#6687 = CARTESIAN_POINT('',(-0.385705636323,0.747497679463,
    0.532586084657));
#6688 = CARTESIAN_POINT('',(-0.385701243136,0.754605146,0.532586115697)
  );
#6689 = CARTESIAN_POINT('',(-0.386199783484,0.747497679463,
    0.602525419494));
#6690 = CARTESIAN_POINT('',(-0.386195390297,0.754605146,0.602525450534)
  );
#6691 = ADVANCED_FACE('',(#6692),#6708,.T.);
#6692 = FACE_BOUND('',#6693,.T.);
#6693 = EDGE_LOOP('',(#6694,#6701,#6702,#6703));
#6694 = ORIENTED_EDGE('',*,*,#6695,.F.);
#6695 = EDGE_CURVE('',#6674,#6696,#6698,.T.);
#6696 = VERTEX_POINT('',#6697);
#6697 = CARTESIAN_POINT('',(-0.398907290261,0.753617114241,
    0.532492810122));
#6698 = B_SPLINE_CURVE_WITH_KNOTS('',1,(#6699,#6700),.UNSPECIFIED.,.F.,
  .F.,(2,2),(-1.116710129056E-16,1.320576349078E-02),
  .PIECEWISE_BEZIER_KNOTS.);
#6699 = CARTESIAN_POINT('',(-0.385701858892,0.753608951302,
    0.532586111346));
#6700 = CARTESIAN_POINT('',(-0.398907290261,0.753617114103,0.53249281011
    ));
#6701 = ORIENTED_EDGE('',*,*,#6682,.F.);
#6702 = ORIENTED_EDGE('',*,*,#6504,.T.);
#6703 = ORIENTED_EDGE('',*,*,#6704,.T.);
#6704 = EDGE_CURVE('',#6496,#6696,#6705,.T.);
#6705 = B_SPLINE_CURVE_WITH_KNOTS('',1,(#6706,#6707),.UNSPECIFIED.,.F.,
  .F.,(2,2),(-0.,9.999998615768E-04),.PIECEWISE_BEZIER_KNOTS.);
#6706 = CARTESIAN_POINT('',(-0.398907290261,0.754613308801,
    0.532579965853));
#6707 = CARTESIAN_POINT('',(-0.398907290261,0.753617114241,
    0.532492810122));
#6708 = B_SPLINE_SURFACE_WITH_KNOTS('',1,1,(
    (#6709,#6710)
    ,(#6711,#6712)),.UNSPECIFIED.,.F.,.F.,.F.,(2,2),(2,2),(-0.,1.E-03),(
    -1.320576349078E-02,1.11761432029E-16),.PIECEWISE_BEZIER_KNOTS.);
#6709 = CARTESIAN_POINT('',(-0.398907290261,0.754613308801,
    0.532579965853));
#6710 = CARTESIAN_POINT('',(-0.385701858892,0.754605146,0.532673267089)
  );
#6711 = CARTESIAN_POINT('',(-0.398907290261,0.753617114103,0.53249281011
    ));
#6712 = CARTESIAN_POINT('',(-0.385701858892,0.753608951302,
    0.532586111346));
#6713 = ADVANCED_FACE('',(#6714),#6732,.T.);
#6714 = FACE_BOUND('',#6715,.T.);
#6715 = EDGE_LOOP('',(#6716,#6725,#6726,#6727));
#6716 = ORIENTED_EDGE('',*,*,#6717,.F.);
#6717 = EDGE_CURVE('',#6696,#6718,#6720,.T.);
#6718 = VERTEX_POINT('',#6719);
#6719 = CARTESIAN_POINT('',(-0.426013151168,0.752807104085,
    0.541751268561));
#6720 = B_SPLINE_CURVE_WITH_KNOTS('',3,(#6721,#6722,#6723,#6724),
  .UNSPECIFIED.,.F.,.F.,(4,4),(2.,3.),.PIECEWISE_BEZIER_KNOTS.);
#6721 = CARTESIAN_POINT('',(-0.398907290261,0.753617114241,
    0.532492810122));
#6722 = CARTESIAN_POINT('',(-0.410462042708,0.753624256553,
    0.532411171528));
#6723 = CARTESIAN_POINT('',(-0.419505079344,0.753354257958,
    0.535497269586));
#6724 = CARTESIAN_POINT('',(-0.426013151168,0.752807104085,
    0.541751268561));
#6725 = ORIENTED_EDGE('',*,*,#6704,.F.);
#6726 = ORIENTED_EDGE('',*,*,#6495,.T.);
#6727 = ORIENTED_EDGE('',*,*,#6728,.T.);
#6728 = EDGE_CURVE('',#6487,#6718,#6729,.T.);
#6729 = B_SPLINE_CURVE_WITH_KNOTS('',1,(#6730,#6731),.UNSPECIFIED.,.F.,
  .F.,(2,2),(-0.,9.99999861577E-04),.PIECEWISE_BEZIER_KNOTS.);
#6730 = CARTESIAN_POINT('',(-0.426013151168,0.753803298646,
    0.541838424292));
#6731 = CARTESIAN_POINT('',(-0.426013151168,0.752807104085,
    0.541751268561));
#6732 = B_SPLINE_SURFACE_WITH_KNOTS('',3,1,(
    (#6733,#6734)
    ,(#6735,#6736)
    ,(#6737,#6738)
    ,(#6739,#6740
    )),.UNSPECIFIED.,.F.,.F.,.F.,(4,4),(2,2),(2.,3.),(0.,1.),
  .PIECEWISE_BEZIER_KNOTS.);
#6733 = CARTESIAN_POINT('',(-0.398907290261,0.754613308801,
    0.532579965853));
#6734 = CARTESIAN_POINT('',(-0.398907290261,0.753617114241,
    0.532492810122));
#6735 = CARTESIAN_POINT('',(-0.410462042708,0.754620451251,
    0.532498327271));
#6736 = CARTESIAN_POINT('',(-0.410462042708,0.753624256691,0.53241117154
    ));
#6737 = CARTESIAN_POINT('',(-0.419505079344,0.754350452656,
    0.535584425329));
#6738 = CARTESIAN_POINT('',(-0.419505079344,0.753354258096,
    0.535497269598));
#6739 = CARTESIAN_POINT('',(-0.426013151168,0.753803298646,
    0.541838424292));
#6740 = CARTESIAN_POINT('',(-0.426013151168,0.752807104085,
    0.541751268561));
#6741 = ADVANCED_FACE('',(#6742),#6760,.T.);
#6742 = FACE_BOUND('',#6743,.T.);
#6743 = EDGE_LOOP('',(#6744,#6753,#6754,#6755));
#6744 = ORIENTED_EDGE('',*,*,#6745,.F.);
#6745 = EDGE_CURVE('',#6718,#6746,#6748,.T.);
#6746 = VERTEX_POINT('',#6747);
#6747 = CARTESIAN_POINT('',(-0.435918877747,0.750507200291,
    0.568039289226));
#6748 = B_SPLINE_CURVE_WITH_KNOTS('',3,(#6749,#6750,#6751,#6752),
  .UNSPECIFIED.,.F.,.F.,(4,4),(3.,4.),.PIECEWISE_BEZIER_KNOTS.);
#6749 = CARTESIAN_POINT('',(-0.426013151168,0.752807104085,
    0.541751268561));
#6750 = CARTESIAN_POINT('',(-0.432544142211,0.752264016875,
    0.547958782191));
#6751 = CARTESIAN_POINT('',(-0.435838411331,0.751496026631,
    0.556736950852));
#6752 = CARTESIAN_POINT('',(-0.435918877747,0.750507200291,
    0.568039289226));
#6753 = ORIENTED_EDGE('',*,*,#6728,.F.);
#6754 = ORIENTED_EDGE('',*,*,#6486,.T.);
#6755 = ORIENTED_EDGE('',*,*,#6756,.T.);
#6756 = EDGE_CURVE('',#6478,#6746,#6757,.T.);
#6757 = B_SPLINE_CURVE_WITH_KNOTS('',1,(#6758,#6759),.UNSPECIFIED.,.F.,
  .F.,(2,2),(-0.,9.999998615769E-04),.PIECEWISE_BEZIER_KNOTS.);
#6758 = CARTESIAN_POINT('',(-0.435918877747,0.751503394851,
    0.568126444956));
#6759 = CARTESIAN_POINT('',(-0.435918877747,0.750507200291,
    0.568039289226));
#6760 = B_SPLINE_SURFACE_WITH_KNOTS('',3,1,(
    (#6761,#6762)
    ,(#6763,#6764)
    ,(#6765,#6766)
    ,(#6767,#6768
    )),.UNSPECIFIED.,.F.,.F.,.F.,(4,4),(2,2),(3.,4.),(0.,1.),
  .PIECEWISE_BEZIER_KNOTS.);
#6761 = CARTESIAN_POINT('',(-0.426013151168,0.753803298646,
    0.541838424292));
#6762 = CARTESIAN_POINT('',(-0.426013151168,0.752807104085,
    0.541751268561));
#6763 = CARTESIAN_POINT('',(-0.432544142211,0.753260211573,
    0.548045937933));
#6764 = CARTESIAN_POINT('',(-0.432544142211,0.752264017013,
    0.547958782203));
#6765 = CARTESIAN_POINT('',(-0.435838411331,0.752492221329,
    0.556824106595));
#6766 = CARTESIAN_POINT('',(-0.435838411331,0.751496026769,
    0.556736950864));
#6767 = CARTESIAN_POINT('',(-0.435918877747,0.751503394851,
    0.568126444956));
#6768 = CARTESIAN_POINT('',(-0.435918877747,0.750507200291,
    0.568039289226));
#6769 = ADVANCED_FACE('',(#6770),#6788,.T.);
#6770 = FACE_BOUND('',#6771,.T.);
#6771 = EDGE_LOOP('',(#6772,#6781,#6782,#6783));
#6772 = ORIENTED_EDGE('',*,*,#6773,.F.);
#6773 = EDGE_CURVE('',#6746,#6774,#6776,.T.);
#6774 = VERTEX_POINT('',#6775);
#6775 = CARTESIAN_POINT('',(-0.426126766222,0.748268070229,
    0.593632661359));
#6776 = B_SPLINE_CURVE_WITH_KNOTS('',3,(#6777,#6778,#6779,#6780),
  .UNSPECIFIED.,.F.,.F.,(4,4),(4.,5.),.PIECEWISE_BEZIER_KNOTS.);
#6777 = CARTESIAN_POINT('',(-0.435918877747,0.750507200291,
    0.568039289226));
#6778 = CARTESIAN_POINT('',(-0.435999344164,0.749518373675,
    0.579341627575));
#6779 = CARTESIAN_POINT('',(-0.432735416915,0.748770646178,
    0.587888191976));
#6780 = CARTESIAN_POINT('',(-0.426126766222,0.748268070229,
    0.593632661359));
#6781 = ORIENTED_EDGE('',*,*,#6756,.F.);
#6782 = ORIENTED_EDGE('',*,*,#6477,.T.);
#6783 = ORIENTED_EDGE('',*,*,#6784,.T.);
#6784 = EDGE_CURVE('',#6469,#6774,#6785,.T.);
#6785 = B_SPLINE_CURVE_WITH_KNOTS('',1,(#6786,#6787),.UNSPECIFIED.,.F.,
  .F.,(2,2),(-1.105998290831E-16,1.E-03),.PIECEWISE_BEZIER_KNOTS.);
#6786 = CARTESIAN_POINT('',(-0.426126766222,0.749264264927,
    0.593719817102));
#6787 = CARTESIAN_POINT('',(-0.426126766222,0.748268070229,
    0.593632661359));
#6788 = B_SPLINE_SURFACE_WITH_KNOTS('',3,1,(
    (#6789,#6790)
    ,(#6791,#6792)
    ,(#6793,#6794)
    ,(#6795,#6796
    )),.UNSPECIFIED.,.F.,.F.,.F.,(4,4),(2,2),(4.,5.),(0.,1.),
  .PIECEWISE_BEZIER_KNOTS.);
#6789 = CARTESIAN_POINT('',(-0.435918877747,0.751503394851,
    0.568126444956));
#6790 = CARTESIAN_POINT('',(-0.435918877747,0.750507200153,
    0.568039289213));
#6791 = CARTESIAN_POINT('',(-0.435999344164,0.750514568373,
    0.579428783317));
#6792 = CARTESIAN_POINT('',(-0.435999344164,0.749518373675,
    0.579341627575));
#6793 = CARTESIAN_POINT('',(-0.432735416915,0.749766840876,
    0.587975347718));
#6794 = CARTESIAN_POINT('',(-0.432735416915,0.748770646178,
    0.587888191976));
#6795 = CARTESIAN_POINT('',(-0.426126766222,0.749264264927,
    0.593719817102));
#6796 = CARTESIAN_POINT('',(-0.426126766222,0.748268070229,
    0.593632661359));
#6797 = ADVANCED_FACE('',(#6798),#6810,.T.);
#6798 = FACE_BOUND('',#6799,.T.);
#6799 = EDGE_LOOP('',(#6800,#6807,#6808,#6809));
#6800 = ORIENTED_EDGE('',*,*,#6801,.F.);
#6801 = EDGE_CURVE('',#6774,#6646,#6802,.T.);
#6802 = B_SPLINE_CURVE_WITH_KNOTS('',3,(#6803,#6804,#6805,#6806),
  .UNSPECIFIED.,.F.,.F.,(4,4),(5.,6.),.PIECEWISE_BEZIER_KNOTS.);
#6803 = CARTESIAN_POINT('',(-0.426126766222,0.748268070229,
    0.593632661359));
#6804 = CARTESIAN_POINT('',(-0.419518115529,0.74776549428,0.599377130742
    ));
#6805 = CARTESIAN_POINT('',(-0.410773359552,0.747512869745,
    0.602264642386));
#6806 = CARTESIAN_POINT('',(-0.39993932607,0.747506172937,0.602341188835
    ));
#6807 = ORIENTED_EDGE('',*,*,#6784,.F.);
#6808 = ORIENTED_EDGE('',*,*,#6468,.T.);
#6809 = ORIENTED_EDGE('',*,*,#6654,.T.);
#6810 = B_SPLINE_SURFACE_WITH_KNOTS('',3,1,(
    (#6811,#6812)
    ,(#6813,#6814)
    ,(#6815,#6816)
    ,(#6817,#6818
    )),.UNSPECIFIED.,.F.,.F.,.F.,(4,4),(2,2),(5.,6.),(0.,1.),
  .PIECEWISE_BEZIER_KNOTS.);
#6811 = CARTESIAN_POINT('',(-0.426126766222,0.749264264927,
    0.593719817102));
#6812 = CARTESIAN_POINT('',(-0.426126766222,0.748268070229,
    0.593632661359));
#6813 = CARTESIAN_POINT('',(-0.419518115529,0.748761688978,
    0.599464286484));
#6814 = CARTESIAN_POINT('',(-0.419518115529,0.74776549428,0.599377130742
    ));
#6815 = CARTESIAN_POINT('',(-0.410773359552,0.748509064443,
    0.602351798128));
#6816 = CARTESIAN_POINT('',(-0.410773359552,0.747512869745,
    0.602264642386));
#6817 = CARTESIAN_POINT('',(-0.39993932607,0.748502367498,0.602428344565
    ));
#6818 = CARTESIAN_POINT('',(-0.39993932607,0.7475061728,0.602341188822)
  );
#6819 = ADVANCED_FACE('',(#6820),#6829,.T.);
#6820 = FACE_BOUND('',#6821,.T.);
#6821 = EDGE_LOOP('',(#6822,#6823,#6824,#6825,#6826,#6827,#6828));
#6822 = ORIENTED_EDGE('',*,*,#6801,.T.);
#6823 = ORIENTED_EDGE('',*,*,#6645,.T.);
#6824 = ORIENTED_EDGE('',*,*,#6673,.T.);
#6825 = ORIENTED_EDGE('',*,*,#6695,.T.);
#6826 = ORIENTED_EDGE('',*,*,#6717,.T.);
#6827 = ORIENTED_EDGE('',*,*,#6745,.T.);
#6828 = ORIENTED_EDGE('',*,*,#6773,.T.);
#6829 = B_SPLINE_SURFACE_WITH_KNOTS('',1,1,(
    (#6830,#6831)
    ,(#6832,#6833
    )),.UNSPECIFIED.,.F.,.F.,.F.,(2,2),(2,2),(0.532101980283,
    0.60239656899),(0.914000655836,0.964298141108),
  .PIECEWISE_BEZIER_KNOTS.);
#6830 = CARTESIAN_POINT('',(-0.435999344164,0.753624256691,0.53241117154
    ));
#6831 = CARTESIAN_POINT('',(-0.385701858892,0.753624256691,0.53241117154
    ));
#6832 = CARTESIAN_POINT('',(-0.435999344164,0.747497679601,
    0.602438268114));
#6833 = CARTESIAN_POINT('',(-0.385701858892,0.747497679601,
    0.602438268114));
#6834 = ADVANCED_FACE('',(#6835,#6893),#6941,.F.);
#6835 = FACE_BOUND('',#6836,.T.);
#6836 = EDGE_LOOP('',(#6837,#6846,#6853,#6860,#6867,#6874,#6881,#6888));
#6837 = ORIENTED_EDGE('',*,*,#6838,.T.);
#6838 = EDGE_CURVE('',#6839,#6841,#6843,.T.);
#6839 = VERTEX_POINT('',#6840);
#6840 = CARTESIAN_POINT('',(-0.534817143729,0.755601088086,0.52128959696
    ));
#6841 = VERTEX_POINT('',#6842);
#6842 = CARTESIAN_POINT('',(-0.500821185838,0.747652853012,
    0.612138339566));
#6843 = B_SPLINE_CURVE_WITH_KNOTS('',1,(#6844,#6845),.UNSPECIFIED.,.F.,
  .F.,(2,2),(-9.732622270935E-02,0.),.PIECEWISE_BEZIER_KNOTS.);
#6844 = CARTESIAN_POINT('',(-0.534817143729,0.755601088086,0.52128959696
    ));
#6845 = CARTESIAN_POINT('',(-0.500821185838,0.747652853012,
    0.612138339566));
#6846 = ORIENTED_EDGE('',*,*,#6847,.T.);
#6847 = EDGE_CURVE('',#6841,#6848,#6850,.T.);
#6848 = VERTEX_POINT('',#6849);
#6849 = CARTESIAN_POINT('',(-0.488266726438,0.747645092603,
    0.612227041446));
#6850 = B_SPLINE_CURVE_WITH_KNOTS('',1,(#6851,#6852),.UNSPECIFIED.,.F.,
  .F.,(2,2),(-1.255477515041E-02,0.),.PIECEWISE_BEZIER_KNOTS.);
#6851 = CARTESIAN_POINT('',(-0.500821185838,0.747652853012,
    0.612138339566));
#6852 = CARTESIAN_POINT('',(-0.488266726438,0.747645092603,
    0.612227041446));
#6853 = ORIENTED_EDGE('',*,*,#6854,.T.);
#6854 = EDGE_CURVE('',#6848,#6855,#6857,.T.);
#6855 = VERTEX_POINT('',#6856);
#6856 = CARTESIAN_POINT('',(-0.452980667643,0.755550501717,
    0.521867801805));
#6857 = B_SPLINE_CURVE_WITH_KNOTS('',1,(#6858,#6859),.UNSPECIFIED.,.F.,
  .F.,(2,2),(-9.732622270957E-02,0.),.PIECEWISE_BEZIER_KNOTS.);
#6858 = CARTESIAN_POINT('',(-0.488266726438,0.747645092603,
    0.612227041446));
#6859 = CARTESIAN_POINT('',(-0.452980667643,0.755550501717,
    0.521867801805));
#6860 = ORIENTED_EDGE('',*,*,#6861,.T.);
#6861 = EDGE_CURVE('',#6855,#6862,#6864,.T.);
#6862 = VERTEX_POINT('',#6863);
#6863 = CARTESIAN_POINT('',(-0.465953609023,0.755558520806,
    0.521776143196));
#6864 = B_SPLINE_CURVE_WITH_KNOTS('',1,(#6865,#6866),.UNSPECIFIED.,.F.,
  .F.,(2,2),(-1.297326765493E-02,0.),.PIECEWISE_BEZIER_KNOTS.);
#6865 = CARTESIAN_POINT('',(-0.452980667643,0.755550501717,
    0.521867801805));
#6866 = CARTESIAN_POINT('',(-0.465953609023,0.755558520806,
    0.521776143196));
#6867 = ORIENTED_EDGE('',*,*,#6868,.T.);
#6868 = EDGE_CURVE('',#6862,#6869,#6871,.T.);
#6869 = VERTEX_POINT('',#6870);
#6870 = CARTESIAN_POINT('',(-0.474871665115,0.75339580072,0.546496146894
    ));
#6871 = B_SPLINE_CURVE_WITH_KNOTS('',1,(#6872,#6873),.UNSPECIFIED.,.F.,
  .F.,(2,2),(-2.636830797471E-02,0.),.PIECEWISE_BEZIER_KNOTS.);
#6872 = CARTESIAN_POINT('',(-0.465953609023,0.755558520806,
    0.521776143196));
#6873 = CARTESIAN_POINT('',(-0.474871665115,0.75339580072,0.546496146894
    ));
#6874 = ORIENTED_EDGE('',*,*,#6875,.T.);
#6875 = EDGE_CURVE('',#6869,#6876,#6878,.T.);
#6876 = VERTEX_POINT('',#6877);
#6877 = CARTESIAN_POINT('',(-0.512744284304,0.753419211287,0.54622856289
    ));
#6878 = B_SPLINE_CURVE_WITH_KNOTS('',1,(#6879,#6880),.UNSPECIFIED.,.F.,
  .F.,(2,2),(-3.787357170226E-02,0.),.PIECEWISE_BEZIER_KNOTS.);
#6879 = CARTESIAN_POINT('',(-0.474871665115,0.75339580072,0.546496146894
    ));
#6880 = CARTESIAN_POINT('',(-0.512744284304,0.753419211287,0.54622856289
    ));
#6881 = ORIENTED_EDGE('',*,*,#6882,.T.);
#6882 = EDGE_CURVE('',#6876,#6883,#6885,.T.);
#6883 = VERTEX_POINT('',#6884);
#6884 = CARTESIAN_POINT('',(-0.52184420235,0.755593068997,0.521381255569
    ));
#6885 = B_SPLINE_CURVE_WITH_KNOTS('',1,(#6886,#6887),.UNSPECIFIED.,.F.,
  .F.,(2,2),(-2.655038317797E-02,0.),.PIECEWISE_BEZIER_KNOTS.);
#6886 = CARTESIAN_POINT('',(-0.512744284304,0.753419211287,0.54622856289
    ));
#6887 = CARTESIAN_POINT('',(-0.52184420235,0.755593068997,0.521381255569
    ));
#6888 = ORIENTED_EDGE('',*,*,#6889,.T.);
#6889 = EDGE_CURVE('',#6883,#6839,#6890,.T.);
#6890 = B_SPLINE_CURVE_WITH_KNOTS('',1,(#6891,#6892),.UNSPECIFIED.,.F.,
  .F.,(2,2),(-1.297326765431E-02,0.),.PIECEWISE_BEZIER_KNOTS.);
#6891 = CARTESIAN_POINT('',(-0.52184420235,0.755593068997,0.521381255569
    ));
#6892 = CARTESIAN_POINT('',(-0.534817143729,0.755601088086,0.52128959696
    ));
#6893 = FACE_BOUND('',#6894,.T.);
#6894 = EDGE_LOOP('',(#6895,#6904,#6911,#6920,#6927,#6936));
#6895 = ORIENTED_EDGE('',*,*,#6896,.F.);
#6896 = EDGE_CURVE('',#6897,#6899,#6901,.T.);
#6897 = VERTEX_POINT('',#6898);
#6898 = CARTESIAN_POINT('',(-0.478664386405,0.752502482676,
    0.556706818863));
#6899 = VERTEX_POINT('',#6900);
#6900 = CARTESIAN_POINT('',(-0.509190321945,0.752521351966,
    0.556491141885));
#6901 = B_SPLINE_CURVE_WITH_KNOTS('',1,(#6902,#6903),.UNSPECIFIED.,.F.,
  .F.,(2,2),(0.,3.052670328093E-02),.PIECEWISE_BEZIER_KNOTS.);
#6902 = CARTESIAN_POINT('',(-0.478664386405,0.752502482676,
    0.556706818863));
#6903 = CARTESIAN_POINT('',(-0.509190321945,0.752521351966,
    0.556491141885));
#6904 = ORIENTED_EDGE('',*,*,#6905,.F.);
#6905 = EDGE_CURVE('',#6906,#6897,#6908,.T.);
#6906 = VERTEX_POINT('',#6907);
#6907 = CARTESIAN_POINT('',(-0.492533162215,0.749216152381,0.59426974601
    ));
#6908 = B_SPLINE_CURVE_WITH_KNOTS('',1,(#6909,#6910),.UNSPECIFIED.,.F.,
  .F.,(2,2),(3.823199884122E-17,4.017606756715E-02),
  .PIECEWISE_BEZIER_KNOTS.);
#6909 = CARTESIAN_POINT('',(-0.492533162215,0.749216152381,0.59426974601
    ));
#6910 = CARTESIAN_POINT('',(-0.478664386405,0.752502482676,
    0.556706818863));
#6911 = ORIENTED_EDGE('',*,*,#6912,.F.);
#6912 = EDGE_CURVE('',#6913,#6906,#6915,.T.);
#6913 = VERTEX_POINT('',#6914);
#6914 = CARTESIAN_POINT('',(-0.494066278058,0.748661870382,
    0.600605218258));
#6915 = B_SPLINE_CURVE_WITH_KNOTS('',3,(#6916,#6917,#6918,#6919),
  .UNSPECIFIED.,.F.,.F.,(4,4),(3.,4.),.PIECEWISE_BEZIER_KNOTS.);
#6916 = CARTESIAN_POINT('',(-0.494066278058,0.748661870382,
    0.600605218258));
#6917 = CARTESIAN_POINT('',(-0.493605090036,0.748900698815,
    0.597875396777));
#6918 = CARTESIAN_POINT('',(-0.493101691162,0.749086815128,
    0.595748077588));
#6919 = CARTESIAN_POINT('',(-0.492533162215,0.749216152381,0.59426974601
    ));
#6920 = ORIENTED_EDGE('',*,*,#6921,.F.);
#6921 = EDGE_CURVE('',#6922,#6913,#6924,.T.);
#6922 = VERTEX_POINT('',#6923);
#6923 = CARTESIAN_POINT('',(-0.494345266045,0.748662042835,
    0.600603247105));
#6924 = B_SPLINE_CURVE_WITH_KNOTS('',1,(#6925,#6926),.UNSPECIFIED.,.F.,
  .F.,(2,2),(0.,2.789950036324E-04),.PIECEWISE_BEZIER_KNOTS.);
#6925 = CARTESIAN_POINT('',(-0.494345266045,0.748662042835,
    0.600603247105));
#6926 = CARTESIAN_POINT('',(-0.494066278058,0.748661870382,
    0.600605218258));
#6927 = ORIENTED_EDGE('',*,*,#6928,.F.);
#6928 = EDGE_CURVE('',#6929,#6922,#6931,.T.);
#6929 = VERTEX_POINT('',#6930);
#6930 = CARTESIAN_POINT('',(-0.495718275063,0.749218121226,
    0.594247242015));
#6931 = B_SPLINE_CURVE_WITH_KNOTS('',3,(#6932,#6933,#6934,#6935),
  .UNSPECIFIED.,.F.,.F.,(4,4),(1.,2.),.PIECEWISE_BEZIER_KNOTS.);
#6932 = CARTESIAN_POINT('',(-0.495718275063,0.749218121226,
    0.594247242015));
#6933 = CARTESIAN_POINT('',(-0.495285448155,0.749108428851,
    0.595501031596));
#6934 = CARTESIAN_POINT('',(-0.494835308294,0.74892577589,0.597588764499
    ));
#6935 = CARTESIAN_POINT('',(-0.494345266045,0.748662042835,
    0.600603247105));
#6936 = ORIENTED_EDGE('',*,*,#6937,.F.);
#6937 = EDGE_CURVE('',#6899,#6929,#6938,.T.);
#6938 = B_SPLINE_CURVE_WITH_KNOTS('',1,(#6939,#6940),.UNSPECIFIED.,.F.,
  .F.,(2,2),(0.,4.022350653003E-02),.PIECEWISE_BEZIER_KNOTS.);
#6939 = CARTESIAN_POINT('',(-0.509190321945,0.752521351966,
    0.556491141885));
#6940 = CARTESIAN_POINT('',(-0.495718275063,0.749218121226,
    0.594247242015));
#6941 = B_SPLINE_SURFACE_WITH_KNOTS('',1,1,(
    (#6942,#6943)
    ,(#6944,#6945
    )),.UNSPECIFIED.,.F.,.F.,.F.,(2,2),(2,2),(-0.542410650996,
    -0.451125840245),(-0.534817143729,-0.452980667643),
  .PIECEWISE_BEZIER_KNOTS.);
#6942 = CARTESIAN_POINT('',(-0.534817143729,0.747645092603,
    0.612227041446));
#6943 = CARTESIAN_POINT('',(-0.452980667643,0.747645092603,
    0.612227041446));
#6944 = CARTESIAN_POINT('',(-0.534817143729,0.755601088086,0.52128959696
    ));
#6945 = CARTESIAN_POINT('',(-0.452980667643,0.755601088086,0.52128959696
    ));
#6946 = ADVANCED_FACE('',(#6947),#6961,.F.);
#6947 = FACE_BOUND('',#6948,.T.);
#6948 = EDGE_LOOP('',(#6949,#6950,#6955,#6956));
#6949 = ORIENTED_EDGE('',*,*,#1638,.T.);
#6950 = ORIENTED_EDGE('',*,*,#6951,.F.);
#6951 = EDGE_CURVE('',#6841,#1641,#6952,.T.);
#6952 = B_SPLINE_CURVE_WITH_KNOTS('',1,(#6953,#6954),.UNSPECIFIED.,.F.,
  .F.,(2,2),(-0.,9.999998615769E-04),.PIECEWISE_BEZIER_KNOTS.);
#6953 = CARTESIAN_POINT('',(-0.500821185838,0.747652853012,
    0.612138339566));
#6954 = CARTESIAN_POINT('',(-0.500821185838,0.746656658452,
    0.612051183835));
#6955 = ORIENTED_EDGE('',*,*,#6838,.F.);
#6956 = ORIENTED_EDGE('',*,*,#6957,.T.);
#6957 = EDGE_CURVE('',#6839,#1639,#6958,.T.);
#6958 = B_SPLINE_CURVE_WITH_KNOTS('',1,(#6959,#6960),.UNSPECIFIED.,.F.,
  .F.,(2,2),(-0.,1.E-03),.PIECEWISE_BEZIER_KNOTS.);
#6959 = CARTESIAN_POINT('',(-0.534817143729,0.755601088086,0.52128959696
    ));
#6960 = CARTESIAN_POINT('',(-0.534817143729,0.754604893388,
    0.521202441217));
#6961 = B_SPLINE_SURFACE_WITH_KNOTS('',1,1,(
    (#6962,#6963)
    ,(#6964,#6965
    )),.UNSPECIFIED.,.F.,.F.,.F.,(2,2),(2,2),(0.,9.708253152243E-02),(
    -9.966566567192E-04,7.95192085491E-03),.PIECEWISE_BEZIER_KNOTS.);
#6962 = CARTESIAN_POINT('',(-0.500792742199,0.746656658314,
    0.612127776695));
#6963 = CARTESIAN_POINT('',(-0.501048126148,0.755601088086,
    0.612222616448));
#6964 = CARTESIAN_POINT('',(-0.53459020342,0.746656658314,0.521118164335
    ));
#6965 = CARTESIAN_POINT('',(-0.534845587369,0.755601088086,
    0.521213004088));
#6966 = ADVANCED_FACE('',(#6967),#6977,.F.);
#6967 = FACE_BOUND('',#6968,.T.);
#6968 = EDGE_LOOP('',(#6969,#6970,#6975,#6976));
#6969 = ORIENTED_EDGE('',*,*,#1689,.T.);
#6970 = ORIENTED_EDGE('',*,*,#6971,.F.);
#6971 = EDGE_CURVE('',#6848,#1683,#6972,.T.);
#6972 = B_SPLINE_CURVE_WITH_KNOTS('',1,(#6973,#6974),.UNSPECIFIED.,.F.,
  .F.,(2,2),(-0.,9.99999861577E-04),.PIECEWISE_BEZIER_KNOTS.);
#6973 = CARTESIAN_POINT('',(-0.488266726438,0.747645092603,
    0.612227041446));
#6974 = CARTESIAN_POINT('',(-0.488266726438,0.746648898043,
    0.612139885715));
#6975 = ORIENTED_EDGE('',*,*,#6847,.F.);
#6976 = ORIENTED_EDGE('',*,*,#6951,.T.);
#6977 = B_SPLINE_SURFACE_WITH_KNOTS('',1,1,(
    (#6978,#6979)
    ,(#6980,#6981)),.UNSPECIFIED.,.F.,.F.,.F.,(2,2),(2,2),(-1.E-03,0.),(
    -1.255477515041E-02,1.682344753216E-22),.PIECEWISE_BEZIER_KNOTS.);
#6978 = CARTESIAN_POINT('',(-0.500821185838,0.746656658314,
    0.612051183823));
#6979 = CARTESIAN_POINT('',(-0.488266726438,0.746648897905,
    0.612139885703));
#6980 = CARTESIAN_POINT('',(-0.500821185838,0.747652853012,
    0.612138339566));
#6981 = CARTESIAN_POINT('',(-0.488266726438,0.747645092603,
    0.612227041446));
#6982 = ADVANCED_FACE('',(#6983),#6993,.F.);
#6983 = FACE_BOUND('',#6984,.T.);
#6984 = EDGE_LOOP('',(#6985,#6986,#6991,#6992));
#6985 = ORIENTED_EDGE('',*,*,#1682,.T.);
#6986 = ORIENTED_EDGE('',*,*,#6987,.F.);
#6987 = EDGE_CURVE('',#6855,#1676,#6988,.T.);
#6988 = B_SPLINE_CURVE_WITH_KNOTS('',1,(#6989,#6990),.UNSPECIFIED.,.F.,
  .F.,(2,2),(-0.,9.99999861577E-04),.PIECEWISE_BEZIER_KNOTS.);
#6989 = CARTESIAN_POINT('',(-0.452980667643,0.755550501717,
    0.521867801805));
#6990 = CARTESIAN_POINT('',(-0.452980667643,0.754554307156,
    0.521780646075));
#6991 = ORIENTED_EDGE('',*,*,#6854,.F.);
#6992 = ORIENTED_EDGE('',*,*,#6971,.T.);
#6993 = B_SPLINE_SURFACE_WITH_KNOTS('',1,1,(
    (#6994,#6995)
    ,(#6996,#6997
    )),.UNSPECIFIED.,.F.,.F.,.F.,(2,2),(2,2),(-8.126647208171E-05,
    9.700430748636E-02),(-8.906051170829E-03,0.),
  .PIECEWISE_BEZIER_KNOTS.);
#6994 = CARTESIAN_POINT('',(-0.453213705226,0.746648897905,
    0.521690334157));
#6995 = CARTESIAN_POINT('',(-0.452951301572,0.755550501717,
    0.521792026655));
#6996 = CARTESIAN_POINT('',(-0.488296092509,0.746648897905,
    0.612215660853));
#6997 = CARTESIAN_POINT('',(-0.488033688855,0.755550501717,
    0.612317353351));
#6998 = ADVANCED_FACE('',(#6999),#7009,.F.);
#6999 = FACE_BOUND('',#7000,.T.);
#7000 = EDGE_LOOP('',(#7001,#7002,#7007,#7008));
#7001 = ORIENTED_EDGE('',*,*,#1675,.T.);
#7002 = ORIENTED_EDGE('',*,*,#7003,.F.);
#7003 = EDGE_CURVE('',#6862,#1669,#7004,.T.);
#7004 = B_SPLINE_CURVE_WITH_KNOTS('',1,(#7005,#7006),.UNSPECIFIED.,.F.,
  .F.,(2,2),(-0.,9.99999861577E-04),.PIECEWISE_BEZIER_KNOTS.);
#7005 = CARTESIAN_POINT('',(-0.465953609023,0.755558520806,
    0.521776143196));
#7006 = CARTESIAN_POINT('',(-0.465953609023,0.754562326246,
    0.521688987466));
#7007 = ORIENTED_EDGE('',*,*,#6861,.F.);
#7008 = ORIENTED_EDGE('',*,*,#6987,.T.);
#7009 = B_SPLINE_SURFACE_WITH_KNOTS('',1,1,(
    (#7010,#7011)
    ,(#7012,#7013
    )),.UNSPECIFIED.,.F.,.F.,.F.,(2,2),(2,2),(-8.839576105091E-17,
    9.999999999999E-04),(-1.408231882946E-22,1.297326765493E-02),
  .PIECEWISE_BEZIER_KNOTS.);
#7010 = CARTESIAN_POINT('',(-0.465953609023,0.755558520806,
    0.521776143196));
#7011 = CARTESIAN_POINT('',(-0.452980667643,0.755550501717,
    0.521867801805));
#7012 = CARTESIAN_POINT('',(-0.465953609023,0.754562326108,
    0.521688987454));
#7013 = CARTESIAN_POINT('',(-0.452980667643,0.754554307019,
    0.521780646063));
#7014 = ADVANCED_FACE('',(#7015),#7025,.F.);
#7015 = FACE_BOUND('',#7016,.T.);
#7016 = EDGE_LOOP('',(#7017,#7018,#7023,#7024));
#7017 = ORIENTED_EDGE('',*,*,#1668,.T.);
#7018 = ORIENTED_EDGE('',*,*,#7019,.F.);
#7019 = EDGE_CURVE('',#6869,#1662,#7020,.T.);
#7020 = B_SPLINE_CURVE_WITH_KNOTS('',1,(#7021,#7022),.UNSPECIFIED.,.F.,
  .F.,(2,2),(-0.,9.999998615769E-04),.PIECEWISE_BEZIER_KNOTS.);
#7021 = CARTESIAN_POINT('',(-0.474871665115,0.75339580072,0.546496146894
    ));
#7022 = CARTESIAN_POINT('',(-0.474871665115,0.75239960616,0.546408991163
    ));
#7023 = ORIENTED_EDGE('',*,*,#6868,.F.);
#7024 = ORIENTED_EDGE('',*,*,#7003,.T.);
#7025 = B_SPLINE_SURFACE_WITH_KNOTS('',1,1,(
    (#7026,#7027)
    ,(#7028,#7029
    )),.UNSPECIFIED.,.F.,.F.,.F.,(2,2),(2,2),(0.,2.636144345894E-02),(
    -9.966277752233E-04,2.163660288212E-03),.PIECEWISE_BEZIER_KNOTS.);
#7026 = CARTESIAN_POINT('',(-0.474899323559,0.752399606022,
    0.546486244553));
#7027 = CARTESIAN_POINT('',(-0.474811619151,0.755558520806,0.54651764469
    ));
#7028 = CARTESIAN_POINT('',(-0.466013654982,0.752399606022,
    0.521667489645));
#7029 = CARTESIAN_POINT('',(-0.465925950575,0.755558520806,
    0.521698889782));
#7030 = ADVANCED_FACE('',(#7031),#7041,.F.);
#7031 = FACE_BOUND('',#7032,.T.);
#7032 = EDGE_LOOP('',(#7033,#7034,#7039,#7040));
#7033 = ORIENTED_EDGE('',*,*,#1661,.T.);
#7034 = ORIENTED_EDGE('',*,*,#7035,.F.);
#7035 = EDGE_CURVE('',#6876,#1655,#7036,.T.);
#7036 = B_SPLINE_CURVE_WITH_KNOTS('',1,(#7037,#7038),.UNSPECIFIED.,.F.,
  .F.,(2,2),(-0.,9.999998615769E-04),.PIECEWISE_BEZIER_KNOTS.);
#7037 = CARTESIAN_POINT('',(-0.512744284304,0.753419211287,0.54622856289
    ));
#7038 = CARTESIAN_POINT('',(-0.512744284304,0.752423016727,
    0.546141407159));
#7039 = ORIENTED_EDGE('',*,*,#6875,.F.);
#7040 = ORIENTED_EDGE('',*,*,#7019,.T.);
#7041 = B_SPLINE_SURFACE_WITH_KNOTS('',1,1,(
    (#7042,#7043)
    ,(#7044,#7045
    )),.UNSPECIFIED.,.F.,.F.,.F.,(2,2),(2,2),(-5.117389947069E-18,1.E-03
    ),(-8.267425450145E-19,3.787357170226E-02),
  .PIECEWISE_BEZIER_KNOTS.);
#7042 = CARTESIAN_POINT('',(-0.512744284304,0.753419211287,0.54622856289
    ));
#7043 = CARTESIAN_POINT('',(-0.474871665115,0.75339580072,0.546496146894
    ));
#7044 = CARTESIAN_POINT('',(-0.512744284304,0.752423016589,
    0.546141407147));
#7045 = CARTESIAN_POINT('',(-0.474871665115,0.752399606022,
    0.546408991151));
#7046 = ADVANCED_FACE('',(#7047),#7057,.F.);
#7047 = FACE_BOUND('',#7048,.T.);
#7048 = EDGE_LOOP('',(#7049,#7050,#7055,#7056));
#7049 = ORIENTED_EDGE('',*,*,#1654,.T.);
#7050 = ORIENTED_EDGE('',*,*,#7051,.F.);
#7051 = EDGE_CURVE('',#6883,#1648,#7052,.T.);
#7052 = B_SPLINE_CURVE_WITH_KNOTS('',1,(#7053,#7054),.UNSPECIFIED.,.F.,
  .F.,(2,2),(-0.,9.99999861577E-04),.PIECEWISE_BEZIER_KNOTS.);
#7053 = CARTESIAN_POINT('',(-0.52184420235,0.755593068997,0.521381255569
    ));
#7054 = CARTESIAN_POINT('',(-0.52184420235,0.754596874436,0.521294099838
    ));
#7055 = ORIENTED_EDGE('',*,*,#6882,.F.);
#7056 = ORIENTED_EDGE('',*,*,#7035,.T.);
#7057 = B_SPLINE_SURFACE_WITH_KNOTS('',1,1,(
    (#7058,#7059)
    ,(#7060,#7061
    )),.UNSPECIFIED.,.F.,.F.,.F.,(2,2),(2,2),(-8.191325314408E-05,
    2.646115962961E-02),(-3.171467721205E-03,0.),
  .PIECEWISE_BEZIER_KNOTS.);
#7058 = CARTESIAN_POINT('',(-0.521783143893,0.752423016589,
    0.521271908031));
#7059 = CARTESIAN_POINT('',(-0.521872183074,0.755593068997,
    0.521304269465));
#7060 = CARTESIAN_POINT('',(-0.512716303581,0.752423016589,
    0.546218393251));
#7061 = CARTESIAN_POINT('',(-0.512805342762,0.755593068997,
    0.546250754685));
#7062 = ADVANCED_FACE('',(#7063),#7069,.F.);
#7063 = FACE_BOUND('',#7064,.T.);
#7064 = EDGE_LOOP('',(#7065,#7066,#7067,#7068));
#7065 = ORIENTED_EDGE('',*,*,#1647,.T.);
#7066 = ORIENTED_EDGE('',*,*,#6957,.F.);
#7067 = ORIENTED_EDGE('',*,*,#6889,.F.);
#7068 = ORIENTED_EDGE('',*,*,#7051,.T.);
#7069 = B_SPLINE_SURFACE_WITH_KNOTS('',1,1,(
    (#7070,#7071)
    ,(#7072,#7073
    )),.UNSPECIFIED.,.F.,.F.,.F.,(2,2),(2,2),(-4.543126344243E-17,1.E-03
    ),(0.,1.297326765431E-02),.PIECEWISE_BEZIER_KNOTS.);
#7070 = CARTESIAN_POINT('',(-0.534817143729,0.755601088086,0.52128959696
    ));
#7071 = CARTESIAN_POINT('',(-0.52184420235,0.755593068997,0.521381255569
    ));
#7072 = CARTESIAN_POINT('',(-0.534817143729,0.754604893388,
    0.521202441217));
#7073 = CARTESIAN_POINT('',(-0.52184420235,0.754596874299,0.521294099826
    ));
#7074 = ADVANCED_FACE('',(#7075),#7097,.T.);
#7075 = FACE_BOUND('',#7076,.T.);
#7076 = EDGE_LOOP('',(#7077,#7086,#7091,#7092));
#7077 = ORIENTED_EDGE('',*,*,#7078,.F.);
#7078 = EDGE_CURVE('',#7079,#7081,#7083,.T.);
#7079 = VERTEX_POINT('',#7080);
#7080 = CARTESIAN_POINT('',(-0.478664386401,0.751506288117,0.55661966312
    ));
#7081 = VERTEX_POINT('',#7082);
#7082 = CARTESIAN_POINT('',(-0.509190321945,0.751525157268,
    0.556403986142));
#7083 = B_SPLINE_CURVE_WITH_KNOTS('',1,(#7084,#7085),.UNSPECIFIED.,.F.,
  .F.,(2,2),(-4.368601835149E-12,3.052670328093E-02),
  .PIECEWISE_BEZIER_KNOTS.);
#7084 = CARTESIAN_POINT('',(-0.478664386401,0.751506287978,0.55661966312
    ));
#7085 = CARTESIAN_POINT('',(-0.509190321945,0.751525157268,
    0.556403986142));
#7086 = ORIENTED_EDGE('',*,*,#7087,.F.);
#7087 = EDGE_CURVE('',#6897,#7079,#7088,.T.);
#7088 = B_SPLINE_CURVE_WITH_KNOTS('',1,(#7089,#7090),.UNSPECIFIED.,.F.,
  .F.,(2,2),(-0.,9.999998615769E-04),.PIECEWISE_BEZIER_KNOTS.);
#7089 = CARTESIAN_POINT('',(-0.478664386405,0.752502482676,
    0.556706818863));
#7090 = CARTESIAN_POINT('',(-0.478664386405,0.751506288116,
    0.556619663132));
#7091 = ORIENTED_EDGE('',*,*,#6896,.T.);
#7092 = ORIENTED_EDGE('',*,*,#7093,.T.);
#7093 = EDGE_CURVE('',#6899,#7081,#7094,.T.);
#7094 = B_SPLINE_CURVE_WITH_KNOTS('',1,(#7095,#7096),.UNSPECIFIED.,.F.,
  .F.,(2,2),(-0.,1.E-03),.PIECEWISE_BEZIER_KNOTS.);
#7095 = CARTESIAN_POINT('',(-0.509190321945,0.752521351966,
    0.556491141885));
#7096 = CARTESIAN_POINT('',(-0.509190321945,0.751525157268,
    0.556403986142));
#7097 = B_SPLINE_SURFACE_WITH_KNOTS('',1,1,(
    (#7098,#7099)
    ,(#7100,#7101
    )),.UNSPECIFIED.,.F.,.F.,.F.,(2,2),(2,2),(-2.594165618063E-17,1.E-03
    ),(-3.052670328093E-02,4.368601925579E-12),
  .PIECEWISE_BEZIER_KNOTS.);
#7098 = CARTESIAN_POINT('',(-0.509190321945,0.752521351966,
    0.556491141885));
#7099 = CARTESIAN_POINT('',(-0.478664386401,0.752502482676,
    0.556706818863));
#7100 = CARTESIAN_POINT('',(-0.509190321945,0.751525157268,
    0.556403986142));
#7101 = CARTESIAN_POINT('',(-0.478664386401,0.751506287978,0.55661966312
    ));
#7102 = ADVANCED_FACE('',(#7103),#7119,.T.);
#7103 = FACE_BOUND('',#7104,.T.);
#7104 = EDGE_LOOP('',(#7105,#7112,#7113,#7114));
#7105 = ORIENTED_EDGE('',*,*,#7106,.F.);
#7106 = EDGE_CURVE('',#7081,#7107,#7109,.T.);
#7107 = VERTEX_POINT('',#7108);
#7108 = CARTESIAN_POINT('',(-0.495718275063,0.748221926528,
    0.594160086272));
#7109 = B_SPLINE_CURVE_WITH_KNOTS('',1,(#7110,#7111),.UNSPECIFIED.,.F.,
  .F.,(2,2),(0.,4.022350653003E-02),.PIECEWISE_BEZIER_KNOTS.);
#7110 = CARTESIAN_POINT('',(-0.509190321945,0.751525157268,
    0.556403986142));
#7111 = CARTESIAN_POINT('',(-0.495718275063,0.748221926528,
    0.594160086272));
#7112 = ORIENTED_EDGE('',*,*,#7093,.F.);
#7113 = ORIENTED_EDGE('',*,*,#6937,.T.);
#7114 = ORIENTED_EDGE('',*,*,#7115,.T.);
#7115 = EDGE_CURVE('',#6929,#7107,#7116,.T.);
#7116 = B_SPLINE_CURVE_WITH_KNOTS('',1,(#7117,#7118),.UNSPECIFIED.,.F.,
  .F.,(2,2),(-0.,9.999999999999E-04),.PIECEWISE_BEZIER_KNOTS.);
#7117 = CARTESIAN_POINT('',(-0.495718275063,0.749218121226,
    0.594247242015));
#7118 = CARTESIAN_POINT('',(-0.495718275063,0.748221926528,
    0.594160086272));
#7119 = B_SPLINE_SURFACE_WITH_KNOTS('',1,1,(
    (#7120,#7121)
    ,(#7122,#7123
    )),.UNSPECIFIED.,.F.,.F.,.F.,(2,2),(2,2),(-4.008752721962E-02,
    8.215691010953E-05),(-4.301258417134E-03,0.),
  .PIECEWISE_BEZIER_KNOTS.);
#7120 = CARTESIAN_POINT('',(-0.495690851297,0.748221926528,
    0.594237531059));
#7121 = CARTESIAN_POINT('',(-0.495809208117,0.752521351966,
    0.594279442076));
#7122 = CARTESIAN_POINT('',(-0.509099388891,0.748221926528,
    0.556371786082));
#7123 = CARTESIAN_POINT('',(-0.509217745711,0.752521351966,
    0.556413697098));
#7124 = ADVANCED_FACE('',(#7125),#7143,.T.);
#7125 = FACE_BOUND('',#7126,.T.);
#7126 = EDGE_LOOP('',(#7127,#7136,#7137,#7138));
#7127 = ORIENTED_EDGE('',*,*,#7128,.F.);
#7128 = EDGE_CURVE('',#7107,#7129,#7131,.T.);
#7129 = VERTEX_POINT('',#7130);
#7130 = CARTESIAN_POINT('',(-0.494345266045,0.747665848137,
    0.600516091362));
#7131 = B_SPLINE_CURVE_WITH_KNOTS('',3,(#7132,#7133,#7134,#7135),
  .UNSPECIFIED.,.F.,.F.,(4,4),(1.,2.),.PIECEWISE_BEZIER_KNOTS.);
#7132 = CARTESIAN_POINT('',(-0.495718275063,0.748221926528,
    0.594160086272));
#7133 = CARTESIAN_POINT('',(-0.495285448155,0.748112234153,
    0.595413875853));
#7134 = CARTESIAN_POINT('',(-0.494835308294,0.747929581192,
    0.597501608757));
#7135 = CARTESIAN_POINT('',(-0.494345266045,0.747665848137,
    0.600516091362));
#7136 = ORIENTED_EDGE('',*,*,#7115,.F.);
#7137 = ORIENTED_EDGE('',*,*,#6928,.T.);
#7138 = ORIENTED_EDGE('',*,*,#7139,.T.);
#7139 = EDGE_CURVE('',#6922,#7129,#7140,.T.);
#7140 = B_SPLINE_CURVE_WITH_KNOTS('',1,(#7141,#7142),.UNSPECIFIED.,.F.,
  .F.,(2,2),(-0.,1.E-03),.PIECEWISE_BEZIER_KNOTS.);
#7141 = CARTESIAN_POINT('',(-0.494345266045,0.748662042835,
    0.600603247105));
#7142 = CARTESIAN_POINT('',(-0.494345266045,0.747665848137,
    0.600516091362));
#7143 = B_SPLINE_SURFACE_WITH_KNOTS('',3,1,(
    (#7144,#7145)
    ,(#7146,#7147)
    ,(#7148,#7149)
    ,(#7150,#7151
    )),.UNSPECIFIED.,.F.,.F.,.F.,(4,4),(2,2),(1.,2.),(0.,1.),
  .PIECEWISE_BEZIER_KNOTS.);
#7144 = CARTESIAN_POINT('',(-0.495718275063,0.749218121226,
    0.594247242015));
#7145 = CARTESIAN_POINT('',(-0.495718275063,0.748221926528,
    0.594160086272));
#7146 = CARTESIAN_POINT('',(-0.495285448155,0.749108428851,
    0.595501031596));
#7147 = CARTESIAN_POINT('',(-0.495285448155,0.748112234153,
    0.595413875853));
#7148 = CARTESIAN_POINT('',(-0.494835308294,0.74892577589,0.597588764499
    ));
#7149 = CARTESIAN_POINT('',(-0.494835308294,0.747929581192,
    0.597501608757));
#7150 = CARTESIAN_POINT('',(-0.494345266045,0.748662042835,
    0.600603247105));
#7151 = CARTESIAN_POINT('',(-0.494345266045,0.747665848137,
    0.600516091362));
#7152 = ADVANCED_FACE('',(#7153),#7169,.T.);
#7153 = FACE_BOUND('',#7154,.T.);
#7154 = EDGE_LOOP('',(#7155,#7162,#7163,#7164));
#7155 = ORIENTED_EDGE('',*,*,#7156,.F.);
#7156 = EDGE_CURVE('',#7129,#7157,#7159,.T.);
#7157 = VERTEX_POINT('',#7158);
#7158 = CARTESIAN_POINT('',(-0.494066278058,0.747665675684,
    0.600518062515));
#7159 = B_SPLINE_CURVE_WITH_KNOTS('',1,(#7160,#7161),.UNSPECIFIED.,.F.,
  .F.,(2,2),(0.,2.789950036324E-04),.PIECEWISE_BEZIER_KNOTS.);
#7160 = CARTESIAN_POINT('',(-0.494345266045,0.747665848137,
    0.600516091362));
#7161 = CARTESIAN_POINT('',(-0.494066278058,0.747665675684,
    0.600518062515));
#7162 = ORIENTED_EDGE('',*,*,#7139,.F.);
#7163 = ORIENTED_EDGE('',*,*,#6921,.T.);
#7164 = ORIENTED_EDGE('',*,*,#7165,.T.);
#7165 = EDGE_CURVE('',#6913,#7157,#7166,.T.);
#7166 = B_SPLINE_CURVE_WITH_KNOTS('',1,(#7167,#7168),.UNSPECIFIED.,.F.,
  .F.,(2,2),(-0.,1.E-03),.PIECEWISE_BEZIER_KNOTS.);
#7167 = CARTESIAN_POINT('',(-0.494066278058,0.748661870382,
    0.600605218258));
#7168 = CARTESIAN_POINT('',(-0.494066278058,0.747665675684,
    0.600518062515));
#7169 = B_SPLINE_SURFACE_WITH_KNOTS('',1,1,(
    (#7170,#7171)
    ,(#7172,#7173
    )),.UNSPECIFIED.,.F.,.F.,.F.,(2,2),(2,2),(-1.E-03,9.000010823655E-17
    ),(0.,2.789950036324E-04),.PIECEWISE_BEZIER_KNOTS.);
#7170 = CARTESIAN_POINT('',(-0.494345266045,0.747665848137,
    0.600516091362));
#7171 = CARTESIAN_POINT('',(-0.494066278058,0.747665675684,
    0.600518062515));
#7172 = CARTESIAN_POINT('',(-0.494345266045,0.748662042835,
    0.600603247105));
#7173 = CARTESIAN_POINT('',(-0.494066278058,0.748661870382,
    0.600605218258));
#7174 = ADVANCED_FACE('',(#7175),#7193,.T.);
#7175 = FACE_BOUND('',#7176,.T.);
#7176 = EDGE_LOOP('',(#7177,#7186,#7187,#7188));
#7177 = ORIENTED_EDGE('',*,*,#7178,.F.);
#7178 = EDGE_CURVE('',#7157,#7179,#7181,.T.);
#7179 = VERTEX_POINT('',#7180);
#7180 = CARTESIAN_POINT('',(-0.492533162215,0.748219957683,
    0.594182590268));
#7181 = B_SPLINE_CURVE_WITH_KNOTS('',3,(#7182,#7183,#7184,#7185),
  .UNSPECIFIED.,.F.,.F.,(4,4),(3.,4.),.PIECEWISE_BEZIER_KNOTS.);
#7182 = CARTESIAN_POINT('',(-0.494066278058,0.747665675684,
    0.600518062515));
#7183 = CARTESIAN_POINT('',(-0.493605090036,0.747904504117,
    0.597788241035));
#7184 = CARTESIAN_POINT('',(-0.493101691162,0.748090620429,
    0.595660921845));
#7185 = CARTESIAN_POINT('',(-0.492533162215,0.748219957683,
    0.594182590268));
#7186 = ORIENTED_EDGE('',*,*,#7165,.F.);
#7187 = ORIENTED_EDGE('',*,*,#6912,.T.);
#7188 = ORIENTED_EDGE('',*,*,#7189,.T.);
#7189 = EDGE_CURVE('',#6906,#7179,#7190,.T.);
#7190 = B_SPLINE_CURVE_WITH_KNOTS('',1,(#7191,#7192),.UNSPECIFIED.,.F.,
  .F.,(2,2),(3.317994872493E-16,1.E-03),.PIECEWISE_BEZIER_KNOTS.);
#7191 = CARTESIAN_POINT('',(-0.492533162215,0.749216152381,0.59426974601
    ));
#7192 = CARTESIAN_POINT('',(-0.492533162215,0.748219957683,
    0.594182590268));
#7193 = B_SPLINE_SURFACE_WITH_KNOTS('',3,1,(
    (#7194,#7195)
    ,(#7196,#7197)
    ,(#7198,#7199)
    ,(#7200,#7201
    )),.UNSPECIFIED.,.F.,.F.,.F.,(4,4),(2,2),(3.,4.),(0.,1.),
  .PIECEWISE_BEZIER_KNOTS.);
#7194 = CARTESIAN_POINT('',(-0.494066278058,0.748661870382,
    0.600605218258));
#7195 = CARTESIAN_POINT('',(-0.494066278058,0.747665675684,
    0.600518062515));
#7196 = CARTESIAN_POINT('',(-0.493605090036,0.748900698815,
    0.597875396777));
#7197 = CARTESIAN_POINT('',(-0.493605090036,0.747904504117,
    0.597788241035));
#7198 = CARTESIAN_POINT('',(-0.493101691162,0.749086815128,
    0.595748077588));
#7199 = CARTESIAN_POINT('',(-0.493101691162,0.748090620429,
    0.595660921845));
#7200 = CARTESIAN_POINT('',(-0.492533162215,0.749216152381,0.59426974601
    ));
#7201 = CARTESIAN_POINT('',(-0.492533162215,0.748219957683,
    0.594182590268));
#7202 = ADVANCED_FACE('',(#7203),#7213,.T.);
#7203 = FACE_BOUND('',#7204,.T.);
#7204 = EDGE_LOOP('',(#7205,#7210,#7211,#7212));
#7205 = ORIENTED_EDGE('',*,*,#7206,.F.);
#7206 = EDGE_CURVE('',#7179,#7079,#7207,.T.);
#7207 = B_SPLINE_CURVE_WITH_KNOTS('',1,(#7208,#7209),.UNSPECIFIED.,.F.,
  .F.,(2,2),(1.038011660099E-16,4.017606758005E-02),
  .PIECEWISE_BEZIER_KNOTS.);
#7208 = CARTESIAN_POINT('',(-0.492533162215,0.748219957683,
    0.594182590268));
#7209 = CARTESIAN_POINT('',(-0.478664386401,0.751506287979,
    0.556619663108));
#7210 = ORIENTED_EDGE('',*,*,#7189,.F.);
#7211 = ORIENTED_EDGE('',*,*,#6905,.T.);
#7212 = ORIENTED_EDGE('',*,*,#7087,.T.);
#7213 = B_SPLINE_SURFACE_WITH_KNOTS('',1,1,(
    (#7214,#7215)
    ,(#7216,#7217
    )),.UNSPECIFIED.,.F.,.F.,.F.,(2,2),(2,2),(-4.012314710291E-02,
    -3.810376376909E-17),(-9.966458705792E-04,3.287818659762E-03),
  .PIECEWISE_BEZIER_KNOTS.);
#7214 = CARTESIAN_POINT('',(-0.478757265713,0.748219957683,
    0.556585631212));
#7215 = CARTESIAN_POINT('',(-0.47863623163,0.752502482676,0.556629979294
    ));
#7216 = CARTESIAN_POINT('',(-0.492561316986,0.748219957683,
    0.594259429825));
#7217 = CARTESIAN_POINT('',(-0.492440282903,0.752502482676,
    0.594303777906));
#7218 = ADVANCED_FACE('',(#7219),#7227,.T.);
#7219 = FACE_BOUND('',#7220,.T.);
#7220 = EDGE_LOOP('',(#7221,#7222,#7223,#7224,#7225,#7226));
#7221 = ORIENTED_EDGE('',*,*,#7206,.T.);
#7222 = ORIENTED_EDGE('',*,*,#7078,.T.);
#7223 = ORIENTED_EDGE('',*,*,#7106,.T.);
#7224 = ORIENTED_EDGE('',*,*,#7128,.T.);
#7225 = ORIENTED_EDGE('',*,*,#7156,.T.);
#7226 = ORIENTED_EDGE('',*,*,#7178,.T.);
#7227 = B_SPLINE_SURFACE_WITH_KNOTS('',1,1,(
    (#7228,#7229)
    ,(#7230,#7231
    )),.UNSPECIFIED.,.F.,.F.,.F.,(2,2),(2,2),(0.556186443551,
    0.600469028529),(0.840809678055,0.871335613599),
  .PIECEWISE_BEZIER_KNOTS.);
#7228 = CARTESIAN_POINT('',(-0.509190321945,0.751525157406,
    0.556403986154));
#7229 = CARTESIAN_POINT('',(-0.478664386401,0.751525157406,
    0.556403986154));
#7230 = CARTESIAN_POINT('',(-0.509190321945,0.747665675822,
    0.600518062527));
#7231 = CARTESIAN_POINT('',(-0.478664386401,0.747665675822,
    0.600518062527));
#7232 = ADVANCED_FACE('',(#7233,#7522),#7547,.F.);
#7233 = FACE_BOUND('',#7234,.T.);
#7234 = EDGE_LOOP('',(#7235,#7246,#7255,#7264,#7273,#7282,#7291,#7300,
    #7309,#7318,#7327,#7336,#7345,#7354,#7361,#7368,#7375,#7384,#7393,
    #7402,#7411,#7420,#7429,#7438,#7447,#7456,#7465,#7472,#7481,#7490,
    #7499,#7506,#7515));
#7235 = ORIENTED_EDGE('',*,*,#7236,.T.);
#7236 = EDGE_CURVE('',#7237,#7239,#7241,.T.);
#7237 = VERTEX_POINT('',#7238);
#7238 = CARTESIAN_POINT('',(1.79355019308E-02,0.74739626056,
    0.615071204719));
#7239 = VERTEX_POINT('',#7240);
#7240 = CARTESIAN_POINT('',(8.135262300451E-02,0.739973675317,
    0.699911742269));
#7241 = B_SPLINE_CURVE_WITH_KNOTS('',3,(#7242,#7243,#7244,#7245),
  .UNSPECIFIED.,.F.,.F.,(4,4),(35.,36.),.PIECEWISE_BEZIER_KNOTS.);
#7242 = CARTESIAN_POINT('',(1.79355019308E-02,0.74739626056,
    0.615071204719));
#7243 = CARTESIAN_POINT('',(1.830696346754E-02,0.744014329335,
    0.653726855503));
#7244 = CARTESIAN_POINT('',(4.4576384867E-02,0.741010918865,
    0.688055994262));
#7245 = CARTESIAN_POINT('',(8.135262300451E-02,0.739973675317,
    0.699911742269));
#7246 = ORIENTED_EDGE('',*,*,#7247,.T.);
#7247 = EDGE_CURVE('',#7239,#7248,#7250,.T.);
#7248 = VERTEX_POINT('',#7249);
#7249 = CARTESIAN_POINT('',(0.115909192517,0.735499737861,0.751049081389
    ));
#7250 = B_SPLINE_CURVE_WITH_KNOTS('',3,(#7251,#7252,#7253,#7254),
  .UNSPECIFIED.,.F.,.F.,(4,4),(0.,1.),.PIECEWISE_BEZIER_KNOTS.);
#7251 = CARTESIAN_POINT('',(8.135262300451E-02,0.739973675317,
    0.699911742269));
#7252 = CARTESIAN_POINT('',(8.832812957921E-02,0.7382785116,
    0.719287552215));
#7253 = CARTESIAN_POINT('',(0.10049058097,0.736749226922,0.736767356066)
  );
#7254 = CARTESIAN_POINT('',(0.115909192517,0.735499737861,0.751049081389
    ));
#7255 = ORIENTED_EDGE('',*,*,#7256,.T.);
#7256 = EDGE_CURVE('',#7248,#7257,#7259,.T.);
#7257 = VERTEX_POINT('',#7258);
#7258 = CARTESIAN_POINT('',(0.203614525875,0.732514713632,0.785168064451
    ));
#7259 = B_SPLINE_CURVE_WITH_KNOTS('',3,(#7260,#7261,#7262,#7263),
  .UNSPECIFIED.,.F.,.F.,(4,4),(1.,2.),.PIECEWISE_BEZIER_KNOTS.);
#7260 = CARTESIAN_POINT('',(0.115909192517,0.735499737861,0.751049081389
    ));
#7261 = CARTESIAN_POINT('',(0.140330381697,0.733624704913,0.772480806049
    ));
#7262 = CARTESIAN_POINT('',(0.171282236221,0.732534699501,0.784939624915
    ));
#7263 = CARTESIAN_POINT('',(0.203614525875,0.732514713632,0.785168064451
    ));
#7264 = ORIENTED_EDGE('',*,*,#7265,.T.);
#7265 = EDGE_CURVE('',#7257,#7266,#7268,.T.);
#7266 = VERTEX_POINT('',#7267);
#7267 = CARTESIAN_POINT('',(0.281390884517,0.73466474448,0.760593099406)
  );
#7268 = B_SPLINE_CURVE_WITH_KNOTS('',3,(#7269,#7270,#7271,#7272),
  .UNSPECIFIED.,.F.,.F.,(4,4),(2.,3.),.PIECEWISE_BEZIER_KNOTS.);
#7269 = CARTESIAN_POINT('',(0.203614525875,0.732514713632,0.785168064451
    ));
#7270 = CARTESIAN_POINT('',(0.232066938304,0.732497126068,0.785369091224
    ));
#7271 = CARTESIAN_POINT('',(0.258643625685,0.733269762161,0.776537820265
    ));
#7272 = CARTESIAN_POINT('',(0.281390884517,0.73466474448,0.760593099406)
  );
#7273 = ORIENTED_EDGE('',*,*,#7274,.T.);
#7274 = EDGE_CURVE('',#7266,#7275,#7277,.T.);
#7275 = VERTEX_POINT('',#7276);
#7276 = CARTESIAN_POINT('',(0.310045091631,0.737126948323,0.732449980698
    ));
#7277 = B_SPLINE_CURVE_WITH_KNOTS('',3,(#7278,#7279,#7280,#7281),
  .UNSPECIFIED.,.F.,.F.,(4,4),(3.,4.),.PIECEWISE_BEZIER_KNOTS.);
#7278 = CARTESIAN_POINT('',(0.281390884517,0.73466474448,0.760593099406)
  );
#7279 = CARTESIAN_POINT('',(0.292438902859,0.735334256175,0.752940545713
    ));
#7280 = CARTESIAN_POINT('',(0.301560735137,0.736174043549,0.743341732106
    ));
#7281 = CARTESIAN_POINT('',(0.310045091631,0.737126948323,0.732449980698
    ));
#7282 = ORIENTED_EDGE('',*,*,#7283,.T.);
#7283 = EDGE_CURVE('',#7275,#7284,#7286,.T.);
#7284 = VERTEX_POINT('',#7285);
#7285 = CARTESIAN_POINT('',(0.324908767462,0.737005037145,0.733843431842
    ));
#7286 = B_SPLINE_CURVE_WITH_KNOTS('',3,(#7287,#7288,#7289,#7290),
  .UNSPECIFIED.,.F.,.F.,(4,4),(4.,5.),.PIECEWISE_BEZIER_KNOTS.);
#7287 = CARTESIAN_POINT('',(0.310045091631,0.737126948323,0.732449980698
    ));
#7288 = CARTESIAN_POINT('',(0.315213666782,0.737067391477,0.733130718557
    ));
#7289 = CARTESIAN_POINT('',(0.319735606051,0.737008234881,0.733806881551
    ));
#7290 = CARTESIAN_POINT('',(0.324908767462,0.737005037145,0.733843431842
    ));
#7291 = ORIENTED_EDGE('',*,*,#7292,.T.);
#7292 = EDGE_CURVE('',#7284,#7293,#7295,.T.);
#7293 = VERTEX_POINT('',#7294);
#7294 = CARTESIAN_POINT('',(0.399493173327,0.739664296683,0.703447956234
    ));
#7295 = B_SPLINE_CURVE_WITH_KNOTS('',3,(#7296,#7297,#7298,#7299),
  .UNSPECIFIED.,.F.,.F.,(4,4),(5.,6.),.PIECEWISE_BEZIER_KNOTS.);
#7296 = CARTESIAN_POINT('',(0.324908767462,0.737005037145,0.733843431842
    ));
#7297 = CARTESIAN_POINT('',(0.352714537798,0.736987849296,0.734039889851
    ));
#7298 = CARTESIAN_POINT('',(0.379304977733,0.737929561982,0.723276064592
    ));
#7299 = CARTESIAN_POINT('',(0.399493173327,0.739664296683,0.703447956234
    ));
#7300 = ORIENTED_EDGE('',*,*,#7301,.T.);
#7301 = EDGE_CURVE('',#7293,#7302,#7304,.T.);
#7302 = VERTEX_POINT('',#7303);
#7303 = CARTESIAN_POINT('',(0.430408374481,0.746070423163,0.63022559551)
  );
#7304 = B_SPLINE_CURVE_WITH_KNOTS('',3,(#7305,#7306,#7307,#7308),
  .UNSPECIFIED.,.F.,.F.,(4,4),(6.,7.),.PIECEWISE_BEZIER_KNOTS.);
#7305 = CARTESIAN_POINT('',(0.399493173327,0.739664296683,0.703447956234
    ));
#7306 = CARTESIAN_POINT('',(0.419030151318,0.741343071445,0.6842594729)
  );
#7307 = CARTESIAN_POINT('',(0.430211166078,0.743646991134,0.657925550351
    ));
#7308 = CARTESIAN_POINT('',(0.430408374481,0.746070423163,0.63022559551)
  );
#7309 = ORIENTED_EDGE('',*,*,#7310,.T.);
#7310 = EDGE_CURVE('',#7302,#7311,#7313,.T.);
#7311 = VERTEX_POINT('',#7312);
#7312 = CARTESIAN_POINT('',(0.403749152758,0.752230329491,0.559817543996
    ));
#7313 = B_SPLINE_CURVE_WITH_KNOTS('',3,(#7314,#7315,#7316,#7317),
  .UNSPECIFIED.,.F.,.F.,(4,4),(7.,8.),.PIECEWISE_BEZIER_KNOTS.);
#7314 = CARTESIAN_POINT('',(0.430408374481,0.746070423163,0.63022559551)
  );
#7315 = CARTESIAN_POINT('',(0.430591824191,0.748324778939,0.604458191085
    ));
#7316 = CARTESIAN_POINT('',(0.421071000832,0.750528772441,0.579266430081
    ));
#7317 = CARTESIAN_POINT('',(0.403749152758,0.752230329491,0.559817543996
    ));
#7318 = ORIENTED_EDGE('',*,*,#7319,.T.);
#7319 = EDGE_CURVE('',#7311,#7320,#7322,.T.);
#7320 = VERTEX_POINT('',#7321);
#7321 = CARTESIAN_POINT('',(0.352237628928,0.754967533383,0.528531160345
    ));
#7322 = B_SPLINE_CURVE_WITH_KNOTS('',3,(#7323,#7324,#7325,#7326),
  .UNSPECIFIED.,.F.,.F.,(4,4),(8.,9.),.PIECEWISE_BEZIER_KNOTS.);
#7323 = CARTESIAN_POINT('',(0.403749152758,0.752230329491,0.559817543996
    ));
#7324 = CARTESIAN_POINT('',(0.38963301644,0.753591737599,0.544256578124)
  );
#7325 = CARTESIAN_POINT('',(0.372246954907,0.754504271421,0.533826268801
    ));
#7326 = CARTESIAN_POINT('',(0.352237628928,0.754967533383,0.528531160345
    ));
#7327 = ORIENTED_EDGE('',*,*,#7328,.T.);
#7328 = EDGE_CURVE('',#7320,#7329,#7331,.T.);
#7329 = VERTEX_POINT('',#7330);
#7330 = CARTESIAN_POINT('',(0.291118136889,0.758837910928,0.484292542577
    ));
#7331 = B_SPLINE_CURVE_WITH_KNOTS('',3,(#7332,#7333,#7334,#7335),
  .UNSPECIFIED.,.F.,.F.,(4,4),(9.,10.),.PIECEWISE_BEZIER_KNOTS.);
#7332 = CARTESIAN_POINT('',(0.352237628928,0.754967533383,0.528531160345
    ));
#7333 = CARTESIAN_POINT('',(0.344014682094,0.757227085486,0.502704361632
    ));
#7334 = CARTESIAN_POINT('',(0.319570561652,0.758820323357,0.484493569438
    ));
#7335 = CARTESIAN_POINT('',(0.291118136889,0.758837910928,0.484292542577
    ));
#7336 = ORIENTED_EDGE('',*,*,#7337,.T.);
#7337 = EDGE_CURVE('',#7329,#7338,#7340,.T.);
#7338 = VERTEX_POINT('',#7339);
#7339 = CARTESIAN_POINT('',(0.225994933306,0.753241993228,0.548254174568
    ));
#7340 = B_SPLINE_CURVE_WITH_KNOTS('',3,(#7341,#7342,#7343,#7344),
  .UNSPECIFIED.,.F.,.F.,(4,4),(10.,11.),.PIECEWISE_BEZIER_KNOTS.);
#7341 = CARTESIAN_POINT('',(0.291118136889,0.758837910928,0.484292542577
    ));
#7342 = CARTESIAN_POINT('',(0.255552618269,0.758859895385,0.484041259088
    ));
#7343 = CARTESIAN_POINT('',(0.226247176657,0.75634173242,0.512823993484)
  );
#7344 = CARTESIAN_POINT('',(0.225994933306,0.753241993228,0.548254174568
    ));
#7345 = ORIENTED_EDGE('',*,*,#7346,.T.);
#7346 = EDGE_CURVE('',#7338,#7347,#7349,.T.);
#7347 = VERTEX_POINT('',#7348);
#7348 = CARTESIAN_POINT('',(0.225949070878,0.752678404284,0.554696025675
    ));
#7349 = B_SPLINE_CURVE_WITH_KNOTS('',3,(#7350,#7351,#7352,#7353),
  .UNSPECIFIED.,.F.,.F.,(4,4),(11.,12.),.PIECEWISE_BEZIER_KNOTS.);
#7350 = CARTESIAN_POINT('',(0.225994933306,0.753241993228,0.548254174568
    ));
#7351 = CARTESIAN_POINT('',(0.225981174613,0.753072916975,0.550186724986
    ));
#7352 = CARTESIAN_POINT('',(0.225967415919,0.752903840722,0.552119275403
    ));
#7353 = CARTESIAN_POINT('',(0.225949070878,0.752678404284,0.554696025675
    ));
#7354 = ORIENTED_EDGE('',*,*,#7355,.T.);
#7355 = EDGE_CURVE('',#7347,#7356,#7358,.T.);
#7356 = VERTEX_POINT('',#7357);
#7357 = CARTESIAN_POINT('',(0.135079277901,0.748563806749,0.601726090705
    ));
#7358 = B_SPLINE_CURVE_WITH_KNOTS('',1,(#7359,#7360),.UNSPECIFIED.,.F.,
  .F.,(2,2),(0.,0.10240154396),.PIECEWISE_BEZIER_KNOTS.);
#7359 = CARTESIAN_POINT('',(0.225949070878,0.752678404284,0.554696025675
    ));
#7360 = CARTESIAN_POINT('',(0.135079277901,0.748563806749,0.601726090705
    ));
#7361 = ORIENTED_EDGE('',*,*,#7362,.T.);
#7362 = EDGE_CURVE('',#7356,#7363,#7365,.T.);
#7363 = VERTEX_POINT('',#7364);
#7364 = CARTESIAN_POINT('',(0.154882216702,0.745564393469,0.636009541382
    ));
#7365 = B_SPLINE_CURVE_WITH_KNOTS('',1,(#7366,#7367),.UNSPECIFIED.,.F.,
  .F.,(2,2),(0.,3.970526231494E-02),.PIECEWISE_BEZIER_KNOTS.);
#7366 = CARTESIAN_POINT('',(0.135079277901,0.748563806749,0.601726090705
    ));
#7367 = CARTESIAN_POINT('',(0.154882216702,0.745564393469,0.636009541382
    ));
#7368 = ORIENTED_EDGE('',*,*,#7369,.T.);
#7369 = EDGE_CURVE('',#7363,#7370,#7372,.T.);
#7370 = VERTEX_POINT('',#7371);
#7371 = CARTESIAN_POINT('',(0.241853787501,0.749455953947,0.591528801575
    ));
#7372 = B_SPLINE_CURVE_WITH_KNOTS('',1,(#7373,#7374),.UNSPECIFIED.,.F.,
  .F.,(2,2),(0.,9.776366699299E-02),.PIECEWISE_BEZIER_KNOTS.);
#7373 = CARTESIAN_POINT('',(0.154882216702,0.745564393469,0.636009541382
    ));
#7374 = CARTESIAN_POINT('',(0.241853787501,0.749455953947,0.591528801575
    ));
#7375 = ORIENTED_EDGE('',*,*,#7376,.T.);
#7376 = EDGE_CURVE('',#7370,#7377,#7379,.T.);
#7377 = VERTEX_POINT('',#7378);
#7378 = CARTESIAN_POINT('',(0.290196289747,0.747509772948,0.613773752182
    ));
#7379 = B_SPLINE_CURVE_WITH_KNOTS('',3,(#7380,#7381,#7382,#7383),
  .UNSPECIFIED.,.F.,.F.,(4,4),(15.,16.),.PIECEWISE_BEZIER_KNOTS.);
#7380 = CARTESIAN_POINT('',(0.241853787501,0.749455953947,0.591528801575
    ));
#7381 = CARTESIAN_POINT('',(0.253397095728,0.74826522204,0.605138929553)
  );
#7382 = CARTESIAN_POINT('',(0.270796915954,0.74752176447,0.613636688461)
  );
#7383 = CARTESIAN_POINT('',(0.290196289747,0.747509772948,0.613773752182
    ));
#7384 = ORIENTED_EDGE('',*,*,#7385,.T.);
#7385 = EDGE_CURVE('',#7377,#7386,#7388,.T.);
#7386 = VERTEX_POINT('',#7387);
#7387 = CARTESIAN_POINT('',(0.351283683869,0.75119188676,0.571686998732)
  );
#7388 = B_SPLINE_CURVE_WITH_KNOTS('',3,(#7389,#7390,#7391,#7392),
  .UNSPECIFIED.,.F.,.F.,(4,4),(16.,17.),.PIECEWISE_BEZIER_KNOTS.);
#7389 = CARTESIAN_POINT('',(0.290196289747,0.747509772948,0.613773752182
    ));
#7390 = CARTESIAN_POINT('',(0.31800206625,0.747492585096,0.613970210234)
  );
#7391 = CARTESIAN_POINT('',(0.342056367956,0.74905584417,0.596102077256)
  );
#7392 = CARTESIAN_POINT('',(0.351283683869,0.75119188676,0.571686998732)
  );
#7393 = ORIENTED_EDGE('',*,*,#7394,.T.);
#7394 = EDGE_CURVE('',#7386,#7395,#7397,.T.);
#7395 = VERTEX_POINT('',#7396);
#7396 = CARTESIAN_POINT('',(0.389660497087,0.745982885002,0.631226161266
    ));
#7397 = B_SPLINE_CURVE_WITH_KNOTS('',3,(#7398,#7399,#7400,#7401),
  .UNSPECIFIED.,.F.,.F.,(4,4),(17.,18.),.PIECEWISE_BEZIER_KNOTS.);
#7398 = CARTESIAN_POINT('',(0.351283683869,0.75119188676,0.571686998732)
  );
#7399 = CARTESIAN_POINT('',(0.373842906726,0.750276154126,0.582153870634
    ));
#7400 = CARTESIAN_POINT('',(0.389848533057,0.748293599887,0.604814569273
    ));
#7401 = CARTESIAN_POINT('',(0.389660497087,0.745982885002,0.631226161266
    ));
#7402 = ORIENTED_EDGE('',*,*,#7403,.T.);
#7403 = EDGE_CURVE('',#7395,#7404,#7406,.T.);
#7404 = VERTEX_POINT('',#7405);
#7405 = CARTESIAN_POINT('',(0.324537293504,0.740386967302,0.695187793257
    ));
#7406 = B_SPLINE_CURVE_WITH_KNOTS('',3,(#7407,#7408,#7409,#7410),
  .UNSPECIFIED.,.F.,.F.,(4,4),(18.,19.),.PIECEWISE_BEZIER_KNOTS.);
#7407 = CARTESIAN_POINT('',(0.389660497087,0.745982885002,0.631226161266
    ));
#7408 = CARTESIAN_POINT('',(0.389408253736,0.742883145811,0.66665634235)
  );
#7409 = CARTESIAN_POINT('',(0.360102812124,0.740364982846,0.695439076746
    ));
#7410 = CARTESIAN_POINT('',(0.324537293504,0.740386967302,0.695187793257
    ));
#7411 = ORIENTED_EDGE('',*,*,#7412,.T.);
#7412 = EDGE_CURVE('',#7404,#7413,#7415,.T.);
#7413 = VERTEX_POINT('',#7414);
#7414 = CARTESIAN_POINT('',(0.290333865045,0.741253535737,0.685282870725
    ));
#7415 = B_SPLINE_CURVE_WITH_KNOTS('',3,(#7416,#7417,#7418,#7419),
  .UNSPECIFIED.,.F.,.F.,(4,4),(19.,20.),.PIECEWISE_BEZIER_KNOTS.);
#7416 = CARTESIAN_POINT('',(0.324537293504,0.740386967302,0.695187793257
    ));
#7417 = CARTESIAN_POINT('',(0.312251025902,0.740394561931,0.695100986251
    ));
#7418 = CARTESIAN_POINT('',(0.299992275774,0.740740310141,0.691149066125
    ));
#7419 = CARTESIAN_POINT('',(0.290333865045,0.741253535737,0.685282870725
    ));
#7420 = ORIENTED_EDGE('',*,*,#7421,.T.);
#7421 = EDGE_CURVE('',#7413,#7422,#7424,.T.);
#7422 = VERTEX_POINT('',#7423);
#7423 = CARTESIAN_POINT('',(0.203243064513,0.735896647007,0.746512389092
    ));
#7424 = B_SPLINE_CURVE_WITH_KNOTS('',3,(#7425,#7426,#7427,#7428),
  .UNSPECIFIED.,.F.,.F.,(4,4),(20.,21.),.PIECEWISE_BEZIER_KNOTS.);
#7425 = CARTESIAN_POINT('',(0.290333865045,0.741253535737,0.685282870725
    ));
#7426 = CARTESIAN_POINT('',(0.277790780428,0.738105035282,0.721270395599
    ));
#7427 = CARTESIAN_POINT('',(0.243981744545,0.735871464814,0.746800222872
    ));
#7428 = CARTESIAN_POINT('',(0.203243064513,0.735896647007,0.746512389092
    ));
#7429 = ORIENTED_EDGE('',*,*,#7430,.T.);
#7430 = EDGE_CURVE('',#7422,#7431,#7433,.T.);
#7431 = VERTEX_POINT('',#7432);
#7432 = CARTESIAN_POINT('',(0.113285933823,0.74299746924,0.665349619567)
  );
#7433 = B_SPLINE_CURVE_WITH_KNOTS('',3,(#7434,#7435,#7436,#7437),
  .UNSPECIFIED.,.F.,.F.,(4,4),(21.,22.),.PIECEWISE_BEZIER_KNOTS.);
#7434 = CARTESIAN_POINT('',(0.203243064513,0.735896647007,0.746512389092
    ));
#7435 = CARTESIAN_POINT('',(0.156684562477,0.735925426662,0.746183436127
    ));
#7436 = CARTESIAN_POINT('',(0.118138058243,0.739049148897,0.710479127601
    ));
#7437 = CARTESIAN_POINT('',(0.113285933823,0.74299746924,0.665349619567)
  );
#7438 = ORIENTED_EDGE('',*,*,#7439,.T.);
#7439 = EDGE_CURVE('',#7431,#7440,#7442,.T.);
#7440 = VERTEX_POINT('',#7441);
#7441 = CARTESIAN_POINT('',(0.108112772412,0.743000666977,0.665313069276
    ));
#7442 = B_SPLINE_CURVE_WITH_KNOTS('',3,(#7443,#7444,#7445,#7446),
  .UNSPECIFIED.,.F.,.F.,(4,4),(22.,23.),.PIECEWISE_BEZIER_KNOTS.);
#7443 = CARTESIAN_POINT('',(0.113285933823,0.74299746924,0.665349619567)
  );
#7444 = CARTESIAN_POINT('',(0.111346001378,0.74299866839,0.66533591323)
  );
#7445 = CARTESIAN_POINT('',(0.110052704858,0.742999467827,0.665326775613
    ));
#7446 = CARTESIAN_POINT('',(0.108112772412,0.743000666977,0.665313069276
    ));
#7447 = ORIENTED_EDGE('',*,*,#7448,.T.);
#7448 = EDGE_CURVE('',#7440,#7449,#7451,.T.);
#7449 = VERTEX_POINT('',#7450);
#7450 = CARTESIAN_POINT('',(5.80321323836E-02,0.747427838263,
    0.614710269923));
#7451 = B_SPLINE_CURVE_WITH_KNOTS('',3,(#7452,#7453,#7454,#7455),
  .UNSPECIFIED.,.F.,.F.,(4,4),(23.,24.),.PIECEWISE_BEZIER_KNOTS.);
#7452 = CARTESIAN_POINT('',(0.108112772412,0.743000666977,0.665313069276
    ));
#7453 = CARTESIAN_POINT('',(8.030700824286E-02,0.743017854821,
    0.665116611311));
#7454 = CARTESIAN_POINT('',(5.783492398075E-02,0.745004406234,
    0.642410224765));
#7455 = CARTESIAN_POINT('',(5.80321323836E-02,0.747427838263,
    0.614710269923));
#7456 = ORIENTED_EDGE('',*,*,#7457,.T.);
#7457 = EDGE_CURVE('',#7449,#7458,#7460,.T.);
#7458 = VERTEX_POINT('',#7459);
#7459 = CARTESIAN_POINT('',(0.104948361318,0.75179505194,0.564792789175)
  );
#7460 = B_SPLINE_CURVE_WITH_KNOTS('',3,(#7461,#7462,#7463,#7464),
  .UNSPECIFIED.,.F.,.F.,(4,4),(24.,25.),.PIECEWISE_BEZIER_KNOTS.);
#7461 = CARTESIAN_POINT('',(5.80321323836E-02,0.747427838263,
    0.614710269923));
#7462 = CARTESIAN_POINT('',(5.822016835345E-02,0.749738553148,
    0.58829867793));
#7463 = CARTESIAN_POINT('',(7.842211030804E-02,0.751642364109,
    0.566538019069));
#7464 = CARTESIAN_POINT('',(0.104948361318,0.75179505194,0.564792789175)
  );
#7465 = ORIENTED_EDGE('',*,*,#7466,.T.);
#7466 = EDGE_CURVE('',#7458,#7467,#7469,.T.);
#7467 = VERTEX_POINT('',#7468);
#7468 = CARTESIAN_POINT('',(0.134047422007,0.751777064657,0.564998384756
    ));
#7469 = B_SPLINE_CURVE_WITH_KNOTS('',1,(#7470,#7471),.UNSPECIFIED.,.F.,
  .F.,(2,2),(-2.775487756806E-17,2.909979254341E-02),
  .PIECEWISE_BEZIER_KNOTS.);
#7470 = CARTESIAN_POINT('',(0.104948361318,0.75179505194,0.564792789175)
  );
#7471 = CARTESIAN_POINT('',(0.134047422007,0.751777064657,0.564998384756
    ));
#7472 = ORIENTED_EDGE('',*,*,#7473,.T.);
#7473 = EDGE_CURVE('',#7467,#7474,#7476,.T.);
#7474 = VERTEX_POINT('',#7475);
#7475 = CARTESIAN_POINT('',(0.137922700726,0.751718308325,0.565669972712
    ));
#7476 = B_SPLINE_CURVE_WITH_KNOTS('',3,(#7477,#7478,#7479,#7480),
  .UNSPECIFIED.,.F.,.F.,(4,4),(26.,27.),.PIECEWISE_BEZIER_KNOTS.);
#7477 = CARTESIAN_POINT('',(0.134047422007,0.751777064657,0.564998384756
    ));
#7478 = CARTESIAN_POINT('',(0.135340718527,0.751776265219,0.565007522373
    ));
#7479 = CARTESIAN_POINT('',(0.136629428874,0.751719107747,0.56566083527)
  );
#7480 = CARTESIAN_POINT('',(0.137922700726,0.751718308325,0.565669972712
    ));
#7481 = ORIENTED_EDGE('',*,*,#7482,.T.);
#7482 = EDGE_CURVE('',#7474,#7483,#7485,.T.);
#7483 = VERTEX_POINT('',#7484);
#7484 = CARTESIAN_POINT('',(0.1581108839,0.753453041958,0.545841876554)
  );
#7485 = B_SPLINE_CURVE_WITH_KNOTS('',3,(#7486,#7487,#7488,#7489),
  .UNSPECIFIED.,.F.,.F.,(4,4),(27.,28.),.PIECEWISE_BEZIER_KNOTS.);
#7486 = CARTESIAN_POINT('',(0.137922700726,0.751718308325,0.565669972712
    ));
#7487 = CARTESIAN_POINT('',(0.148915684142,0.751711513126,0.565747642189
    ));
#7488 = CARTESIAN_POINT('',(0.158032917913,0.752494942473,0.556793003776
    ));
#7489 = CARTESIAN_POINT('',(0.1581108839,0.753453041958,0.545841876554)
  );
#7490 = ORIENTED_EDGE('',*,*,#7491,.T.);
#7491 = EDGE_CURVE('',#7483,#7492,#7494,.T.);
#7492 = VERTEX_POINT('',#7493);
#7493 = CARTESIAN_POINT('',(0.139500319488,0.755211758634,0.525739652954
    ));
#7494 = B_SPLINE_CURVE_WITH_KNOTS('',3,(#7495,#7496,#7497,#7498),
  .UNSPECIFIED.,.F.,.F.,(4,4),(28.,29.),.PIECEWISE_BEZIER_KNOTS.);
#7495 = CARTESIAN_POINT('',(0.1581108839,0.753453041958,0.545841876554)
  );
#7496 = CARTESIAN_POINT('',(0.158184263713,0.754354783408,0.535534924614
    ));
#7497 = CARTESIAN_POINT('',(0.149842080805,0.755149005112,0.526456928991
    ));
#7498 = CARTESIAN_POINT('',(0.139500319488,0.755211758634,0.525739652954
    ));
#7499 = ORIENTED_EDGE('',*,*,#7500,.T.);
#7500 = EDGE_CURVE('',#7492,#7501,#7503,.T.);
#7501 = VERTEX_POINT('',#7502);
#7502 = CARTESIAN_POINT('',(0.101348232496,0.755235341951,0.525470094407
    ));
#7503 = B_SPLINE_CURVE_WITH_KNOTS('',1,(#7504,#7505),.UNSPECIFIED.,.F.,
  .F.,(2,2),(2.853927129909E-17,3.815304653391E-02),
  .PIECEWISE_BEZIER_KNOTS.);
#7504 = CARTESIAN_POINT('',(0.139500319488,0.755211758634,0.525739652954
    ));
#7505 = CARTESIAN_POINT('',(0.101348232496,0.755235341951,0.525470094407
    ));
#7506 = ORIENTED_EDGE('',*,*,#7507,.T.);
#7507 = EDGE_CURVE('',#7501,#7508,#7510,.T.);
#7508 = VERTEX_POINT('',#7509);
#7509 = CARTESIAN_POINT('',(4.22970942692E-02,0.75273556598,
    0.554042664501));
#7510 = B_SPLINE_CURVE_WITH_KNOTS('',3,(#7511,#7512,#7513,#7514),
  .UNSPECIFIED.,.F.,.F.,(4,4),(33.,34.),.PIECEWISE_BEZIER_KNOTS.);
#7511 = CARTESIAN_POINT('',(0.101348232496,0.755235341951,0.525470094407
    ));
#7512 = CARTESIAN_POINT('',(7.870187104523E-02,0.755080255807,
    0.52724273715));
#7513 = CARTESIAN_POINT('',(5.79358207437E-02,0.754191303166,
    0.537403512327));
#7514 = CARTESIAN_POINT('',(4.22970942692E-02,0.75273556598,
    0.554042664501));
#7515 = ORIENTED_EDGE('',*,*,#7516,.T.);
#7516 = EDGE_CURVE('',#7508,#7237,#7517,.T.);
#7517 = B_SPLINE_CURVE_WITH_KNOTS('',3,(#7518,#7519,#7520,#7521),
  .UNSPECIFIED.,.F.,.F.,(4,4),(34.,35.),.PIECEWISE_BEZIER_KNOTS.);
#7518 = CARTESIAN_POINT('',(4.22970942692E-02,0.75273556598,
    0.554042664501));
#7519 = CARTESIAN_POINT('',(2.66583431265E-02,0.75127982881,
    0.570681816501));
#7520 = CARTESIAN_POINT('',(1.809602042671E-02,0.749368821863,
    0.592524725847));
#7521 = CARTESIAN_POINT('',(1.79355019308E-02,0.74739626056,
    0.615071204719));
#7522 = FACE_BOUND('',#7523,.T.);
#7523 = EDGE_LOOP('',(#7524,#7538));
#7524 = ORIENTED_EDGE('',*,*,#7525,.F.);
#7525 = EDGE_CURVE('',#7526,#7528,#7530,.T.);
#7526 = VERTEX_POINT('',#7527);
#7527 = CARTESIAN_POINT('',(0.291489610934,0.755455981846,0.522948168875
    ));
#7528 = VERTEX_POINT('',#7529);
#7529 = CARTESIAN_POINT('',(0.291131883861,0.751059986363,0.573194627162
    ));
#7530 = B_SPLINE_CURVE_WITH_KNOTS('',3,(#7531,#7532,#7533,#7534,#7535,
    #7536,#7537),.UNSPECIFIED.,.F.,.F.,(4,3,4),(0.,1.,2.),
  .PIECEWISE_BEZIER_KNOTS.);
#7531 = CARTESIAN_POINT('',(0.291489610934,0.755455981846,0.522948168875
    ));
#7532 = CARTESIAN_POINT('',(0.277263410887,0.755464775624,0.522847655532
    ));
#7533 = CARTESIAN_POINT('',(0.266187874961,0.754457109003,0.534365337705
    ));
#7534 = CARTESIAN_POINT('',(0.266091563934,0.753273573081,0.547893215198
    ));
#7535 = CARTESIAN_POINT('',(0.265990666559,0.752033676975,0.562065292547
    ));
#7536 = CARTESIAN_POINT('',(0.277552319739,0.75106838043,0.57309868254)
  );
#7537 = CARTESIAN_POINT('',(0.291131883861,0.751059986363,0.573194627162
    ));
#7538 = ORIENTED_EDGE('',*,*,#7539,.F.);
#7539 = EDGE_CURVE('',#7528,#7526,#7540,.T.);
#7540 = B_SPLINE_CURVE_WITH_KNOTS('',3,(#7541,#7542,#7543,#7544,#7545,
    #7546),.UNSPECIFIED.,.F.,.F.,(4,2,4),(2.,3.,4.),.UNSPECIFIED.);
#7541 = CARTESIAN_POINT('',(0.291131883861,0.751059986363,0.573194627162
    ));
#7542 = CARTESIAN_POINT('',(0.304711447982,0.751051592296,0.573290571784
    ));
#7543 = CARTESIAN_POINT('',(0.316429033486,0.752002499021,0.562421658187
    ));
#7544 = CARTESIAN_POINT('',(0.316630828236,0.754482291234,0.53407750349)
  );
#7545 = CARTESIAN_POINT('',(0.305069175056,0.755447587779,0.523044113497
    ));
#7546 = CARTESIAN_POINT('',(0.291489610934,0.755455981846,0.522948168875
    ));
#7547 = B_SPLINE_SURFACE_WITH_KNOTS('',1,1,(
    (#7548,#7549)
    ,(#7550,#7551
    )),.UNSPECIFIED.,.F.,.F.,.F.,(2,2),(2,2),(-0.118277736686,
    0.184201118816),(-1.805676931157E-02,0.394599552948),
  .PIECEWISE_BEZIER_KNOTS.);
#7548 = CARTESIAN_POINT('',(1.79355019308E-02,0.732497126068,
    0.785369091224));
#7549 = CARTESIAN_POINT('',(0.430591824191,0.732497126068,0.785369091224
    ));
#7550 = CARTESIAN_POINT('',(1.79355019308E-02,0.758859895385,
    0.484041259088));
#7551 = CARTESIAN_POINT('',(0.430591824191,0.758859895385,0.484041259088
    ));
#7552 = ADVANCED_FACE('',(#7553),#7567,.F.);
#7553 = FACE_BOUND('',#7554,.F.);
#7554 = EDGE_LOOP('',(#7555,#7560,#7561,#7566));
#7555 = ORIENTED_EDGE('',*,*,#7556,.F.);
#7556 = EDGE_CURVE('',#7237,#309,#7557,.T.);
#7557 = B_SPLINE_CURVE_WITH_KNOTS('',1,(#7558,#7559),.UNSPECIFIED.,.F.,
  .F.,(2,2),(-0.,1.E-03),.PIECEWISE_BEZIER_KNOTS.);
#7558 = CARTESIAN_POINT('',(1.79355019308E-02,0.74739626056,
    0.615071204719));
#7559 = CARTESIAN_POINT('',(1.79355019308E-02,0.746400065862,
    0.614984048976));
#7560 = ORIENTED_EDGE('',*,*,#7236,.T.);
#7561 = ORIENTED_EDGE('',*,*,#7562,.T.);
#7562 = EDGE_CURVE('',#7239,#298,#7563,.T.);
#7563 = B_SPLINE_CURVE_WITH_KNOTS('',1,(#7564,#7565),.UNSPECIFIED.,.F.,
  .F.,(2,2),(-0.,1.E-03),.PIECEWISE_BEZIER_KNOTS.);
#7564 = CARTESIAN_POINT('',(8.135262300451E-02,0.739973675317,
    0.699911742269));
#7565 = CARTESIAN_POINT('',(8.135262300451E-02,0.738977480619,
    0.699824586526));
#7566 = ORIENTED_EDGE('',*,*,#308,.F.);
#7567 = B_SPLINE_SURFACE_WITH_KNOTS('',3,1,(
    (#7568,#7569)
    ,(#7570,#7571)
    ,(#7572,#7573)
    ,(#7574,#7575
    )),.UNSPECIFIED.,.F.,.F.,.F.,(4,4),(2,2),(35.,36.),(0.,1.),
  .PIECEWISE_BEZIER_KNOTS.);
#7568 = CARTESIAN_POINT('',(1.79355019308E-02,0.74739626056,
    0.615071204719));
#7569 = CARTESIAN_POINT('',(1.79355019308E-02,0.746400065862,
    0.614984048976));
#7570 = CARTESIAN_POINT('',(1.830696346754E-02,0.744014329335,
    0.653726855503));
#7571 = CARTESIAN_POINT('',(1.830696346754E-02,0.743018134637,
    0.653639699761));
#7572 = CARTESIAN_POINT('',(4.4576384867E-02,0.741010918865,
    0.688055994262));
#7573 = CARTESIAN_POINT('',(4.4576384867E-02,0.740014724167,
    0.687968838519));
#7574 = CARTESIAN_POINT('',(8.135262300451E-02,0.739973675317,
    0.699911742269));
#7575 = CARTESIAN_POINT('',(8.135262300451E-02,0.738977480619,
    0.699824586526));
#7576 = ADVANCED_FACE('',(#7577),#7587,.F.);
#7577 = FACE_BOUND('',#7578,.F.);
#7578 = EDGE_LOOP('',(#7579,#7580,#7581,#7586));
#7579 = ORIENTED_EDGE('',*,*,#7562,.F.);
#7580 = ORIENTED_EDGE('',*,*,#7247,.T.);
#7581 = ORIENTED_EDGE('',*,*,#7582,.T.);
#7582 = EDGE_CURVE('',#7248,#300,#7583,.T.);
#7583 = B_SPLINE_CURVE_WITH_KNOTS('',1,(#7584,#7585),.UNSPECIFIED.,.F.,
  .F.,(2,2),(-0.,9.999999999999E-04),.PIECEWISE_BEZIER_KNOTS.);
#7584 = CARTESIAN_POINT('',(0.115909192517,0.735499737861,0.751049081389
    ));
#7585 = CARTESIAN_POINT('',(0.115909192517,0.734503543163,0.750961925647
    ));
#7586 = ORIENTED_EDGE('',*,*,#297,.F.);
#7587 = B_SPLINE_SURFACE_WITH_KNOTS('',3,1,(
    (#7588,#7589)
    ,(#7590,#7591)
    ,(#7592,#7593)
    ,(#7594,#7595
    )),.UNSPECIFIED.,.F.,.F.,.F.,(4,4),(2,2),(0.,1.),(0.,1.),
  .PIECEWISE_BEZIER_KNOTS.);
#7588 = CARTESIAN_POINT('',(8.135262300451E-02,0.739973675317,
    0.699911742269));
#7589 = CARTESIAN_POINT('',(8.135262300451E-02,0.738977480619,
    0.699824586526));
#7590 = CARTESIAN_POINT('',(8.832812957921E-02,0.7382785116,
    0.719287552215));
#7591 = CARTESIAN_POINT('',(8.832812957921E-02,0.737282316902,
    0.719200396472));
#7592 = CARTESIAN_POINT('',(0.10049058097,0.736749226922,0.736767356066)
  );
#7593 = CARTESIAN_POINT('',(0.10049058097,0.735753032224,0.736680200324)
  );
#7594 = CARTESIAN_POINT('',(0.115909192517,0.735499737861,0.751049081389
    ));
#7595 = CARTESIAN_POINT('',(0.115909192517,0.734503543163,0.750961925647
    ));
#7596 = ADVANCED_FACE('',(#7597),#7607,.F.);
#7597 = FACE_BOUND('',#7598,.F.);
#7598 = EDGE_LOOP('',(#7599,#7600,#7601,#7606));
#7599 = ORIENTED_EDGE('',*,*,#7582,.F.);
#7600 = ORIENTED_EDGE('',*,*,#7256,.T.);
#7601 = ORIENTED_EDGE('',*,*,#7602,.T.);
#7602 = EDGE_CURVE('',#7257,#569,#7603,.T.);
#7603 = B_SPLINE_CURVE_WITH_KNOTS('',1,(#7604,#7605),.UNSPECIFIED.,.F.,
  .F.,(2,2),(-0.,1.E-03),.PIECEWISE_BEZIER_KNOTS.);
#7604 = CARTESIAN_POINT('',(0.203614525875,0.732514713632,0.785168064451
    ));
#7605 = CARTESIAN_POINT('',(0.203614525875,0.731518518934,0.785080908708
    ));
#7606 = ORIENTED_EDGE('',*,*,#577,.F.);
#7607 = B_SPLINE_SURFACE_WITH_KNOTS('',3,1,(
    (#7608,#7609)
    ,(#7610,#7611)
    ,(#7612,#7613)
    ,(#7614,#7615
    )),.UNSPECIFIED.,.F.,.F.,.F.,(4,4),(2,2),(1.,2.),(0.,1.),
  .PIECEWISE_BEZIER_KNOTS.);
#7608 = CARTESIAN_POINT('',(0.115909192517,0.735499737861,0.751049081389
    ));
#7609 = CARTESIAN_POINT('',(0.115909192517,0.734503543163,0.750961925647
    ));
#7610 = CARTESIAN_POINT('',(0.140330381697,0.733624704913,0.772480806049
    ));
#7611 = CARTESIAN_POINT('',(0.140330381697,0.732628510215,0.772393650306
    ));
#7612 = CARTESIAN_POINT('',(0.171282236221,0.732534699501,0.784939624915
    ));
#7613 = CARTESIAN_POINT('',(0.171282236221,0.731538504803,0.784852469173
    ));
#7614 = CARTESIAN_POINT('',(0.203614525875,0.732514713632,0.785168064451
    ));
#7615 = CARTESIAN_POINT('',(0.203614525875,0.731518518934,0.785080908708
    ));
#7616 = ADVANCED_FACE('',(#7617),#7627,.F.);
#7617 = FACE_BOUND('',#7618,.F.);
#7618 = EDGE_LOOP('',(#7619,#7620,#7621,#7626));
#7619 = ORIENTED_EDGE('',*,*,#7602,.F.);
#7620 = ORIENTED_EDGE('',*,*,#7265,.T.);
#7621 = ORIENTED_EDGE('',*,*,#7622,.T.);
#7622 = EDGE_CURVE('',#7266,#560,#7623,.T.);
#7623 = B_SPLINE_CURVE_WITH_KNOTS('',1,(#7624,#7625),.UNSPECIFIED.,.F.,
  .F.,(2,2),(-0.,1.E-03),.PIECEWISE_BEZIER_KNOTS.);
#7624 = CARTESIAN_POINT('',(0.281390884517,0.73466474448,0.760593099406)
  );
#7625 = CARTESIAN_POINT('',(0.281390884517,0.733668549782,0.760505943663
    ));
#7626 = ORIENTED_EDGE('',*,*,#568,.F.);
#7627 = B_SPLINE_SURFACE_WITH_KNOTS('',3,1,(
    (#7628,#7629)
    ,(#7630,#7631)
    ,(#7632,#7633)
    ,(#7634,#7635
    )),.UNSPECIFIED.,.F.,.F.,.F.,(4,4),(2,2),(2.,3.),(0.,1.),
  .PIECEWISE_BEZIER_KNOTS.);
#7628 = CARTESIAN_POINT('',(0.203614525875,0.732514713632,0.785168064451
    ));
#7629 = CARTESIAN_POINT('',(0.203614525875,0.731518518934,0.785080908708
    ));
#7630 = CARTESIAN_POINT('',(0.232066938304,0.732497126068,0.785369091224
    ));
#7631 = CARTESIAN_POINT('',(0.232066938304,0.73150093137,0.785281935481)
  );
#7632 = CARTESIAN_POINT('',(0.258643625685,0.733269762161,0.776537820265
    ));
#7633 = CARTESIAN_POINT('',(0.258643625685,0.732273567463,0.776450664523
    ));
#7634 = CARTESIAN_POINT('',(0.281390884517,0.73466474448,0.760593099406)
  );
#7635 = CARTESIAN_POINT('',(0.281390884517,0.733668549782,0.760505943663
    ));
#7636 = ADVANCED_FACE('',(#7637),#7647,.F.);
#7637 = FACE_BOUND('',#7638,.F.);
#7638 = EDGE_LOOP('',(#7639,#7640,#7641,#7646));
#7639 = ORIENTED_EDGE('',*,*,#7622,.F.);
#7640 = ORIENTED_EDGE('',*,*,#7274,.T.);
#7641 = ORIENTED_EDGE('',*,*,#7642,.T.);
#7642 = EDGE_CURVE('',#7275,#551,#7643,.T.);
#7643 = B_SPLINE_CURVE_WITH_KNOTS('',1,(#7644,#7645),.UNSPECIFIED.,.F.,
  .F.,(2,2),(-0.,1.E-03),.PIECEWISE_BEZIER_KNOTS.);
#7644 = CARTESIAN_POINT('',(0.310045091631,0.737126948323,0.732449980698
    ));
#7645 = CARTESIAN_POINT('',(0.310045091631,0.736130753625,0.732362824956
    ));
#7646 = ORIENTED_EDGE('',*,*,#559,.F.);
#7647 = B_SPLINE_SURFACE_WITH_KNOTS('',3,1,(
    (#7648,#7649)
    ,(#7650,#7651)
    ,(#7652,#7653)
    ,(#7654,#7655
    )),.UNSPECIFIED.,.F.,.F.,.F.,(4,4),(2,2),(3.,4.),(0.,1.),
  .PIECEWISE_BEZIER_KNOTS.);
#7648 = CARTESIAN_POINT('',(0.281390884517,0.73466474448,0.760593099406)
  );
#7649 = CARTESIAN_POINT('',(0.281390884517,0.733668549782,0.760505943663
    ));
#7650 = CARTESIAN_POINT('',(0.292438902859,0.735334256175,0.752940545713
    ));
#7651 = CARTESIAN_POINT('',(0.292438902859,0.734338061477,0.75285338997)
  );
#7652 = CARTESIAN_POINT('',(0.301560735137,0.736174043549,0.743341732106
    ));
#7653 = CARTESIAN_POINT('',(0.301560735137,0.735177848851,0.743254576363
    ));
#7654 = CARTESIAN_POINT('',(0.310045091631,0.737126948323,0.732449980698
    ));
#7655 = CARTESIAN_POINT('',(0.310045091631,0.736130753625,0.732362824956
    ));
#7656 = ADVANCED_FACE('',(#7657),#7667,.F.);
#7657 = FACE_BOUND('',#7658,.F.);
#7658 = EDGE_LOOP('',(#7659,#7660,#7661,#7666));
#7659 = ORIENTED_EDGE('',*,*,#7642,.F.);
#7660 = ORIENTED_EDGE('',*,*,#7283,.T.);
#7661 = ORIENTED_EDGE('',*,*,#7662,.T.);
#7662 = EDGE_CURVE('',#7284,#542,#7663,.T.);
#7663 = B_SPLINE_CURVE_WITH_KNOTS('',1,(#7664,#7665),.UNSPECIFIED.,.F.,
  .F.,(2,2),(-0.,9.999999999999E-04),.PIECEWISE_BEZIER_KNOTS.);
#7664 = CARTESIAN_POINT('',(0.324908767462,0.737005037145,0.733843431842
    ));
#7665 = CARTESIAN_POINT('',(0.324908767462,0.736008842447,0.733756276099
    ));
#7666 = ORIENTED_EDGE('',*,*,#550,.F.);
#7667 = B_SPLINE_SURFACE_WITH_KNOTS('',3,1,(
    (#7668,#7669)
    ,(#7670,#7671)
    ,(#7672,#7673)
    ,(#7674,#7675
    )),.UNSPECIFIED.,.F.,.F.,.F.,(4,4),(2,2),(4.,5.),(0.,1.),
  .PIECEWISE_BEZIER_KNOTS.);
#7668 = CARTESIAN_POINT('',(0.310045091631,0.737126948323,0.732449980698
    ));
#7669 = CARTESIAN_POINT('',(0.310045091631,0.736130753625,0.732362824956
    ));
#7670 = CARTESIAN_POINT('',(0.315213666782,0.737067391477,0.733130718557
    ));
#7671 = CARTESIAN_POINT('',(0.315213666782,0.736071196779,0.733043562814
    ));
#7672 = CARTESIAN_POINT('',(0.319735606051,0.737008234881,0.733806881551
    ));
#7673 = CARTESIAN_POINT('',(0.319735606051,0.736012040183,0.733719725808
    ));
#7674 = CARTESIAN_POINT('',(0.324908767462,0.737005037145,0.733843431842
    ));
#7675 = CARTESIAN_POINT('',(0.324908767462,0.736008842447,0.733756276099
    ));
#7676 = ADVANCED_FACE('',(#7677),#7687,.F.);
#7677 = FACE_BOUND('',#7678,.F.);
#7678 = EDGE_LOOP('',(#7679,#7680,#7681,#7686));
#7679 = ORIENTED_EDGE('',*,*,#7662,.F.);
#7680 = ORIENTED_EDGE('',*,*,#7292,.T.);
#7681 = ORIENTED_EDGE('',*,*,#7682,.T.);
#7682 = EDGE_CURVE('',#7293,#533,#7683,.T.);
#7683 = B_SPLINE_CURVE_WITH_KNOTS('',1,(#7684,#7685),.UNSPECIFIED.,.F.,
  .F.,(2,2),(-0.,1.E-03),.PIECEWISE_BEZIER_KNOTS.);
#7684 = CARTESIAN_POINT('',(0.399493173327,0.739664296683,0.703447956234
    ));
#7685 = CARTESIAN_POINT('',(0.399493173327,0.738668101985,0.703360800492
    ));
#7686 = ORIENTED_EDGE('',*,*,#541,.F.);
#7687 = B_SPLINE_SURFACE_WITH_KNOTS('',3,1,(
    (#7688,#7689)
    ,(#7690,#7691)
    ,(#7692,#7693)
    ,(#7694,#7695
    )),.UNSPECIFIED.,.F.,.F.,.F.,(4,4),(2,2),(5.,6.),(0.,1.),
  .PIECEWISE_BEZIER_KNOTS.);
#7688 = CARTESIAN_POINT('',(0.324908767462,0.737005037145,0.733843431842
    ));
#7689 = CARTESIAN_POINT('',(0.324908767462,0.736008842447,0.733756276099
    ));
#7690 = CARTESIAN_POINT('',(0.352714537798,0.736987849296,0.734039889851
    ));
#7691 = CARTESIAN_POINT('',(0.352714537798,0.735991654598,0.733952734108
    ));
#7692 = CARTESIAN_POINT('',(0.379304977733,0.737929561982,0.723276064592
    ));
#7693 = CARTESIAN_POINT('',(0.379304977733,0.736933367284,0.72318890885)
  );
#7694 = CARTESIAN_POINT('',(0.399493173327,0.739664296683,0.703447956234
    ));
#7695 = CARTESIAN_POINT('',(0.399493173327,0.738668101985,0.703360800492
    ));
#7696 = ADVANCED_FACE('',(#7697),#7707,.F.);
#7697 = FACE_BOUND('',#7698,.F.);
#7698 = EDGE_LOOP('',(#7699,#7700,#7701,#7706));
#7699 = ORIENTED_EDGE('',*,*,#7682,.F.);
#7700 = ORIENTED_EDGE('',*,*,#7301,.T.);
#7701 = ORIENTED_EDGE('',*,*,#7702,.T.);
#7702 = EDGE_CURVE('',#7302,#524,#7703,.T.);
#7703 = B_SPLINE_CURVE_WITH_KNOTS('',1,(#7704,#7705),.UNSPECIFIED.,.F.,
  .F.,(2,2),(-0.,1.E-03),.PIECEWISE_BEZIER_KNOTS.);
#7704 = CARTESIAN_POINT('',(0.430408374481,0.746070423163,0.63022559551)
  );
#7705 = CARTESIAN_POINT('',(0.430408374481,0.745074228465,0.630138439767
    ));
#7706 = ORIENTED_EDGE('',*,*,#532,.F.);
#7707 = B_SPLINE_SURFACE_WITH_KNOTS('',3,1,(
    (#7708,#7709)
    ,(#7710,#7711)
    ,(#7712,#7713)
    ,(#7714,#7715
    )),.UNSPECIFIED.,.F.,.F.,.F.,(4,4),(2,2),(6.,7.),(0.,1.),
  .PIECEWISE_BEZIER_KNOTS.);
#7708 = CARTESIAN_POINT('',(0.399493173327,0.739664296683,0.703447956234
    ));
#7709 = CARTESIAN_POINT('',(0.399493173327,0.738668101985,0.703360800492
    ));
#7710 = CARTESIAN_POINT('',(0.419030151318,0.741343071445,0.6842594729)
  );
#7711 = CARTESIAN_POINT('',(0.419030151318,0.740346876747,0.684172317157
    ));
#7712 = CARTESIAN_POINT('',(0.430211166078,0.743646991134,0.657925550351
    ));
#7713 = CARTESIAN_POINT('',(0.430211166078,0.742650796436,0.657838394609
    ));
#7714 = CARTESIAN_POINT('',(0.430408374481,0.746070423163,0.63022559551)
  );
#7715 = CARTESIAN_POINT('',(0.430408374481,0.745074228465,0.630138439767
    ));
#7716 = ADVANCED_FACE('',(#7717),#7727,.F.);
#7717 = FACE_BOUND('',#7718,.F.);
#7718 = EDGE_LOOP('',(#7719,#7720,#7721,#7726));
#7719 = ORIENTED_EDGE('',*,*,#7702,.F.);
#7720 = ORIENTED_EDGE('',*,*,#7310,.T.);
#7721 = ORIENTED_EDGE('',*,*,#7722,.T.);
#7722 = EDGE_CURVE('',#7311,#515,#7723,.T.);
#7723 = B_SPLINE_CURVE_WITH_KNOTS('',1,(#7724,#7725),.UNSPECIFIED.,.F.,
  .F.,(2,2),(-0.,1.E-03),.PIECEWISE_BEZIER_KNOTS.);
#7724 = CARTESIAN_POINT('',(0.403749152758,0.752230329491,0.559817543996
    ));
#7725 = CARTESIAN_POINT('',(0.403749152758,0.751234134793,0.559730388253
    ));
#7726 = ORIENTED_EDGE('',*,*,#523,.F.);
#7727 = B_SPLINE_SURFACE_WITH_KNOTS('',3,1,(
    (#7728,#7729)
    ,(#7730,#7731)
    ,(#7732,#7733)
    ,(#7734,#7735
    )),.UNSPECIFIED.,.F.,.F.,.F.,(4,4),(2,2),(7.,8.),(0.,1.),
  .PIECEWISE_BEZIER_KNOTS.);
#7728 = CARTESIAN_POINT('',(0.430408374481,0.746070423163,0.63022559551)
  );
#7729 = CARTESIAN_POINT('',(0.430408374481,0.745074228465,0.630138439767
    ));
#7730 = CARTESIAN_POINT('',(0.430591824191,0.748324778939,0.604458191085
    ));
#7731 = CARTESIAN_POINT('',(0.430591824191,0.74732858424,0.604371035342)
  );
#7732 = CARTESIAN_POINT('',(0.421071000832,0.750528772441,0.579266430081
    ));
#7733 = CARTESIAN_POINT('',(0.421071000832,0.749532577743,0.579179274338
    ));
#7734 = CARTESIAN_POINT('',(0.403749152758,0.752230329491,0.559817543996
    ));
#7735 = CARTESIAN_POINT('',(0.403749152758,0.751234134793,0.559730388253
    ));
#7736 = ADVANCED_FACE('',(#7737),#7747,.F.);
#7737 = FACE_BOUND('',#7738,.F.);
#7738 = EDGE_LOOP('',(#7739,#7740,#7741,#7746));
#7739 = ORIENTED_EDGE('',*,*,#7722,.F.);
#7740 = ORIENTED_EDGE('',*,*,#7319,.T.);
#7741 = ORIENTED_EDGE('',*,*,#7742,.T.);
#7742 = EDGE_CURVE('',#7320,#506,#7743,.T.);
#7743 = B_SPLINE_CURVE_WITH_KNOTS('',1,(#7744,#7745),.UNSPECIFIED.,.F.,
  .F.,(2,2),(-0.,1.E-03),.PIECEWISE_BEZIER_KNOTS.);
#7744 = CARTESIAN_POINT('',(0.352237628928,0.754967533383,0.528531160345
    ));
#7745 = CARTESIAN_POINT('',(0.352237628928,0.753971338685,0.528444004602
    ));
#7746 = ORIENTED_EDGE('',*,*,#514,.F.);
#7747 = B_SPLINE_SURFACE_WITH_KNOTS('',3,1,(
    (#7748,#7749)
    ,(#7750,#7751)
    ,(#7752,#7753)
    ,(#7754,#7755
    )),.UNSPECIFIED.,.F.,.F.,.F.,(4,4),(2,2),(8.,9.),(0.,1.),
  .PIECEWISE_BEZIER_KNOTS.);
#7748 = CARTESIAN_POINT('',(0.403749152758,0.752230329491,0.559817543996
    ));
#7749 = CARTESIAN_POINT('',(0.403749152758,0.751234134793,0.559730388253
    ));
#7750 = CARTESIAN_POINT('',(0.38963301644,0.753591737599,0.544256578124)
  );
#7751 = CARTESIAN_POINT('',(0.38963301644,0.7525955429,0.544169422382));
#7752 = CARTESIAN_POINT('',(0.372246954907,0.754504271421,0.533826268801
    ));
#7753 = CARTESIAN_POINT('',(0.372246954907,0.753508076723,0.533739113058
    ));
#7754 = CARTESIAN_POINT('',(0.352237628928,0.754967533383,0.528531160345
    ));
#7755 = CARTESIAN_POINT('',(0.352237628928,0.753971338685,0.528444004602
    ));
#7756 = ADVANCED_FACE('',(#7757),#7767,.F.);
#7757 = FACE_BOUND('',#7758,.F.);
#7758 = EDGE_LOOP('',(#7759,#7760,#7761,#7766));
#7759 = ORIENTED_EDGE('',*,*,#7742,.F.);
#7760 = ORIENTED_EDGE('',*,*,#7328,.T.);
#7761 = ORIENTED_EDGE('',*,*,#7762,.T.);
#7762 = EDGE_CURVE('',#7329,#497,#7763,.T.);
#7763 = B_SPLINE_CURVE_WITH_KNOTS('',1,(#7764,#7765),.UNSPECIFIED.,.F.,
  .F.,(2,2),(-0.,9.999999999999E-04),.PIECEWISE_BEZIER_KNOTS.);
#7764 = CARTESIAN_POINT('',(0.291118136889,0.758837910928,0.484292542577
    ));
#7765 = CARTESIAN_POINT('',(0.291118136889,0.75784171623,0.484205386834)
  );
#7766 = ORIENTED_EDGE('',*,*,#505,.F.);
#7767 = B_SPLINE_SURFACE_WITH_KNOTS('',3,1,(
    (#7768,#7769)
    ,(#7770,#7771)
    ,(#7772,#7773)
    ,(#7774,#7775
    )),.UNSPECIFIED.,.F.,.F.,.F.,(4,4),(2,2),(9.,10.),(0.,1.),
  .PIECEWISE_BEZIER_KNOTS.);
#7768 = CARTESIAN_POINT('',(0.352237628928,0.754967533383,0.528531160345
    ));
#7769 = CARTESIAN_POINT('',(0.352237628928,0.753971338685,0.528444004602
    ));
#7770 = CARTESIAN_POINT('',(0.344014682094,0.757227085486,0.502704361632
    ));
#7771 = CARTESIAN_POINT('',(0.344014682094,0.756230890788,0.502617205889
    ));
#7772 = CARTESIAN_POINT('',(0.319570561652,0.758820323357,0.484493569438
    ));
#7773 = CARTESIAN_POINT('',(0.319570561652,0.757824128659,0.484406413695
    ));
#7774 = CARTESIAN_POINT('',(0.291118136889,0.758837910928,0.484292542577
    ));
#7775 = CARTESIAN_POINT('',(0.291118136889,0.75784171623,0.484205386834)
  );
#7776 = ADVANCED_FACE('',(#7777),#7787,.F.);
#7777 = FACE_BOUND('',#7778,.F.);
#7778 = EDGE_LOOP('',(#7779,#7780,#7781,#7786));
#7779 = ORIENTED_EDGE('',*,*,#7762,.F.);
#7780 = ORIENTED_EDGE('',*,*,#7337,.T.);
#7781 = ORIENTED_EDGE('',*,*,#7782,.T.);
#7782 = EDGE_CURVE('',#7338,#488,#7783,.T.);
#7783 = B_SPLINE_CURVE_WITH_KNOTS('',1,(#7784,#7785),.UNSPECIFIED.,.F.,
  .F.,(2,2),(-0.,1.E-03),.PIECEWISE_BEZIER_KNOTS.);
#7784 = CARTESIAN_POINT('',(0.225994933306,0.753241993228,0.548254174568
    ));
#7785 = CARTESIAN_POINT('',(0.225994933306,0.75224579853,0.548167018826)
  );
#7786 = ORIENTED_EDGE('',*,*,#496,.F.);
#7787 = B_SPLINE_SURFACE_WITH_KNOTS('',3,1,(
    (#7788,#7789)
    ,(#7790,#7791)
    ,(#7792,#7793)
    ,(#7794,#7795
    )),.UNSPECIFIED.,.F.,.F.,.F.,(4,4),(2,2),(10.,11.),(0.,1.),
  .PIECEWISE_BEZIER_KNOTS.);
#7788 = CARTESIAN_POINT('',(0.291118136889,0.758837910928,0.484292542577
    ));
#7789 = CARTESIAN_POINT('',(0.291118136889,0.75784171623,0.484205386834)
  );
#7790 = CARTESIAN_POINT('',(0.255552618269,0.758859895385,0.484041259088
    ));
#7791 = CARTESIAN_POINT('',(0.255552618269,0.757863700687,0.483954103346
    ));
#7792 = CARTESIAN_POINT('',(0.226247176657,0.75634173242,0.512823993484)
  );
#7793 = CARTESIAN_POINT('',(0.226247176657,0.755345537722,0.512736837742
    ));
#7794 = CARTESIAN_POINT('',(0.225994933306,0.753241993228,0.548254174568
    ));
#7795 = CARTESIAN_POINT('',(0.225994933306,0.75224579853,0.548167018826)
  );
#7796 = ADVANCED_FACE('',(#7797),#7807,.F.);
#7797 = FACE_BOUND('',#7798,.T.);
#7798 = EDGE_LOOP('',(#7799,#7800,#7805,#7806));
#7799 = ORIENTED_EDGE('',*,*,#487,.T.);
#7800 = ORIENTED_EDGE('',*,*,#7801,.F.);
#7801 = EDGE_CURVE('',#7347,#481,#7802,.T.);
#7802 = B_SPLINE_CURVE_WITH_KNOTS('',1,(#7803,#7804),.UNSPECIFIED.,.F.,
  .F.,(2,2),(-0.,1.E-03),.PIECEWISE_BEZIER_KNOTS.);
#7803 = CARTESIAN_POINT('',(0.225949070878,0.752678404284,0.554696025675
    ));
#7804 = CARTESIAN_POINT('',(0.225949070878,0.751682209586,0.554608869932
    ));
#7805 = ORIENTED_EDGE('',*,*,#7346,.F.);
#7806 = ORIENTED_EDGE('',*,*,#7782,.T.);
#7807 = B_SPLINE_SURFACE_WITH_KNOTS('',1,1,(
    (#7808,#7809)
    ,(#7810,#7811
    )),.UNSPECIFIED.,.F.,.F.,.F.,(2,2),(2,2),(-6.442014352711E-03,
    8.715356744662E-05),(-1.559783940021E-03,0.),
  .PIECEWISE_BEZIER_KNOTS.);
#7808 = CARTESIAN_POINT('',(0.225948455122,0.751682209586,0.554696021324
    ));
#7809 = CARTESIAN_POINT('',(0.225949419238,0.753241993228,0.554696028136
    ));
#7810 = CARTESIAN_POINT('',(0.225994584947,0.751682209586,0.548167016364
    ));
#7811 = CARTESIAN_POINT('',(0.225995549062,0.753241993228,0.548167023176
    ));
#7812 = ADVANCED_FACE('',(#7813),#7823,.F.);
#7813 = FACE_BOUND('',#7814,.T.);
#7814 = EDGE_LOOP('',(#7815,#7816,#7821,#7822));
#7815 = ORIENTED_EDGE('',*,*,#480,.T.);
#7816 = ORIENTED_EDGE('',*,*,#7817,.F.);
#7817 = EDGE_CURVE('',#7356,#474,#7818,.T.);
#7818 = B_SPLINE_CURVE_WITH_KNOTS('',1,(#7819,#7820),.UNSPECIFIED.,.F.,
  .F.,(2,2),(-0.,9.999999999999E-04),.PIECEWISE_BEZIER_KNOTS.);
#7819 = CARTESIAN_POINT('',(0.135079277901,0.748563806749,0.601726090705
    ));
#7820 = CARTESIAN_POINT('',(0.135079277901,0.747567612051,0.601638934962
    ));
#7821 = ORIENTED_EDGE('',*,*,#7355,.F.);
#7822 = ORIENTED_EDGE('',*,*,#7801,.T.);
#7823 = B_SPLINE_SURFACE_WITH_KNOTS('',1,1,(
    (#7824,#7825)
    ,(#7826,#7827
    )),.UNSPECIFIED.,.F.,.F.,.F.,(2,2),(2,2),(-0.102318348379,
    4.030172610439E-05),(-5.12614653275E-03,0.),
  .PIECEWISE_BEZIER_KNOTS.);
#7824 = CARTESIAN_POINT('',(0.135043543731,0.747567612051,0.601657570901
    ));
#7825 = CARTESIAN_POINT('',(0.135226871265,0.752678404284,0.602009099052
    ));
#7826 = CARTESIAN_POINT('',(0.225801477514,0.747567612051,0.554325861585
    ));
#7827 = CARTESIAN_POINT('',(0.225984805048,0.752678404284,0.554677389736
    ));
#7828 = ADVANCED_FACE('',(#7829),#7839,.F.);
#7829 = FACE_BOUND('',#7830,.T.);
#7830 = EDGE_LOOP('',(#7831,#7832,#7837,#7838));
#7831 = ORIENTED_EDGE('',*,*,#473,.T.);
#7832 = ORIENTED_EDGE('',*,*,#7833,.F.);
#7833 = EDGE_CURVE('',#7363,#467,#7834,.T.);
#7834 = B_SPLINE_CURVE_WITH_KNOTS('',1,(#7835,#7836),.UNSPECIFIED.,.F.,
  .F.,(2,2),(-0.,1.E-03),.PIECEWISE_BEZIER_KNOTS.);
#7835 = CARTESIAN_POINT('',(0.154882216702,0.745564393469,0.636009541382
    ));
#7836 = CARTESIAN_POINT('',(0.154882216702,0.744568198771,0.635922385639
    ));
#7837 = ORIENTED_EDGE('',*,*,#7362,.F.);
#7838 = ORIENTED_EDGE('',*,*,#7817,.T.);
#7839 = B_SPLINE_SURFACE_WITH_KNOTS('',1,1,(
    (#7840,#7841)
    ,(#7842,#7843
    )),.UNSPECIFIED.,.F.,.F.,.F.,(2,2),(2,2),(-3.959159436187E-02,
    7.561342949485E-05),(-3.999388259473E-03,0.),
  .PIECEWISE_BEZIER_KNOTS.);
#7840 = CARTESIAN_POINT('',(0.154919820822,0.744568198771,0.635987985341
    ));
#7841 = CARTESIAN_POINT('',(0.154768995563,0.748563806749,0.636074443831
    ));
#7842 = CARTESIAN_POINT('',(0.135192499039,0.744568198771,0.601574032513
    ));
#7843 = CARTESIAN_POINT('',(0.13504167378,0.748563806749,0.601660491003)
  );
#7844 = ADVANCED_FACE('',(#7845),#7855,.F.);
#7845 = FACE_BOUND('',#7846,.T.);
#7846 = EDGE_LOOP('',(#7847,#7848,#7853,#7854));
#7847 = ORIENTED_EDGE('',*,*,#466,.T.);
#7848 = ORIENTED_EDGE('',*,*,#7849,.F.);
#7849 = EDGE_CURVE('',#7370,#458,#7850,.T.);
#7850 = B_SPLINE_CURVE_WITH_KNOTS('',1,(#7851,#7852),.UNSPECIFIED.,.F.,
  .F.,(2,2),(-0.,1.E-03),.PIECEWISE_BEZIER_KNOTS.);
#7851 = CARTESIAN_POINT('',(0.241853787501,0.749455953947,0.591528801575
    ));
#7852 = CARTESIAN_POINT('',(0.241853787501,0.748459759249,0.591441645833
    ));
#7853 = ORIENTED_EDGE('',*,*,#7369,.F.);
#7854 = ORIENTED_EDGE('',*,*,#7833,.T.);
#7855 = B_SPLINE_SURFACE_WITH_KNOTS('',1,1,(
    (#7856,#7857)
    ,(#7858,#7859
    )),.UNSPECIFIED.,.F.,.F.,.F.,(2,2),(2,2),(-9.772564013518E-02,0.),(
    -9.992026399377E-04,3.903310779364E-03),.PIECEWISE_BEZIER_KNOTS.);
#7856 = CARTESIAN_POINT('',(0.241715147482,0.744568198771,0.591172627192
    ));
#7857 = CARTESIAN_POINT('',(0.24188927775,0.749455953947,0.591510511509)
  );
#7858 = CARTESIAN_POINT('',(0.154846726452,0.744568198771,0.635940675706
    ));
#7859 = CARTESIAN_POINT('',(0.155020856721,0.749455953947,0.636278560022
    ));
#7860 = ADVANCED_FACE('',(#7861),#7871,.F.);
#7861 = FACE_BOUND('',#7862,.F.);
#7862 = EDGE_LOOP('',(#7863,#7864,#7865,#7870));
#7863 = ORIENTED_EDGE('',*,*,#7849,.F.);
#7864 = ORIENTED_EDGE('',*,*,#7376,.T.);
#7865 = ORIENTED_EDGE('',*,*,#7866,.T.);
#7866 = EDGE_CURVE('',#7377,#449,#7867,.T.);
#7867 = B_SPLINE_CURVE_WITH_KNOTS('',1,(#7868,#7869),.UNSPECIFIED.,.F.,
  .F.,(2,2),(-0.,9.999999999999E-04),.PIECEWISE_BEZIER_KNOTS.);
#7868 = CARTESIAN_POINT('',(0.290196289747,0.747509772948,0.613773752182
    ));
#7869 = CARTESIAN_POINT('',(0.290196289747,0.74651357825,0.613686596439)
  );
#7870 = ORIENTED_EDGE('',*,*,#457,.F.);
#7871 = B_SPLINE_SURFACE_WITH_KNOTS('',3,1,(
    (#7872,#7873)
    ,(#7874,#7875)
    ,(#7876,#7877)
    ,(#7878,#7879
    )),.UNSPECIFIED.,.F.,.F.,.F.,(4,4),(2,2),(15.,16.),(0.,1.),
  .PIECEWISE_BEZIER_KNOTS.);
#7872 = CARTESIAN_POINT('',(0.241853787501,0.749455953947,0.591528801575
    ));
#7873 = CARTESIAN_POINT('',(0.241853787501,0.748459759249,0.591441645833
    ));
#7874 = CARTESIAN_POINT('',(0.253397095728,0.74826522204,0.605138929553)
  );
#7875 = CARTESIAN_POINT('',(0.253397095728,0.747269027342,0.605051773811
    ));
#7876 = CARTESIAN_POINT('',(0.270796915954,0.74752176447,0.613636688461)
  );
#7877 = CARTESIAN_POINT('',(0.270796915954,0.746525569772,0.613549532718
    ));
#7878 = CARTESIAN_POINT('',(0.290196289747,0.747509772948,0.613773752182
    ));
#7879 = CARTESIAN_POINT('',(0.290196289747,0.74651357825,0.613686596439)
  );
#7880 = ADVANCED_FACE('',(#7881),#7891,.F.);
#7881 = FACE_BOUND('',#7882,.F.);
#7882 = EDGE_LOOP('',(#7883,#7884,#7885,#7890));
#7883 = ORIENTED_EDGE('',*,*,#7866,.F.);
#7884 = ORIENTED_EDGE('',*,*,#7385,.T.);
#7885 = ORIENTED_EDGE('',*,*,#7886,.T.);
#7886 = EDGE_CURVE('',#7386,#440,#7887,.T.);
#7887 = B_SPLINE_CURVE_WITH_KNOTS('',1,(#7888,#7889),.UNSPECIFIED.,.F.,
  .F.,(2,2),(-0.,1.E-03),.PIECEWISE_BEZIER_KNOTS.);
#7888 = CARTESIAN_POINT('',(0.351283683869,0.75119188676,0.571686998732)
  );
#7889 = CARTESIAN_POINT('',(0.351283683869,0.750195692062,0.57159984299)
  );
#7890 = ORIENTED_EDGE('',*,*,#448,.F.);
#7891 = B_SPLINE_SURFACE_WITH_KNOTS('',3,1,(
    (#7892,#7893)
    ,(#7894,#7895)
    ,(#7896,#7897)
    ,(#7898,#7899
    )),.UNSPECIFIED.,.F.,.F.,.F.,(4,4),(2,2),(16.,17.),(0.,1.),
  .PIECEWISE_BEZIER_KNOTS.);
#7892 = CARTESIAN_POINT('',(0.290196289747,0.747509772948,0.613773752182
    ));
#7893 = CARTESIAN_POINT('',(0.290196289747,0.74651357825,0.613686596439)
  );
#7894 = CARTESIAN_POINT('',(0.31800206625,0.747492585096,0.613970210234)
  );
#7895 = CARTESIAN_POINT('',(0.31800206625,0.746496390398,0.613883054491)
  );
#7896 = CARTESIAN_POINT('',(0.342056367956,0.74905584417,0.596102077256)
  );
#7897 = CARTESIAN_POINT('',(0.342056367956,0.748059649472,0.596014921513
    ));
#7898 = CARTESIAN_POINT('',(0.351283683869,0.75119188676,0.571686998732)
  );
#7899 = CARTESIAN_POINT('',(0.351283683869,0.750195692062,0.57159984299)
  );
#7900 = ADVANCED_FACE('',(#7901),#7911,.F.);
#7901 = FACE_BOUND('',#7902,.F.);
#7902 = EDGE_LOOP('',(#7903,#7904,#7905,#7910));
#7903 = ORIENTED_EDGE('',*,*,#7886,.F.);
#7904 = ORIENTED_EDGE('',*,*,#7394,.T.);
#7905 = ORIENTED_EDGE('',*,*,#7906,.T.);
#7906 = EDGE_CURVE('',#7395,#431,#7907,.T.);
#7907 = B_SPLINE_CURVE_WITH_KNOTS('',1,(#7908,#7909),.UNSPECIFIED.,.F.,
  .F.,(2,2),(-0.,9.999999999999E-04),.PIECEWISE_BEZIER_KNOTS.);
#7908 = CARTESIAN_POINT('',(0.389660497087,0.745982885002,0.631226161266
    ));
#7909 = CARTESIAN_POINT('',(0.389660497087,0.744986690304,0.631139005523
    ));
#7910 = ORIENTED_EDGE('',*,*,#439,.F.);
#7911 = B_SPLINE_SURFACE_WITH_KNOTS('',3,1,(
    (#7912,#7913)
    ,(#7914,#7915)
    ,(#7916,#7917)
    ,(#7918,#7919
    )),.UNSPECIFIED.,.F.,.F.,.F.,(4,4),(2,2),(17.,18.),(0.,1.),
  .PIECEWISE_BEZIER_KNOTS.);
#7912 = CARTESIAN_POINT('',(0.351283683869,0.75119188676,0.571686998732)
  );
#7913 = CARTESIAN_POINT('',(0.351283683869,0.750195692062,0.57159984299)
  );
#7914 = CARTESIAN_POINT('',(0.373842906726,0.750276154126,0.582153870634
    ));
#7915 = CARTESIAN_POINT('',(0.373842906726,0.749279959428,0.582066714891
    ));
#7916 = CARTESIAN_POINT('',(0.389848533057,0.748293599887,0.604814569273
    ));
#7917 = CARTESIAN_POINT('',(0.389848533057,0.747297405189,0.60472741353)
  );
#7918 = CARTESIAN_POINT('',(0.389660497087,0.745982885002,0.631226161266
    ));
#7919 = CARTESIAN_POINT('',(0.389660497087,0.744986690304,0.631139005523
    ));
#7920 = ADVANCED_FACE('',(#7921),#7931,.F.);
#7921 = FACE_BOUND('',#7922,.F.);
#7922 = EDGE_LOOP('',(#7923,#7924,#7925,#7930));
#7923 = ORIENTED_EDGE('',*,*,#7906,.F.);
#7924 = ORIENTED_EDGE('',*,*,#7403,.T.);
#7925 = ORIENTED_EDGE('',*,*,#7926,.T.);
#7926 = EDGE_CURVE('',#7404,#422,#7927,.T.);
#7927 = B_SPLINE_CURVE_WITH_KNOTS('',1,(#7928,#7929),.UNSPECIFIED.,.F.,
  .F.,(2,2),(-0.,9.999999999999E-04),.PIECEWISE_BEZIER_KNOTS.);
#7928 = CARTESIAN_POINT('',(0.324537293504,0.740386967302,0.695187793257
    ));
#7929 = CARTESIAN_POINT('',(0.324537293504,0.739390772604,0.695100637515
    ));
#7930 = ORIENTED_EDGE('',*,*,#430,.F.);
#7931 = B_SPLINE_SURFACE_WITH_KNOTS('',3,1,(
    (#7932,#7933)
    ,(#7934,#7935)
    ,(#7936,#7937)
    ,(#7938,#7939
    )),.UNSPECIFIED.,.F.,.F.,.F.,(4,4),(2,2),(18.,19.),(0.,1.),
  .PIECEWISE_BEZIER_KNOTS.);
#7932 = CARTESIAN_POINT('',(0.389660497087,0.745982885002,0.631226161266
    ));
#7933 = CARTESIAN_POINT('',(0.389660497087,0.744986690304,0.631139005523
    ));
#7934 = CARTESIAN_POINT('',(0.389408253736,0.742883145811,0.66665634235)
  );
#7935 = CARTESIAN_POINT('',(0.389408253736,0.741886951112,0.666569186607
    ));
#7936 = CARTESIAN_POINT('',(0.360102812124,0.740364982846,0.695439076746
    ));
#7937 = CARTESIAN_POINT('',(0.360102812124,0.739368788148,0.695351921003
    ));
#7938 = CARTESIAN_POINT('',(0.324537293504,0.740386967302,0.695187793257
    ));
#7939 = CARTESIAN_POINT('',(0.324537293504,0.739390772604,0.695100637515
    ));
#7940 = ADVANCED_FACE('',(#7941),#7951,.F.);
#7941 = FACE_BOUND('',#7942,.F.);
#7942 = EDGE_LOOP('',(#7943,#7944,#7945,#7950));
#7943 = ORIENTED_EDGE('',*,*,#7926,.F.);
#7944 = ORIENTED_EDGE('',*,*,#7412,.T.);
#7945 = ORIENTED_EDGE('',*,*,#7946,.T.);
#7946 = EDGE_CURVE('',#7413,#413,#7947,.T.);
#7947 = B_SPLINE_CURVE_WITH_KNOTS('',1,(#7948,#7949),.UNSPECIFIED.,.F.,
  .F.,(2,2),(-0.,9.999999999999E-04),.PIECEWISE_BEZIER_KNOTS.);
#7948 = CARTESIAN_POINT('',(0.290333865045,0.741253535737,0.685282870725
    ));
#7949 = CARTESIAN_POINT('',(0.290333865045,0.740257341039,0.685195714983
    ));
#7950 = ORIENTED_EDGE('',*,*,#421,.F.);
#7951 = B_SPLINE_SURFACE_WITH_KNOTS('',3,1,(
    (#7952,#7953)
    ,(#7954,#7955)
    ,(#7956,#7957)
    ,(#7958,#7959
    )),.UNSPECIFIED.,.F.,.F.,.F.,(4,4),(2,2),(19.,20.),(0.,1.),
  .PIECEWISE_BEZIER_KNOTS.);
#7952 = CARTESIAN_POINT('',(0.324537293504,0.740386967302,0.695187793257
    ));
#7953 = CARTESIAN_POINT('',(0.324537293504,0.739390772604,0.695100637515
    ));
#7954 = CARTESIAN_POINT('',(0.312251025902,0.740394561931,0.695100986251
    ));
#7955 = CARTESIAN_POINT('',(0.312251025902,0.739398367233,0.695013830509
    ));
#7956 = CARTESIAN_POINT('',(0.299992275774,0.740740310141,0.691149066125
    ));
#7957 = CARTESIAN_POINT('',(0.299992275774,0.739744115443,0.691061910382
    ));
#7958 = CARTESIAN_POINT('',(0.290333865045,0.741253535737,0.685282870725
    ));
#7959 = CARTESIAN_POINT('',(0.290333865045,0.740257341039,0.685195714983
    ));
#7960 = ADVANCED_FACE('',(#7961),#7971,.F.);
#7961 = FACE_BOUND('',#7962,.F.);
#7962 = EDGE_LOOP('',(#7963,#7964,#7965,#7970));
#7963 = ORIENTED_EDGE('',*,*,#7946,.F.);
#7964 = ORIENTED_EDGE('',*,*,#7421,.T.);
#7965 = ORIENTED_EDGE('',*,*,#7966,.T.);
#7966 = EDGE_CURVE('',#7422,#404,#7967,.T.);
#7967 = B_SPLINE_CURVE_WITH_KNOTS('',1,(#7968,#7969),.UNSPECIFIED.,.F.,
  .F.,(2,2),(-0.,9.999999999999E-04),.PIECEWISE_BEZIER_KNOTS.);
#7968 = CARTESIAN_POINT('',(0.203243064513,0.735896647007,0.746512389092
    ));
#7969 = CARTESIAN_POINT('',(0.203243064513,0.734900452308,0.74642523335)
  );
#7970 = ORIENTED_EDGE('',*,*,#412,.F.);
#7971 = B_SPLINE_SURFACE_WITH_KNOTS('',3,1,(
    (#7972,#7973)
    ,(#7974,#7975)
    ,(#7976,#7977)
    ,(#7978,#7979
    )),.UNSPECIFIED.,.F.,.F.,.F.,(4,4),(2,2),(20.,21.),(0.,1.),
  .PIECEWISE_BEZIER_KNOTS.);
#7972 = CARTESIAN_POINT('',(0.290333865045,0.741253535737,0.685282870725
    ));
#7973 = CARTESIAN_POINT('',(0.290333865045,0.740257341039,0.685195714983
    ));
#7974 = CARTESIAN_POINT('',(0.277790780428,0.738105035282,0.721270395599
    ));
#7975 = CARTESIAN_POINT('',(0.277790780428,0.737108840584,0.721183239856
    ));
#7976 = CARTESIAN_POINT('',(0.243981744545,0.735871464814,0.746800222872
    ));
#7977 = CARTESIAN_POINT('',(0.243981744545,0.734875270116,0.746713067129
    ));
#7978 = CARTESIAN_POINT('',(0.203243064513,0.735896647007,0.746512389092
    ));
#7979 = CARTESIAN_POINT('',(0.203243064513,0.734900452308,0.74642523335)
  );
#7980 = ADVANCED_FACE('',(#7981),#7991,.F.);
#7981 = FACE_BOUND('',#7982,.F.);
#7982 = EDGE_LOOP('',(#7983,#7984,#7985,#7990));
#7983 = ORIENTED_EDGE('',*,*,#7966,.F.);
#7984 = ORIENTED_EDGE('',*,*,#7430,.T.);
#7985 = ORIENTED_EDGE('',*,*,#7986,.T.);
#7986 = EDGE_CURVE('',#7431,#395,#7987,.T.);
#7987 = B_SPLINE_CURVE_WITH_KNOTS('',1,(#7988,#7989),.UNSPECIFIED.,.F.,
  .F.,(2,2),(-0.,1.E-03),.PIECEWISE_BEZIER_KNOTS.);
#7988 = CARTESIAN_POINT('',(0.113285933823,0.74299746924,0.665349619567)
  );
#7989 = CARTESIAN_POINT('',(0.113285933823,0.742001274542,0.665262463824
    ));
#7990 = ORIENTED_EDGE('',*,*,#403,.F.);
#7991 = B_SPLINE_SURFACE_WITH_KNOTS('',3,1,(
    (#7992,#7993)
    ,(#7994,#7995)
    ,(#7996,#7997)
    ,(#7998,#7999
    )),.UNSPECIFIED.,.F.,.F.,.F.,(4,4),(2,2),(21.,22.),(0.,1.),
  .PIECEWISE_BEZIER_KNOTS.);
#7992 = CARTESIAN_POINT('',(0.203243064513,0.735896647007,0.746512389092
    ));
#7993 = CARTESIAN_POINT('',(0.203243064513,0.734900452308,0.74642523335)
  );
#7994 = CARTESIAN_POINT('',(0.156684562477,0.735925426662,0.746183436127
    ));
#7995 = CARTESIAN_POINT('',(0.156684562477,0.734929231964,0.746096280384
    ));
#7996 = CARTESIAN_POINT('',(0.118138058243,0.739049148897,0.710479127601
    ));
#7997 = CARTESIAN_POINT('',(0.118138058243,0.738052954199,0.710391971858
    ));
#7998 = CARTESIAN_POINT('',(0.113285933823,0.74299746924,0.665349619567)
  );
#7999 = CARTESIAN_POINT('',(0.113285933823,0.742001274542,0.665262463824
    ));
#8000 = ADVANCED_FACE('',(#8001),#8011,.F.);
#8001 = FACE_BOUND('',#8002,.T.);
#8002 = EDGE_LOOP('',(#8003,#8004,#8009,#8010));
#8003 = ORIENTED_EDGE('',*,*,#394,.T.);
#8004 = ORIENTED_EDGE('',*,*,#8005,.F.);
#8005 = EDGE_CURVE('',#7440,#386,#8006,.T.);
#8006 = B_SPLINE_CURVE_WITH_KNOTS('',1,(#8007,#8008),.UNSPECIFIED.,.F.,
  .F.,(2,2),(-0.,1.E-03),.PIECEWISE_BEZIER_KNOTS.);
#8007 = CARTESIAN_POINT('',(0.108112772412,0.743000666977,0.665313069276
    ));
#8008 = CARTESIAN_POINT('',(0.108112772412,0.742004472278,0.665225913533
    ));
#8009 = ORIENTED_EDGE('',*,*,#7439,.F.);
#8010 = ORIENTED_EDGE('',*,*,#7986,.T.);
#8011 = B_SPLINE_SURFACE_WITH_KNOTS('',1,1,(
    (#8012,#8013)
    ,(#8014,#8015)),.UNSPECIFIED.,.F.,.F.,.F.,(2,2),(2,2),(0.,1.E-03),(
    -5.173291518604E-03,3.048801016417E-22),.PIECEWISE_BEZIER_KNOTS.);
#8012 = CARTESIAN_POINT('',(0.108112772412,0.743000666977,0.665313069276
    ));
#8013 = CARTESIAN_POINT('',(0.113285933823,0.74299746924,0.665349619567)
  );
#8014 = CARTESIAN_POINT('',(0.108112772412,0.742004472278,0.665225913533
    ));
#8015 = CARTESIAN_POINT('',(0.113285933823,0.742001274542,0.665262463824
    ));
#8016 = ADVANCED_FACE('',(#8017),#8027,.F.);
#8017 = FACE_BOUND('',#8018,.F.);
#8018 = EDGE_LOOP('',(#8019,#8020,#8021,#8026));
#8019 = ORIENTED_EDGE('',*,*,#8005,.F.);
#8020 = ORIENTED_EDGE('',*,*,#7448,.T.);
#8021 = ORIENTED_EDGE('',*,*,#8022,.T.);
#8022 = EDGE_CURVE('',#7449,#377,#8023,.T.);
#8023 = B_SPLINE_CURVE_WITH_KNOTS('',1,(#8024,#8025),.UNSPECIFIED.,.F.,
  .F.,(2,2),(-0.,9.999999999999E-04),.PIECEWISE_BEZIER_KNOTS.);
#8024 = CARTESIAN_POINT('',(5.80321323836E-02,0.747427838263,
    0.614710269923));
#8025 = CARTESIAN_POINT('',(5.80321323836E-02,0.746431643565,
    0.61462311418));
#8026 = ORIENTED_EDGE('',*,*,#385,.F.);
#8027 = B_SPLINE_SURFACE_WITH_KNOTS('',3,1,(
    (#8028,#8029)
    ,(#8030,#8031)
    ,(#8032,#8033)
    ,(#8034,#8035
    )),.UNSPECIFIED.,.F.,.F.,.F.,(4,4),(2,2),(23.,24.),(0.,1.),
  .PIECEWISE_BEZIER_KNOTS.);
#8028 = CARTESIAN_POINT('',(0.108112772412,0.743000666977,0.665313069276
    ));
#8029 = CARTESIAN_POINT('',(0.108112772412,0.742004472278,0.665225913533
    ));
#8030 = CARTESIAN_POINT('',(8.030700824286E-02,0.743017854821,
    0.665116611311));
#8031 = CARTESIAN_POINT('',(8.030700824286E-02,0.742021660123,
    0.665029455568));
#8032 = CARTESIAN_POINT('',(5.783492398075E-02,0.745004406234,
    0.642410224765));
#8033 = CARTESIAN_POINT('',(5.783492398075E-02,0.744008211536,
    0.642323069022));
#8034 = CARTESIAN_POINT('',(5.80321323836E-02,0.747427838263,
    0.614710269923));
#8035 = CARTESIAN_POINT('',(5.80321323836E-02,0.746431643565,
    0.61462311418));
#8036 = ADVANCED_FACE('',(#8037),#8047,.F.);
#8037 = FACE_BOUND('',#8038,.F.);
#8038 = EDGE_LOOP('',(#8039,#8040,#8041,#8046));
#8039 = ORIENTED_EDGE('',*,*,#8022,.F.);
#8040 = ORIENTED_EDGE('',*,*,#7457,.T.);
#8041 = ORIENTED_EDGE('',*,*,#8042,.T.);
#8042 = EDGE_CURVE('',#7458,#370,#8043,.T.);
#8043 = B_SPLINE_CURVE_WITH_KNOTS('',1,(#8044,#8045),.UNSPECIFIED.,.F.,
  .F.,(2,2),(-0.,9.999999999999E-04),.PIECEWISE_BEZIER_KNOTS.);
#8044 = CARTESIAN_POINT('',(0.104948361318,0.75179505194,0.564792789175)
  );
#8045 = CARTESIAN_POINT('',(0.104948361318,0.750798857242,0.564705633432
    ));
#8046 = ORIENTED_EDGE('',*,*,#376,.F.);
#8047 = B_SPLINE_SURFACE_WITH_KNOTS('',3,1,(
    (#8048,#8049)
    ,(#8050,#8051)
    ,(#8052,#8053)
    ,(#8054,#8055
    )),.UNSPECIFIED.,.F.,.F.,.F.,(4,4),(2,2),(24.,25.),(0.,1.),
  .PIECEWISE_BEZIER_KNOTS.);
#8048 = CARTESIAN_POINT('',(5.80321323836E-02,0.747427838263,
    0.614710269923));
#8049 = CARTESIAN_POINT('',(5.80321323836E-02,0.746431643565,
    0.61462311418));
#8050 = CARTESIAN_POINT('',(5.822016835345E-02,0.749738553148,
    0.58829867793));
#8051 = CARTESIAN_POINT('',(5.822016835345E-02,0.74874235845,
    0.588211522187));
#8052 = CARTESIAN_POINT('',(7.842211030804E-02,0.751642364109,
    0.566538019069));
#8053 = CARTESIAN_POINT('',(7.842211030804E-02,0.750646169411,
    0.566450863326));
#8054 = CARTESIAN_POINT('',(0.104948361318,0.75179505194,0.564792789175)
  );
#8055 = CARTESIAN_POINT('',(0.104948361318,0.750798857242,0.564705633432
    ));
#8056 = ADVANCED_FACE('',(#8057),#8067,.F.);
#8057 = FACE_BOUND('',#8058,.T.);
#8058 = EDGE_LOOP('',(#8059,#8060,#8065,#8066));
#8059 = ORIENTED_EDGE('',*,*,#369,.T.);
#8060 = ORIENTED_EDGE('',*,*,#8061,.F.);
#8061 = EDGE_CURVE('',#7467,#361,#8062,.T.);
#8062 = B_SPLINE_CURVE_WITH_KNOTS('',1,(#8063,#8064),.UNSPECIFIED.,.F.,
  .F.,(2,2),(-0.,1.E-03),.PIECEWISE_BEZIER_KNOTS.);
#8063 = CARTESIAN_POINT('',(0.134047422007,0.751777064657,0.564998384756
    ));
#8064 = CARTESIAN_POINT('',(0.134047422007,0.750780869959,0.564911229014
    ));
#8065 = ORIENTED_EDGE('',*,*,#7466,.F.);
#8066 = ORIENTED_EDGE('',*,*,#8042,.T.);
#8067 = B_SPLINE_SURFACE_WITH_KNOTS('',1,1,(
    (#8068,#8069)
    ,(#8070,#8071
    )),.UNSPECIFIED.,.F.,.F.,.F.,(2,2),(2,2),(-9.999999999999E-04,
    8.270988666423E-17),(-2.775487756806E-17,2.909979254341E-02),
  .PIECEWISE_BEZIER_KNOTS.);
#8068 = CARTESIAN_POINT('',(0.104948361318,0.750798857242,0.564705633432
    ));
#8069 = CARTESIAN_POINT('',(0.134047422007,0.750780869959,0.564911229014
    ));
#8070 = CARTESIAN_POINT('',(0.104948361318,0.75179505194,0.564792789175)
  );
#8071 = CARTESIAN_POINT('',(0.134047422007,0.751777064657,0.564998384756
    ));
#8072 = ADVANCED_FACE('',(#8073),#8083,.F.);
#8073 = FACE_BOUND('',#8074,.F.);
#8074 = EDGE_LOOP('',(#8075,#8076,#8077,#8082));
#8075 = ORIENTED_EDGE('',*,*,#8061,.F.);
#8076 = ORIENTED_EDGE('',*,*,#7473,.T.);
#8077 = ORIENTED_EDGE('',*,*,#8078,.T.);
#8078 = EDGE_CURVE('',#7474,#352,#8079,.T.);
#8079 = B_SPLINE_CURVE_WITH_KNOTS('',1,(#8080,#8081),.UNSPECIFIED.,.F.,
  .F.,(2,2),(-0.,9.999999999999E-04),.PIECEWISE_BEZIER_KNOTS.);
#8080 = CARTESIAN_POINT('',(0.137922700726,0.751718308325,0.565669972712
    ));
#8081 = CARTESIAN_POINT('',(0.137922700726,0.750722113626,0.565582816969
    ));
#8082 = ORIENTED_EDGE('',*,*,#360,.F.);
#8083 = B_SPLINE_SURFACE_WITH_KNOTS('',3,1,(
    (#8084,#8085)
    ,(#8086,#8087)
    ,(#8088,#8089)
    ,(#8090,#8091
    )),.UNSPECIFIED.,.F.,.F.,.F.,(4,4),(2,2),(26.,27.),(0.,1.),
  .PIECEWISE_BEZIER_KNOTS.);
#8084 = CARTESIAN_POINT('',(0.134047422007,0.751777064657,0.564998384756
    ));
#8085 = CARTESIAN_POINT('',(0.134047422007,0.750780869959,0.564911229014
    ));
#8086 = CARTESIAN_POINT('',(0.135340718527,0.751776265219,0.565007522373
    ));
#8087 = CARTESIAN_POINT('',(0.135340718527,0.750780070521,0.56492036663)
  );
#8088 = CARTESIAN_POINT('',(0.136629428874,0.751719107747,0.56566083527)
  );
#8089 = CARTESIAN_POINT('',(0.136629428874,0.750722913049,0.565573679527
    ));
#8090 = CARTESIAN_POINT('',(0.137922700726,0.751718308325,0.565669972712
    ));
#8091 = CARTESIAN_POINT('',(0.137922700726,0.750722113626,0.565582816969
    ));
#8092 = ADVANCED_FACE('',(#8093),#8103,.F.);
#8093 = FACE_BOUND('',#8094,.F.);
#8094 = EDGE_LOOP('',(#8095,#8096,#8097,#8102));
#8095 = ORIENTED_EDGE('',*,*,#8078,.F.);
#8096 = ORIENTED_EDGE('',*,*,#7482,.T.);
#8097 = ORIENTED_EDGE('',*,*,#8098,.T.);
#8098 = EDGE_CURVE('',#7483,#343,#8099,.T.);
#8099 = B_SPLINE_CURVE_WITH_KNOTS('',1,(#8100,#8101),.UNSPECIFIED.,.F.,
  .F.,(2,2),(-0.,9.999999999999E-04),.PIECEWISE_BEZIER_KNOTS.);
#8100 = CARTESIAN_POINT('',(0.1581108839,0.753453041958,0.545841876554)
  );
#8101 = CARTESIAN_POINT('',(0.1581108839,0.75245684726,0.545754720812));
#8102 = ORIENTED_EDGE('',*,*,#351,.F.);
#8103 = B_SPLINE_SURFACE_WITH_KNOTS('',3,1,(
    (#8104,#8105)
    ,(#8106,#8107)
    ,(#8108,#8109)
    ,(#8110,#8111
    )),.UNSPECIFIED.,.F.,.F.,.F.,(4,4),(2,2),(27.,28.),(0.,1.),
  .PIECEWISE_BEZIER_KNOTS.);
#8104 = CARTESIAN_POINT('',(0.137922700726,0.751718308325,0.565669972712
    ));
#8105 = CARTESIAN_POINT('',(0.137922700726,0.750722113626,0.565582816969
    ));
#8106 = CARTESIAN_POINT('',(0.148915684142,0.751711513126,0.565747642189
    ));
#8107 = CARTESIAN_POINT('',(0.148915684142,0.750715318428,0.565660486446
    ));
#8108 = CARTESIAN_POINT('',(0.158032917913,0.752494942473,0.556793003776
    ));
#8109 = CARTESIAN_POINT('',(0.158032917913,0.751498747775,0.556705848033
    ));
#8110 = CARTESIAN_POINT('',(0.1581108839,0.753453041958,0.545841876554)
  );
#8111 = CARTESIAN_POINT('',(0.1581108839,0.75245684726,0.545754720812));
#8112 = ADVANCED_FACE('',(#8113),#8123,.F.);
#8113 = FACE_BOUND('',#8114,.F.);
#8114 = EDGE_LOOP('',(#8115,#8116,#8117,#8122));
#8115 = ORIENTED_EDGE('',*,*,#8098,.F.);
#8116 = ORIENTED_EDGE('',*,*,#7491,.T.);
#8117 = ORIENTED_EDGE('',*,*,#8118,.T.);
#8118 = EDGE_CURVE('',#7492,#336,#8119,.T.);
#8119 = B_SPLINE_CURVE_WITH_KNOTS('',1,(#8120,#8121),.UNSPECIFIED.,.F.,
  .F.,(2,2),(-0.,1.E-03),.PIECEWISE_BEZIER_KNOTS.);
#8120 = CARTESIAN_POINT('',(0.139500319488,0.755211758634,0.525739652954
    ));
#8121 = CARTESIAN_POINT('',(0.139500319488,0.754215563936,0.525652497211
    ));
#8122 = ORIENTED_EDGE('',*,*,#342,.F.);
#8123 = B_SPLINE_SURFACE_WITH_KNOTS('',3,1,(
    (#8124,#8125)
    ,(#8126,#8127)
    ,(#8128,#8129)
    ,(#8130,#8131
    )),.UNSPECIFIED.,.F.,.F.,.F.,(4,4),(2,2),(28.,29.),(0.,1.),
  .PIECEWISE_BEZIER_KNOTS.);
#8124 = CARTESIAN_POINT('',(0.1581108839,0.753453041958,0.545841876554)
  );
#8125 = CARTESIAN_POINT('',(0.1581108839,0.75245684726,0.545754720812));
#8126 = CARTESIAN_POINT('',(0.158184263713,0.754354783408,0.535534924614
    ));
#8127 = CARTESIAN_POINT('',(0.158184263713,0.75335858871,0.535447768871)
  );
#8128 = CARTESIAN_POINT('',(0.149842080805,0.755149005112,0.526456928991
    ));
#8129 = CARTESIAN_POINT('',(0.149842080805,0.754152810414,0.526369773248
    ));
#8130 = CARTESIAN_POINT('',(0.139500319488,0.755211758634,0.525739652954
    ));
#8131 = CARTESIAN_POINT('',(0.139500319488,0.754215563936,0.525652497211
    ));
#8132 = ADVANCED_FACE('',(#8133),#8143,.F.);
#8133 = FACE_BOUND('',#8134,.T.);
#8134 = EDGE_LOOP('',(#8135,#8136,#8141,#8142));
#8135 = ORIENTED_EDGE('',*,*,#335,.T.);
#8136 = ORIENTED_EDGE('',*,*,#8137,.F.);
#8137 = EDGE_CURVE('',#7501,#327,#8138,.T.);
#8138 = B_SPLINE_CURVE_WITH_KNOTS('',1,(#8139,#8140),.UNSPECIFIED.,.F.,
  .F.,(2,2),(-0.,9.999999999999E-04),.PIECEWISE_BEZIER_KNOTS.);
#8139 = CARTESIAN_POINT('',(0.101348232496,0.755235341951,0.525470094407
    ));
#8140 = CARTESIAN_POINT('',(0.101348232496,0.754239147253,0.525382938664
    ));
#8141 = ORIENTED_EDGE('',*,*,#7500,.F.);
#8142 = ORIENTED_EDGE('',*,*,#8118,.T.);
#8143 = B_SPLINE_SURFACE_WITH_KNOTS('',1,1,(
    (#8144,#8145)
    ,(#8146,#8147
    )),.UNSPECIFIED.,.F.,.F.,.F.,(2,2),(2,2),(-7.226911940344E-17,1.E-03
    ),(-1.939981236105E-03,3.621306529781E-02),
  .PIECEWISE_BEZIER_KNOTS.);
#8144 = CARTESIAN_POINT('',(0.101348232496,0.755235341951,0.525470094407
    ));
#8145 = CARTESIAN_POINT('',(0.139500319488,0.755211758634,0.525739652954
    ));
#8146 = CARTESIAN_POINT('',(0.101348232496,0.754239147253,0.525382938664
    ));
#8147 = CARTESIAN_POINT('',(0.139500319488,0.754215563936,0.525652497211
    ));
#8148 = ADVANCED_FACE('',(#8149),#8159,.F.);
#8149 = FACE_BOUND('',#8150,.F.);
#8150 = EDGE_LOOP('',(#8151,#8152,#8153,#8158));
#8151 = ORIENTED_EDGE('',*,*,#8137,.F.);
#8152 = ORIENTED_EDGE('',*,*,#7507,.T.);
#8153 = ORIENTED_EDGE('',*,*,#8154,.T.);
#8154 = EDGE_CURVE('',#7508,#318,#8155,.T.);
#8155 = B_SPLINE_CURVE_WITH_KNOTS('',1,(#8156,#8157),.UNSPECIFIED.,.F.,
  .F.,(2,2),(-0.,9.999998615769E-04),.PIECEWISE_BEZIER_KNOTS.);
#8156 = CARTESIAN_POINT('',(4.22970942692E-02,0.75273556598,
    0.554042664501));
#8157 = CARTESIAN_POINT('',(4.22970942692E-02,0.75173937142,
    0.55395550877));
#8158 = ORIENTED_EDGE('',*,*,#326,.F.);
#8159 = B_SPLINE_SURFACE_WITH_KNOTS('',3,1,(
    (#8160,#8161)
    ,(#8162,#8163)
    ,(#8164,#8165)
    ,(#8166,#8167
    )),.UNSPECIFIED.,.F.,.F.,.F.,(4,4),(2,2),(33.,34.),(0.,1.),
  .PIECEWISE_BEZIER_KNOTS.);
#8160 = CARTESIAN_POINT('',(0.101348232496,0.755235341951,0.525470094407
    ));
#8161 = CARTESIAN_POINT('',(0.101348232496,0.754239147253,0.525382938664
    ));
#8162 = CARTESIAN_POINT('',(7.870187104523E-02,0.755080255807,
    0.52724273715));
#8163 = CARTESIAN_POINT('',(7.870187104523E-02,0.754084061109,
    0.527155581407));
#8164 = CARTESIAN_POINT('',(5.79358207437E-02,0.754191303166,
    0.537403512327));
#8165 = CARTESIAN_POINT('',(5.79358207437E-02,0.753195108468,
    0.537316356584));
#8166 = CARTESIAN_POINT('',(4.22970942692E-02,0.75273556598,
    0.554042664501));
#8167 = CARTESIAN_POINT('',(4.22970942692E-02,0.751739371282,
    0.553955508758));
#8168 = ADVANCED_FACE('',(#8169),#8175,.F.);
#8169 = FACE_BOUND('',#8170,.F.);
#8170 = EDGE_LOOP('',(#8171,#8172,#8173,#8174));
#8171 = ORIENTED_EDGE('',*,*,#8154,.F.);
#8172 = ORIENTED_EDGE('',*,*,#7516,.T.);
#8173 = ORIENTED_EDGE('',*,*,#7556,.T.);
#8174 = ORIENTED_EDGE('',*,*,#317,.F.);
#8175 = B_SPLINE_SURFACE_WITH_KNOTS('',3,1,(
    (#8176,#8177)
    ,(#8178,#8179)
    ,(#8180,#8181)
    ,(#8182,#8183
    )),.UNSPECIFIED.,.F.,.F.,.F.,(4,4),(2,2),(34.,35.),(0.,1.),
  .PIECEWISE_BEZIER_KNOTS.);
#8176 = CARTESIAN_POINT('',(4.22970942692E-02,0.75273556598,
    0.554042664501));
#8177 = CARTESIAN_POINT('',(4.22970942692E-02,0.751739371282,
    0.553955508758));
#8178 = CARTESIAN_POINT('',(2.66583431265E-02,0.75127982881,
    0.570681816501));
#8179 = CARTESIAN_POINT('',(2.66583431265E-02,0.750283634112,
    0.570594660758));
#8180 = CARTESIAN_POINT('',(1.809602042671E-02,0.749368821863,
    0.592524725847));
#8181 = CARTESIAN_POINT('',(1.809602042671E-02,0.748372627165,
    0.592437570105));
#8182 = CARTESIAN_POINT('',(1.79355019308E-02,0.74739626056,
    0.615071204719));
#8183 = CARTESIAN_POINT('',(1.79355019308E-02,0.746400065862,
    0.614984048976));
#8184 = ADVANCED_FACE('',(#8185),#8212,.T.);
#8185 = FACE_BOUND('',#8186,.T.);
#8186 = EDGE_LOOP('',(#8187,#8201,#8206,#8207));
#8187 = ORIENTED_EDGE('',*,*,#8188,.F.);
#8188 = EDGE_CURVE('',#8189,#8191,#8193,.T.);
#8189 = VERTEX_POINT('',#8190);
#8190 = CARTESIAN_POINT('',(0.291489610934,0.754459787285,0.522861013144
    ));
#8191 = VERTEX_POINT('',#8192);
#8192 = CARTESIAN_POINT('',(0.291131883861,0.750063791665,0.573107471419
    ));
#8193 = B_SPLINE_CURVE_WITH_KNOTS('',3,(#8194,#8195,#8196,#8197,#8198,
    #8199,#8200),.UNSPECIFIED.,.F.,.F.,(4,3,4),(0.,1.,2.),
  .PIECEWISE_BEZIER_KNOTS.);
#8194 = CARTESIAN_POINT('',(0.291489610934,0.754459787285,0.522861013144
    ));
#8195 = CARTESIAN_POINT('',(0.277263410887,0.754468580926,0.522760499789
    ));
#8196 = CARTESIAN_POINT('',(0.266187874961,0.753460914305,0.534278181962
    ));
#8197 = CARTESIAN_POINT('',(0.266091563934,0.752277378383,0.547806059456
    ));
#8198 = CARTESIAN_POINT('',(0.265990666559,0.751037482277,0.561978136804
    ));
#8199 = CARTESIAN_POINT('',(0.277552319739,0.750072185732,0.573011526797
    ));
#8200 = CARTESIAN_POINT('',(0.291131883861,0.750063791665,0.573107471419
    ));
#8201 = ORIENTED_EDGE('',*,*,#8202,.F.);
#8202 = EDGE_CURVE('',#7526,#8189,#8203,.T.);
#8203 = B_SPLINE_CURVE_WITH_KNOTS('',1,(#8204,#8205),.UNSPECIFIED.,.F.,
  .F.,(2,2),(-0.,9.999998615769E-04),.PIECEWISE_BEZIER_KNOTS.);
#8204 = CARTESIAN_POINT('',(0.291489610934,0.755455981846,0.522948168875
    ));
#8205 = CARTESIAN_POINT('',(0.291489610934,0.754459787285,0.522861013144
    ));
#8206 = ORIENTED_EDGE('',*,*,#7525,.T.);
#8207 = ORIENTED_EDGE('',*,*,#8208,.T.);
#8208 = EDGE_CURVE('',#7528,#8191,#8209,.T.);
#8209 = B_SPLINE_CURVE_WITH_KNOTS('',1,(#8210,#8211),.UNSPECIFIED.,.F.,
  .F.,(2,2),(-0.,1.E-03),.PIECEWISE_BEZIER_KNOTS.);
#8210 = CARTESIAN_POINT('',(0.291131883861,0.751059986363,0.573194627162
    ));
#8211 = CARTESIAN_POINT('',(0.291131883861,0.750063791665,0.573107471419
    ));
#8212 = B_SPLINE_SURFACE_WITH_KNOTS('',3,1,(
    (#8213,#8214)
    ,(#8215,#8216)
    ,(#8217,#8218)
    ,(#8219,#8220)
    ,(#8221,#8222)
    ,(#8223,#8224)
    ,(#8225,#8226
    )),.UNSPECIFIED.,.F.,.F.,.F.,(4,3,4),(2,2),(0.,1.,2.),(0.,1.),
  .PIECEWISE_BEZIER_KNOTS.);
#8213 = CARTESIAN_POINT('',(0.291489610934,0.755455981846,0.522948168875
    ));
#8214 = CARTESIAN_POINT('',(0.291489610934,0.754459787148,0.522861013132
    ));
#8215 = CARTESIAN_POINT('',(0.277263410887,0.755464775624,0.522847655532
    ));
#8216 = CARTESIAN_POINT('',(0.277263410887,0.754468580926,0.522760499789
    ));
#8217 = CARTESIAN_POINT('',(0.266187874961,0.754457109003,0.534365337705
    ));
#8218 = CARTESIAN_POINT('',(0.266187874961,0.753460914305,0.534278181962
    ));
#8219 = CARTESIAN_POINT('',(0.266091563934,0.753273573081,0.547893215198
    ));
#8220 = CARTESIAN_POINT('',(0.266091563934,0.752277378383,0.547806059456
    ));
#8221 = CARTESIAN_POINT('',(0.265990666559,0.752033676975,0.562065292547
    ));
#8222 = CARTESIAN_POINT('',(0.265990666559,0.751037482277,0.561978136804
    ));
#8223 = CARTESIAN_POINT('',(0.277552319739,0.75106838043,0.57309868254)
  );
#8224 = CARTESIAN_POINT('',(0.277552319739,0.750072185732,0.573011526797
    ));
#8225 = CARTESIAN_POINT('',(0.291131883861,0.751059986363,0.573194627162
    ));
#8226 = CARTESIAN_POINT('',(0.291131883861,0.750063791665,0.573107471419
    ));
#8227 = ADVANCED_FACE('',(#8228),#8242,.T.);
#8228 = FACE_BOUND('',#8229,.T.);
#8229 = EDGE_LOOP('',(#8230,#8239,#8240,#8241));
#8230 = ORIENTED_EDGE('',*,*,#8231,.F.);
#8231 = EDGE_CURVE('',#8191,#8189,#8232,.T.);
#8232 = B_SPLINE_CURVE_WITH_KNOTS('',3,(#8233,#8234,#8235,#8236,#8237,
    #8238),.UNSPECIFIED.,.F.,.F.,(4,2,4),(2.,3.,4.),.UNSPECIFIED.);
#8233 = CARTESIAN_POINT('',(0.291131883861,0.750063791665,0.573107471419
    ));
#8234 = CARTESIAN_POINT('',(0.304711447982,0.750055397598,0.573203416041
    ));
#8235 = CARTESIAN_POINT('',(0.316429033486,0.751006304323,0.562334502444
    ));
#8236 = CARTESIAN_POINT('',(0.316630828236,0.753486096536,0.533990347747
    ));
#8237 = CARTESIAN_POINT('',(0.305069175056,0.754451393081,0.522956957754
    ));
#8238 = CARTESIAN_POINT('',(0.291489610934,0.754459787285,0.522861013144
    ));
#8239 = ORIENTED_EDGE('',*,*,#8208,.F.);
#8240 = ORIENTED_EDGE('',*,*,#7539,.T.);
#8241 = ORIENTED_EDGE('',*,*,#8202,.T.);
#8242 = B_SPLINE_SURFACE_WITH_KNOTS('',3,1,(
    (#8243,#8244)
    ,(#8245,#8246)
    ,(#8247,#8248)
    ,(#8249,#8250)
    ,(#8251,#8252)
    ,(#8253,#8254
    )),.UNSPECIFIED.,.F.,.F.,.F.,(4,2,4),(2,2),(2.,3.,4.),(0.,1.),
  .UNSPECIFIED.);
#8243 = CARTESIAN_POINT('',(0.291131883861,0.751059986363,0.573194627162
    ));
#8244 = CARTESIAN_POINT('',(0.291131883861,0.750063791665,0.573107471419
    ));
#8245 = CARTESIAN_POINT('',(0.304711447982,0.751051592296,0.573290571784
    ));
#8246 = CARTESIAN_POINT('',(0.304711447982,0.750055397598,0.573203416041
    ));
#8247 = CARTESIAN_POINT('',(0.316429033486,0.752002499021,0.562421658187
    ));
#8248 = CARTESIAN_POINT('',(0.316429033486,0.751006304323,0.562334502444
    ));
#8249 = CARTESIAN_POINT('',(0.316630828236,0.754482291234,0.53407750349)
  );
#8250 = CARTESIAN_POINT('',(0.316630828236,0.753486096536,0.533990347747
    ));
#8251 = CARTESIAN_POINT('',(0.305069175056,0.755447587779,0.523044113497
    ));
#8252 = CARTESIAN_POINT('',(0.305069175056,0.754451393081,0.522956957754
    ));
#8253 = CARTESIAN_POINT('',(0.291489610934,0.755455981846,0.522948168875
    ));
#8254 = CARTESIAN_POINT('',(0.291489610934,0.754459787148,0.522861013132
    ));
#8255 = ADVANCED_FACE('',(#8256),#8260,.T.);
#8256 = FACE_BOUND('',#8257,.T.);
#8257 = EDGE_LOOP('',(#8258,#8259));
#8258 = ORIENTED_EDGE('',*,*,#8188,.T.);
#8259 = ORIENTED_EDGE('',*,*,#8231,.T.);
#8260 = B_SPLINE_SURFACE_WITH_KNOTS('',1,1,(
    (#8261,#8262)
    ,(#8263,#8264
    )),.UNSPECIFIED.,.F.,.F.,.F.,(2,2),(2,2),(0.522414444546,
    0.573050044544),(1.615990666559,1.666630828236),
  .PIECEWISE_BEZIER_KNOTS.);
#8261 = CARTESIAN_POINT('',(0.265990666559,0.754468581064,0.522760499801
    ));
#8262 = CARTESIAN_POINT('',(0.316630828236,0.754468581064,0.522760499801
    ));
#8263 = CARTESIAN_POINT('',(0.265990666559,0.750055397736,0.573203416053
    ));
#8264 = CARTESIAN_POINT('',(0.316630828236,0.750055397736,0.573203416053
    ));
#8265 = ( GEOMETRIC_REPRESENTATION_CONTEXT(3) 
GLOBAL_UNCERTAINTY_ASSIGNED_CONTEXT((#8269)) 
GLOBAL_UNIT_ASSIGNED_CONTEXT((#8266,#8267,#8268)) REPRESENTATION_CONTEXT
('Context #1','3D Context with UNIT and UNCERTAINTY') );
#8266 = ( LENGTH_UNIT() NAMED_UNIT(*) SI_UNIT(.MILLI.,.METRE.) );
#8267 = ( NAMED_UNIT(*) PLANE_ANGLE_UNIT() SI_UNIT($,.RADIAN.) );
#8268 = ( NAMED_UNIT(*) SI_UNIT($,.STERADIAN.) SOLID_ANGLE_UNIT() );
#8269 = UNCERTAINTY_MEASURE_WITH_UNIT(LENGTH_MEASURE(5.E-04),#8266,
  'distance_accuracy_value','confusion accuracy');
#8270 = PRODUCT_RELATED_PRODUCT_CATEGORY('part',$,(#7));
#8271 = MECHANICAL_DESIGN_GEOMETRIC_PRESENTATION_REPRESENTATION('',(
    #8272,#8280,#8288,#8295,#8302,#8309,#8316,#8323,#8330,#8337,#8344,
    #8351,#8358,#8365,#8372,#8379,#8387,#8394,#8401,#8408,#8415,#8422,
    #8429,#8436,#8443,#8450,#8457,#8464,#8471,#8478,#8485,#8492,#8499,
    #8506,#8513,#8521,#8528,#8535,#8542,#8549,#8556,#8563,#8570,#8577,
    #8584,#8591,#8598,#8605,#8612,#8619,#8626,#8633,#8640,#8647,#8654,
    #8661,#8668,#8675,#8682,#8689,#8696,#8703,#8710,#8717,#8724,#8731,
    #8738,#8745,#8752,#8759,#8766,#8773,#8780,#8787,#8794,#8801,#8808,
    #8815,#8822,#8829,#8836,#8843,#8850,#8857,#8864,#8871,#8878,#8885,
    #8892,#8899,#8906,#8913,#8920,#8927,#8934,#8941,#8948,#8955,#8962,
    #8969,#8976,#8983,#8990,#8997,#9004,#9011,#9018,#9025,#9032,#9039,
    #9046,#9053,#9060,#9067,#9074,#9081,#9088,#9095,#9102,#9109,#9116,
    #9123,#9130,#9137,#9144,#9151,#9158,#9165,#9172,#9179,#9186,#9193,
    #9200,#9207,#9214,#9221,#9228,#9235,#9242,#9249,#9256,#9263,#9270,
    #9277,#9284,#9291,#9298,#9305,#9312,#9319,#9326,#9333,#9340,#9347,
    #9354,#9361,#9368,#9375,#9382,#9389,#9396,#9403,#9410,#9417,#9424,
    #9431,#9438,#9445,#9452,#9459,#9466,#9473,#9480,#9487,#9494,#9501,
    #9508,#9515,#9522,#9529,#9536,#9543,#9550,#9557,#9564,#9571,#9578,
    #9585,#9592,#9599,#9606,#9613,#9620,#9627,#9634,#9641,#9648,#9655,
    #9662,#9669,#9676,#9683,#9690,#9697,#9704,#9711,#9718,#9725,#9732,
    #9739,#9746,#9753,#9760,#9767,#9774,#9781,#9788,#9795,#9802,#9809,
    #9816,#9823,#9830,#9837,#9844,#9851,#9858,#9865,#9872,#9879,#9886,
    #9893,#9900,#9907,#9914,#9921,#9928,#9935,#9942,#9949,#9956,#9963,
    #9970,#9977,#9984,#9991,#9998,#10005,#10012,#10019,#10026,#10033,
    #10040,#10047,#10054,#10061,#10068,#10075,#10082,#10089,#10096),
  #8265);
#8272 = STYLED_ITEM('color',(#8273),#15);
#8273 = PRESENTATION_STYLE_ASSIGNMENT((#8274));
#8274 = SURFACE_STYLE_USAGE(.BOTH.,#8275);
#8275 = SURFACE_SIDE_STYLE('',(#8276));
#8276 = SURFACE_STYLE_FILL_AREA(#8277);
#8277 = FILL_AREA_STYLE('',(#8278));
#8278 = FILL_AREA_STYLE_COLOUR('',#8279);
#8279 = COLOUR_RGB('',0.792156867455,0.819607826924,0.933333342953);
#8280 = OVER_RIDING_STYLED_ITEM('overriding color',(#8281),#17,#8272);
#8281 = PRESENTATION_STYLE_ASSIGNMENT((#8282));
#8282 = SURFACE_STYLE_USAGE(.BOTH.,#8283);
#8283 = SURFACE_SIDE_STYLE('',(#8284));
#8284 = SURFACE_STYLE_FILL_AREA(#8285);
#8285 = FILL_AREA_STYLE('',(#8286));
#8286 = FILL_AREA_STYLE_COLOUR('',#8287);
#8287 = DRAUGHTING_PRE_DEFINED_COLOUR('white');
#8288 = OVER_RIDING_STYLED_ITEM('overriding color',(#8289),#53,#8272);
#8289 = PRESENTATION_STYLE_ASSIGNMENT((#8290));
#8290 = SURFACE_STYLE_USAGE(.BOTH.,#8291);
#8291 = SURFACE_SIDE_STYLE('',(#8292));
#8292 = SURFACE_STYLE_FILL_AREA(#8293);
#8293 = FILL_AREA_STYLE('',(#8294));
#8294 = FILL_AREA_STYLE_COLOUR('',#8287);
#8295 = OVER_RIDING_STYLED_ITEM('overriding color',(#8296),#81,#8272);
#8296 = PRESENTATION_STYLE_ASSIGNMENT((#8297));
#8297 = SURFACE_STYLE_USAGE(.BOTH.,#8298);
#8298 = SURFACE_SIDE_STYLE('',(#8299));
#8299 = SURFACE_STYLE_FILL_AREA(#8300);
#8300 = FILL_AREA_STYLE('',(#8301));
#8301 = FILL_AREA_STYLE_COLOUR('',#8287);
#8302 = OVER_RIDING_STYLED_ITEM('overriding color',(#8303),#109,#8272);
#8303 = PRESENTATION_STYLE_ASSIGNMENT((#8304));
#8304 = SURFACE_STYLE_USAGE(.BOTH.,#8305);
#8305 = SURFACE_SIDE_STYLE('',(#8306));
#8306 = SURFACE_STYLE_FILL_AREA(#8307);
#8307 = FILL_AREA_STYLE('',(#8308));
#8308 = FILL_AREA_STYLE_COLOUR('',#8287);
#8309 = OVER_RIDING_STYLED_ITEM('overriding color',(#8310),#129,#8272);
#8310 = PRESENTATION_STYLE_ASSIGNMENT((#8311));
#8311 = SURFACE_STYLE_USAGE(.BOTH.,#8312);
#8312 = SURFACE_SIDE_STYLE('',(#8313));
#8313 = SURFACE_STYLE_FILL_AREA(#8314);
#8314 = FILL_AREA_STYLE('',(#8315));
#8315 = FILL_AREA_STYLE_COLOUR('',#8287);
#8316 = OVER_RIDING_STYLED_ITEM('overriding color',(#8317),#141,#8272);
#8317 = PRESENTATION_STYLE_ASSIGNMENT((#8318));
#8318 = SURFACE_STYLE_USAGE(.BOTH.,#8319);
#8319 = SURFACE_SIDE_STYLE('',(#8320));
#8320 = SURFACE_STYLE_FILL_AREA(#8321);
#8321 = FILL_AREA_STYLE('',(#8322));
#8322 = FILL_AREA_STYLE_COLOUR('',#8287);
#8323 = STYLED_ITEM('color',(#8324),#153);
#8324 = PRESENTATION_STYLE_ASSIGNMENT((#8325));
#8325 = SURFACE_STYLE_USAGE(.BOTH.,#8326);
#8326 = SURFACE_SIDE_STYLE('',(#8327));
#8327 = SURFACE_STYLE_FILL_AREA(#8328);
#8328 = FILL_AREA_STYLE('',(#8329));
#8329 = FILL_AREA_STYLE_COLOUR('',#8279);
#8330 = OVER_RIDING_STYLED_ITEM('overriding color',(#8331),#155,#8323);
#8331 = PRESENTATION_STYLE_ASSIGNMENT((#8332));
#8332 = SURFACE_STYLE_USAGE(.BOTH.,#8333);
#8333 = SURFACE_SIDE_STYLE('',(#8334));
#8334 = SURFACE_STYLE_FILL_AREA(#8335);
#8335 = FILL_AREA_STYLE('',(#8336));
#8336 = FILL_AREA_STYLE_COLOUR('',#8287);
#8337 = OVER_RIDING_STYLED_ITEM('overriding color',(#8338),#191,#8323);
#8338 = PRESENTATION_STYLE_ASSIGNMENT((#8339));
#8339 = SURFACE_STYLE_USAGE(.BOTH.,#8340);
#8340 = SURFACE_SIDE_STYLE('',(#8341));
#8341 = SURFACE_STYLE_FILL_AREA(#8342);
#8342 = FILL_AREA_STYLE('',(#8343));
#8343 = FILL_AREA_STYLE_COLOUR('',#8287);
#8344 = OVER_RIDING_STYLED_ITEM('overriding color',(#8345),#219,#8323);
#8345 = PRESENTATION_STYLE_ASSIGNMENT((#8346));
#8346 = SURFACE_STYLE_USAGE(.BOTH.,#8347);
#8347 = SURFACE_SIDE_STYLE('',(#8348));
#8348 = SURFACE_STYLE_FILL_AREA(#8349);
#8349 = FILL_AREA_STYLE('',(#8350));
#8350 = FILL_AREA_STYLE_COLOUR('',#8287);
#8351 = OVER_RIDING_STYLED_ITEM('overriding color',(#8352),#247,#8323);
#8352 = PRESENTATION_STYLE_ASSIGNMENT((#8353));
#8353 = SURFACE_STYLE_USAGE(.BOTH.,#8354);
#8354 = SURFACE_SIDE_STYLE('',(#8355));
#8355 = SURFACE_STYLE_FILL_AREA(#8356);
#8356 = FILL_AREA_STYLE('',(#8357));
#8357 = FILL_AREA_STYLE_COLOUR('',#8287);
#8358 = OVER_RIDING_STYLED_ITEM('overriding color',(#8359),#267,#8323);
#8359 = PRESENTATION_STYLE_ASSIGNMENT((#8360));
#8360 = SURFACE_STYLE_USAGE(.BOTH.,#8361);
#8361 = SURFACE_SIDE_STYLE('',(#8362));
#8362 = SURFACE_STYLE_FILL_AREA(#8363);
#8363 = FILL_AREA_STYLE('',(#8364));
#8364 = FILL_AREA_STYLE_COLOUR('',#8287);
#8365 = OVER_RIDING_STYLED_ITEM('overriding color',(#8366),#279,#8323);
#8366 = PRESENTATION_STYLE_ASSIGNMENT((#8367));
#8367 = SURFACE_STYLE_USAGE(.BOTH.,#8368);
#8368 = SURFACE_SIDE_STYLE('',(#8369));
#8369 = SURFACE_STYLE_FILL_AREA(#8370);
#8370 = FILL_AREA_STYLE('',(#8371));
#8371 = FILL_AREA_STYLE_COLOUR('',#8287);
#8372 = STYLED_ITEM('color',(#8373),#291);
#8373 = PRESENTATION_STYLE_ASSIGNMENT((#8374));
#8374 = SURFACE_STYLE_USAGE(.BOTH.,#8375);
#8375 = SURFACE_SIDE_STYLE('',(#8376));
#8376 = SURFACE_STYLE_FILL_AREA(#8377);
#8377 = FILL_AREA_STYLE('',(#8378));
#8378 = FILL_AREA_STYLE_COLOUR('',#8279);
#8379 = OVER_RIDING_STYLED_ITEM('overriding color',(#8380),#293,#8372);
#8380 = PRESENTATION_STYLE_ASSIGNMENT((#8381));
#8381 = SURFACE_STYLE_USAGE(.BOTH.,#8382);
#8382 = SURFACE_SIDE_STYLE('',(#8383));
#8383 = SURFACE_STYLE_FILL_AREA(#8384);
#8384 = FILL_AREA_STYLE('',(#8385));
#8385 = FILL_AREA_STYLE_COLOUR('',#8386);
#8386 = COLOUR_RGB('',0.250980388104,0.250980388104,0.250980388104);
#8387 = OVER_RIDING_STYLED_ITEM('overriding color',(#8388),#1698,#8372);
#8388 = PRESENTATION_STYLE_ASSIGNMENT((#8389));
#8389 = SURFACE_STYLE_USAGE(.BOTH.,#8390);
#8390 = SURFACE_SIDE_STYLE('',(#8391));
#8391 = SURFACE_STYLE_FILL_AREA(#8392);
#8392 = FILL_AREA_STYLE('',(#8393));
#8393 = FILL_AREA_STYLE_COLOUR('',#8386);
#8394 = OVER_RIDING_STYLED_ITEM('overriding color',(#8395),#1734,#8372);
#8395 = PRESENTATION_STYLE_ASSIGNMENT((#8396));
#8396 = SURFACE_STYLE_USAGE(.BOTH.,#8397);
#8397 = SURFACE_SIDE_STYLE('',(#8398));
#8398 = SURFACE_STYLE_FILL_AREA(#8399);
#8399 = FILL_AREA_STYLE('',(#8400));
#8400 = FILL_AREA_STYLE_COLOUR('',#8386);
#8401 = OVER_RIDING_STYLED_ITEM('overriding color',(#8402),#1798,#8372);
#8402 = PRESENTATION_STYLE_ASSIGNMENT((#8403));
#8403 = SURFACE_STYLE_USAGE(.BOTH.,#8404);
#8404 = SURFACE_SIDE_STYLE('',(#8405));
#8405 = SURFACE_STYLE_FILL_AREA(#8406);
#8406 = FILL_AREA_STYLE('',(#8407));
#8407 = FILL_AREA_STYLE_COLOUR('',#8386);
#8408 = OVER_RIDING_STYLED_ITEM('overriding color',(#8409),#1862,#8372);
#8409 = PRESENTATION_STYLE_ASSIGNMENT((#8410));
#8410 = SURFACE_STYLE_USAGE(.BOTH.,#8411);
#8411 = SURFACE_SIDE_STYLE('',(#8412));
#8412 = SURFACE_STYLE_FILL_AREA(#8413);
#8413 = FILL_AREA_STYLE('',(#8414));
#8414 = FILL_AREA_STYLE_COLOUR('',#8386);
#8415 = OVER_RIDING_STYLED_ITEM('overriding color',(#8416),#1898,#8372);
#8416 = PRESENTATION_STYLE_ASSIGNMENT((#8417));
#8417 = SURFACE_STYLE_USAGE(.BOTH.,#8418);
#8418 = SURFACE_SIDE_STYLE('',(#8419));
#8419 = SURFACE_STYLE_FILL_AREA(#8420);
#8420 = FILL_AREA_STYLE('',(#8421));
#8421 = FILL_AREA_STYLE_COLOUR('',#8386);
#8422 = OVER_RIDING_STYLED_ITEM('overriding color',(#8423),#1934,#8372);
#8423 = PRESENTATION_STYLE_ASSIGNMENT((#8424));
#8424 = SURFACE_STYLE_USAGE(.BOTH.,#8425);
#8425 = SURFACE_SIDE_STYLE('',(#8426));
#8426 = SURFACE_STYLE_FILL_AREA(#8427);
#8427 = FILL_AREA_STYLE('',(#8428));
#8428 = FILL_AREA_STYLE_COLOUR('',#8386);
#8429 = OVER_RIDING_STYLED_ITEM('overriding color',(#8430),#2014,#8372);
#8430 = PRESENTATION_STYLE_ASSIGNMENT((#8431));
#8431 = SURFACE_STYLE_USAGE(.BOTH.,#8432);
#8432 = SURFACE_SIDE_STYLE('',(#8433));
#8433 = SURFACE_STYLE_FILL_AREA(#8434);
#8434 = FILL_AREA_STYLE('',(#8435));
#8435 = FILL_AREA_STYLE_COLOUR('',#8386);
#8436 = OVER_RIDING_STYLED_ITEM('overriding color',(#8437),#2033,#8372);
#8437 = PRESENTATION_STYLE_ASSIGNMENT((#8438));
#8438 = SURFACE_STYLE_USAGE(.BOTH.,#8439);
#8439 = SURFACE_SIDE_STYLE('',(#8440));
#8440 = SURFACE_STYLE_FILL_AREA(#8441);
#8441 = FILL_AREA_STYLE('',(#8442));
#8442 = FILL_AREA_STYLE_COLOUR('',#8386);
#8443 = OVER_RIDING_STYLED_ITEM('overriding color',(#8444),#2079,#8372);
#8444 = PRESENTATION_STYLE_ASSIGNMENT((#8445));
#8445 = SURFACE_STYLE_USAGE(.BOTH.,#8446);
#8446 = SURFACE_SIDE_STYLE('',(#8447));
#8447 = SURFACE_STYLE_FILL_AREA(#8448);
#8448 = FILL_AREA_STYLE('',(#8449));
#8449 = FILL_AREA_STYLE_COLOUR('',#8386);
#8450 = OVER_RIDING_STYLED_ITEM('overriding color',(#8451),#2098,#8372);
#8451 = PRESENTATION_STYLE_ASSIGNMENT((#8452));
#8452 = SURFACE_STYLE_USAGE(.BOTH.,#8453);
#8453 = SURFACE_SIDE_STYLE('',(#8454));
#8454 = SURFACE_STYLE_FILL_AREA(#8455);
#8455 = FILL_AREA_STYLE('',(#8456));
#8456 = FILL_AREA_STYLE_COLOUR('',#8386);
#8457 = OVER_RIDING_STYLED_ITEM('overriding color',(#8458),#2119,#8372);
#8458 = PRESENTATION_STYLE_ASSIGNMENT((#8459));
#8459 = SURFACE_STYLE_USAGE(.BOTH.,#8460);
#8460 = SURFACE_SIDE_STYLE('',(#8461));
#8461 = SURFACE_STYLE_FILL_AREA(#8462);
#8462 = FILL_AREA_STYLE('',(#8463));
#8463 = FILL_AREA_STYLE_COLOUR('',#8386);
#8464 = OVER_RIDING_STYLED_ITEM('overriding color',(#8465),#2140,#8372);
#8465 = PRESENTATION_STYLE_ASSIGNMENT((#8466));
#8466 = SURFACE_STYLE_USAGE(.BOTH.,#8467);
#8467 = SURFACE_SIDE_STYLE('',(#8468));
#8468 = SURFACE_STYLE_FILL_AREA(#8469);
#8469 = FILL_AREA_STYLE('',(#8470));
#8470 = FILL_AREA_STYLE_COLOUR('',#8386);
#8471 = OVER_RIDING_STYLED_ITEM('overriding color',(#8472),#2159,#8372);
#8472 = PRESENTATION_STYLE_ASSIGNMENT((#8473));
#8473 = SURFACE_STYLE_USAGE(.BOTH.,#8474);
#8474 = SURFACE_SIDE_STYLE('',(#8475));
#8475 = SURFACE_STYLE_FILL_AREA(#8476);
#8476 = FILL_AREA_STYLE('',(#8477));
#8477 = FILL_AREA_STYLE_COLOUR('',#8386);
#8478 = OVER_RIDING_STYLED_ITEM('overriding color',(#8479),#2178,#8372);
#8479 = PRESENTATION_STYLE_ASSIGNMENT((#8480));
#8480 = SURFACE_STYLE_USAGE(.BOTH.,#8481);
#8481 = SURFACE_SIDE_STYLE('',(#8482));
#8482 = SURFACE_STYLE_FILL_AREA(#8483);
#8483 = FILL_AREA_STYLE('',(#8484));
#8484 = FILL_AREA_STYLE_COLOUR('',#8386);
#8485 = OVER_RIDING_STYLED_ITEM('overriding color',(#8486),#2197,#8372);
#8486 = PRESENTATION_STYLE_ASSIGNMENT((#8487));
#8487 = SURFACE_STYLE_USAGE(.BOTH.,#8488);
#8488 = SURFACE_SIDE_STYLE('',(#8489));
#8489 = SURFACE_STYLE_FILL_AREA(#8490);
#8490 = FILL_AREA_STYLE('',(#8491));
#8491 = FILL_AREA_STYLE_COLOUR('',#8386);
#8492 = OVER_RIDING_STYLED_ITEM('overriding color',(#8493),#2216,#8372);
#8493 = PRESENTATION_STYLE_ASSIGNMENT((#8494));
#8494 = SURFACE_STYLE_USAGE(.BOTH.,#8495);
#8495 = SURFACE_SIDE_STYLE('',(#8496));
#8496 = SURFACE_STYLE_FILL_AREA(#8497);
#8497 = FILL_AREA_STYLE('',(#8498));
#8498 = FILL_AREA_STYLE_COLOUR('',#8386);
#8499 = OVER_RIDING_STYLED_ITEM('overriding color',(#8500),#2237,#8372);
#8500 = PRESENTATION_STYLE_ASSIGNMENT((#8501));
#8501 = SURFACE_STYLE_USAGE(.BOTH.,#8502);
#8502 = SURFACE_SIDE_STYLE('',(#8503));
#8503 = SURFACE_STYLE_FILL_AREA(#8504);
#8504 = FILL_AREA_STYLE('',(#8505));
#8505 = FILL_AREA_STYLE_COLOUR('',#8386);
#8506 = OVER_RIDING_STYLED_ITEM('overriding color',(#8507),#2258,#8372);
#8507 = PRESENTATION_STYLE_ASSIGNMENT((#8508));
#8508 = SURFACE_STYLE_USAGE(.BOTH.,#8509);
#8509 = SURFACE_SIDE_STYLE('',(#8510));
#8510 = SURFACE_STYLE_FILL_AREA(#8511);
#8511 = FILL_AREA_STYLE('',(#8512));
#8512 = FILL_AREA_STYLE_COLOUR('',#8386);
#8513 = OVER_RIDING_STYLED_ITEM('overriding color',(#8514),#2438,#8372);
#8514 = PRESENTATION_STYLE_ASSIGNMENT((#8515));
#8515 = SURFACE_STYLE_USAGE(.BOTH.,#8516);
#8516 = SURFACE_SIDE_STYLE('',(#8517));
#8517 = SURFACE_STYLE_FILL_AREA(#8518);
#8518 = FILL_AREA_STYLE('',(#8519));
#8519 = FILL_AREA_STYLE_COLOUR('',#8520);
#8520 = COLOUR_RGB('',0.752941164258,0.752941164258,0.752941164258);
#8521 = OVER_RIDING_STYLED_ITEM('overriding color',(#8522),#2454,#8372);
#8522 = PRESENTATION_STYLE_ASSIGNMENT((#8523));
#8523 = SURFACE_STYLE_USAGE(.BOTH.,#8524);
#8524 = SURFACE_SIDE_STYLE('',(#8525));
#8525 = SURFACE_STYLE_FILL_AREA(#8526);
#8526 = FILL_AREA_STYLE('',(#8527));
#8527 = FILL_AREA_STYLE_COLOUR('',#8520);
#8528 = OVER_RIDING_STYLED_ITEM('overriding color',(#8529),#2470,#8372);
#8529 = PRESENTATION_STYLE_ASSIGNMENT((#8530));
#8530 = SURFACE_STYLE_USAGE(.BOTH.,#8531);
#8531 = SURFACE_SIDE_STYLE('',(#8532));
#8532 = SURFACE_STYLE_FILL_AREA(#8533);
#8533 = FILL_AREA_STYLE('',(#8534));
#8534 = FILL_AREA_STYLE_COLOUR('',#8520);
#8535 = OVER_RIDING_STYLED_ITEM('overriding color',(#8536),#2482,#8372);
#8536 = PRESENTATION_STYLE_ASSIGNMENT((#8537));
#8537 = SURFACE_STYLE_USAGE(.BOTH.,#8538);
#8538 = SURFACE_SIDE_STYLE('',(#8539));
#8539 = SURFACE_STYLE_FILL_AREA(#8540);
#8540 = FILL_AREA_STYLE('',(#8541));
#8541 = FILL_AREA_STYLE_COLOUR('',#8287);
#8542 = OVER_RIDING_STYLED_ITEM('overriding color',(#8543),#2510,#8372);
#8543 = PRESENTATION_STYLE_ASSIGNMENT((#8544));
#8544 = SURFACE_STYLE_USAGE(.BOTH.,#8545);
#8545 = SURFACE_SIDE_STYLE('',(#8546));
#8546 = SURFACE_STYLE_FILL_AREA(#8547);
#8547 = FILL_AREA_STYLE('',(#8548));
#8548 = FILL_AREA_STYLE_COLOUR('',#8287);
#8549 = OVER_RIDING_STYLED_ITEM('overriding color',(#8550),#2532,#8372);
#8550 = PRESENTATION_STYLE_ASSIGNMENT((#8551));
#8551 = SURFACE_STYLE_USAGE(.BOTH.,#8552);
#8552 = SURFACE_SIDE_STYLE('',(#8553));
#8553 = SURFACE_STYLE_FILL_AREA(#8554);
#8554 = FILL_AREA_STYLE('',(#8555));
#8555 = FILL_AREA_STYLE_COLOUR('',#8287);
#8556 = OVER_RIDING_STYLED_ITEM('overriding color',(#8557),#2554,#8372);
#8557 = PRESENTATION_STYLE_ASSIGNMENT((#8558));
#8558 = SURFACE_STYLE_USAGE(.BOTH.,#8559);
#8559 = SURFACE_SIDE_STYLE('',(#8560));
#8560 = SURFACE_STYLE_FILL_AREA(#8561);
#8561 = FILL_AREA_STYLE('',(#8562));
#8562 = FILL_AREA_STYLE_COLOUR('',#8287);
#8563 = OVER_RIDING_STYLED_ITEM('overriding color',(#8564),#2576,#8372);
#8564 = PRESENTATION_STYLE_ASSIGNMENT((#8565));
#8565 = SURFACE_STYLE_USAGE(.BOTH.,#8566);
#8566 = SURFACE_SIDE_STYLE('',(#8567));
#8567 = SURFACE_STYLE_FILL_AREA(#8568);
#8568 = FILL_AREA_STYLE('',(#8569));
#8569 = FILL_AREA_STYLE_COLOUR('',#8287);
#8570 = OVER_RIDING_STYLED_ITEM('overriding color',(#8571),#2598,#8372);
#8571 = PRESENTATION_STYLE_ASSIGNMENT((#8572));
#8572 = SURFACE_STYLE_USAGE(.BOTH.,#8573);
#8573 = SURFACE_SIDE_STYLE('',(#8574));
#8574 = SURFACE_STYLE_FILL_AREA(#8575);
#8575 = FILL_AREA_STYLE('',(#8576));
#8576 = FILL_AREA_STYLE_COLOUR('',#8287);
#8577 = OVER_RIDING_STYLED_ITEM('overriding color',(#8578),#2614,#8372);
#8578 = PRESENTATION_STYLE_ASSIGNMENT((#8579));
#8579 = SURFACE_STYLE_USAGE(.BOTH.,#8580);
#8580 = SURFACE_SIDE_STYLE('',(#8581));
#8581 = SURFACE_STYLE_FILL_AREA(#8582);
#8582 = FILL_AREA_STYLE('',(#8583));
#8583 = FILL_AREA_STYLE_COLOUR('',#8287);
#8584 = OVER_RIDING_STYLED_ITEM('overriding color',(#8585),#2628,#8372);
#8585 = PRESENTATION_STYLE_ASSIGNMENT((#8586));
#8586 = SURFACE_STYLE_USAGE(.BOTH.,#8587);
#8587 = SURFACE_SIDE_STYLE('',(#8588));
#8588 = SURFACE_STYLE_FILL_AREA(#8589);
#8589 = FILL_AREA_STYLE('',(#8590));
#8590 = FILL_AREA_STYLE_COLOUR('',#8287);
#8591 = OVER_RIDING_STYLED_ITEM('overriding color',(#8592),#2662,#8372);
#8592 = PRESENTATION_STYLE_ASSIGNMENT((#8593));
#8593 = SURFACE_STYLE_USAGE(.BOTH.,#8594);
#8594 = SURFACE_SIDE_STYLE('',(#8595));
#8595 = SURFACE_STYLE_FILL_AREA(#8596);
#8596 = FILL_AREA_STYLE('',(#8597));
#8597 = FILL_AREA_STYLE_COLOUR('',#8287);
#8598 = OVER_RIDING_STYLED_ITEM('overriding color',(#8599),#2684,#8372);
#8599 = PRESENTATION_STYLE_ASSIGNMENT((#8600));
#8600 = SURFACE_STYLE_USAGE(.BOTH.,#8601);
#8601 = SURFACE_SIDE_STYLE('',(#8602));
#8602 = SURFACE_STYLE_FILL_AREA(#8603);
#8603 = FILL_AREA_STYLE('',(#8604));
#8604 = FILL_AREA_STYLE_COLOUR('',#8287);
#8605 = OVER_RIDING_STYLED_ITEM('overriding color',(#8606),#2712,#8372);
#8606 = PRESENTATION_STYLE_ASSIGNMENT((#8607));
#8607 = SURFACE_STYLE_USAGE(.BOTH.,#8608);
#8608 = SURFACE_SIDE_STYLE('',(#8609));
#8609 = SURFACE_STYLE_FILL_AREA(#8610);
#8610 = FILL_AREA_STYLE('',(#8611));
#8611 = FILL_AREA_STYLE_COLOUR('',#8287);
#8612 = OVER_RIDING_STYLED_ITEM('overriding color',(#8613),#2740,#8372);
#8613 = PRESENTATION_STYLE_ASSIGNMENT((#8614));
#8614 = SURFACE_STYLE_USAGE(.BOTH.,#8615);
#8615 = SURFACE_SIDE_STYLE('',(#8616));
#8616 = SURFACE_STYLE_FILL_AREA(#8617);
#8617 = FILL_AREA_STYLE('',(#8618));
#8618 = FILL_AREA_STYLE_COLOUR('',#8287);
#8619 = OVER_RIDING_STYLED_ITEM('overriding color',(#8620),#2768,#8372);
#8620 = PRESENTATION_STYLE_ASSIGNMENT((#8621));
#8621 = SURFACE_STYLE_USAGE(.BOTH.,#8622);
#8622 = SURFACE_SIDE_STYLE('',(#8623));
#8623 = SURFACE_STYLE_FILL_AREA(#8624);
#8624 = FILL_AREA_STYLE('',(#8625));
#8625 = FILL_AREA_STYLE_COLOUR('',#8287);
#8626 = OVER_RIDING_STYLED_ITEM('overriding color',(#8627),#2796,#8372);
#8627 = PRESENTATION_STYLE_ASSIGNMENT((#8628));
#8628 = SURFACE_STYLE_USAGE(.BOTH.,#8629);
#8629 = SURFACE_SIDE_STYLE('',(#8630));
#8630 = SURFACE_STYLE_FILL_AREA(#8631);
#8631 = FILL_AREA_STYLE('',(#8632));
#8632 = FILL_AREA_STYLE_COLOUR('',#8287);
#8633 = OVER_RIDING_STYLED_ITEM('overriding color',(#8634),#2824,#8372);
#8634 = PRESENTATION_STYLE_ASSIGNMENT((#8635));
#8635 = SURFACE_STYLE_USAGE(.BOTH.,#8636);
#8636 = SURFACE_SIDE_STYLE('',(#8637));
#8637 = SURFACE_STYLE_FILL_AREA(#8638);
#8638 = FILL_AREA_STYLE('',(#8639));
#8639 = FILL_AREA_STYLE_COLOUR('',#8287);
#8640 = OVER_RIDING_STYLED_ITEM('overriding color',(#8641),#2852,#8372);
#8641 = PRESENTATION_STYLE_ASSIGNMENT((#8642));
#8642 = SURFACE_STYLE_USAGE(.BOTH.,#8643);
#8643 = SURFACE_SIDE_STYLE('',(#8644));
#8644 = SURFACE_STYLE_FILL_AREA(#8645);
#8645 = FILL_AREA_STYLE('',(#8646));
#8646 = FILL_AREA_STYLE_COLOUR('',#8287);
#8647 = OVER_RIDING_STYLED_ITEM('overriding color',(#8648),#2874,#8372);
#8648 = PRESENTATION_STYLE_ASSIGNMENT((#8649));
#8649 = SURFACE_STYLE_USAGE(.BOTH.,#8650);
#8650 = SURFACE_SIDE_STYLE('',(#8651));
#8651 = SURFACE_STYLE_FILL_AREA(#8652);
#8652 = FILL_AREA_STYLE('',(#8653));
#8653 = FILL_AREA_STYLE_COLOUR('',#8287);
#8654 = OVER_RIDING_STYLED_ITEM('overriding color',(#8655),#2902,#8372);
#8655 = PRESENTATION_STYLE_ASSIGNMENT((#8656));
#8656 = SURFACE_STYLE_USAGE(.BOTH.,#8657);
#8657 = SURFACE_SIDE_STYLE('',(#8658));
#8658 = SURFACE_STYLE_FILL_AREA(#8659);
#8659 = FILL_AREA_STYLE('',(#8660));
#8660 = FILL_AREA_STYLE_COLOUR('',#8287);
#8661 = OVER_RIDING_STYLED_ITEM('overriding color',(#8662),#2930,#8372);
#8662 = PRESENTATION_STYLE_ASSIGNMENT((#8663));
#8663 = SURFACE_STYLE_USAGE(.BOTH.,#8664);
#8664 = SURFACE_SIDE_STYLE('',(#8665));
#8665 = SURFACE_STYLE_FILL_AREA(#8666);
#8666 = FILL_AREA_STYLE('',(#8667));
#8667 = FILL_AREA_STYLE_COLOUR('',#8287);
#8668 = OVER_RIDING_STYLED_ITEM('overriding color',(#8669),#2958,#8372);
#8669 = PRESENTATION_STYLE_ASSIGNMENT((#8670));
#8670 = SURFACE_STYLE_USAGE(.BOTH.,#8671);
#8671 = SURFACE_SIDE_STYLE('',(#8672));
#8672 = SURFACE_STYLE_FILL_AREA(#8673);
#8673 = FILL_AREA_STYLE('',(#8674));
#8674 = FILL_AREA_STYLE_COLOUR('',#8287);
#8675 = OVER_RIDING_STYLED_ITEM('overriding color',(#8676),#2986,#8372);
#8676 = PRESENTATION_STYLE_ASSIGNMENT((#8677));
#8677 = SURFACE_STYLE_USAGE(.BOTH.,#8678);
#8678 = SURFACE_SIDE_STYLE('',(#8679));
#8679 = SURFACE_STYLE_FILL_AREA(#8680);
#8680 = FILL_AREA_STYLE('',(#8681));
#8681 = FILL_AREA_STYLE_COLOUR('',#8287);
#8682 = OVER_RIDING_STYLED_ITEM('overriding color',(#8683),#3008,#8372);
#8683 = PRESENTATION_STYLE_ASSIGNMENT((#8684));
#8684 = SURFACE_STYLE_USAGE(.BOTH.,#8685);
#8685 = SURFACE_SIDE_STYLE('',(#8686));
#8686 = SURFACE_STYLE_FILL_AREA(#8687);
#8687 = FILL_AREA_STYLE('',(#8688));
#8688 = FILL_AREA_STYLE_COLOUR('',#8287);
#8689 = OVER_RIDING_STYLED_ITEM('overriding color',(#8690),#3030,#8372);
#8690 = PRESENTATION_STYLE_ASSIGNMENT((#8691));
#8691 = SURFACE_STYLE_USAGE(.BOTH.,#8692);
#8692 = SURFACE_SIDE_STYLE('',(#8693));
#8693 = SURFACE_STYLE_FILL_AREA(#8694);
#8694 = FILL_AREA_STYLE('',(#8695));
#8695 = FILL_AREA_STYLE_COLOUR('',#8287);
#8696 = OVER_RIDING_STYLED_ITEM('overriding color',(#8697),#3058,#8372);
#8697 = PRESENTATION_STYLE_ASSIGNMENT((#8698));
#8698 = SURFACE_STYLE_USAGE(.BOTH.,#8699);
#8699 = SURFACE_SIDE_STYLE('',(#8700));
#8700 = SURFACE_STYLE_FILL_AREA(#8701);
#8701 = FILL_AREA_STYLE('',(#8702));
#8702 = FILL_AREA_STYLE_COLOUR('',#8287);
#8703 = OVER_RIDING_STYLED_ITEM('overriding color',(#8704),#3080,#8372);
#8704 = PRESENTATION_STYLE_ASSIGNMENT((#8705));
#8705 = SURFACE_STYLE_USAGE(.BOTH.,#8706);
#8706 = SURFACE_SIDE_STYLE('',(#8707));
#8707 = SURFACE_STYLE_FILL_AREA(#8708);
#8708 = FILL_AREA_STYLE('',(#8709));
#8709 = FILL_AREA_STYLE_COLOUR('',#8287);
#8710 = OVER_RIDING_STYLED_ITEM('overriding color',(#8711),#3102,#8372);
#8711 = PRESENTATION_STYLE_ASSIGNMENT((#8712));
#8712 = SURFACE_STYLE_USAGE(.BOTH.,#8713);
#8713 = SURFACE_SIDE_STYLE('',(#8714));
#8714 = SURFACE_STYLE_FILL_AREA(#8715);
#8715 = FILL_AREA_STYLE('',(#8716));
#8716 = FILL_AREA_STYLE_COLOUR('',#8287);
#8717 = OVER_RIDING_STYLED_ITEM('overriding color',(#8718),#3124,#8372);
#8718 = PRESENTATION_STYLE_ASSIGNMENT((#8719));
#8719 = SURFACE_STYLE_USAGE(.BOTH.,#8720);
#8720 = SURFACE_SIDE_STYLE('',(#8721));
#8721 = SURFACE_STYLE_FILL_AREA(#8722);
#8722 = FILL_AREA_STYLE('',(#8723));
#8723 = FILL_AREA_STYLE_COLOUR('',#8287);
#8724 = OVER_RIDING_STYLED_ITEM('overriding color',(#8725),#3146,#8372);
#8725 = PRESENTATION_STYLE_ASSIGNMENT((#8726));
#8726 = SURFACE_STYLE_USAGE(.BOTH.,#8727);
#8727 = SURFACE_SIDE_STYLE('',(#8728));
#8728 = SURFACE_STYLE_FILL_AREA(#8729);
#8729 = FILL_AREA_STYLE('',(#8730));
#8730 = FILL_AREA_STYLE_COLOUR('',#8287);
#8731 = OVER_RIDING_STYLED_ITEM('overriding color',(#8732),#3168,#8372);
#8732 = PRESENTATION_STYLE_ASSIGNMENT((#8733));
#8733 = SURFACE_STYLE_USAGE(.BOTH.,#8734);
#8734 = SURFACE_SIDE_STYLE('',(#8735));
#8735 = SURFACE_STYLE_FILL_AREA(#8736);
#8736 = FILL_AREA_STYLE('',(#8737));
#8737 = FILL_AREA_STYLE_COLOUR('',#8287);
#8738 = OVER_RIDING_STYLED_ITEM('overriding color',(#8739),#3190,#8372);
#8739 = PRESENTATION_STYLE_ASSIGNMENT((#8740));
#8740 = SURFACE_STYLE_USAGE(.BOTH.,#8741);
#8741 = SURFACE_SIDE_STYLE('',(#8742));
#8742 = SURFACE_STYLE_FILL_AREA(#8743);
#8743 = FILL_AREA_STYLE('',(#8744));
#8744 = FILL_AREA_STYLE_COLOUR('',#8287);
#8745 = OVER_RIDING_STYLED_ITEM('overriding color',(#8746),#3212,#8372);
#8746 = PRESENTATION_STYLE_ASSIGNMENT((#8747));
#8747 = SURFACE_STYLE_USAGE(.BOTH.,#8748);
#8748 = SURFACE_SIDE_STYLE('',(#8749));
#8749 = SURFACE_STYLE_FILL_AREA(#8750);
#8750 = FILL_AREA_STYLE('',(#8751));
#8751 = FILL_AREA_STYLE_COLOUR('',#8287);
#8752 = OVER_RIDING_STYLED_ITEM('overriding color',(#8753),#3234,#8372);
#8753 = PRESENTATION_STYLE_ASSIGNMENT((#8754));
#8754 = SURFACE_STYLE_USAGE(.BOTH.,#8755);
#8755 = SURFACE_SIDE_STYLE('',(#8756));
#8756 = SURFACE_STYLE_FILL_AREA(#8757);
#8757 = FILL_AREA_STYLE('',(#8758));
#8758 = FILL_AREA_STYLE_COLOUR('',#8287);
#8759 = OVER_RIDING_STYLED_ITEM('overriding color',(#8760),#3256,#8372);
#8760 = PRESENTATION_STYLE_ASSIGNMENT((#8761));
#8761 = SURFACE_STYLE_USAGE(.BOTH.,#8762);
#8762 = SURFACE_SIDE_STYLE('',(#8763));
#8763 = SURFACE_STYLE_FILL_AREA(#8764);
#8764 = FILL_AREA_STYLE('',(#8765));
#8765 = FILL_AREA_STYLE_COLOUR('',#8287);
#8766 = OVER_RIDING_STYLED_ITEM('overriding color',(#8767),#3278,#8372);
#8767 = PRESENTATION_STYLE_ASSIGNMENT((#8768));
#8768 = SURFACE_STYLE_USAGE(.BOTH.,#8769);
#8769 = SURFACE_SIDE_STYLE('',(#8770));
#8770 = SURFACE_STYLE_FILL_AREA(#8771);
#8771 = FILL_AREA_STYLE('',(#8772));
#8772 = FILL_AREA_STYLE_COLOUR('',#8287);
#8773 = OVER_RIDING_STYLED_ITEM('overriding color',(#8774),#3294,#8372);
#8774 = PRESENTATION_STYLE_ASSIGNMENT((#8775));
#8775 = SURFACE_STYLE_USAGE(.BOTH.,#8776);
#8776 = SURFACE_SIDE_STYLE('',(#8777));
#8777 = SURFACE_STYLE_FILL_AREA(#8778);
#8778 = FILL_AREA_STYLE('',(#8779));
#8779 = FILL_AREA_STYLE_COLOUR('',#8287);
#8780 = OVER_RIDING_STYLED_ITEM('overriding color',(#8781),#3314,#8372);
#8781 = PRESENTATION_STYLE_ASSIGNMENT((#8782));
#8782 = SURFACE_STYLE_USAGE(.BOTH.,#8783);
#8783 = SURFACE_SIDE_STYLE('',(#8784));
#8784 = SURFACE_STYLE_FILL_AREA(#8785);
#8785 = FILL_AREA_STYLE('',(#8786));
#8786 = FILL_AREA_STYLE_COLOUR('',#8287);
#8787 = OVER_RIDING_STYLED_ITEM('overriding color',(#8788),#3438,#8372);
#8788 = PRESENTATION_STYLE_ASSIGNMENT((#8789));
#8789 = SURFACE_STYLE_USAGE(.BOTH.,#8790);
#8790 = SURFACE_SIDE_STYLE('',(#8791));
#8791 = SURFACE_STYLE_FILL_AREA(#8792);
#8792 = FILL_AREA_STYLE('',(#8793));
#8793 = FILL_AREA_STYLE_COLOUR('',#8287);
#8794 = OVER_RIDING_STYLED_ITEM('overriding color',(#8795),#3458,#8372);
#8795 = PRESENTATION_STYLE_ASSIGNMENT((#8796));
#8796 = SURFACE_STYLE_USAGE(.BOTH.,#8797);
#8797 = SURFACE_SIDE_STYLE('',(#8798));
#8798 = SURFACE_STYLE_FILL_AREA(#8799);
#8799 = FILL_AREA_STYLE('',(#8800));
#8800 = FILL_AREA_STYLE_COLOUR('',#8287);
#8801 = OVER_RIDING_STYLED_ITEM('overriding color',(#8802),#3478,#8372);
#8802 = PRESENTATION_STYLE_ASSIGNMENT((#8803));
#8803 = SURFACE_STYLE_USAGE(.BOTH.,#8804);
#8804 = SURFACE_SIDE_STYLE('',(#8805));
#8805 = SURFACE_STYLE_FILL_AREA(#8806);
#8806 = FILL_AREA_STYLE('',(#8807));
#8807 = FILL_AREA_STYLE_COLOUR('',#8287);
#8808 = OVER_RIDING_STYLED_ITEM('overriding color',(#8809),#3498,#8372);
#8809 = PRESENTATION_STYLE_ASSIGNMENT((#8810));
#8810 = SURFACE_STYLE_USAGE(.BOTH.,#8811);
#8811 = SURFACE_SIDE_STYLE('',(#8812));
#8812 = SURFACE_STYLE_FILL_AREA(#8813);
#8813 = FILL_AREA_STYLE('',(#8814));
#8814 = FILL_AREA_STYLE_COLOUR('',#8287);
#8815 = OVER_RIDING_STYLED_ITEM('overriding color',(#8816),#3518,#8372);
#8816 = PRESENTATION_STYLE_ASSIGNMENT((#8817));
#8817 = SURFACE_STYLE_USAGE(.BOTH.,#8818);
#8818 = SURFACE_SIDE_STYLE('',(#8819));
#8819 = SURFACE_STYLE_FILL_AREA(#8820);
#8820 = FILL_AREA_STYLE('',(#8821));
#8821 = FILL_AREA_STYLE_COLOUR('',#8287);
#8822 = OVER_RIDING_STYLED_ITEM('overriding color',(#8823),#3538,#8372);
#8823 = PRESENTATION_STYLE_ASSIGNMENT((#8824));
#8824 = SURFACE_STYLE_USAGE(.BOTH.,#8825);
#8825 = SURFACE_SIDE_STYLE('',(#8826));
#8826 = SURFACE_STYLE_FILL_AREA(#8827);
#8827 = FILL_AREA_STYLE('',(#8828));
#8828 = FILL_AREA_STYLE_COLOUR('',#8287);
#8829 = OVER_RIDING_STYLED_ITEM('overriding color',(#8830),#3554,#8372);
#8830 = PRESENTATION_STYLE_ASSIGNMENT((#8831));
#8831 = SURFACE_STYLE_USAGE(.BOTH.,#8832);
#8832 = SURFACE_SIDE_STYLE('',(#8833));
#8833 = SURFACE_STYLE_FILL_AREA(#8834);
#8834 = FILL_AREA_STYLE('',(#8835));
#8835 = FILL_AREA_STYLE_COLOUR('',#8287);
#8836 = OVER_RIDING_STYLED_ITEM('overriding color',(#8837),#3566,#8372);
#8837 = PRESENTATION_STYLE_ASSIGNMENT((#8838));
#8838 = SURFACE_STYLE_USAGE(.BOTH.,#8839);
#8839 = SURFACE_SIDE_STYLE('',(#8840));
#8840 = SURFACE_STYLE_FILL_AREA(#8841);
#8841 = FILL_AREA_STYLE('',(#8842));
#8842 = FILL_AREA_STYLE_COLOUR('',#8287);
#8843 = OVER_RIDING_STYLED_ITEM('overriding color',(#8844),#3594,#8372);
#8844 = PRESENTATION_STYLE_ASSIGNMENT((#8845));
#8845 = SURFACE_STYLE_USAGE(.BOTH.,#8846);
#8846 = SURFACE_SIDE_STYLE('',(#8847));
#8847 = SURFACE_STYLE_FILL_AREA(#8848);
#8848 = FILL_AREA_STYLE('',(#8849));
#8849 = FILL_AREA_STYLE_COLOUR('',#8287);
#8850 = OVER_RIDING_STYLED_ITEM('overriding color',(#8851),#3616,#8372);
#8851 = PRESENTATION_STYLE_ASSIGNMENT((#8852));
#8852 = SURFACE_STYLE_USAGE(.BOTH.,#8853);
#8853 = SURFACE_SIDE_STYLE('',(#8854));
#8854 = SURFACE_STYLE_FILL_AREA(#8855);
#8855 = FILL_AREA_STYLE('',(#8856));
#8856 = FILL_AREA_STYLE_COLOUR('',#8287);
#8857 = OVER_RIDING_STYLED_ITEM('overriding color',(#8858),#3638,#8372);
#8858 = PRESENTATION_STYLE_ASSIGNMENT((#8859));
#8859 = SURFACE_STYLE_USAGE(.BOTH.,#8860);
#8860 = SURFACE_SIDE_STYLE('',(#8861));
#8861 = SURFACE_STYLE_FILL_AREA(#8862);
#8862 = FILL_AREA_STYLE('',(#8863));
#8863 = FILL_AREA_STYLE_COLOUR('',#8287);
#8864 = OVER_RIDING_STYLED_ITEM('overriding color',(#8865),#3666,#8372);
#8865 = PRESENTATION_STYLE_ASSIGNMENT((#8866));
#8866 = SURFACE_STYLE_USAGE(.BOTH.,#8867);
#8867 = SURFACE_SIDE_STYLE('',(#8868));
#8868 = SURFACE_STYLE_FILL_AREA(#8869);
#8869 = FILL_AREA_STYLE('',(#8870));
#8870 = FILL_AREA_STYLE_COLOUR('',#8287);
#8871 = OVER_RIDING_STYLED_ITEM('overriding color',(#8872),#3694,#8372);
#8872 = PRESENTATION_STYLE_ASSIGNMENT((#8873));
#8873 = SURFACE_STYLE_USAGE(.BOTH.,#8874);
#8874 = SURFACE_SIDE_STYLE('',(#8875));
#8875 = SURFACE_STYLE_FILL_AREA(#8876);
#8876 = FILL_AREA_STYLE('',(#8877));
#8877 = FILL_AREA_STYLE_COLOUR('',#8287);
#8878 = OVER_RIDING_STYLED_ITEM('overriding color',(#8879),#3722,#8372);
#8879 = PRESENTATION_STYLE_ASSIGNMENT((#8880));
#8880 = SURFACE_STYLE_USAGE(.BOTH.,#8881);
#8881 = SURFACE_SIDE_STYLE('',(#8882));
#8882 = SURFACE_STYLE_FILL_AREA(#8883);
#8883 = FILL_AREA_STYLE('',(#8884));
#8884 = FILL_AREA_STYLE_COLOUR('',#8287);
#8885 = OVER_RIDING_STYLED_ITEM('overriding color',(#8886),#3744,#8372);
#8886 = PRESENTATION_STYLE_ASSIGNMENT((#8887));
#8887 = SURFACE_STYLE_USAGE(.BOTH.,#8888);
#8888 = SURFACE_SIDE_STYLE('',(#8889));
#8889 = SURFACE_STYLE_FILL_AREA(#8890);
#8890 = FILL_AREA_STYLE('',(#8891));
#8891 = FILL_AREA_STYLE_COLOUR('',#8386);
#8892 = OVER_RIDING_STYLED_ITEM('overriding color',(#8893),#3759,#8372);
#8893 = PRESENTATION_STYLE_ASSIGNMENT((#8894));
#8894 = SURFACE_STYLE_USAGE(.BOTH.,#8895);
#8895 = SURFACE_SIDE_STYLE('',(#8896));
#8896 = SURFACE_STYLE_FILL_AREA(#8897);
#8897 = FILL_AREA_STYLE('',(#8898));
#8898 = FILL_AREA_STYLE_COLOUR('',#8287);
#8899 = OVER_RIDING_STYLED_ITEM('overriding color',(#8900),#3871,#8372);
#8900 = PRESENTATION_STYLE_ASSIGNMENT((#8901));
#8901 = SURFACE_STYLE_USAGE(.BOTH.,#8902);
#8902 = SURFACE_SIDE_STYLE('',(#8903));
#8903 = SURFACE_STYLE_FILL_AREA(#8904);
#8904 = FILL_AREA_STYLE('',(#8905));
#8905 = FILL_AREA_STYLE_COLOUR('',#8287);
#8906 = OVER_RIDING_STYLED_ITEM('overriding color',(#8907),#3891,#8372);
#8907 = PRESENTATION_STYLE_ASSIGNMENT((#8908));
#8908 = SURFACE_STYLE_USAGE(.BOTH.,#8909);
#8909 = SURFACE_SIDE_STYLE('',(#8910));
#8910 = SURFACE_STYLE_FILL_AREA(#8911);
#8911 = FILL_AREA_STYLE('',(#8912));
#8912 = FILL_AREA_STYLE_COLOUR('',#8287);
#8913 = OVER_RIDING_STYLED_ITEM('overriding color',(#8914),#3907,#8372);
#8914 = PRESENTATION_STYLE_ASSIGNMENT((#8915));
#8915 = SURFACE_STYLE_USAGE(.BOTH.,#8916);
#8916 = SURFACE_SIDE_STYLE('',(#8917));
#8917 = SURFACE_STYLE_FILL_AREA(#8918);
#8918 = FILL_AREA_STYLE('',(#8919));
#8919 = FILL_AREA_STYLE_COLOUR('',#8287);
#8920 = OVER_RIDING_STYLED_ITEM('overriding color',(#8921),#3923,#8372);
#8921 = PRESENTATION_STYLE_ASSIGNMENT((#8922));
#8922 = SURFACE_STYLE_USAGE(.BOTH.,#8923);
#8923 = SURFACE_SIDE_STYLE('',(#8924));
#8924 = SURFACE_STYLE_FILL_AREA(#8925);
#8925 = FILL_AREA_STYLE('',(#8926));
#8926 = FILL_AREA_STYLE_COLOUR('',#8287);
#8927 = OVER_RIDING_STYLED_ITEM('overriding color',(#8928),#3939,#8372);
#8928 = PRESENTATION_STYLE_ASSIGNMENT((#8929));
#8929 = SURFACE_STYLE_USAGE(.BOTH.,#8930);
#8930 = SURFACE_SIDE_STYLE('',(#8931));
#8931 = SURFACE_STYLE_FILL_AREA(#8932);
#8932 = FILL_AREA_STYLE('',(#8933));
#8933 = FILL_AREA_STYLE_COLOUR('',#8287);
#8934 = OVER_RIDING_STYLED_ITEM('overriding color',(#8935),#3955,#8372);
#8935 = PRESENTATION_STYLE_ASSIGNMENT((#8936));
#8936 = SURFACE_STYLE_USAGE(.BOTH.,#8937);
#8937 = SURFACE_SIDE_STYLE('',(#8938));
#8938 = SURFACE_STYLE_FILL_AREA(#8939);
#8939 = FILL_AREA_STYLE('',(#8940));
#8940 = FILL_AREA_STYLE_COLOUR('',#8287);
#8941 = OVER_RIDING_STYLED_ITEM('overriding color',(#8942),#3971,#8372);
#8942 = PRESENTATION_STYLE_ASSIGNMENT((#8943));
#8943 = SURFACE_STYLE_USAGE(.BOTH.,#8944);
#8944 = SURFACE_SIDE_STYLE('',(#8945));
#8945 = SURFACE_STYLE_FILL_AREA(#8946);
#8946 = FILL_AREA_STYLE('',(#8947));
#8947 = FILL_AREA_STYLE_COLOUR('',#8287);
#8948 = OVER_RIDING_STYLED_ITEM('overriding color',(#8949),#3987,#8372);
#8949 = PRESENTATION_STYLE_ASSIGNMENT((#8950));
#8950 = SURFACE_STYLE_USAGE(.BOTH.,#8951);
#8951 = SURFACE_SIDE_STYLE('',(#8952));
#8952 = SURFACE_STYLE_FILL_AREA(#8953);
#8953 = FILL_AREA_STYLE('',(#8954));
#8954 = FILL_AREA_STYLE_COLOUR('',#8287);
#8955 = OVER_RIDING_STYLED_ITEM('overriding color',(#8956),#3999,#8372);
#8956 = PRESENTATION_STYLE_ASSIGNMENT((#8957));
#8957 = SURFACE_STYLE_USAGE(.BOTH.,#8958);
#8958 = SURFACE_SIDE_STYLE('',(#8959));
#8959 = SURFACE_STYLE_FILL_AREA(#8960);
#8960 = FILL_AREA_STYLE('',(#8961));
#8961 = FILL_AREA_STYLE_COLOUR('',#8287);
#8962 = OVER_RIDING_STYLED_ITEM('overriding color',(#8963),#4027,#8372);
#8963 = PRESENTATION_STYLE_ASSIGNMENT((#8964));
#8964 = SURFACE_STYLE_USAGE(.BOTH.,#8965);
#8965 = SURFACE_SIDE_STYLE('',(#8966));
#8966 = SURFACE_STYLE_FILL_AREA(#8967);
#8967 = FILL_AREA_STYLE('',(#8968));
#8968 = FILL_AREA_STYLE_COLOUR('',#8287);
#8969 = OVER_RIDING_STYLED_ITEM('overriding color',(#8970),#4049,#8372);
#8970 = PRESENTATION_STYLE_ASSIGNMENT((#8971));
#8971 = SURFACE_STYLE_USAGE(.BOTH.,#8972);
#8972 = SURFACE_SIDE_STYLE('',(#8973));
#8973 = SURFACE_STYLE_FILL_AREA(#8974);
#8974 = FILL_AREA_STYLE('',(#8975));
#8975 = FILL_AREA_STYLE_COLOUR('',#8287);
#8976 = OVER_RIDING_STYLED_ITEM('overriding color',(#8977),#4077,#8372);
#8977 = PRESENTATION_STYLE_ASSIGNMENT((#8978));
#8978 = SURFACE_STYLE_USAGE(.BOTH.,#8979);
#8979 = SURFACE_SIDE_STYLE('',(#8980));
#8980 = SURFACE_STYLE_FILL_AREA(#8981);
#8981 = FILL_AREA_STYLE('',(#8982));
#8982 = FILL_AREA_STYLE_COLOUR('',#8287);
#8983 = OVER_RIDING_STYLED_ITEM('overriding color',(#8984),#4099,#8372);
#8984 = PRESENTATION_STYLE_ASSIGNMENT((#8985));
#8985 = SURFACE_STYLE_USAGE(.BOTH.,#8986);
#8986 = SURFACE_SIDE_STYLE('',(#8987));
#8987 = SURFACE_STYLE_FILL_AREA(#8988);
#8988 = FILL_AREA_STYLE('',(#8989));
#8989 = FILL_AREA_STYLE_COLOUR('',#8287);
#8990 = OVER_RIDING_STYLED_ITEM('overriding color',(#8991),#4127,#8372);
#8991 = PRESENTATION_STYLE_ASSIGNMENT((#8992));
#8992 = SURFACE_STYLE_USAGE(.BOTH.,#8993);
#8993 = SURFACE_SIDE_STYLE('',(#8994));
#8994 = SURFACE_STYLE_FILL_AREA(#8995);
#8995 = FILL_AREA_STYLE('',(#8996));
#8996 = FILL_AREA_STYLE_COLOUR('',#8287);
#8997 = OVER_RIDING_STYLED_ITEM('overriding color',(#8998),#4143,#8372);
#8998 = PRESENTATION_STYLE_ASSIGNMENT((#8999));
#8999 = SURFACE_STYLE_USAGE(.BOTH.,#9000);
#9000 = SURFACE_SIDE_STYLE('',(#9001));
#9001 = SURFACE_STYLE_FILL_AREA(#9002);
#9002 = FILL_AREA_STYLE('',(#9003));
#9003 = FILL_AREA_STYLE_COLOUR('',#8386);
#9004 = OVER_RIDING_STYLED_ITEM('overriding color',(#9005),#4157,#8372);
#9005 = PRESENTATION_STYLE_ASSIGNMENT((#9006));
#9006 = SURFACE_STYLE_USAGE(.BOTH.,#9007);
#9007 = SURFACE_SIDE_STYLE('',(#9008));
#9008 = SURFACE_STYLE_FILL_AREA(#9009);
#9009 = FILL_AREA_STYLE('',(#9010));
#9010 = FILL_AREA_STYLE_COLOUR('',#8287);
#9011 = OVER_RIDING_STYLED_ITEM('overriding color',(#9012),#4185,#8372);
#9012 = PRESENTATION_STYLE_ASSIGNMENT((#9013));
#9013 = SURFACE_STYLE_USAGE(.BOTH.,#9014);
#9014 = SURFACE_SIDE_STYLE('',(#9015));
#9015 = SURFACE_STYLE_FILL_AREA(#9016);
#9016 = FILL_AREA_STYLE('',(#9017));
#9017 = FILL_AREA_STYLE_COLOUR('',#8287);
#9018 = OVER_RIDING_STYLED_ITEM('overriding color',(#9019),#4207,#8372);
#9019 = PRESENTATION_STYLE_ASSIGNMENT((#9020));
#9020 = SURFACE_STYLE_USAGE(.BOTH.,#9021);
#9021 = SURFACE_SIDE_STYLE('',(#9022));
#9022 = SURFACE_STYLE_FILL_AREA(#9023);
#9023 = FILL_AREA_STYLE('',(#9024));
#9024 = FILL_AREA_STYLE_COLOUR('',#8287);
#9025 = OVER_RIDING_STYLED_ITEM('overriding color',(#9026),#4229,#8372);
#9026 = PRESENTATION_STYLE_ASSIGNMENT((#9027));
#9027 = SURFACE_STYLE_USAGE(.BOTH.,#9028);
#9028 = SURFACE_SIDE_STYLE('',(#9029));
#9029 = SURFACE_STYLE_FILL_AREA(#9030);
#9030 = FILL_AREA_STYLE('',(#9031));
#9031 = FILL_AREA_STYLE_COLOUR('',#8287);
#9032 = OVER_RIDING_STYLED_ITEM('overriding color',(#9033),#4251,#8372);
#9033 = PRESENTATION_STYLE_ASSIGNMENT((#9034));
#9034 = SURFACE_STYLE_USAGE(.BOTH.,#9035);
#9035 = SURFACE_SIDE_STYLE('',(#9036));
#9036 = SURFACE_STYLE_FILL_AREA(#9037);
#9037 = FILL_AREA_STYLE('',(#9038));
#9038 = FILL_AREA_STYLE_COLOUR('',#8287);
#9039 = OVER_RIDING_STYLED_ITEM('overriding color',(#9040),#4273,#8372);
#9040 = PRESENTATION_STYLE_ASSIGNMENT((#9041));
#9041 = SURFACE_STYLE_USAGE(.BOTH.,#9042);
#9042 = SURFACE_SIDE_STYLE('',(#9043));
#9043 = SURFACE_STYLE_FILL_AREA(#9044);
#9044 = FILL_AREA_STYLE('',(#9045));
#9045 = FILL_AREA_STYLE_COLOUR('',#8287);
#9046 = OVER_RIDING_STYLED_ITEM('overriding color',(#9047),#4295,#8372);
#9047 = PRESENTATION_STYLE_ASSIGNMENT((#9048));
#9048 = SURFACE_STYLE_USAGE(.BOTH.,#9049);
#9049 = SURFACE_SIDE_STYLE('',(#9050));
#9050 = SURFACE_STYLE_FILL_AREA(#9051);
#9051 = FILL_AREA_STYLE('',(#9052));
#9052 = FILL_AREA_STYLE_COLOUR('',#8287);
#9053 = OVER_RIDING_STYLED_ITEM('overriding color',(#9054),#4317,#8372);
#9054 = PRESENTATION_STYLE_ASSIGNMENT((#9055));
#9055 = SURFACE_STYLE_USAGE(.BOTH.,#9056);
#9056 = SURFACE_SIDE_STYLE('',(#9057));
#9057 = SURFACE_STYLE_FILL_AREA(#9058);
#9058 = FILL_AREA_STYLE('',(#9059));
#9059 = FILL_AREA_STYLE_COLOUR('',#8287);
#9060 = OVER_RIDING_STYLED_ITEM('overriding color',(#9061),#4339,#8372);
#9061 = PRESENTATION_STYLE_ASSIGNMENT((#9062));
#9062 = SURFACE_STYLE_USAGE(.BOTH.,#9063);
#9063 = SURFACE_SIDE_STYLE('',(#9064));
#9064 = SURFACE_STYLE_FILL_AREA(#9065);
#9065 = FILL_AREA_STYLE('',(#9066));
#9066 = FILL_AREA_STYLE_COLOUR('',#8287);
#9067 = OVER_RIDING_STYLED_ITEM('overriding color',(#9068),#4361,#8372);
#9068 = PRESENTATION_STYLE_ASSIGNMENT((#9069));
#9069 = SURFACE_STYLE_USAGE(.BOTH.,#9070);
#9070 = SURFACE_SIDE_STYLE('',(#9071));
#9071 = SURFACE_STYLE_FILL_AREA(#9072);
#9072 = FILL_AREA_STYLE('',(#9073));
#9073 = FILL_AREA_STYLE_COLOUR('',#8287);
#9074 = OVER_RIDING_STYLED_ITEM('overriding color',(#9075),#4383,#8372);
#9075 = PRESENTATION_STYLE_ASSIGNMENT((#9076));
#9076 = SURFACE_STYLE_USAGE(.BOTH.,#9077);
#9077 = SURFACE_SIDE_STYLE('',(#9078));
#9078 = SURFACE_STYLE_FILL_AREA(#9079);
#9079 = FILL_AREA_STYLE('',(#9080));
#9080 = FILL_AREA_STYLE_COLOUR('',#8287);
#9081 = OVER_RIDING_STYLED_ITEM('overriding color',(#9082),#4405,#8372);
#9082 = PRESENTATION_STYLE_ASSIGNMENT((#9083));
#9083 = SURFACE_STYLE_USAGE(.BOTH.,#9084);
#9084 = SURFACE_SIDE_STYLE('',(#9085));
#9085 = SURFACE_STYLE_FILL_AREA(#9086);
#9086 = FILL_AREA_STYLE('',(#9087));
#9087 = FILL_AREA_STYLE_COLOUR('',#8287);
#9088 = OVER_RIDING_STYLED_ITEM('overriding color',(#9089),#4421,#8372);
#9089 = PRESENTATION_STYLE_ASSIGNMENT((#9090));
#9090 = SURFACE_STYLE_USAGE(.BOTH.,#9091);
#9091 = SURFACE_SIDE_STYLE('',(#9092));
#9092 = SURFACE_STYLE_FILL_AREA(#9093);
#9093 = FILL_AREA_STYLE('',(#9094));
#9094 = FILL_AREA_STYLE_COLOUR('',#8287);
#9095 = OVER_RIDING_STYLED_ITEM('overriding color',(#9096),#4441,#8372);
#9096 = PRESENTATION_STYLE_ASSIGNMENT((#9097));
#9097 = SURFACE_STYLE_USAGE(.BOTH.,#9098);
#9098 = SURFACE_SIDE_STYLE('',(#9099));
#9099 = SURFACE_STYLE_FILL_AREA(#9100);
#9100 = FILL_AREA_STYLE('',(#9101));
#9101 = FILL_AREA_STYLE_COLOUR('',#8287);
#9102 = OVER_RIDING_STYLED_ITEM('overriding color',(#9103),#4633,#8372);
#9103 = PRESENTATION_STYLE_ASSIGNMENT((#9104));
#9104 = SURFACE_STYLE_USAGE(.BOTH.,#9105);
#9105 = SURFACE_SIDE_STYLE('',(#9106));
#9106 = SURFACE_STYLE_FILL_AREA(#9107);
#9107 = FILL_AREA_STYLE('',(#9108));
#9108 = FILL_AREA_STYLE_COLOUR('',#8287);
#9109 = OVER_RIDING_STYLED_ITEM('overriding color',(#9110),#4657,#8372);
#9110 = PRESENTATION_STYLE_ASSIGNMENT((#9111));
#9111 = SURFACE_STYLE_USAGE(.BOTH.,#9112);
#9112 = SURFACE_SIDE_STYLE('',(#9113));
#9113 = SURFACE_STYLE_FILL_AREA(#9114);
#9114 = FILL_AREA_STYLE('',(#9115));
#9115 = FILL_AREA_STYLE_COLOUR('',#8287);
#9116 = OVER_RIDING_STYLED_ITEM('overriding color',(#9117),#4673,#8372);
#9117 = PRESENTATION_STYLE_ASSIGNMENT((#9118));
#9118 = SURFACE_STYLE_USAGE(.BOTH.,#9119);
#9119 = SURFACE_SIDE_STYLE('',(#9120));
#9120 = SURFACE_STYLE_FILL_AREA(#9121);
#9121 = FILL_AREA_STYLE('',(#9122));
#9122 = FILL_AREA_STYLE_COLOUR('',#8287);
#9123 = OVER_RIDING_STYLED_ITEM('overriding color',(#9124),#4693,#8372);
#9124 = PRESENTATION_STYLE_ASSIGNMENT((#9125));
#9125 = SURFACE_STYLE_USAGE(.BOTH.,#9126);
#9126 = SURFACE_SIDE_STYLE('',(#9127));
#9127 = SURFACE_STYLE_FILL_AREA(#9128);
#9128 = FILL_AREA_STYLE('',(#9129));
#9129 = FILL_AREA_STYLE_COLOUR('',#8287);
#9130 = OVER_RIDING_STYLED_ITEM('overriding color',(#9131),#4713,#8372);
#9131 = PRESENTATION_STYLE_ASSIGNMENT((#9132));
#9132 = SURFACE_STYLE_USAGE(.BOTH.,#9133);
#9133 = SURFACE_SIDE_STYLE('',(#9134));
#9134 = SURFACE_STYLE_FILL_AREA(#9135);
#9135 = FILL_AREA_STYLE('',(#9136));
#9136 = FILL_AREA_STYLE_COLOUR('',#8287);
#9137 = OVER_RIDING_STYLED_ITEM('overriding color',(#9138),#4729,#8372);
#9138 = PRESENTATION_STYLE_ASSIGNMENT((#9139));
#9139 = SURFACE_STYLE_USAGE(.BOTH.,#9140);
#9140 = SURFACE_SIDE_STYLE('',(#9141));
#9141 = SURFACE_STYLE_FILL_AREA(#9142);
#9142 = FILL_AREA_STYLE('',(#9143));
#9143 = FILL_AREA_STYLE_COLOUR('',#8287);
#9144 = OVER_RIDING_STYLED_ITEM('overriding color',(#9145),#4749,#8372);
#9145 = PRESENTATION_STYLE_ASSIGNMENT((#9146));
#9146 = SURFACE_STYLE_USAGE(.BOTH.,#9147);
#9147 = SURFACE_SIDE_STYLE('',(#9148));
#9148 = SURFACE_STYLE_FILL_AREA(#9149);
#9149 = FILL_AREA_STYLE('',(#9150));
#9150 = FILL_AREA_STYLE_COLOUR('',#8287);
#9151 = OVER_RIDING_STYLED_ITEM('overriding color',(#9152),#4769,#8372);
#9152 = PRESENTATION_STYLE_ASSIGNMENT((#9153));
#9153 = SURFACE_STYLE_USAGE(.BOTH.,#9154);
#9154 = SURFACE_SIDE_STYLE('',(#9155));
#9155 = SURFACE_STYLE_FILL_AREA(#9156);
#9156 = FILL_AREA_STYLE('',(#9157));
#9157 = FILL_AREA_STYLE_COLOUR('',#8287);
#9158 = OVER_RIDING_STYLED_ITEM('overriding color',(#9159),#4789,#8372);
#9159 = PRESENTATION_STYLE_ASSIGNMENT((#9160));
#9160 = SURFACE_STYLE_USAGE(.BOTH.,#9161);
#9161 = SURFACE_SIDE_STYLE('',(#9162));
#9162 = SURFACE_STYLE_FILL_AREA(#9163);
#9163 = FILL_AREA_STYLE('',(#9164));
#9164 = FILL_AREA_STYLE_COLOUR('',#8287);
#9165 = OVER_RIDING_STYLED_ITEM('overriding color',(#9166),#4809,#8372);
#9166 = PRESENTATION_STYLE_ASSIGNMENT((#9167));
#9167 = SURFACE_STYLE_USAGE(.BOTH.,#9168);
#9168 = SURFACE_SIDE_STYLE('',(#9169));
#9169 = SURFACE_STYLE_FILL_AREA(#9170);
#9170 = FILL_AREA_STYLE('',(#9171));
#9171 = FILL_AREA_STYLE_COLOUR('',#8287);
#9172 = OVER_RIDING_STYLED_ITEM('overriding color',(#9173),#4825,#8372);
#9173 = PRESENTATION_STYLE_ASSIGNMENT((#9174));
#9174 = SURFACE_STYLE_USAGE(.BOTH.,#9175);
#9175 = SURFACE_SIDE_STYLE('',(#9176));
#9176 = SURFACE_STYLE_FILL_AREA(#9177);
#9177 = FILL_AREA_STYLE('',(#9178));
#9178 = FILL_AREA_STYLE_COLOUR('',#8287);
#9179 = OVER_RIDING_STYLED_ITEM('overriding color',(#9180),#4841,#8372);
#9180 = PRESENTATION_STYLE_ASSIGNMENT((#9181));
#9181 = SURFACE_STYLE_USAGE(.BOTH.,#9182);
#9182 = SURFACE_SIDE_STYLE('',(#9183));
#9183 = SURFACE_STYLE_FILL_AREA(#9184);
#9184 = FILL_AREA_STYLE('',(#9185));
#9185 = FILL_AREA_STYLE_COLOUR('',#8287);
#9186 = OVER_RIDING_STYLED_ITEM('overriding color',(#9187),#4857,#8372);
#9187 = PRESENTATION_STYLE_ASSIGNMENT((#9188));
#9188 = SURFACE_STYLE_USAGE(.BOTH.,#9189);
#9189 = SURFACE_SIDE_STYLE('',(#9190));
#9190 = SURFACE_STYLE_FILL_AREA(#9191);
#9191 = FILL_AREA_STYLE('',(#9192));
#9192 = FILL_AREA_STYLE_COLOUR('',#8287);
#9193 = OVER_RIDING_STYLED_ITEM('overriding color',(#9194),#4873,#8372);
#9194 = PRESENTATION_STYLE_ASSIGNMENT((#9195));
#9195 = SURFACE_STYLE_USAGE(.BOTH.,#9196);
#9196 = SURFACE_SIDE_STYLE('',(#9197));
#9197 = SURFACE_STYLE_FILL_AREA(#9198);
#9198 = FILL_AREA_STYLE('',(#9199));
#9199 = FILL_AREA_STYLE_COLOUR('',#8287);
#9200 = OVER_RIDING_STYLED_ITEM('overriding color',(#9201),#4889,#8372);
#9201 = PRESENTATION_STYLE_ASSIGNMENT((#9202));
#9202 = SURFACE_STYLE_USAGE(.BOTH.,#9203);
#9203 = SURFACE_SIDE_STYLE('',(#9204));
#9204 = SURFACE_STYLE_FILL_AREA(#9205);
#9205 = FILL_AREA_STYLE('',(#9206));
#9206 = FILL_AREA_STYLE_COLOUR('',#8287);
#9207 = OVER_RIDING_STYLED_ITEM('overriding color',(#9208),#4923,#8372);
#9208 = PRESENTATION_STYLE_ASSIGNMENT((#9209));
#9209 = SURFACE_STYLE_USAGE(.BOTH.,#9210);
#9210 = SURFACE_SIDE_STYLE('',(#9211));
#9211 = SURFACE_STYLE_FILL_AREA(#9212);
#9212 = FILL_AREA_STYLE('',(#9213));
#9213 = FILL_AREA_STYLE_COLOUR('',#8287);
#9214 = OVER_RIDING_STYLED_ITEM('overriding color',(#9215),#4951,#8372);
#9215 = PRESENTATION_STYLE_ASSIGNMENT((#9216));
#9216 = SURFACE_STYLE_USAGE(.BOTH.,#9217);
#9217 = SURFACE_SIDE_STYLE('',(#9218));
#9218 = SURFACE_STYLE_FILL_AREA(#9219);
#9219 = FILL_AREA_STYLE('',(#9220));
#9220 = FILL_AREA_STYLE_COLOUR('',#8287);
#9221 = OVER_RIDING_STYLED_ITEM('overriding color',(#9222),#4979,#8372);
#9222 = PRESENTATION_STYLE_ASSIGNMENT((#9223));
#9223 = SURFACE_STYLE_USAGE(.BOTH.,#9224);
#9224 = SURFACE_SIDE_STYLE('',(#9225));
#9225 = SURFACE_STYLE_FILL_AREA(#9226);
#9226 = FILL_AREA_STYLE('',(#9227));
#9227 = FILL_AREA_STYLE_COLOUR('',#8287);
#9228 = OVER_RIDING_STYLED_ITEM('overriding color',(#9229),#5007,#8372);
#9229 = PRESENTATION_STYLE_ASSIGNMENT((#9230));
#9230 = SURFACE_STYLE_USAGE(.BOTH.,#9231);
#9231 = SURFACE_SIDE_STYLE('',(#9232));
#9232 = SURFACE_STYLE_FILL_AREA(#9233);
#9233 = FILL_AREA_STYLE('',(#9234));
#9234 = FILL_AREA_STYLE_COLOUR('',#8287);
#9235 = OVER_RIDING_STYLED_ITEM('overriding color',(#9236),#5035,#8372);
#9236 = PRESENTATION_STYLE_ASSIGNMENT((#9237));
#9237 = SURFACE_STYLE_USAGE(.BOTH.,#9238);
#9238 = SURFACE_SIDE_STYLE('',(#9239));
#9239 = SURFACE_STYLE_FILL_AREA(#9240);
#9240 = FILL_AREA_STYLE('',(#9241));
#9241 = FILL_AREA_STYLE_COLOUR('',#8287);
#9242 = OVER_RIDING_STYLED_ITEM('overriding color',(#9243),#5063,#8372);
#9243 = PRESENTATION_STYLE_ASSIGNMENT((#9244));
#9244 = SURFACE_STYLE_USAGE(.BOTH.,#9245);
#9245 = SURFACE_SIDE_STYLE('',(#9246));
#9246 = SURFACE_STYLE_FILL_AREA(#9247);
#9247 = FILL_AREA_STYLE('',(#9248));
#9248 = FILL_AREA_STYLE_COLOUR('',#8287);
#9249 = OVER_RIDING_STYLED_ITEM('overriding color',(#9250),#5085,#8372);
#9250 = PRESENTATION_STYLE_ASSIGNMENT((#9251));
#9251 = SURFACE_STYLE_USAGE(.BOTH.,#9252);
#9252 = SURFACE_SIDE_STYLE('',(#9253));
#9253 = SURFACE_STYLE_FILL_AREA(#9254);
#9254 = FILL_AREA_STYLE('',(#9255));
#9255 = FILL_AREA_STYLE_COLOUR('',#8287);
#9256 = OVER_RIDING_STYLED_ITEM('overriding color',(#9257),#5101,#8372);
#9257 = PRESENTATION_STYLE_ASSIGNMENT((#9258));
#9258 = SURFACE_STYLE_USAGE(.BOTH.,#9259);
#9259 = SURFACE_SIDE_STYLE('',(#9260));
#9260 = SURFACE_STYLE_FILL_AREA(#9261);
#9261 = FILL_AREA_STYLE('',(#9262));
#9262 = FILL_AREA_STYLE_COLOUR('',#8386);
#9263 = OVER_RIDING_STYLED_ITEM('overriding color',(#9264),#5117,#8372);
#9264 = PRESENTATION_STYLE_ASSIGNMENT((#9265));
#9265 = SURFACE_STYLE_USAGE(.BOTH.,#9266);
#9266 = SURFACE_SIDE_STYLE('',(#9267));
#9267 = SURFACE_STYLE_FILL_AREA(#9268);
#9268 = FILL_AREA_STYLE('',(#9269));
#9269 = FILL_AREA_STYLE_COLOUR('',#8287);
#9270 = OVER_RIDING_STYLED_ITEM('overriding color',(#9271),#5151,#8372);
#9271 = PRESENTATION_STYLE_ASSIGNMENT((#9272));
#9272 = SURFACE_STYLE_USAGE(.BOTH.,#9273);
#9273 = SURFACE_SIDE_STYLE('',(#9274));
#9274 = SURFACE_STYLE_FILL_AREA(#9275);
#9275 = FILL_AREA_STYLE('',(#9276));
#9276 = FILL_AREA_STYLE_COLOUR('',#8287);
#9277 = OVER_RIDING_STYLED_ITEM('overriding color',(#9278),#5173,#8372);
#9278 = PRESENTATION_STYLE_ASSIGNMENT((#9279));
#9279 = SURFACE_STYLE_USAGE(.BOTH.,#9280);
#9280 = SURFACE_SIDE_STYLE('',(#9281));
#9281 = SURFACE_STYLE_FILL_AREA(#9282);
#9282 = FILL_AREA_STYLE('',(#9283));
#9283 = FILL_AREA_STYLE_COLOUR('',#8287);
#9284 = OVER_RIDING_STYLED_ITEM('overriding color',(#9285),#5201,#8372);
#9285 = PRESENTATION_STYLE_ASSIGNMENT((#9286));
#9286 = SURFACE_STYLE_USAGE(.BOTH.,#9287);
#9287 = SURFACE_SIDE_STYLE('',(#9288));
#9288 = SURFACE_STYLE_FILL_AREA(#9289);
#9289 = FILL_AREA_STYLE('',(#9290));
#9290 = FILL_AREA_STYLE_COLOUR('',#8287);
#9291 = OVER_RIDING_STYLED_ITEM('overriding color',(#9292),#5229,#8372);
#9292 = PRESENTATION_STYLE_ASSIGNMENT((#9293));
#9293 = SURFACE_STYLE_USAGE(.BOTH.,#9294);
#9294 = SURFACE_SIDE_STYLE('',(#9295));
#9295 = SURFACE_STYLE_FILL_AREA(#9296);
#9296 = FILL_AREA_STYLE('',(#9297));
#9297 = FILL_AREA_STYLE_COLOUR('',#8287);
#9298 = OVER_RIDING_STYLED_ITEM('overriding color',(#9299),#5257,#8372);
#9299 = PRESENTATION_STYLE_ASSIGNMENT((#9300));
#9300 = SURFACE_STYLE_USAGE(.BOTH.,#9301);
#9301 = SURFACE_SIDE_STYLE('',(#9302));
#9302 = SURFACE_STYLE_FILL_AREA(#9303);
#9303 = FILL_AREA_STYLE('',(#9304));
#9304 = FILL_AREA_STYLE_COLOUR('',#8287);
#9305 = OVER_RIDING_STYLED_ITEM('overriding color',(#9306),#5285,#8372);
#9306 = PRESENTATION_STYLE_ASSIGNMENT((#9307));
#9307 = SURFACE_STYLE_USAGE(.BOTH.,#9308);
#9308 = SURFACE_SIDE_STYLE('',(#9309));
#9309 = SURFACE_STYLE_FILL_AREA(#9310);
#9310 = FILL_AREA_STYLE('',(#9311));
#9311 = FILL_AREA_STYLE_COLOUR('',#8287);
#9312 = OVER_RIDING_STYLED_ITEM('overriding color',(#9313),#5313,#8372);
#9313 = PRESENTATION_STYLE_ASSIGNMENT((#9314));
#9314 = SURFACE_STYLE_USAGE(.BOTH.,#9315);
#9315 = SURFACE_SIDE_STYLE('',(#9316));
#9316 = SURFACE_STYLE_FILL_AREA(#9317);
#9317 = FILL_AREA_STYLE('',(#9318));
#9318 = FILL_AREA_STYLE_COLOUR('',#8287);
#9319 = OVER_RIDING_STYLED_ITEM('overriding color',(#9320),#5341,#8372);
#9320 = PRESENTATION_STYLE_ASSIGNMENT((#9321));
#9321 = SURFACE_STYLE_USAGE(.BOTH.,#9322);
#9322 = SURFACE_SIDE_STYLE('',(#9323));
#9323 = SURFACE_STYLE_FILL_AREA(#9324);
#9324 = FILL_AREA_STYLE('',(#9325));
#9325 = FILL_AREA_STYLE_COLOUR('',#8287);
#9326 = OVER_RIDING_STYLED_ITEM('overriding color',(#9327),#5369,#8372);
#9327 = PRESENTATION_STYLE_ASSIGNMENT((#9328));
#9328 = SURFACE_STYLE_USAGE(.BOTH.,#9329);
#9329 = SURFACE_SIDE_STYLE('',(#9330));
#9330 = SURFACE_STYLE_FILL_AREA(#9331);
#9331 = FILL_AREA_STYLE('',(#9332));
#9332 = FILL_AREA_STYLE_COLOUR('',#8287);
#9333 = OVER_RIDING_STYLED_ITEM('overriding color',(#9334),#5397,#8372);
#9334 = PRESENTATION_STYLE_ASSIGNMENT((#9335));
#9335 = SURFACE_STYLE_USAGE(.BOTH.,#9336);
#9336 = SURFACE_SIDE_STYLE('',(#9337));
#9337 = SURFACE_STYLE_FILL_AREA(#9338);
#9338 = FILL_AREA_STYLE('',(#9339));
#9339 = FILL_AREA_STYLE_COLOUR('',#8287);
#9340 = OVER_RIDING_STYLED_ITEM('overriding color',(#9341),#5425,#8372);
#9341 = PRESENTATION_STYLE_ASSIGNMENT((#9342));
#9342 = SURFACE_STYLE_USAGE(.BOTH.,#9343);
#9343 = SURFACE_SIDE_STYLE('',(#9344));
#9344 = SURFACE_STYLE_FILL_AREA(#9345);
#9345 = FILL_AREA_STYLE('',(#9346));
#9346 = FILL_AREA_STYLE_COLOUR('',#8287);
#9347 = OVER_RIDING_STYLED_ITEM('overriding color',(#9348),#5453,#8372);
#9348 = PRESENTATION_STYLE_ASSIGNMENT((#9349));
#9349 = SURFACE_STYLE_USAGE(.BOTH.,#9350);
#9350 = SURFACE_SIDE_STYLE('',(#9351));
#9351 = SURFACE_STYLE_FILL_AREA(#9352);
#9352 = FILL_AREA_STYLE('',(#9353));
#9353 = FILL_AREA_STYLE_COLOUR('',#8287);
#9354 = OVER_RIDING_STYLED_ITEM('overriding color',(#9355),#5475,#8372);
#9355 = PRESENTATION_STYLE_ASSIGNMENT((#9356));
#9356 = SURFACE_STYLE_USAGE(.BOTH.,#9357);
#9357 = SURFACE_SIDE_STYLE('',(#9358));
#9358 = SURFACE_STYLE_FILL_AREA(#9359);
#9359 = FILL_AREA_STYLE('',(#9360));
#9360 = FILL_AREA_STYLE_COLOUR('',#8287);
#9361 = OVER_RIDING_STYLED_ITEM('overriding color',(#9362),#5503,#8372);
#9362 = PRESENTATION_STYLE_ASSIGNMENT((#9363));
#9363 = SURFACE_STYLE_USAGE(.BOTH.,#9364);
#9364 = SURFACE_SIDE_STYLE('',(#9365));
#9365 = SURFACE_STYLE_FILL_AREA(#9366);
#9366 = FILL_AREA_STYLE('',(#9367));
#9367 = FILL_AREA_STYLE_COLOUR('',#8287);
#9368 = OVER_RIDING_STYLED_ITEM('overriding color',(#9369),#5531,#8372);
#9369 = PRESENTATION_STYLE_ASSIGNMENT((#9370));
#9370 = SURFACE_STYLE_USAGE(.BOTH.,#9371);
#9371 = SURFACE_SIDE_STYLE('',(#9372));
#9372 = SURFACE_STYLE_FILL_AREA(#9373);
#9373 = FILL_AREA_STYLE('',(#9374));
#9374 = FILL_AREA_STYLE_COLOUR('',#8287);
#9375 = OVER_RIDING_STYLED_ITEM('overriding color',(#9376),#5559,#8372);
#9376 = PRESENTATION_STYLE_ASSIGNMENT((#9377));
#9377 = SURFACE_STYLE_USAGE(.BOTH.,#9378);
#9378 = SURFACE_SIDE_STYLE('',(#9379));
#9379 = SURFACE_STYLE_FILL_AREA(#9380);
#9380 = FILL_AREA_STYLE('',(#9381));
#9381 = FILL_AREA_STYLE_COLOUR('',#8287);
#9382 = OVER_RIDING_STYLED_ITEM('overriding color',(#9383),#5587,#8372);
#9383 = PRESENTATION_STYLE_ASSIGNMENT((#9384));
#9384 = SURFACE_STYLE_USAGE(.BOTH.,#9385);
#9385 = SURFACE_SIDE_STYLE('',(#9386));
#9386 = SURFACE_STYLE_FILL_AREA(#9387);
#9387 = FILL_AREA_STYLE('',(#9388));
#9388 = FILL_AREA_STYLE_COLOUR('',#8287);
#9389 = OVER_RIDING_STYLED_ITEM('overriding color',(#9390),#5615,#8372);
#9390 = PRESENTATION_STYLE_ASSIGNMENT((#9391));
#9391 = SURFACE_STYLE_USAGE(.BOTH.,#9392);
#9392 = SURFACE_SIDE_STYLE('',(#9393));
#9393 = SURFACE_STYLE_FILL_AREA(#9394);
#9394 = FILL_AREA_STYLE('',(#9395));
#9395 = FILL_AREA_STYLE_COLOUR('',#8287);
#9396 = OVER_RIDING_STYLED_ITEM('overriding color',(#9397),#5643,#8372);
#9397 = PRESENTATION_STYLE_ASSIGNMENT((#9398));
#9398 = SURFACE_STYLE_USAGE(.BOTH.,#9399);
#9399 = SURFACE_SIDE_STYLE('',(#9400));
#9400 = SURFACE_STYLE_FILL_AREA(#9401);
#9401 = FILL_AREA_STYLE('',(#9402));
#9402 = FILL_AREA_STYLE_COLOUR('',#8287);
#9403 = OVER_RIDING_STYLED_ITEM('overriding color',(#9404),#5671,#8372);
#9404 = PRESENTATION_STYLE_ASSIGNMENT((#9405));
#9405 = SURFACE_STYLE_USAGE(.BOTH.,#9406);
#9406 = SURFACE_SIDE_STYLE('',(#9407));
#9407 = SURFACE_STYLE_FILL_AREA(#9408);
#9408 = FILL_AREA_STYLE('',(#9409));
#9409 = FILL_AREA_STYLE_COLOUR('',#8287);
#9410 = OVER_RIDING_STYLED_ITEM('overriding color',(#9411),#5693,#8372);
#9411 = PRESENTATION_STYLE_ASSIGNMENT((#9412));
#9412 = SURFACE_STYLE_USAGE(.BOTH.,#9413);
#9413 = SURFACE_SIDE_STYLE('',(#9414));
#9414 = SURFACE_STYLE_FILL_AREA(#9415);
#9415 = FILL_AREA_STYLE('',(#9416));
#9416 = FILL_AREA_STYLE_COLOUR('',#8287);
#9417 = OVER_RIDING_STYLED_ITEM('overriding color',(#9418),#5722,#8372);
#9418 = PRESENTATION_STYLE_ASSIGNMENT((#9419));
#9419 = SURFACE_STYLE_USAGE(.BOTH.,#9420);
#9420 = SURFACE_SIDE_STYLE('',(#9421));
#9421 = SURFACE_STYLE_FILL_AREA(#9422);
#9422 = FILL_AREA_STYLE('',(#9423));
#9423 = FILL_AREA_STYLE_COLOUR('',#8287);
#9424 = OVER_RIDING_STYLED_ITEM('overriding color',(#9425),#5750,#8372);
#9425 = PRESENTATION_STYLE_ASSIGNMENT((#9426));
#9426 = SURFACE_STYLE_USAGE(.BOTH.,#9427);
#9427 = SURFACE_SIDE_STYLE('',(#9428));
#9428 = SURFACE_STYLE_FILL_AREA(#9429);
#9429 = FILL_AREA_STYLE('',(#9430));
#9430 = FILL_AREA_STYLE_COLOUR('',#8287);
#9431 = OVER_RIDING_STYLED_ITEM('overriding color',(#9432),#5772,#8372);
#9432 = PRESENTATION_STYLE_ASSIGNMENT((#9433));
#9433 = SURFACE_STYLE_USAGE(.BOTH.,#9434);
#9434 = SURFACE_SIDE_STYLE('',(#9435));
#9435 = SURFACE_STYLE_FILL_AREA(#9436);
#9436 = FILL_AREA_STYLE('',(#9437));
#9437 = FILL_AREA_STYLE_COLOUR('',#8287);
#9438 = OVER_RIDING_STYLED_ITEM('overriding color',(#9439),#5800,#8372);
#9439 = PRESENTATION_STYLE_ASSIGNMENT((#9440));
#9440 = SURFACE_STYLE_USAGE(.BOTH.,#9441);
#9441 = SURFACE_SIDE_STYLE('',(#9442));
#9442 = SURFACE_STYLE_FILL_AREA(#9443);
#9443 = FILL_AREA_STYLE('',(#9444));
#9444 = FILL_AREA_STYLE_COLOUR('',#8287);
#9445 = OVER_RIDING_STYLED_ITEM('overriding color',(#9446),#5822,#8372);
#9446 = PRESENTATION_STYLE_ASSIGNMENT((#9447));
#9447 = SURFACE_STYLE_USAGE(.BOTH.,#9448);
#9448 = SURFACE_SIDE_STYLE('',(#9449));
#9449 = SURFACE_STYLE_FILL_AREA(#9450);
#9450 = FILL_AREA_STYLE('',(#9451));
#9451 = FILL_AREA_STYLE_COLOUR('',#8287);
#9452 = OVER_RIDING_STYLED_ITEM('overriding color',(#9453),#5844,#8372);
#9453 = PRESENTATION_STYLE_ASSIGNMENT((#9454));
#9454 = SURFACE_STYLE_USAGE(.BOTH.,#9455);
#9455 = SURFACE_SIDE_STYLE('',(#9456));
#9456 = SURFACE_STYLE_FILL_AREA(#9457);
#9457 = FILL_AREA_STYLE('',(#9458));
#9458 = FILL_AREA_STYLE_COLOUR('',#8287);
#9459 = OVER_RIDING_STYLED_ITEM('overriding color',(#9460),#5866,#8372);
#9460 = PRESENTATION_STYLE_ASSIGNMENT((#9461));
#9461 = SURFACE_STYLE_USAGE(.BOTH.,#9462);
#9462 = SURFACE_SIDE_STYLE('',(#9463));
#9463 = SURFACE_STYLE_FILL_AREA(#9464);
#9464 = FILL_AREA_STYLE('',(#9465));
#9465 = FILL_AREA_STYLE_COLOUR('',#8287);
#9466 = OVER_RIDING_STYLED_ITEM('overriding color',(#9467),#5888,#8372);
#9467 = PRESENTATION_STYLE_ASSIGNMENT((#9468));
#9468 = SURFACE_STYLE_USAGE(.BOTH.,#9469);
#9469 = SURFACE_SIDE_STYLE('',(#9470));
#9470 = SURFACE_STYLE_FILL_AREA(#9471);
#9471 = FILL_AREA_STYLE('',(#9472));
#9472 = FILL_AREA_STYLE_COLOUR('',#8287);
#9473 = OVER_RIDING_STYLED_ITEM('overriding color',(#9474),#5910,#8372);
#9474 = PRESENTATION_STYLE_ASSIGNMENT((#9475));
#9475 = SURFACE_STYLE_USAGE(.BOTH.,#9476);
#9476 = SURFACE_SIDE_STYLE('',(#9477));
#9477 = SURFACE_STYLE_FILL_AREA(#9478);
#9478 = FILL_AREA_STYLE('',(#9479));
#9479 = FILL_AREA_STYLE_COLOUR('',#8287);
#9480 = OVER_RIDING_STYLED_ITEM('overriding color',(#9481),#5932,#8372);
#9481 = PRESENTATION_STYLE_ASSIGNMENT((#9482));
#9482 = SURFACE_STYLE_USAGE(.BOTH.,#9483);
#9483 = SURFACE_SIDE_STYLE('',(#9484));
#9484 = SURFACE_STYLE_FILL_AREA(#9485);
#9485 = FILL_AREA_STYLE('',(#9486));
#9486 = FILL_AREA_STYLE_COLOUR('',#8287);
#9487 = OVER_RIDING_STYLED_ITEM('overriding color',(#9488),#5960,#8372);
#9488 = PRESENTATION_STYLE_ASSIGNMENT((#9489));
#9489 = SURFACE_STYLE_USAGE(.BOTH.,#9490);
#9490 = SURFACE_SIDE_STYLE('',(#9491));
#9491 = SURFACE_STYLE_FILL_AREA(#9492);
#9492 = FILL_AREA_STYLE('',(#9493));
#9493 = FILL_AREA_STYLE_COLOUR('',#8287);
#9494 = OVER_RIDING_STYLED_ITEM('overriding color',(#9495),#5988,#8372);
#9495 = PRESENTATION_STYLE_ASSIGNMENT((#9496));
#9496 = SURFACE_STYLE_USAGE(.BOTH.,#9497);
#9497 = SURFACE_SIDE_STYLE('',(#9498));
#9498 = SURFACE_STYLE_FILL_AREA(#9499);
#9499 = FILL_AREA_STYLE('',(#9500));
#9500 = FILL_AREA_STYLE_COLOUR('',#8287);
#9501 = OVER_RIDING_STYLED_ITEM('overriding color',(#9502),#6010,#8372);
#9502 = PRESENTATION_STYLE_ASSIGNMENT((#9503));
#9503 = SURFACE_STYLE_USAGE(.BOTH.,#9504);
#9504 = SURFACE_SIDE_STYLE('',(#9505));
#9505 = SURFACE_STYLE_FILL_AREA(#9506);
#9506 = FILL_AREA_STYLE('',(#9507));
#9507 = FILL_AREA_STYLE_COLOUR('',#8287);
#9508 = OVER_RIDING_STYLED_ITEM('overriding color',(#9509),#6038,#8372);
#9509 = PRESENTATION_STYLE_ASSIGNMENT((#9510));
#9510 = SURFACE_STYLE_USAGE(.BOTH.,#9511);
#9511 = SURFACE_SIDE_STYLE('',(#9512));
#9512 = SURFACE_STYLE_FILL_AREA(#9513);
#9513 = FILL_AREA_STYLE('',(#9514));
#9514 = FILL_AREA_STYLE_COLOUR('',#8287);
#9515 = OVER_RIDING_STYLED_ITEM('overriding color',(#9516),#6066,#8372);
#9516 = PRESENTATION_STYLE_ASSIGNMENT((#9517));
#9517 = SURFACE_STYLE_USAGE(.BOTH.,#9518);
#9518 = SURFACE_SIDE_STYLE('',(#9519));
#9519 = SURFACE_STYLE_FILL_AREA(#9520);
#9520 = FILL_AREA_STYLE('',(#9521));
#9521 = FILL_AREA_STYLE_COLOUR('',#8287);
#9522 = OVER_RIDING_STYLED_ITEM('overriding color',(#9523),#6082,#8372);
#9523 = PRESENTATION_STYLE_ASSIGNMENT((#9524));
#9524 = SURFACE_STYLE_USAGE(.BOTH.,#9525);
#9525 = SURFACE_SIDE_STYLE('',(#9526));
#9526 = SURFACE_STYLE_FILL_AREA(#9527);
#9527 = FILL_AREA_STYLE('',(#9528));
#9528 = FILL_AREA_STYLE_COLOUR('',#8287);
#9529 = OVER_RIDING_STYLED_ITEM('overriding color',(#9530),#6105,#8372);
#9530 = PRESENTATION_STYLE_ASSIGNMENT((#9531));
#9531 = SURFACE_STYLE_USAGE(.BOTH.,#9532);
#9532 = SURFACE_SIDE_STYLE('',(#9533));
#9533 = SURFACE_STYLE_FILL_AREA(#9534);
#9534 = FILL_AREA_STYLE('',(#9535));
#9535 = FILL_AREA_STYLE_COLOUR('',#8287);
#9536 = OVER_RIDING_STYLED_ITEM('overriding color',(#9537),#6133,#8372);
#9537 = PRESENTATION_STYLE_ASSIGNMENT((#9538));
#9538 = SURFACE_STYLE_USAGE(.BOTH.,#9539);
#9539 = SURFACE_SIDE_STYLE('',(#9540));
#9540 = SURFACE_STYLE_FILL_AREA(#9541);
#9541 = FILL_AREA_STYLE('',(#9542));
#9542 = FILL_AREA_STYLE_COLOUR('',#8287);
#9543 = OVER_RIDING_STYLED_ITEM('overriding color',(#9544),#6155,#8372);
#9544 = PRESENTATION_STYLE_ASSIGNMENT((#9545));
#9545 = SURFACE_STYLE_USAGE(.BOTH.,#9546);
#9546 = SURFACE_SIDE_STYLE('',(#9547));
#9547 = SURFACE_STYLE_FILL_AREA(#9548);
#9548 = FILL_AREA_STYLE('',(#9549));
#9549 = FILL_AREA_STYLE_COLOUR('',#8287);
#9550 = OVER_RIDING_STYLED_ITEM('overriding color',(#9551),#6177,#8372);
#9551 = PRESENTATION_STYLE_ASSIGNMENT((#9552));
#9552 = SURFACE_STYLE_USAGE(.BOTH.,#9553);
#9553 = SURFACE_SIDE_STYLE('',(#9554));
#9554 = SURFACE_STYLE_FILL_AREA(#9555);
#9555 = FILL_AREA_STYLE('',(#9556));
#9556 = FILL_AREA_STYLE_COLOUR('',#8287);
#9557 = OVER_RIDING_STYLED_ITEM('overriding color',(#9558),#6199,#8372);
#9558 = PRESENTATION_STYLE_ASSIGNMENT((#9559));
#9559 = SURFACE_STYLE_USAGE(.BOTH.,#9560);
#9560 = SURFACE_SIDE_STYLE('',(#9561));
#9561 = SURFACE_STYLE_FILL_AREA(#9562);
#9562 = FILL_AREA_STYLE('',(#9563));
#9563 = FILL_AREA_STYLE_COLOUR('',#8287);
#9564 = OVER_RIDING_STYLED_ITEM('overriding color',(#9565),#6221,#8372);
#9565 = PRESENTATION_STYLE_ASSIGNMENT((#9566));
#9566 = SURFACE_STYLE_USAGE(.BOTH.,#9567);
#9567 = SURFACE_SIDE_STYLE('',(#9568));
#9568 = SURFACE_STYLE_FILL_AREA(#9569);
#9569 = FILL_AREA_STYLE('',(#9570));
#9570 = FILL_AREA_STYLE_COLOUR('',#8287);
#9571 = OVER_RIDING_STYLED_ITEM('overriding color',(#9572),#6243,#8372);
#9572 = PRESENTATION_STYLE_ASSIGNMENT((#9573));
#9573 = SURFACE_STYLE_USAGE(.BOTH.,#9574);
#9574 = SURFACE_SIDE_STYLE('',(#9575));
#9575 = SURFACE_STYLE_FILL_AREA(#9576);
#9576 = FILL_AREA_STYLE('',(#9577));
#9577 = FILL_AREA_STYLE_COLOUR('',#8287);
#9578 = OVER_RIDING_STYLED_ITEM('overriding color',(#9579),#6265,#8372);
#9579 = PRESENTATION_STYLE_ASSIGNMENT((#9580));
#9580 = SURFACE_STYLE_USAGE(.BOTH.,#9581);
#9581 = SURFACE_SIDE_STYLE('',(#9582));
#9582 = SURFACE_STYLE_FILL_AREA(#9583);
#9583 = FILL_AREA_STYLE('',(#9584));
#9584 = FILL_AREA_STYLE_COLOUR('',#8287);
#9585 = OVER_RIDING_STYLED_ITEM('overriding color',(#9586),#6287,#8372);
#9586 = PRESENTATION_STYLE_ASSIGNMENT((#9587));
#9587 = SURFACE_STYLE_USAGE(.BOTH.,#9588);
#9588 = SURFACE_SIDE_STYLE('',(#9589));
#9589 = SURFACE_STYLE_FILL_AREA(#9590);
#9590 = FILL_AREA_STYLE('',(#9591));
#9591 = FILL_AREA_STYLE_COLOUR('',#8287);
#9592 = OVER_RIDING_STYLED_ITEM('overriding color',(#9593),#6309,#8372);
#9593 = PRESENTATION_STYLE_ASSIGNMENT((#9594));
#9594 = SURFACE_STYLE_USAGE(.BOTH.,#9595);
#9595 = SURFACE_SIDE_STYLE('',(#9596));
#9596 = SURFACE_STYLE_FILL_AREA(#9597);
#9597 = FILL_AREA_STYLE('',(#9598));
#9598 = FILL_AREA_STYLE_COLOUR('',#8287);
#9599 = OVER_RIDING_STYLED_ITEM('overriding color',(#9600),#6331,#8372);
#9600 = PRESENTATION_STYLE_ASSIGNMENT((#9601));
#9601 = SURFACE_STYLE_USAGE(.BOTH.,#9602);
#9602 = SURFACE_SIDE_STYLE('',(#9603));
#9603 = SURFACE_STYLE_FILL_AREA(#9604);
#9604 = FILL_AREA_STYLE('',(#9605));
#9605 = FILL_AREA_STYLE_COLOUR('',#8287);
#9606 = OVER_RIDING_STYLED_ITEM('overriding color',(#9607),#6353,#8372);
#9607 = PRESENTATION_STYLE_ASSIGNMENT((#9608));
#9608 = SURFACE_STYLE_USAGE(.BOTH.,#9609);
#9609 = SURFACE_SIDE_STYLE('',(#9610));
#9610 = SURFACE_STYLE_FILL_AREA(#9611);
#9611 = FILL_AREA_STYLE('',(#9612));
#9612 = FILL_AREA_STYLE_COLOUR('',#8287);
#9613 = OVER_RIDING_STYLED_ITEM('overriding color',(#9614),#6369,#8372);
#9614 = PRESENTATION_STYLE_ASSIGNMENT((#9615));
#9615 = SURFACE_STYLE_USAGE(.BOTH.,#9616);
#9616 = SURFACE_SIDE_STYLE('',(#9617));
#9617 = SURFACE_STYLE_FILL_AREA(#9618);
#9618 = FILL_AREA_STYLE('',(#9619));
#9619 = FILL_AREA_STYLE_COLOUR('',#8287);
#9620 = OVER_RIDING_STYLED_ITEM('overriding color',(#9621),#6389,#8372);
#9621 = PRESENTATION_STYLE_ASSIGNMENT((#9622));
#9622 = SURFACE_STYLE_USAGE(.BOTH.,#9623);
#9623 = SURFACE_SIDE_STYLE('',(#9624));
#9624 = SURFACE_STYLE_FILL_AREA(#9625);
#9625 = FILL_AREA_STYLE('',(#9626));
#9626 = FILL_AREA_STYLE_COLOUR('',#8287);
#9627 = OVER_RIDING_STYLED_ITEM('overriding color',(#9628),#6513,#8372);
#9628 = PRESENTATION_STYLE_ASSIGNMENT((#9629));
#9629 = SURFACE_STYLE_USAGE(.BOTH.,#9630);
#9630 = SURFACE_SIDE_STYLE('',(#9631));
#9631 = SURFACE_STYLE_FILL_AREA(#9632);
#9632 = FILL_AREA_STYLE('',(#9633));
#9633 = FILL_AREA_STYLE_COLOUR('',#8287);
#9634 = OVER_RIDING_STYLED_ITEM('overriding color',(#9635),#6533,#8372);
#9635 = PRESENTATION_STYLE_ASSIGNMENT((#9636));
#9636 = SURFACE_STYLE_USAGE(.BOTH.,#9637);
#9637 = SURFACE_SIDE_STYLE('',(#9638));
#9638 = SURFACE_STYLE_FILL_AREA(#9639);
#9639 = FILL_AREA_STYLE('',(#9640));
#9640 = FILL_AREA_STYLE_COLOUR('',#8287);
#9641 = OVER_RIDING_STYLED_ITEM('overriding color',(#9642),#6553,#8372);
#9642 = PRESENTATION_STYLE_ASSIGNMENT((#9643));
#9643 = SURFACE_STYLE_USAGE(.BOTH.,#9644);
#9644 = SURFACE_SIDE_STYLE('',(#9645));
#9645 = SURFACE_STYLE_FILL_AREA(#9646);
#9646 = FILL_AREA_STYLE('',(#9647));
#9647 = FILL_AREA_STYLE_COLOUR('',#8287);
#9648 = OVER_RIDING_STYLED_ITEM('overriding color',(#9649),#6573,#8372);
#9649 = PRESENTATION_STYLE_ASSIGNMENT((#9650));
#9650 = SURFACE_STYLE_USAGE(.BOTH.,#9651);
#9651 = SURFACE_SIDE_STYLE('',(#9652));
#9652 = SURFACE_STYLE_FILL_AREA(#9653);
#9653 = FILL_AREA_STYLE('',(#9654));
#9654 = FILL_AREA_STYLE_COLOUR('',#8287);
#9655 = OVER_RIDING_STYLED_ITEM('overriding color',(#9656),#6593,#8372);
#9656 = PRESENTATION_STYLE_ASSIGNMENT((#9657));
#9657 = SURFACE_STYLE_USAGE(.BOTH.,#9658);
#9658 = SURFACE_SIDE_STYLE('',(#9659));
#9659 = SURFACE_STYLE_FILL_AREA(#9660);
#9660 = FILL_AREA_STYLE('',(#9661));
#9661 = FILL_AREA_STYLE_COLOUR('',#8287);
#9662 = OVER_RIDING_STYLED_ITEM('overriding color',(#9663),#6613,#8372);
#9663 = PRESENTATION_STYLE_ASSIGNMENT((#9664));
#9664 = SURFACE_STYLE_USAGE(.BOTH.,#9665);
#9665 = SURFACE_SIDE_STYLE('',(#9666));
#9666 = SURFACE_STYLE_FILL_AREA(#9667);
#9667 = FILL_AREA_STYLE('',(#9668));
#9668 = FILL_AREA_STYLE_COLOUR('',#8287);
#9669 = OVER_RIDING_STYLED_ITEM('overriding color',(#9670),#6629,#8372);
#9670 = PRESENTATION_STYLE_ASSIGNMENT((#9671));
#9671 = SURFACE_STYLE_USAGE(.BOTH.,#9672);
#9672 = SURFACE_SIDE_STYLE('',(#9673));
#9673 = SURFACE_STYLE_FILL_AREA(#9674);
#9674 = FILL_AREA_STYLE('',(#9675));
#9675 = FILL_AREA_STYLE_COLOUR('',#8287);
#9676 = OVER_RIDING_STYLED_ITEM('overriding color',(#9677),#6641,#8372);
#9677 = PRESENTATION_STYLE_ASSIGNMENT((#9678));
#9678 = SURFACE_STYLE_USAGE(.BOTH.,#9679);
#9679 = SURFACE_SIDE_STYLE('',(#9680));
#9680 = SURFACE_STYLE_FILL_AREA(#9681);
#9681 = FILL_AREA_STYLE('',(#9682));
#9682 = FILL_AREA_STYLE_COLOUR('',#8287);
#9683 = OVER_RIDING_STYLED_ITEM('overriding color',(#9684),#6669,#8372);
#9684 = PRESENTATION_STYLE_ASSIGNMENT((#9685));
#9685 = SURFACE_STYLE_USAGE(.BOTH.,#9686);
#9686 = SURFACE_SIDE_STYLE('',(#9687));
#9687 = SURFACE_STYLE_FILL_AREA(#9688);
#9688 = FILL_AREA_STYLE('',(#9689));
#9689 = FILL_AREA_STYLE_COLOUR('',#8287);
#9690 = OVER_RIDING_STYLED_ITEM('overriding color',(#9691),#6691,#8372);
#9691 = PRESENTATION_STYLE_ASSIGNMENT((#9692));
#9692 = SURFACE_STYLE_USAGE(.BOTH.,#9693);
#9693 = SURFACE_SIDE_STYLE('',(#9694));
#9694 = SURFACE_STYLE_FILL_AREA(#9695);
#9695 = FILL_AREA_STYLE('',(#9696));
#9696 = FILL_AREA_STYLE_COLOUR('',#8287);
#9697 = OVER_RIDING_STYLED_ITEM('overriding color',(#9698),#6713,#8372);
#9698 = PRESENTATION_STYLE_ASSIGNMENT((#9699));
#9699 = SURFACE_STYLE_USAGE(.BOTH.,#9700);
#9700 = SURFACE_SIDE_STYLE('',(#9701));
#9701 = SURFACE_STYLE_FILL_AREA(#9702);
#9702 = FILL_AREA_STYLE('',(#9703));
#9703 = FILL_AREA_STYLE_COLOUR('',#8287);
#9704 = OVER_RIDING_STYLED_ITEM('overriding color',(#9705),#6741,#8372);
#9705 = PRESENTATION_STYLE_ASSIGNMENT((#9706));
#9706 = SURFACE_STYLE_USAGE(.BOTH.,#9707);
#9707 = SURFACE_SIDE_STYLE('',(#9708));
#9708 = SURFACE_STYLE_FILL_AREA(#9709);
#9709 = FILL_AREA_STYLE('',(#9710));
#9710 = FILL_AREA_STYLE_COLOUR('',#8287);
#9711 = OVER_RIDING_STYLED_ITEM('overriding color',(#9712),#6769,#8372);
#9712 = PRESENTATION_STYLE_ASSIGNMENT((#9713));
#9713 = SURFACE_STYLE_USAGE(.BOTH.,#9714);
#9714 = SURFACE_SIDE_STYLE('',(#9715));
#9715 = SURFACE_STYLE_FILL_AREA(#9716);
#9716 = FILL_AREA_STYLE('',(#9717));
#9717 = FILL_AREA_STYLE_COLOUR('',#8287);
#9718 = OVER_RIDING_STYLED_ITEM('overriding color',(#9719),#6797,#8372);
#9719 = PRESENTATION_STYLE_ASSIGNMENT((#9720));
#9720 = SURFACE_STYLE_USAGE(.BOTH.,#9721);
#9721 = SURFACE_SIDE_STYLE('',(#9722));
#9722 = SURFACE_STYLE_FILL_AREA(#9723);
#9723 = FILL_AREA_STYLE('',(#9724));
#9724 = FILL_AREA_STYLE_COLOUR('',#8287);
#9725 = OVER_RIDING_STYLED_ITEM('overriding color',(#9726),#6819,#8372);
#9726 = PRESENTATION_STYLE_ASSIGNMENT((#9727));
#9727 = SURFACE_STYLE_USAGE(.BOTH.,#9728);
#9728 = SURFACE_SIDE_STYLE('',(#9729));
#9729 = SURFACE_STYLE_FILL_AREA(#9730);
#9730 = FILL_AREA_STYLE('',(#9731));
#9731 = FILL_AREA_STYLE_COLOUR('',#8386);
#9732 = OVER_RIDING_STYLED_ITEM('overriding color',(#9733),#6834,#8372);
#9733 = PRESENTATION_STYLE_ASSIGNMENT((#9734));
#9734 = SURFACE_STYLE_USAGE(.BOTH.,#9735);
#9735 = SURFACE_SIDE_STYLE('',(#9736));
#9736 = SURFACE_STYLE_FILL_AREA(#9737);
#9737 = FILL_AREA_STYLE('',(#9738));
#9738 = FILL_AREA_STYLE_COLOUR('',#8287);
#9739 = OVER_RIDING_STYLED_ITEM('overriding color',(#9740),#6946,#8372);
#9740 = PRESENTATION_STYLE_ASSIGNMENT((#9741));
#9741 = SURFACE_STYLE_USAGE(.BOTH.,#9742);
#9742 = SURFACE_SIDE_STYLE('',(#9743));
#9743 = SURFACE_STYLE_FILL_AREA(#9744);
#9744 = FILL_AREA_STYLE('',(#9745));
#9745 = FILL_AREA_STYLE_COLOUR('',#8287);
#9746 = OVER_RIDING_STYLED_ITEM('overriding color',(#9747),#6966,#8372);
#9747 = PRESENTATION_STYLE_ASSIGNMENT((#9748));
#9748 = SURFACE_STYLE_USAGE(.BOTH.,#9749);
#9749 = SURFACE_SIDE_STYLE('',(#9750));
#9750 = SURFACE_STYLE_FILL_AREA(#9751);
#9751 = FILL_AREA_STYLE('',(#9752));
#9752 = FILL_AREA_STYLE_COLOUR('',#8287);
#9753 = OVER_RIDING_STYLED_ITEM('overriding color',(#9754),#6982,#8372);
#9754 = PRESENTATION_STYLE_ASSIGNMENT((#9755));
#9755 = SURFACE_STYLE_USAGE(.BOTH.,#9756);
#9756 = SURFACE_SIDE_STYLE('',(#9757));
#9757 = SURFACE_STYLE_FILL_AREA(#9758);
#9758 = FILL_AREA_STYLE('',(#9759));
#9759 = FILL_AREA_STYLE_COLOUR('',#8287);
#9760 = OVER_RIDING_STYLED_ITEM('overriding color',(#9761),#6998,#8372);
#9761 = PRESENTATION_STYLE_ASSIGNMENT((#9762));
#9762 = SURFACE_STYLE_USAGE(.BOTH.,#9763);
#9763 = SURFACE_SIDE_STYLE('',(#9764));
#9764 = SURFACE_STYLE_FILL_AREA(#9765);
#9765 = FILL_AREA_STYLE('',(#9766));
#9766 = FILL_AREA_STYLE_COLOUR('',#8287);
#9767 = OVER_RIDING_STYLED_ITEM('overriding color',(#9768),#7014,#8372);
#9768 = PRESENTATION_STYLE_ASSIGNMENT((#9769));
#9769 = SURFACE_STYLE_USAGE(.BOTH.,#9770);
#9770 = SURFACE_SIDE_STYLE('',(#9771));
#9771 = SURFACE_STYLE_FILL_AREA(#9772);
#9772 = FILL_AREA_STYLE('',(#9773));
#9773 = FILL_AREA_STYLE_COLOUR('',#8287);
#9774 = OVER_RIDING_STYLED_ITEM('overriding color',(#9775),#7030,#8372);
#9775 = PRESENTATION_STYLE_ASSIGNMENT((#9776));
#9776 = SURFACE_STYLE_USAGE(.BOTH.,#9777);
#9777 = SURFACE_SIDE_STYLE('',(#9778));
#9778 = SURFACE_STYLE_FILL_AREA(#9779);
#9779 = FILL_AREA_STYLE('',(#9780));
#9780 = FILL_AREA_STYLE_COLOUR('',#8287);
#9781 = OVER_RIDING_STYLED_ITEM('overriding color',(#9782),#7046,#8372);
#9782 = PRESENTATION_STYLE_ASSIGNMENT((#9783));
#9783 = SURFACE_STYLE_USAGE(.BOTH.,#9784);
#9784 = SURFACE_SIDE_STYLE('',(#9785));
#9785 = SURFACE_STYLE_FILL_AREA(#9786);
#9786 = FILL_AREA_STYLE('',(#9787));
#9787 = FILL_AREA_STYLE_COLOUR('',#8287);
#9788 = OVER_RIDING_STYLED_ITEM('overriding color',(#9789),#7062,#8372);
#9789 = PRESENTATION_STYLE_ASSIGNMENT((#9790));
#9790 = SURFACE_STYLE_USAGE(.BOTH.,#9791);
#9791 = SURFACE_SIDE_STYLE('',(#9792));
#9792 = SURFACE_STYLE_FILL_AREA(#9793);
#9793 = FILL_AREA_STYLE('',(#9794));
#9794 = FILL_AREA_STYLE_COLOUR('',#8287);
#9795 = OVER_RIDING_STYLED_ITEM('overriding color',(#9796),#7074,#8372);
#9796 = PRESENTATION_STYLE_ASSIGNMENT((#9797));
#9797 = SURFACE_STYLE_USAGE(.BOTH.,#9798);
#9798 = SURFACE_SIDE_STYLE('',(#9799));
#9799 = SURFACE_STYLE_FILL_AREA(#9800);
#9800 = FILL_AREA_STYLE('',(#9801));
#9801 = FILL_AREA_STYLE_COLOUR('',#8287);
#9802 = OVER_RIDING_STYLED_ITEM('overriding color',(#9803),#7102,#8372);
#9803 = PRESENTATION_STYLE_ASSIGNMENT((#9804));
#9804 = SURFACE_STYLE_USAGE(.BOTH.,#9805);
#9805 = SURFACE_SIDE_STYLE('',(#9806));
#9806 = SURFACE_STYLE_FILL_AREA(#9807);
#9807 = FILL_AREA_STYLE('',(#9808));
#9808 = FILL_AREA_STYLE_COLOUR('',#8287);
#9809 = OVER_RIDING_STYLED_ITEM('overriding color',(#9810),#7124,#8372);
#9810 = PRESENTATION_STYLE_ASSIGNMENT((#9811));
#9811 = SURFACE_STYLE_USAGE(.BOTH.,#9812);
#9812 = SURFACE_SIDE_STYLE('',(#9813));
#9813 = SURFACE_STYLE_FILL_AREA(#9814);
#9814 = FILL_AREA_STYLE('',(#9815));
#9815 = FILL_AREA_STYLE_COLOUR('',#8287);
#9816 = OVER_RIDING_STYLED_ITEM('overriding color',(#9817),#7152,#8372);
#9817 = PRESENTATION_STYLE_ASSIGNMENT((#9818));
#9818 = SURFACE_STYLE_USAGE(.BOTH.,#9819);
#9819 = SURFACE_SIDE_STYLE('',(#9820));
#9820 = SURFACE_STYLE_FILL_AREA(#9821);
#9821 = FILL_AREA_STYLE('',(#9822));
#9822 = FILL_AREA_STYLE_COLOUR('',#8287);
#9823 = OVER_RIDING_STYLED_ITEM('overriding color',(#9824),#7174,#8372);
#9824 = PRESENTATION_STYLE_ASSIGNMENT((#9825));
#9825 = SURFACE_STYLE_USAGE(.BOTH.,#9826);
#9826 = SURFACE_SIDE_STYLE('',(#9827));
#9827 = SURFACE_STYLE_FILL_AREA(#9828);
#9828 = FILL_AREA_STYLE('',(#9829));
#9829 = FILL_AREA_STYLE_COLOUR('',#8287);
#9830 = OVER_RIDING_STYLED_ITEM('overriding color',(#9831),#7202,#8372);
#9831 = PRESENTATION_STYLE_ASSIGNMENT((#9832));
#9832 = SURFACE_STYLE_USAGE(.BOTH.,#9833);
#9833 = SURFACE_SIDE_STYLE('',(#9834));
#9834 = SURFACE_STYLE_FILL_AREA(#9835);
#9835 = FILL_AREA_STYLE('',(#9836));
#9836 = FILL_AREA_STYLE_COLOUR('',#8287);
#9837 = OVER_RIDING_STYLED_ITEM('overriding color',(#9838),#7218,#8372);
#9838 = PRESENTATION_STYLE_ASSIGNMENT((#9839));
#9839 = SURFACE_STYLE_USAGE(.BOTH.,#9840);
#9840 = SURFACE_SIDE_STYLE('',(#9841));
#9841 = SURFACE_STYLE_FILL_AREA(#9842);
#9842 = FILL_AREA_STYLE('',(#9843));
#9843 = FILL_AREA_STYLE_COLOUR('',#8386);
#9844 = OVER_RIDING_STYLED_ITEM('overriding color',(#9845),#7232,#8372);
#9845 = PRESENTATION_STYLE_ASSIGNMENT((#9846));
#9846 = SURFACE_STYLE_USAGE(.BOTH.,#9847);
#9847 = SURFACE_SIDE_STYLE('',(#9848));
#9848 = SURFACE_STYLE_FILL_AREA(#9849);
#9849 = FILL_AREA_STYLE('',(#9850));
#9850 = FILL_AREA_STYLE_COLOUR('',#8287);
#9851 = OVER_RIDING_STYLED_ITEM('overriding color',(#9852),#7552,#8372);
#9852 = PRESENTATION_STYLE_ASSIGNMENT((#9853));
#9853 = SURFACE_STYLE_USAGE(.BOTH.,#9854);
#9854 = SURFACE_SIDE_STYLE('',(#9855));
#9855 = SURFACE_STYLE_FILL_AREA(#9856);
#9856 = FILL_AREA_STYLE('',(#9857));
#9857 = FILL_AREA_STYLE_COLOUR('',#8287);
#9858 = OVER_RIDING_STYLED_ITEM('overriding color',(#9859),#7576,#8372);
#9859 = PRESENTATION_STYLE_ASSIGNMENT((#9860));
#9860 = SURFACE_STYLE_USAGE(.BOTH.,#9861);
#9861 = SURFACE_SIDE_STYLE('',(#9862));
#9862 = SURFACE_STYLE_FILL_AREA(#9863);
#9863 = FILL_AREA_STYLE('',(#9864));
#9864 = FILL_AREA_STYLE_COLOUR('',#8287);
#9865 = OVER_RIDING_STYLED_ITEM('overriding color',(#9866),#7596,#8372);
#9866 = PRESENTATION_STYLE_ASSIGNMENT((#9867));
#9867 = SURFACE_STYLE_USAGE(.BOTH.,#9868);
#9868 = SURFACE_SIDE_STYLE('',(#9869));
#9869 = SURFACE_STYLE_FILL_AREA(#9870);
#9870 = FILL_AREA_STYLE('',(#9871));
#9871 = FILL_AREA_STYLE_COLOUR('',#8287);
#9872 = OVER_RIDING_STYLED_ITEM('overriding color',(#9873),#7616,#8372);
#9873 = PRESENTATION_STYLE_ASSIGNMENT((#9874));
#9874 = SURFACE_STYLE_USAGE(.BOTH.,#9875);
#9875 = SURFACE_SIDE_STYLE('',(#9876));
#9876 = SURFACE_STYLE_FILL_AREA(#9877);
#9877 = FILL_AREA_STYLE('',(#9878));
#9878 = FILL_AREA_STYLE_COLOUR('',#8287);
#9879 = OVER_RIDING_STYLED_ITEM('overriding color',(#9880),#7636,#8372);
#9880 = PRESENTATION_STYLE_ASSIGNMENT((#9881));
#9881 = SURFACE_STYLE_USAGE(.BOTH.,#9882);
#9882 = SURFACE_SIDE_STYLE('',(#9883));
#9883 = SURFACE_STYLE_FILL_AREA(#9884);
#9884 = FILL_AREA_STYLE('',(#9885));
#9885 = FILL_AREA_STYLE_COLOUR('',#8287);
#9886 = OVER_RIDING_STYLED_ITEM('overriding color',(#9887),#7656,#8372);
#9887 = PRESENTATION_STYLE_ASSIGNMENT((#9888));
#9888 = SURFACE_STYLE_USAGE(.BOTH.,#9889);
#9889 = SURFACE_SIDE_STYLE('',(#9890));
#9890 = SURFACE_STYLE_FILL_AREA(#9891);
#9891 = FILL_AREA_STYLE('',(#9892));
#9892 = FILL_AREA_STYLE_COLOUR('',#8287);
#9893 = OVER_RIDING_STYLED_ITEM('overriding color',(#9894),#7676,#8372);
#9894 = PRESENTATION_STYLE_ASSIGNMENT((#9895));
#9895 = SURFACE_STYLE_USAGE(.BOTH.,#9896);
#9896 = SURFACE_SIDE_STYLE('',(#9897));
#9897 = SURFACE_STYLE_FILL_AREA(#9898);
#9898 = FILL_AREA_STYLE('',(#9899));
#9899 = FILL_AREA_STYLE_COLOUR('',#8287);
#9900 = OVER_RIDING_STYLED_ITEM('overriding color',(#9901),#7696,#8372);
#9901 = PRESENTATION_STYLE_ASSIGNMENT((#9902));
#9902 = SURFACE_STYLE_USAGE(.BOTH.,#9903);
#9903 = SURFACE_SIDE_STYLE('',(#9904));
#9904 = SURFACE_STYLE_FILL_AREA(#9905);
#9905 = FILL_AREA_STYLE('',(#9906));
#9906 = FILL_AREA_STYLE_COLOUR('',#8287);
#9907 = OVER_RIDING_STYLED_ITEM('overriding color',(#9908),#7716,#8372);
#9908 = PRESENTATION_STYLE_ASSIGNMENT((#9909));
#9909 = SURFACE_STYLE_USAGE(.BOTH.,#9910);
#9910 = SURFACE_SIDE_STYLE('',(#9911));
#9911 = SURFACE_STYLE_FILL_AREA(#9912);
#9912 = FILL_AREA_STYLE('',(#9913));
#9913 = FILL_AREA_STYLE_COLOUR('',#8287);
#9914 = OVER_RIDING_STYLED_ITEM('overriding color',(#9915),#7736,#8372);
#9915 = PRESENTATION_STYLE_ASSIGNMENT((#9916));
#9916 = SURFACE_STYLE_USAGE(.BOTH.,#9917);
#9917 = SURFACE_SIDE_STYLE('',(#9918));
#9918 = SURFACE_STYLE_FILL_AREA(#9919);
#9919 = FILL_AREA_STYLE('',(#9920));
#9920 = FILL_AREA_STYLE_COLOUR('',#8287);
#9921 = OVER_RIDING_STYLED_ITEM('overriding color',(#9922),#7756,#8372);
#9922 = PRESENTATION_STYLE_ASSIGNMENT((#9923));
#9923 = SURFACE_STYLE_USAGE(.BOTH.,#9924);
#9924 = SURFACE_SIDE_STYLE('',(#9925));
#9925 = SURFACE_STYLE_FILL_AREA(#9926);
#9926 = FILL_AREA_STYLE('',(#9927));
#9927 = FILL_AREA_STYLE_COLOUR('',#8287);
#9928 = OVER_RIDING_STYLED_ITEM('overriding color',(#9929),#7776,#8372);
#9929 = PRESENTATION_STYLE_ASSIGNMENT((#9930));
#9930 = SURFACE_STYLE_USAGE(.BOTH.,#9931);
#9931 = SURFACE_SIDE_STYLE('',(#9932));
#9932 = SURFACE_STYLE_FILL_AREA(#9933);
#9933 = FILL_AREA_STYLE('',(#9934));
#9934 = FILL_AREA_STYLE_COLOUR('',#8287);
#9935 = OVER_RIDING_STYLED_ITEM('overriding color',(#9936),#7796,#8372);
#9936 = PRESENTATION_STYLE_ASSIGNMENT((#9937));
#9937 = SURFACE_STYLE_USAGE(.BOTH.,#9938);
#9938 = SURFACE_SIDE_STYLE('',(#9939));
#9939 = SURFACE_STYLE_FILL_AREA(#9940);
#9940 = FILL_AREA_STYLE('',(#9941));
#9941 = FILL_AREA_STYLE_COLOUR('',#8287);
#9942 = OVER_RIDING_STYLED_ITEM('overriding color',(#9943),#7812,#8372);
#9943 = PRESENTATION_STYLE_ASSIGNMENT((#9944));
#9944 = SURFACE_STYLE_USAGE(.BOTH.,#9945);
#9945 = SURFACE_SIDE_STYLE('',(#9946));
#9946 = SURFACE_STYLE_FILL_AREA(#9947);
#9947 = FILL_AREA_STYLE('',(#9948));
#9948 = FILL_AREA_STYLE_COLOUR('',#8287);
#9949 = OVER_RIDING_STYLED_ITEM('overriding color',(#9950),#7828,#8372);
#9950 = PRESENTATION_STYLE_ASSIGNMENT((#9951));
#9951 = SURFACE_STYLE_USAGE(.BOTH.,#9952);
#9952 = SURFACE_SIDE_STYLE('',(#9953));
#9953 = SURFACE_STYLE_FILL_AREA(#9954);
#9954 = FILL_AREA_STYLE('',(#9955));
#9955 = FILL_AREA_STYLE_COLOUR('',#8287);
#9956 = OVER_RIDING_STYLED_ITEM('overriding color',(#9957),#7844,#8372);
#9957 = PRESENTATION_STYLE_ASSIGNMENT((#9958));
#9958 = SURFACE_STYLE_USAGE(.BOTH.,#9959);
#9959 = SURFACE_SIDE_STYLE('',(#9960));
#9960 = SURFACE_STYLE_FILL_AREA(#9961);
#9961 = FILL_AREA_STYLE('',(#9962));
#9962 = FILL_AREA_STYLE_COLOUR('',#8287);
#9963 = OVER_RIDING_STYLED_ITEM('overriding color',(#9964),#7860,#8372);
#9964 = PRESENTATION_STYLE_ASSIGNMENT((#9965));
#9965 = SURFACE_STYLE_USAGE(.BOTH.,#9966);
#9966 = SURFACE_SIDE_STYLE('',(#9967));
#9967 = SURFACE_STYLE_FILL_AREA(#9968);
#9968 = FILL_AREA_STYLE('',(#9969));
#9969 = FILL_AREA_STYLE_COLOUR('',#8287);
#9970 = OVER_RIDING_STYLED_ITEM('overriding color',(#9971),#7880,#8372);
#9971 = PRESENTATION_STYLE_ASSIGNMENT((#9972));
#9972 = SURFACE_STYLE_USAGE(.BOTH.,#9973);
#9973 = SURFACE_SIDE_STYLE('',(#9974));
#9974 = SURFACE_STYLE_FILL_AREA(#9975);
#9975 = FILL_AREA_STYLE('',(#9976));
#9976 = FILL_AREA_STYLE_COLOUR('',#8287);
#9977 = OVER_RIDING_STYLED_ITEM('overriding color',(#9978),#7900,#8372);
#9978 = PRESENTATION_STYLE_ASSIGNMENT((#9979));
#9979 = SURFACE_STYLE_USAGE(.BOTH.,#9980);
#9980 = SURFACE_SIDE_STYLE('',(#9981));
#9981 = SURFACE_STYLE_FILL_AREA(#9982);
#9982 = FILL_AREA_STYLE('',(#9983));
#9983 = FILL_AREA_STYLE_COLOUR('',#8287);
#9984 = OVER_RIDING_STYLED_ITEM('overriding color',(#9985),#7920,#8372);
#9985 = PRESENTATION_STYLE_ASSIGNMENT((#9986));
#9986 = SURFACE_STYLE_USAGE(.BOTH.,#9987);
#9987 = SURFACE_SIDE_STYLE('',(#9988));
#9988 = SURFACE_STYLE_FILL_AREA(#9989);
#9989 = FILL_AREA_STYLE('',(#9990));
#9990 = FILL_AREA_STYLE_COLOUR('',#8287);
#9991 = OVER_RIDING_STYLED_ITEM('overriding color',(#9992),#7940,#8372);
#9992 = PRESENTATION_STYLE_ASSIGNMENT((#9993));
#9993 = SURFACE_STYLE_USAGE(.BOTH.,#9994);
#9994 = SURFACE_SIDE_STYLE('',(#9995));
#9995 = SURFACE_STYLE_FILL_AREA(#9996);
#9996 = FILL_AREA_STYLE('',(#9997));
#9997 = FILL_AREA_STYLE_COLOUR('',#8287);
#9998 = OVER_RIDING_STYLED_ITEM('overriding color',(#9999),#7960,#8372);
#9999 = PRESENTATION_STYLE_ASSIGNMENT((#10000));
#10000 = SURFACE_STYLE_USAGE(.BOTH.,#10001);
#10001 = SURFACE_SIDE_STYLE('',(#10002));
#10002 = SURFACE_STYLE_FILL_AREA(#10003);
#10003 = FILL_AREA_STYLE('',(#10004));
#10004 = FILL_AREA_STYLE_COLOUR('',#8287);
#10005 = OVER_RIDING_STYLED_ITEM('overriding color',(#10006),#7980,#8372
  );
#10006 = PRESENTATION_STYLE_ASSIGNMENT((#10007));
#10007 = SURFACE_STYLE_USAGE(.BOTH.,#10008);
#10008 = SURFACE_SIDE_STYLE('',(#10009));
#10009 = SURFACE_STYLE_FILL_AREA(#10010);
#10010 = FILL_AREA_STYLE('',(#10011));
#10011 = FILL_AREA_STYLE_COLOUR('',#8287);
#10012 = OVER_RIDING_STYLED_ITEM('overriding color',(#10013),#8000,#8372
  );
#10013 = PRESENTATION_STYLE_ASSIGNMENT((#10014));
#10014 = SURFACE_STYLE_USAGE(.BOTH.,#10015);
#10015 = SURFACE_SIDE_STYLE('',(#10016));
#10016 = SURFACE_STYLE_FILL_AREA(#10017);
#10017 = FILL_AREA_STYLE('',(#10018));
#10018 = FILL_AREA_STYLE_COLOUR('',#8287);
#10019 = OVER_RIDING_STYLED_ITEM('overriding color',(#10020),#8016,#8372
  );
#10020 = PRESENTATION_STYLE_ASSIGNMENT((#10021));
#10021 = SURFACE_STYLE_USAGE(.BOTH.,#10022);
#10022 = SURFACE_SIDE_STYLE('',(#10023));
#10023 = SURFACE_STYLE_FILL_AREA(#10024);
#10024 = FILL_AREA_STYLE('',(#10025));
#10025 = FILL_AREA_STYLE_COLOUR('',#8287);
#10026 = OVER_RIDING_STYLED_ITEM('overriding color',(#10027),#8036,#8372
  );
#10027 = PRESENTATION_STYLE_ASSIGNMENT((#10028));
#10028 = SURFACE_STYLE_USAGE(.BOTH.,#10029);
#10029 = SURFACE_SIDE_STYLE('',(#10030));
#10030 = SURFACE_STYLE_FILL_AREA(#10031);
#10031 = FILL_AREA_STYLE('',(#10032));
#10032 = FILL_AREA_STYLE_COLOUR('',#8287);
#10033 = OVER_RIDING_STYLED_ITEM('overriding color',(#10034),#8056,#8372
  );
#10034 = PRESENTATION_STYLE_ASSIGNMENT((#10035));
#10035 = SURFACE_STYLE_USAGE(.BOTH.,#10036);
#10036 = SURFACE_SIDE_STYLE('',(#10037));
#10037 = SURFACE_STYLE_FILL_AREA(#10038);
#10038 = FILL_AREA_STYLE('',(#10039));
#10039 = FILL_AREA_STYLE_COLOUR('',#8287);
#10040 = OVER_RIDING_STYLED_ITEM('overriding color',(#10041),#8072,#8372
  );
#10041 = PRESENTATION_STYLE_ASSIGNMENT((#10042));
#10042 = SURFACE_STYLE_USAGE(.BOTH.,#10043);
#10043 = SURFACE_SIDE_STYLE('',(#10044));
#10044 = SURFACE_STYLE_FILL_AREA(#10045);
#10045 = FILL_AREA_STYLE('',(#10046));
#10046 = FILL_AREA_STYLE_COLOUR('',#8287);
#10047 = OVER_RIDING_STYLED_ITEM('overriding color',(#10048),#8092,#8372
  );
#10048 = PRESENTATION_STYLE_ASSIGNMENT((#10049));
#10049 = SURFACE_STYLE_USAGE(.BOTH.,#10050);
#10050 = SURFACE_SIDE_STYLE('',(#10051));
#10051 = SURFACE_STYLE_FILL_AREA(#10052);
#10052 = FILL_AREA_STYLE('',(#10053));
#10053 = FILL_AREA_STYLE_COLOUR('',#8287);
#10054 = OVER_RIDING_STYLED_ITEM('overriding color',(#10055),#8112,#8372
  );
#10055 = PRESENTATION_STYLE_ASSIGNMENT((#10056));
#10056 = SURFACE_STYLE_USAGE(.BOTH.,#10057);
#10057 = SURFACE_SIDE_STYLE('',(#10058));
#10058 = SURFACE_STYLE_FILL_AREA(#10059);
#10059 = FILL_AREA_STYLE('',(#10060));
#10060 = FILL_AREA_STYLE_COLOUR('',#8287);
#10061 = OVER_RIDING_STYLED_ITEM('overriding color',(#10062),#8132,#8372
  );
#10062 = PRESENTATION_STYLE_ASSIGNMENT((#10063));
#10063 = SURFACE_STYLE_USAGE(.BOTH.,#10064);
#10064 = SURFACE_SIDE_STYLE('',(#10065));
#10065 = SURFACE_STYLE_FILL_AREA(#10066);
#10066 = FILL_AREA_STYLE('',(#10067));
#10067 = FILL_AREA_STYLE_COLOUR('',#8287);
#10068 = OVER_RIDING_STYLED_ITEM('overriding color',(#10069),#8148,#8372
  );
#10069 = PRESENTATION_STYLE_ASSIGNMENT((#10070));
#10070 = SURFACE_STYLE_USAGE(.BOTH.,#10071);
#10071 = SURFACE_SIDE_STYLE('',(#10072));
#10072 = SURFACE_STYLE_FILL_AREA(#10073);
#10073 = FILL_AREA_STYLE('',(#10074));
#10074 = FILL_AREA_STYLE_COLOUR('',#8287);
#10075 = OVER_RIDING_STYLED_ITEM('overriding color',(#10076),#8168,#8372
  );
#10076 = PRESENTATION_STYLE_ASSIGNMENT((#10077));
#10077 = SURFACE_STYLE_USAGE(.BOTH.,#10078);
#10078 = SURFACE_SIDE_STYLE('',(#10079));
#10079 = SURFACE_STYLE_FILL_AREA(#10080);
#10080 = FILL_AREA_STYLE('',(#10081));
#10081 = FILL_AREA_STYLE_COLOUR('',#8287);
#10082 = OVER_RIDING_STYLED_ITEM('overriding color',(#10083),#8184,#8372
  );
#10083 = PRESENTATION_STYLE_ASSIGNMENT((#10084));
#10084 = SURFACE_STYLE_USAGE(.BOTH.,#10085);
#10085 = SURFACE_SIDE_STYLE('',(#10086));
#10086 = SURFACE_STYLE_FILL_AREA(#10087);
#10087 = FILL_AREA_STYLE('',(#10088));
#10088 = FILL_AREA_STYLE_COLOUR('',#8287);
#10089 = OVER_RIDING_STYLED_ITEM('overriding color',(#10090),#8227,#8372
  );
#10090 = PRESENTATION_STYLE_ASSIGNMENT((#10091));
#10091 = SURFACE_STYLE_USAGE(.BOTH.,#10092);
#10092 = SURFACE_SIDE_STYLE('',(#10093));
#10093 = SURFACE_STYLE_FILL_AREA(#10094);
#10094 = FILL_AREA_STYLE('',(#10095));
#10095 = FILL_AREA_STYLE_COLOUR('',#8287);
#10096 = OVER_RIDING_STYLED_ITEM('overriding color',(#10097),#8255,#8372
  );
#10097 = PRESENTATION_STYLE_ASSIGNMENT((#10098));
#10098 = SURFACE_STYLE_USAGE(.BOTH.,#10099);
#10099 = SURFACE_SIDE_STYLE('',(#10100));
#10100 = SURFACE_STYLE_FILL_AREA(#10101);
#10101 = FILL_AREA_STYLE('',(#10102));
#10102 = FILL_AREA_STYLE_COLOUR('',#8386);
ENDSEC;
END-ISO-10303-21;
