ISO-10303-21;
HEADER;
FILE_DESCRIPTION(('Open CASCADE Model'),'2;1');
FILE_NAME('Open CASCADE Shape Model','2026-08-12T18:20:29',('Author'),(
    'Open CASCADE'),'Open CASCADE STEP processor 7.9','Open CASCADE 7.9'
  ,'Unknown');
FILE_SCHEMA(('AUTOMOTIVE_DESIGN { 1 0 10303 214 1 1 1 1 }'));
ENDSEC;
DATA;
#1 = APPLICATION_PROTOCOL_DEFINITION('international standard',
  'automotive_design',2000,#2);
#2 = APPLICATION_CONTEXT(
  'core data for automotive mechanical design processes');
#3 = SHAPE_DEFINITION_REPRESENTATION(#4,#10);
#4 = PRODUCT_DEFINITION_SHAPE('','',#5);
#5 = PRODUCT_DEFINITION('design','',#6,#9);
#6 = PRODUCT_DEFINITION_FORMATION('','',#7);
#7 = PRODUCT('SOLID','SOLID','',(#8));
#8 = PRODUCT_CONTEXT('',#2,'mechanical');
#9 = PRODUCT_DEFINITION_CONTEXT('part definition',#2,'design');
#10 = ADVANCED_BREP_SHAPE_REPRESENTATION('',(#11,#15),#9095);
#11 = AXIS2_PLACEMENT_3D('',#12,#13,#14);
#12 = CARTESIAN_POINT('',(0.,0.,0.));
#13 = DIRECTION('',(0.,0.,1.));
#14 = DIRECTION('',(1.,0.,-0.));
#15 = MANIFOLD_SOLID_BREP('',#16);
#16 = CLOSED_SHELL('',(#17,#65,#1481,#1509,#1643,#1665,#1793,#2026,#2051
    ,#2061,#2089,#2119,#2150,#2174,#2190,#2202,#2230,#2260,#2291,#2315,
    #2331,#2343,#2371,#2408,#2432,#2456,#2472,#2484,#2512,#2542,#2573,
    #2597,#2613,#2625,#2653,#2690,#2714,#2738,#2754,#2766,#2794,#2831,
    #2855,#2879,#2895,#2907,#2935,#2972,#2996,#3020,#3036,#3048,#3076,
    #3113,#3137,#3161,#3177,#3189,#3217,#3245,#3267,#3283,#3300,#3328,
    #3350,#3372,#3394,#3416,#3432,#3446,#3480,#3502,#3530,#3558,#3586,
    #3614,#3642,#3670,#3692,#3720,#3748,#3776,#3804,#3826,#3848,#3876,
    #3898,#3920,#3942,#3964,#3986,#4008,#4030,#4052,#4074,#4096,#4112,
    #4132,#4256,#4276,#4296,#4316,#4336,#4356,#4372,#4384,#4412,#4434,
    #4456,#4484,#4512,#4540,#4562,#4577,#4689,#4709,#4725,#4741,#4757,
    #4773,#4789,#4805,#4817,#4845,#4867,#4895,#4917,#4945,#4961,#4975,
    #5003,#5025,#5047,#5069,#5091,#5113,#5135,#5157,#5179,#5201,#5223,
    #5239,#5259,#5451,#5475,#5491,#5511,#5531,#5547,#5567,#5587,#5607,
    #5627,#5643,#5659,#5675,#5691,#5707,#5741,#5769,#5797,#5825,#5853,
    #5881,#5903,#5919,#5935,#5969,#5991,#6019,#6047,#6075,#6103,#6131,
    #6159,#6187,#6215,#6243,#6271,#6293,#6321,#6349,#6377,#6405,#6433,
    #6461,#6489,#6511,#6540,#6568,#6590,#6618,#6640,#6662,#6684,#6706,
    #6728,#6750,#6778,#6806,#6828,#6856,#6884,#6900,#6923,#6951,#6973,
    #6995,#7017,#7039,#7061,#7083,#7105,#7127,#7149,#7171,#7187,#7207,
    #7331,#7351,#7371,#7391,#7411,#7431,#7447,#7459,#7487,#7509,#7531,
    #7559,#7587,#7615,#7637,#7652,#7764,#7784,#7800,#7816,#7832,#7848,
    #7864,#7880,#7892,#7920,#7942,#7970,#7992,#8020,#8036,#8050,#8370,
    #8394,#8414,#8434,#8454,#8474,#8494,#8514,#8534,#8554,#8574,#8594,
    #8614,#8630,#8646,#8662,#8678,#8698,#8718,#8738,#8758,#8778,#8798,
    #8818,#8834,#8854,#8874,#8890,#8910,#8930,#8950,#8966,#8986,#9002,
    #9045,#9073,#9083));
#17 = ADVANCED_FACE('',(#18),#54,.F.);
#18 = FACE_BOUND('',#19,.F.);
#19 = EDGE_LOOP('',(#20,#29,#39,#46));
#20 = ORIENTED_EDGE('',*,*,#21,.T.);
#21 = EDGE_CURVE('',#22,#24,#26,.T.);
#22 = VERTEX_POINT('',#23);
#23 = CARTESIAN_POINT('',(-0.524613417131,-0.55648110772,0.7600001));
#24 = VERTEX_POINT('',#25);
#25 = CARTESIAN_POINT('',(-0.524613417131,-0.55648110772,0.7700001));
#26 = B_SPLINE_CURVE_WITH_KNOTS('',1,(#27,#28),.UNSPECIFIED.,.F.,.F.,(2,
    2),(-1.E-02,0.),.PIECEWISE_BEZIER_KNOTS.);
#27 = CARTESIAN_POINT('',(-0.524613417131,-0.55648110772,0.7600001));
#28 = CARTESIAN_POINT('',(-0.524613417131,-0.55648110772,0.7700001));
#29 = ORIENTED_EDGE('',*,*,#30,.F.);
#30 = EDGE_CURVE('',#31,#24,#33,.T.);
#31 = VERTEX_POINT('',#32);
#32 = CARTESIAN_POINT('',(-0.781925496884,-0.55648110772,0.7700001));
#33 = ( BOUNDED_CURVE() B_SPLINE_CURVE(2,(#34,#35,#36,#37,#38),
.UNSPECIFIED.,.F.,.F.) B_SPLINE_CURVE_WITH_KNOTS((3,2,3),(3.14159265359,
4.712388980385,6.28318530718),.PIECEWISE_BEZIER_KNOTS.) CURVE() 
GEOMETRIC_REPRESENTATION_ITEM() RATIONAL_B_SPLINE_CURVE((1.,
0.707106781187,1.,0.707106781187,1.)) REPRESENTATION_ITEM('') );
#34 = CARTESIAN_POINT('',(-0.781925496884,-0.55648110772,0.7700001));
#35 = CARTESIAN_POINT('',(-0.781925496884,-0.685137147597,0.7700001));
#36 = CARTESIAN_POINT('',(-0.653269457008,-0.685137147597,0.7700001));
#37 = CARTESIAN_POINT('',(-0.524613417131,-0.685137147597,0.7700001));
#38 = CARTESIAN_POINT('',(-0.524613417131,-0.55648110772,0.7700001));
#39 = ORIENTED_EDGE('',*,*,#40,.F.);
#40 = EDGE_CURVE('',#41,#31,#43,.T.);
#41 = VERTEX_POINT('',#42);
#42 = CARTESIAN_POINT('',(-0.781925496884,-0.55648110772,0.7600001));
#43 = B_SPLINE_CURVE_WITH_KNOTS('',1,(#44,#45),.UNSPECIFIED.,.F.,.F.,(2,
    2),(-1.E-02,0.),.PIECEWISE_BEZIER_KNOTS.);
#44 = CARTESIAN_POINT('',(-0.781925496884,-0.55648110772,0.7600001));
#45 = CARTESIAN_POINT('',(-0.781925496884,-0.55648110772,0.7700001));
#46 = ORIENTED_EDGE('',*,*,#47,.T.);
#47 = EDGE_CURVE('',#41,#22,#48,.T.);
#48 = ( BOUNDED_CURVE() B_SPLINE_CURVE(2,(#49,#50,#51,#52,#53),
.UNSPECIFIED.,.F.,.F.) B_SPLINE_CURVE_WITH_KNOTS((3,2,3),(3.14159265359,
4.712388980385,6.28318530718),.PIECEWISE_BEZIER_KNOTS.) CURVE() 
GEOMETRIC_REPRESENTATION_ITEM() RATIONAL_B_SPLINE_CURVE((1.,
0.707106781187,1.,0.707106781187,1.)) REPRESENTATION_ITEM('') );
#49 = CARTESIAN_POINT('',(-0.781925496884,-0.55648110772,0.7600001));
#50 = CARTESIAN_POINT('',(-0.781925496884,-0.685137147597,0.7600001));
#51 = CARTESIAN_POINT('',(-0.653269457008,-0.685137147597,0.7600001));
#52 = CARTESIAN_POINT('',(-0.524613417131,-0.685137147597,0.7600001));
#53 = CARTESIAN_POINT('',(-0.524613417131,-0.55648110772,0.7600001));
#54 = ( BOUNDED_SURFACE() B_SPLINE_SURFACE(2,1,(
    (#55,#56)
    ,(#57,#58)
    ,(#59,#60)
    ,(#61,#62)
,(#63,#64
    )),.UNSPECIFIED.,.F.,.F.,.F.) B_SPLINE_SURFACE_WITH_KNOTS((3,2,3),(2
    ,2),(3.14159265359,4.712388980385,6.28318530718),(-1.E-02,0.),
.PIECEWISE_BEZIER_KNOTS.) GEOMETRIC_REPRESENTATION_ITEM() 
RATIONAL_B_SPLINE_SURFACE((
    (1.,1.)
    ,(0.707106781187,0.707106781187)
    ,(1.,1.)
    ,(0.707106781187,0.707106781187)
,(1.,1.))) REPRESENTATION_ITEM('') SURFACE() );
#55 = CARTESIAN_POINT('',(-0.781925496884,-0.55648110772,0.7600001));
#56 = CARTESIAN_POINT('',(-0.781925496884,-0.55648110772,0.7700001));
#57 = CARTESIAN_POINT('',(-0.781925496884,-0.685137147597,0.7600001));
#58 = CARTESIAN_POINT('',(-0.781925496884,-0.685137147597,0.7700001));
#59 = CARTESIAN_POINT('',(-0.653269457008,-0.685137147597,0.7600001));
#60 = CARTESIAN_POINT('',(-0.653269457008,-0.685137147597,0.7700001));
#61 = CARTESIAN_POINT('',(-0.524613417131,-0.685137147597,0.7600001));
#62 = CARTESIAN_POINT('',(-0.524613417131,-0.685137147597,0.7700001));
#63 = CARTESIAN_POINT('',(-0.524613417131,-0.55648110772,0.7600001));
#64 = CARTESIAN_POINT('',(-0.524613417131,-0.55648110772,0.7700001));
#65 = ADVANCED_FACE('',(#66,#124,#210,#327,#514,#630,#689,#700,#730,#774
    ,#898,#984,#1042,#1128,#1187),#1476,.T.);
#66 = FACE_BOUND('',#67,.T.);
#67 = EDGE_LOOP('',(#68,#77,#84,#91,#98,#105,#112,#119));
#68 = ORIENTED_EDGE('',*,*,#69,.F.);
#69 = EDGE_CURVE('',#70,#72,#74,.T.);
#70 = VERTEX_POINT('',#71);
#71 = CARTESIAN_POINT('',(-0.203852354026,0.727969426629,0.7700001));
#72 = VERTEX_POINT('',#73);
#73 = CARTESIAN_POINT('',(-0.213210175274,0.727969426629,0.7700001));
#74 = B_SPLINE_CURVE_WITH_KNOTS('',1,(#75,#76),.UNSPECIFIED.,.F.,.F.,(2,
    2),(-9.357821247279E-03,-0.),.PIECEWISE_BEZIER_KNOTS.);
#75 = CARTESIAN_POINT('',(-0.203852354026,0.727969426629,0.7700001));
#76 = CARTESIAN_POINT('',(-0.213210175274,0.727969426629,0.7700001));
#77 = ORIENTED_EDGE('',*,*,#78,.F.);
#78 = EDGE_CURVE('',#79,#70,#81,.T.);
#79 = VERTEX_POINT('',#80);
#80 = CARTESIAN_POINT('',(-0.178031699105,0.660177210485,0.7700001));
#81 = B_SPLINE_CURVE_WITH_KNOTS('',1,(#82,#83),.UNSPECIFIED.,.F.,.F.,(2,
    2),(-7.254302716501E-02,0.),.PIECEWISE_BEZIER_KNOTS.);
#82 = CARTESIAN_POINT('',(-0.178031699105,0.660177210485,0.7700001));
#83 = CARTESIAN_POINT('',(-0.203852354026,0.727969426629,0.7700001));
#84 = ORIENTED_EDGE('',*,*,#85,.F.);
#85 = EDGE_CURVE('',#86,#79,#88,.T.);
#86 = VERTEX_POINT('',#87);
#87 = CARTESIAN_POINT('',(-0.187701447726,0.660177210485,0.7700001));
#88 = B_SPLINE_CURVE_WITH_KNOTS('',1,(#89,#90),.UNSPECIFIED.,.F.,.F.,(2,
    2),(-9.669748621356E-03,0.),.PIECEWISE_BEZIER_KNOTS.);
#89 = CARTESIAN_POINT('',(-0.187701447726,0.660177210485,0.7700001));
#90 = CARTESIAN_POINT('',(-0.178031699105,0.660177210485,0.7700001));
#91 = ORIENTED_EDGE('',*,*,#92,.F.);
#92 = EDGE_CURVE('',#93,#86,#95,.T.);
#93 = VERTEX_POINT('',#94);
#94 = CARTESIAN_POINT('',(-0.19461583787,0.678719559993,0.7700001));
#95 = B_SPLINE_CURVE_WITH_KNOTS('',1,(#96,#97),.UNSPECIFIED.,.F.,.F.,(2,
    2),(-1.978958100401E-02,0.),.PIECEWISE_BEZIER_KNOTS.);
#96 = CARTESIAN_POINT('',(-0.19461583787,0.678719559993,0.7700001));
#97 = CARTESIAN_POINT('',(-0.187701447726,0.660177210485,0.7700001));
#98 = ORIENTED_EDGE('',*,*,#99,.F.);
#99 = EDGE_CURVE('',#100,#93,#102,.T.);
#100 = VERTEX_POINT('',#101);
#101 = CARTESIAN_POINT('',(-0.222845265298,0.678719559993,0.7700001));
#102 = B_SPLINE_CURVE_WITH_KNOTS('',1,(#103,#104),.UNSPECIFIED.,.F.,.F.,
  (2,2),(-2.822942742818E-02,0.),.PIECEWISE_BEZIER_KNOTS.);
#103 = CARTESIAN_POINT('',(-0.222845265298,0.678719559993,0.7700001));
#104 = CARTESIAN_POINT('',(-0.19461583787,0.678719559993,0.7700001));
#105 = ORIENTED_EDGE('',*,*,#106,.F.);
#106 = EDGE_CURVE('',#107,#100,#109,.T.);
#107 = VERTEX_POINT('',#108);
#108 = CARTESIAN_POINT('',(-0.229361081574,0.660177210485,0.7700001));
#109 = B_SPLINE_CURVE_WITH_KNOTS('',1,(#110,#111),.UNSPECIFIED.,.F.,.F.,
  (2,2),(-1.965386951692E-02,0.),.PIECEWISE_BEZIER_KNOTS.);
#110 = CARTESIAN_POINT('',(-0.229361081574,0.660177210485,0.7700001));
#111 = CARTESIAN_POINT('',(-0.222845265298,0.678719559993,0.7700001));
#112 = ORIENTED_EDGE('',*,*,#113,.F.);
#113 = EDGE_CURVE('',#114,#107,#116,.T.);
#114 = VERTEX_POINT('',#115);
#115 = CARTESIAN_POINT('',(-0.239030830196,0.660177210485,0.7700001));
#116 = B_SPLINE_CURVE_WITH_KNOTS('',1,(#117,#118),.UNSPECIFIED.,.F.,.F.,
  (2,2),(-9.669748621818E-03,0.),.PIECEWISE_BEZIER_KNOTS.);
#117 = CARTESIAN_POINT('',(-0.239030830196,0.660177210485,0.7700001));
#118 = CARTESIAN_POINT('',(-0.229361081574,0.660177210485,0.7700001));
#119 = ORIENTED_EDGE('',*,*,#120,.F.);
#120 = EDGE_CURVE('',#72,#114,#121,.T.);
#121 = B_SPLINE_CURVE_WITH_KNOTS('',1,(#122,#123),.UNSPECIFIED.,.F.,.F.,
  (2,2),(-7.254302716517E-02,-0.),.PIECEWISE_BEZIER_KNOTS.);
#122 = CARTESIAN_POINT('',(-0.213210175274,0.727969426629,0.7700001));
#123 = CARTESIAN_POINT('',(-0.239030830196,0.660177210485,0.7700001));
#124 = FACE_BOUND('',#125,.T.);
#125 = EDGE_LOOP('',(#126,#135,#142,#149,#156,#163,#170,#177,#184,#191,
    #198,#205));
#126 = ORIENTED_EDGE('',*,*,#127,.F.);
#127 = EDGE_CURVE('',#128,#130,#132,.T.);
#128 = VERTEX_POINT('',#129);
#129 = CARTESIAN_POINT('',(-0.31079145572,0.667906077663,0.7700001));
#130 = VERTEX_POINT('',#131);
#131 = CARTESIAN_POINT('',(-0.338501004189,0.667906077663,0.7700001));
#132 = B_SPLINE_CURVE_WITH_KNOTS('',1,(#133,#134),.UNSPECIFIED.,.F.,.F.,
  (2,2),(-2.770954846969E-02,-0.),.PIECEWISE_BEZIER_KNOTS.);
#133 = CARTESIAN_POINT('',(-0.31079145572,0.667906077663,0.7700001));
#134 = CARTESIAN_POINT('',(-0.338501004189,0.667906077663,0.7700001));
#135 = ORIENTED_EDGE('',*,*,#136,.F.);
#136 = EDGE_CURVE('',#137,#128,#139,.T.);
#137 = VERTEX_POINT('',#138);
#138 = CARTESIAN_POINT('',(-0.31079145572,0.660177210485,0.7700001));
#139 = B_SPLINE_CURVE_WITH_KNOTS('',1,(#140,#141),.UNSPECIFIED.,.F.,.F.,
  (2,2),(-7.728867177929E-03,0.),.PIECEWISE_BEZIER_KNOTS.);
#140 = CARTESIAN_POINT('',(-0.31079145572,0.660177210485,0.7700001));
#141 = CARTESIAN_POINT('',(-0.31079145572,0.667906077663,0.7700001));
#142 = ORIENTED_EDGE('',*,*,#143,.F.);
#143 = EDGE_CURVE('',#144,#137,#146,.T.);
#144 = VERTEX_POINT('',#145);
#145 = CARTESIAN_POINT('',(-0.347252299985,0.660177210485,0.7700001));
#146 = B_SPLINE_CURVE_WITH_KNOTS('',1,(#147,#148),.UNSPECIFIED.,.F.,.F.,
  (2,2),(-3.646084426555E-02,0.),.PIECEWISE_BEZIER_KNOTS.);
#147 = CARTESIAN_POINT('',(-0.347252299985,0.660177210485,0.7700001));
#148 = CARTESIAN_POINT('',(-0.31079145572,0.660177210485,0.7700001));
#149 = ORIENTED_EDGE('',*,*,#150,.F.);
#150 = EDGE_CURVE('',#151,#144,#153,.T.);
#151 = VERTEX_POINT('',#152);
#152 = CARTESIAN_POINT('',(-0.347252299985,0.727969426629,0.7700001));
#153 = B_SPLINE_CURVE_WITH_KNOTS('',1,(#154,#155),.UNSPECIFIED.,.F.,.F.,
  (2,2),(-6.779221614378E-02,-0.),.PIECEWISE_BEZIER_KNOTS.);
#154 = CARTESIAN_POINT('',(-0.347252299985,0.727969426629,0.7700001));
#155 = CARTESIAN_POINT('',(-0.347252299985,0.660177210485,0.7700001));
#156 = ORIENTED_EDGE('',*,*,#157,.F.);
#157 = EDGE_CURVE('',#158,#151,#160,.T.);
#158 = VERTEX_POINT('',#159);
#159 = CARTESIAN_POINT('',(-0.312333763296,0.727969426629,0.7700001));
#160 = B_SPLINE_CURVE_WITH_KNOTS('',1,(#161,#162),.UNSPECIFIED.,.F.,.F.,
  (2,2),(-3.491853668959E-02,-0.),.PIECEWISE_BEZIER_KNOTS.);
#161 = CARTESIAN_POINT('',(-0.312333763296,0.727969426629,0.7700001));
#162 = CARTESIAN_POINT('',(-0.347252299985,0.727969426629,0.7700001));
#163 = ORIENTED_EDGE('',*,*,#164,.F.);
#164 = EDGE_CURVE('',#165,#158,#167,.T.);
#165 = VERTEX_POINT('',#166);
#166 = CARTESIAN_POINT('',(-0.312333763296,0.720171242257,0.7700001));
#167 = B_SPLINE_CURVE_WITH_KNOTS('',1,(#168,#169),.UNSPECIFIED.,.F.,.F.,
  (2,2),(-7.79818437227E-03,0.),.PIECEWISE_BEZIER_KNOTS.);
#168 = CARTESIAN_POINT('',(-0.312333763296,0.720171242257,0.7700001));
#169 = CARTESIAN_POINT('',(-0.312333763296,0.727969426629,0.7700001));
#170 = ORIENTED_EDGE('',*,*,#171,.F.);
#171 = EDGE_CURVE('',#172,#165,#174,.T.);
#172 = VERTEX_POINT('',#173);
#173 = CARTESIAN_POINT('',(-0.338501004189,0.720171242257,0.7700001));
#174 = B_SPLINE_CURVE_WITH_KNOTS('',1,(#175,#176),.UNSPECIFIED.,.F.,.F.,
  (2,2),(-2.616724089373E-02,0.),.PIECEWISE_BEZIER_KNOTS.);
#175 = CARTESIAN_POINT('',(-0.338501004189,0.720171242257,0.7700001));
#176 = CARTESIAN_POINT('',(-0.312333763296,0.720171242257,0.7700001));
#177 = ORIENTED_EDGE('',*,*,#178,.F.);
#178 = EDGE_CURVE('',#179,#172,#181,.T.);
#179 = VERTEX_POINT('',#180);
#180 = CARTESIAN_POINT('',(-0.338501004189,0.698474960403,0.7700001));
#181 = B_SPLINE_CURVE_WITH_KNOTS('',1,(#182,#183),.UNSPECIFIED.,.F.,.F.,
  (2,2),(-2.169628185404E-02,0.),.PIECEWISE_BEZIER_KNOTS.);
#182 = CARTESIAN_POINT('',(-0.338501004189,0.698474960403,0.7700001));
#183 = CARTESIAN_POINT('',(-0.338501004189,0.720171242257,0.7700001));
#184 = ORIENTED_EDGE('',*,*,#185,.F.);
#185 = EDGE_CURVE('',#186,#179,#188,.T.);
#186 = VERTEX_POINT('',#187);
#187 = CARTESIAN_POINT('',(-0.314257315441,0.698474960403,0.7700001));
#188 = B_SPLINE_CURVE_WITH_KNOTS('',1,(#189,#190),.UNSPECIFIED.,.F.,.F.,
  (2,2),(-2.424368874843E-02,-0.),.PIECEWISE_BEZIER_KNOTS.);
#189 = CARTESIAN_POINT('',(-0.314257315441,0.698474960403,0.7700001));
#190 = CARTESIAN_POINT('',(-0.338501004189,0.698474960403,0.7700001));
#191 = ORIENTED_EDGE('',*,*,#192,.F.);
#192 = EDGE_CURVE('',#193,#186,#195,.T.);
#193 = VERTEX_POINT('',#194);
#194 = CARTESIAN_POINT('',(-0.314257315441,0.690711434628,0.7700001));
#195 = B_SPLINE_CURVE_WITH_KNOTS('',1,(#196,#197),.UNSPECIFIED.,.F.,.F.,
  (2,2),(-7.763525775099E-03,0.),.PIECEWISE_BEZIER_KNOTS.);
#196 = CARTESIAN_POINT('',(-0.314257315441,0.690711434628,0.7700001));
#197 = CARTESIAN_POINT('',(-0.314257315441,0.698474960403,0.7700001));
#198 = ORIENTED_EDGE('',*,*,#199,.F.);
#199 = EDGE_CURVE('',#200,#193,#202,.T.);
#200 = VERTEX_POINT('',#201);
#201 = CARTESIAN_POINT('',(-0.338501004189,0.690711434628,0.7700001));
#202 = B_SPLINE_CURVE_WITH_KNOTS('',1,(#203,#204),.UNSPECIFIED.,.F.,.F.,
  (2,2),(-2.424368874843E-02,0.),.PIECEWISE_BEZIER_KNOTS.);
#203 = CARTESIAN_POINT('',(-0.338501004189,0.690711434628,0.7700001));
#204 = CARTESIAN_POINT('',(-0.314257315441,0.690711434628,0.7700001));
#205 = ORIENTED_EDGE('',*,*,#206,.F.);
#206 = EDGE_CURVE('',#130,#200,#207,.T.);
#207 = B_SPLINE_CURVE_WITH_KNOTS('',1,(#208,#209),.UNSPECIFIED.,.F.,.F.,
  (2,2),(-2.280535696444E-02,0.),.PIECEWISE_BEZIER_KNOTS.);
#208 = CARTESIAN_POINT('',(-0.338501004189,0.667906077663,0.7700001));
#209 = CARTESIAN_POINT('',(-0.338501004189,0.690711434628,0.7700001));
#210 = FACE_BOUND('',#211,.T.);
#211 = EDGE_LOOP('',(#212,#221,#228,#235,#244,#253,#260,#269,#278,#285,
    #292,#299,#306,#313,#320));
#212 = ORIENTED_EDGE('',*,*,#213,.F.);
#213 = EDGE_CURVE('',#214,#216,#218,.T.);
#214 = VERTEX_POINT('',#215);
#215 = CARTESIAN_POINT('',(-0.36520545334,0.708595270788,0.7700001));
#216 = VERTEX_POINT('',#217);
#217 = CARTESIAN_POINT('',(-0.378427708176,0.672134426523,0.7700001));
#218 = B_SPLINE_CURVE_WITH_KNOTS('',1,(#219,#220),.UNSPECIFIED.,.F.,.F.,
  (2,2),(-3.878429047314E-02,-0.),.PIECEWISE_BEZIER_KNOTS.);
#219 = CARTESIAN_POINT('',(-0.36520545334,0.708595270788,0.7700001));
#220 = CARTESIAN_POINT('',(-0.378427708176,0.672134426523,0.7700001));
#221 = ORIENTED_EDGE('',*,*,#222,.F.);
#222 = EDGE_CURVE('',#223,#214,#225,.T.);
#223 = VERTEX_POINT('',#224);
#224 = CARTESIAN_POINT('',(-0.356402169649,0.708595270788,0.7700001));
#225 = B_SPLINE_CURVE_WITH_KNOTS('',1,(#226,#227),.UNSPECIFIED.,.F.,.F.,
  (2,2),(-8.803283691157E-03,-0.),.PIECEWISE_BEZIER_KNOTS.);
#226 = CARTESIAN_POINT('',(-0.356402169649,0.708595270788,0.7700001));
#227 = CARTESIAN_POINT('',(-0.36520545334,0.708595270788,0.7700001));
#228 = ORIENTED_EDGE('',*,*,#229,.F.);
#229 = EDGE_CURVE('',#230,#223,#232,.T.);
#230 = VERTEX_POINT('',#231);
#231 = CARTESIAN_POINT('',(-0.37837572028,0.652864246474,0.7700001));
#232 = B_SPLINE_CURVE_WITH_KNOTS('',1,(#233,#234),.UNSPECIFIED.,.F.,.F.,
  (2,2),(-5.990646040689E-02,0.),.PIECEWISE_BEZIER_KNOTS.);
#233 = CARTESIAN_POINT('',(-0.37837572028,0.652864246474,0.7700001));
#234 = CARTESIAN_POINT('',(-0.356402169649,0.708595270788,0.7700001));
#235 = ORIENTED_EDGE('',*,*,#236,.F.);
#236 = EDGE_CURVE('',#237,#230,#239,.T.);
#237 = VERTEX_POINT('',#238);
#238 = CARTESIAN_POINT('',(-0.39565303099,0.63737185352,0.7700001));
#239 = B_SPLINE_CURVE_WITH_KNOTS('',3,(#240,#241,#242,#243),
  .UNSPECIFIED.,.F.,.F.,(4,4),(1.,2.),.PIECEWISE_BEZIER_KNOTS.);
#240 = CARTESIAN_POINT('',(-0.39565303099,0.63737185352,0.7700001));
#241 = CARTESIAN_POINT('',(-0.388218761888,0.63737185352,0.7700001));
#242 = CARTESIAN_POINT('',(-0.382465434751,0.642535984505,0.7700001));
#243 = CARTESIAN_POINT('',(-0.37837572028,0.652864246474,0.7700001));
#244 = ORIENTED_EDGE('',*,*,#245,.F.);
#245 = EDGE_CURVE('',#246,#237,#248,.T.);
#246 = VERTEX_POINT('',#247);
#247 = CARTESIAN_POINT('',(-0.401129089349,0.638065025465,0.7700001));
#248 = B_SPLINE_CURVE_WITH_KNOTS('',3,(#249,#250,#251,#252),
  .UNSPECIFIED.,.F.,.F.,(4,4),(2.,3.),.PIECEWISE_BEZIER_KNOTS.);
#249 = CARTESIAN_POINT('',(-0.401129089349,0.638065025465,0.7700001));
#250 = CARTESIAN_POINT('',(-0.399621440371,0.637614463701,0.7700001));
#251 = CARTESIAN_POINT('',(-0.397784534718,0.63737185352,0.7700001));
#252 = CARTESIAN_POINT('',(-0.39565303099,0.63737185352,0.7700001));
#253 = ORIENTED_EDGE('',*,*,#254,.F.);
#254 = EDGE_CURVE('',#255,#246,#257,.T.);
#255 = VERTEX_POINT('',#256);
#256 = CARTESIAN_POINT('',(-0.401129089349,0.645620599657,0.7700001));
#257 = B_SPLINE_CURVE_WITH_KNOTS('',1,(#258,#259),.UNSPECIFIED.,.F.,.F.,
  (2,2),(-7.555574192073E-03,1.110223024625E-16),
  .PIECEWISE_BEZIER_KNOTS.);
#258 = CARTESIAN_POINT('',(-0.401129089349,0.645620599657,0.7700001));
#259 = CARTESIAN_POINT('',(-0.401129089349,0.638065025465,0.7700001));
#260 = ORIENTED_EDGE('',*,*,#261,.F.);
#261 = EDGE_CURVE('',#262,#255,#264,.T.);
#262 = VERTEX_POINT('',#263);
#263 = CARTESIAN_POINT('',(-0.396311544337,0.644650158935,0.7700001));
#264 = B_SPLINE_CURVE_WITH_KNOTS('',3,(#265,#266,#267,#268),
  .UNSPECIFIED.,.F.,.F.,(4,4),(4.,5.),.PIECEWISE_BEZIER_KNOTS.);
#265 = CARTESIAN_POINT('',(-0.396311544337,0.644650158935,0.7700001));
#266 = CARTESIAN_POINT('',(-0.397871181211,0.644650158935,0.7700001));
#267 = CARTESIAN_POINT('',(-0.399465476683,0.64496208631,0.7700001));
#268 = CARTESIAN_POINT('',(-0.401129089349,0.645620599657,0.7700001));
#269 = ORIENTED_EDGE('',*,*,#270,.F.);
#270 = EDGE_CURVE('',#271,#262,#273,.T.);
#271 = VERTEX_POINT('',#272);
#272 = CARTESIAN_POINT('',(-0.387612236437,0.651477902585,0.7700001));
#273 = B_SPLINE_CURVE_WITH_KNOTS('',3,(#274,#275,#276,#277),
  .UNSPECIFIED.,.F.,.F.,(4,4),(5.,6.),.PIECEWISE_BEZIER_KNOTS.);
#274 = CARTESIAN_POINT('',(-0.387612236437,0.651477902585,0.7700001));
#275 = CARTESIAN_POINT('',(-0.389535788582,0.646902967754,0.7700001));
#276 = CARTESIAN_POINT('',(-0.392429781449,0.644650158935,0.7700001));
#277 = CARTESIAN_POINT('',(-0.396311544337,0.644650158935,0.7700001));
#278 = ORIENTED_EDGE('',*,*,#279,.F.);
#279 = EDGE_CURVE('',#280,#271,#282,.T.);
#280 = VERTEX_POINT('',#281);
#281 = CARTESIAN_POINT('',(-0.383886437237,0.660281186277,0.7700001));
#282 = B_SPLINE_CURVE_WITH_KNOTS('',1,(#283,#284),.UNSPECIFIED.,.F.,.F.,
  (2,2),(-9.559256426937E-03,-1.23878278252E-16),
  .PIECEWISE_BEZIER_KNOTS.);
#283 = CARTESIAN_POINT('',(-0.383886437237,0.660281186277,0.7700001));
#284 = CARTESIAN_POINT('',(-0.387612236437,0.651477902585,0.7700001));
#285 = ORIENTED_EDGE('',*,*,#286,.F.);
#286 = EDGE_CURVE('',#287,#280,#289,.T.);
#287 = VERTEX_POINT('',#288);
#288 = CARTESIAN_POINT('',(-0.402879348508,0.708595270788,0.7700001));
#289 = B_SPLINE_CURVE_WITH_KNOTS('',1,(#290,#291),.UNSPECIFIED.,.F.,.F.,
  (2,2),(-5.191321065727E-02,0.),.PIECEWISE_BEZIER_KNOTS.);
#290 = CARTESIAN_POINT('',(-0.402879348508,0.708595270788,0.7700001));
#291 = CARTESIAN_POINT('',(-0.383886437237,0.660281186277,0.7700001));
#292 = ORIENTED_EDGE('',*,*,#293,.F.);
#293 = EDGE_CURVE('',#294,#287,#296,.T.);
#294 = VERTEX_POINT('',#295);
#295 = CARTESIAN_POINT('',(-0.393382892873,0.708595270788,0.7700001));
#296 = B_SPLINE_CURVE_WITH_KNOTS('',1,(#297,#298),.UNSPECIFIED.,.F.,.F.,
  (2,2),(-9.496455635733E-03,-0.),.PIECEWISE_BEZIER_KNOTS.);
#297 = CARTESIAN_POINT('',(-0.393382892873,0.708595270788,0.7700001));
#298 = CARTESIAN_POINT('',(-0.402879348508,0.708595270788,0.7700001));
#299 = ORIENTED_EDGE('',*,*,#300,.F.);
#300 = EDGE_CURVE('',#301,#294,#303,.T.);
#301 = VERTEX_POINT('',#302);
#302 = CARTESIAN_POINT('',(-0.380732504891,0.672203743717,0.7700001));
#303 = B_SPLINE_CURVE_WITH_KNOTS('',1,(#304,#305),.UNSPECIFIED.,.F.,.F.,
  (2,2),(-3.852759476873E-02,0.),.PIECEWISE_BEZIER_KNOTS.);
#304 = CARTESIAN_POINT('',(-0.380732504891,0.672203743717,0.7700001));
#305 = CARTESIAN_POINT('',(-0.393382892873,0.708595270788,0.7700001));
#306 = ORIENTED_EDGE('',*,*,#307,.F.);
#307 = EDGE_CURVE('',#308,#301,#310,.T.);
#308 = VERTEX_POINT('',#309);
#309 = CARTESIAN_POINT('',(-0.379692746974,0.668218005038,0.7700001));
#310 = B_SPLINE_CURVE_WITH_KNOTS('',1,(#311,#312),.UNSPECIFIED.,.F.,.F.,
  (2,2),(-4.119127255206E-03,0.),.PIECEWISE_BEZIER_KNOTS.);
#311 = CARTESIAN_POINT('',(-0.379692746974,0.668218005038,0.7700001));
#312 = CARTESIAN_POINT('',(-0.380732504891,0.672203743717,0.7700001));
#313 = ORIENTED_EDGE('',*,*,#314,.F.);
#314 = EDGE_CURVE('',#315,#308,#317,.T.);
#315 = VERTEX_POINT('',#316);
#316 = CARTESIAN_POINT('',(-0.379467466093,0.668218005038,0.7700001));
#317 = B_SPLINE_CURVE_WITH_KNOTS('',1,(#318,#319),.UNSPECIFIED.,.F.,.F.,
  (2,2),(-2.252808816116E-04,-0.),.PIECEWISE_BEZIER_KNOTS.);
#318 = CARTESIAN_POINT('',(-0.379467466093,0.668218005038,0.7700001));
#319 = CARTESIAN_POINT('',(-0.379692746974,0.668218005038,0.7700001));
#320 = ORIENTED_EDGE('',*,*,#321,.F.);
#321 = EDGE_CURVE('',#216,#315,#322,.T.);
#322 = B_SPLINE_CURVE_WITH_KNOTS('',3,(#323,#324,#325,#326),
  .UNSPECIFIED.,.F.,.F.,(4,4),(12.,13.),.PIECEWISE_BEZIER_KNOTS.);
#323 = CARTESIAN_POINT('',(-0.378427708176,0.672134426523,0.7700001));
#324 = CARTESIAN_POINT('',(-0.378947587134,0.670436155259,0.7700001));
#325 = CARTESIAN_POINT('',(-0.379294173107,0.669119128566,0.7700001));
#326 = CARTESIAN_POINT('',(-0.379467466093,0.668218005038,0.7700001));
#327 = FACE_BOUND('',#328,.T.);
#328 = EDGE_LOOP('',(#329,#338,#347,#356,#365,#374,#383,#392,#401,#410,
    #419,#426,#435,#444,#453,#462,#471,#480,#489,#498,#507));
#329 = ORIENTED_EDGE('',*,*,#330,.F.);
#330 = EDGE_CURVE('',#331,#333,#335,.T.);
#331 = VERTEX_POINT('',#332);
#332 = CARTESIAN_POINT('',(-0.439998706121,0.670644106842,0.7700001));
#333 = VERTEX_POINT('',#334);
#334 = CARTESIAN_POINT('',(-0.439998706121,0.661875481749,0.7700001));
#335 = B_SPLINE_CURVE_WITH_KNOTS('',1,(#336,#337),.UNSPECIFIED.,.F.,.F.,
  (2,2),(-8.768625093982E-03,-0.),.PIECEWISE_BEZIER_KNOTS.);
#336 = CARTESIAN_POINT('',(-0.439998706121,0.670644106842,0.7700001));
#337 = CARTESIAN_POINT('',(-0.439998706121,0.661875481749,0.7700001));
#338 = ORIENTED_EDGE('',*,*,#339,.F.);
#339 = EDGE_CURVE('',#340,#331,#342,.T.);
#340 = VERTEX_POINT('',#341);
#341 = CARTESIAN_POINT('',(-0.426031291445,0.665965196219,0.7700001));
#342 = B_SPLINE_CURVE_WITH_KNOTS('',3,(#343,#344,#345,#346),
  .UNSPECIFIED.,.F.,.F.,(4,4),(0.,1.),.PIECEWISE_BEZIER_KNOTS.);
#343 = CARTESIAN_POINT('',(-0.426031291445,0.665965196219,0.7700001));
#344 = CARTESIAN_POINT('',(-0.431022129443,0.665965196219,0.7700001));
#345 = CARTESIAN_POINT('',(-0.43566638147,0.667524833094,0.7700001));
#346 = CARTESIAN_POINT('',(-0.439998706121,0.670644106842,0.7700001));
#347 = ORIENTED_EDGE('',*,*,#348,.F.);
#348 = EDGE_CURVE('',#349,#340,#351,.T.);
#349 = VERTEX_POINT('',#350);
#350 = CARTESIAN_POINT('',(-0.416014956851,0.672515671092,0.7700001));
#351 = B_SPLINE_CURVE_WITH_KNOTS('',3,(#352,#353,#354,#355),
  .UNSPECIFIED.,.F.,.F.,(4,4),(1.,2.),.PIECEWISE_BEZIER_KNOTS.);
#352 = CARTESIAN_POINT('',(-0.416014956851,0.672515671092,0.7700001));
#353 = CARTESIAN_POINT('',(-0.416014956851,0.668148687843,0.7700001));
#354 = CARTESIAN_POINT('',(-0.419359511482,0.665965196219,0.7700001));
#355 = CARTESIAN_POINT('',(-0.426031291445,0.665965196219,0.7700001));
#356 = ORIENTED_EDGE('',*,*,#357,.F.);
#357 = EDGE_CURVE('',#358,#349,#360,.T.);
#358 = VERTEX_POINT('',#359);
#359 = CARTESIAN_POINT('',(-0.418198448475,0.677125264521,0.7700001));
#360 = B_SPLINE_CURVE_WITH_KNOTS('',3,(#361,#362,#363,#364),
  .UNSPECIFIED.,.F.,.F.,(4,4),(2.,3.),.PIECEWISE_BEZIER_KNOTS.);
#361 = CARTESIAN_POINT('',(-0.418198448475,0.677125264521,0.7700001));
#362 = CARTESIAN_POINT('',(-0.416742787392,0.675912213619,0.7700001));
#363 = CARTESIAN_POINT('',(-0.416014956851,0.674387235342,0.7700001));
#364 = CARTESIAN_POINT('',(-0.416014956851,0.672515671092,0.7700001));
#365 = ORIENTED_EDGE('',*,*,#366,.F.);
#366 = EDGE_CURVE('',#367,#358,#369,.T.);
#367 = VERTEX_POINT('',#368);
#368 = CARTESIAN_POINT('',(-0.42708837866,0.681457589172,0.7700001));
#369 = B_SPLINE_CURVE_WITH_KNOTS('',3,(#370,#371,#372,#373),
  .UNSPECIFIED.,.F.,.F.,(4,4),(3.,4.),.PIECEWISE_BEZIER_KNOTS.);
#370 = CARTESIAN_POINT('',(-0.42708837866,0.681457589172,0.7700001));
#371 = CARTESIAN_POINT('',(-0.42261741962,0.679793976506,0.7700001));
#372 = CARTESIAN_POINT('',(-0.419654109558,0.678338315423,0.7700001));
#373 = CARTESIAN_POINT('',(-0.418198448475,0.677125264521,0.7700001));
#374 = ORIENTED_EDGE('',*,*,#375,.F.);
#375 = EDGE_CURVE('',#376,#367,#378,.T.);
#376 = VERTEX_POINT('',#377);
#377 = CARTESIAN_POINT('',(-0.437537945719,0.687869429656,0.7700001));
#378 = B_SPLINE_CURVE_WITH_KNOTS('',3,(#379,#380,#381,#382),
  .UNSPECIFIED.,.F.,.F.,(4,4),(4.,5.),.PIECEWISE_BEZIER_KNOTS.);
#379 = CARTESIAN_POINT('',(-0.437537945719,0.687869429656,0.7700001));
#380 = CARTESIAN_POINT('',(-0.435943650247,0.685755255227,0.7700001));
#381 = CARTESIAN_POINT('',(-0.432443131929,0.683606422199,0.7700001));
#382 = CARTESIAN_POINT('',(-0.42708837866,0.681457589172,0.7700001));
#383 = ORIENTED_EDGE('',*,*,#384,.F.);
#384 = EDGE_CURVE('',#385,#376,#387,.T.);
#385 = VERTEX_POINT('',#386);
#386 = CARTESIAN_POINT('',(-0.439946718225,0.69552897964,0.7700001));
#387 = B_SPLINE_CURVE_WITH_KNOTS('',3,(#388,#389,#390,#391),
  .UNSPECIFIED.,.F.,.F.,(4,4),(5.,6.),.PIECEWISE_BEZIER_KNOTS.);
#388 = CARTESIAN_POINT('',(-0.439946718225,0.69552897964,0.7700001));
#389 = CARTESIAN_POINT('',(-0.439946718225,0.69254834028,0.7700001));
#390 = CARTESIAN_POINT('',(-0.439149570489,0.689983604086,0.7700001));
#391 = CARTESIAN_POINT('',(-0.437537945719,0.687869429656,0.7700001));
#392 = ORIENTED_EDGE('',*,*,#393,.F.);
#393 = EDGE_CURVE('',#394,#385,#396,.T.);
#394 = VERTEX_POINT('',#395);
#395 = CARTESIAN_POINT('',(-0.434505318463,0.705857241609,0.7700001));
#396 = B_SPLINE_CURVE_WITH_KNOTS('',3,(#397,#398,#399,#400),
  .UNSPECIFIED.,.F.,.F.,(4,4),(6.,7.),.PIECEWISE_BEZIER_KNOTS.);
#397 = CARTESIAN_POINT('',(-0.434505318463,0.705857241609,0.7700001));
#398 = CARTESIAN_POINT('',(-0.438127141871,0.703257846818,0.7700001));
#399 = CARTESIAN_POINT('',(-0.439946718225,0.699826645694,0.7700001));
#400 = CARTESIAN_POINT('',(-0.439946718225,0.69552897964,0.7700001));
#401 = ORIENTED_EDGE('',*,*,#402,.F.);
#402 = EDGE_CURVE('',#403,#394,#405,.T.);
#403 = VERTEX_POINT('',#404);
#404 = CARTESIAN_POINT('',(-0.421092441342,0.709704345899,0.7700001));
#405 = B_SPLINE_CURVE_WITH_KNOTS('',3,(#406,#407,#408,#409),
  .UNSPECIFIED.,.F.,.F.,(4,4),(7.,8.),.PIECEWISE_BEZIER_KNOTS.);
#406 = CARTESIAN_POINT('',(-0.421092441342,0.709704345899,0.7700001));
#407 = CARTESIAN_POINT('',(-0.426395206716,0.709704345899,0.7700001));
#408 = CARTESIAN_POINT('',(-0.430866165756,0.708421977802,0.7700001));
#409 = CARTESIAN_POINT('',(-0.434505318463,0.705857241609,0.7700001));
#410 = ORIENTED_EDGE('',*,*,#411,.F.);
#411 = EDGE_CURVE('',#412,#403,#414,.T.);
#412 = VERTEX_POINT('',#413);
#413 = CARTESIAN_POINT('',(-0.409620445666,0.707555512872,0.7700001));
#414 = B_SPLINE_CURVE_WITH_KNOTS('',3,(#415,#416,#417,#418),
  .UNSPECIFIED.,.F.,.F.,(4,4),(8.,9.),.PIECEWISE_BEZIER_KNOTS.);
#415 = CARTESIAN_POINT('',(-0.409620445666,0.707555512872,0.7700001));
#416 = CARTESIAN_POINT('',(-0.413155622581,0.709011173955,0.7700001));
#417 = CARTESIAN_POINT('',(-0.416968068275,0.709704345899,0.7700001));
#418 = CARTESIAN_POINT('',(-0.421092441342,0.709704345899,0.7700001));
#419 = ORIENTED_EDGE('',*,*,#420,.F.);
#420 = EDGE_CURVE('',#421,#412,#423,.T.);
#421 = VERTEX_POINT('',#422);
#422 = CARTESIAN_POINT('',(-0.409620445666,0.699306766736,0.7700001));
#423 = B_SPLINE_CURVE_WITH_KNOTS('',1,(#424,#425),.UNSPECIFIED.,.F.,.F.,
  (2,2),(-8.248746135954E-03,0.),.PIECEWISE_BEZIER_KNOTS.);
#424 = CARTESIAN_POINT('',(-0.409620445666,0.699306766736,0.7700001));
#425 = CARTESIAN_POINT('',(-0.409620445666,0.707555512872,0.7700001));
#426 = ORIENTED_EDGE('',*,*,#427,.F.);
#427 = EDGE_CURVE('',#428,#421,#430,.T.);
#428 = VERTEX_POINT('',#429);
#429 = CARTESIAN_POINT('',(-0.421924247676,0.702807285054,0.7700001));
#430 = B_SPLINE_CURVE_WITH_KNOTS('',3,(#431,#432,#433,#434),
  .UNSPECIFIED.,.F.,.F.,(4,4),(10.,11.),.PIECEWISE_BEZIER_KNOTS.);
#431 = CARTESIAN_POINT('',(-0.421924247676,0.702807285054,0.7700001));
#432 = CARTESIAN_POINT('',(-0.417331983545,0.702807285054,0.7700001));
#433 = CARTESIAN_POINT('',(-0.413242269074,0.701628892749,0.7700001));
#434 = CARTESIAN_POINT('',(-0.409620445666,0.699306766736,0.7700001));
#435 = ORIENTED_EDGE('',*,*,#436,.F.);
#436 = EDGE_CURVE('',#437,#428,#439,.T.);
#437 = VERTEX_POINT('',#438);
#438 = CARTESIAN_POINT('',(-0.428613356937,0.701005037999,0.7700001));
#439 = B_SPLINE_CURVE_WITH_KNOTS('',3,(#440,#441,#442,#443),
  .UNSPECIFIED.,.F.,.F.,(4,4),(11.,12.),.PIECEWISE_BEZIER_KNOTS.);
#440 = CARTESIAN_POINT('',(-0.428613356937,0.701005037999,0.7700001));
#441 = CARTESIAN_POINT('',(-0.426897756375,0.702218088901,0.7700001));
#442 = CARTESIAN_POINT('',(-0.424662276855,0.702807285054,0.7700001));
#443 = CARTESIAN_POINT('',(-0.421924247676,0.702807285054,0.7700001));
#444 = ORIENTED_EDGE('',*,*,#445,.F.);
#445 = EDGE_CURVE('',#446,#437,#448,.T.);
#446 = VERTEX_POINT('',#447);
#447 = CARTESIAN_POINT('',(-0.431195422429,0.696291468779,0.7700001));
#448 = B_SPLINE_CURVE_WITH_KNOTS('',3,(#449,#450,#451,#452),
  .UNSPECIFIED.,.F.,.F.,(4,4),(12.,13.),.PIECEWISE_BEZIER_KNOTS.);
#449 = CARTESIAN_POINT('',(-0.431195422429,0.696291468779,0.7700001));
#450 = CARTESIAN_POINT('',(-0.431195422429,0.698232350222,0.7700001));
#451 = CARTESIAN_POINT('',(-0.430328957499,0.699826645694,0.7700001));
#452 = CARTESIAN_POINT('',(-0.428613356937,0.701005037999,0.7700001));
#453 = ORIENTED_EDGE('',*,*,#454,.F.);
#454 = EDGE_CURVE('',#455,#446,#457,.T.);
#455 = VERTEX_POINT('',#456);
#456 = CARTESIAN_POINT('',(-0.429341187479,0.691785851141,0.7700001));
#457 = B_SPLINE_CURVE_WITH_KNOTS('',3,(#458,#459,#460,#461),
  .UNSPECIFIED.,.F.,.F.,(4,4),(13.,14.),.PIECEWISE_BEZIER_KNOTS.);
#458 = CARTESIAN_POINT('',(-0.429341187479,0.691785851141,0.7700001));
#459 = CARTESIAN_POINT('',(-0.43057156768,0.692860267655,0.7700001));
#460 = CARTESIAN_POINT('',(-0.431195422429,0.694350587335,0.7700001));
#461 = CARTESIAN_POINT('',(-0.431195422429,0.696291468779,0.7700001));
#462 = ORIENTED_EDGE('',*,*,#463,.F.);
#463 = EDGE_CURVE('',#464,#455,#466,.T.);
#464 = VERTEX_POINT('',#465);
#465 = CARTESIAN_POINT('',(-0.421092441342,0.687626819476,0.7700001));
#466 = B_SPLINE_CURVE_WITH_KNOTS('',3,(#467,#468,#469,#470),
  .UNSPECIFIED.,.F.,.F.,(4,4),(14.,15.),.PIECEWISE_BEZIER_KNOTS.);
#467 = CARTESIAN_POINT('',(-0.421092441342,0.687626819476,0.7700001));
#468 = CARTESIAN_POINT('',(-0.425355448799,0.689290432142,0.7700001));
#469 = CARTESIAN_POINT('',(-0.428093477979,0.69067677603,0.7700001));
#470 = CARTESIAN_POINT('',(-0.429341187479,0.691785851141,0.7700001));
#471 = ORIENTED_EDGE('',*,*,#472,.F.);
#472 = EDGE_CURVE('',#473,#464,#475,.T.);
#473 = VERTEX_POINT('',#474);
#474 = CARTESIAN_POINT('',(-0.410140324624,0.681353613381,0.7700001));
#475 = B_SPLINE_CURVE_WITH_KNOTS('',3,(#476,#477,#478,#479),
  .UNSPECIFIED.,.F.,.F.,(4,4),(15.,16.),.PIECEWISE_BEZIER_KNOTS.);
#476 = CARTESIAN_POINT('',(-0.410140324624,0.681353613381,0.7700001));
#477 = CARTESIAN_POINT('',(-0.41204654747,0.683502446408,0.7700001));
#478 = CARTESIAN_POINT('',(-0.415685700178,0.685616620837,0.7700001));
#479 = CARTESIAN_POINT('',(-0.421092441342,0.687626819476,0.7700001));
#480 = ORIENTED_EDGE('',*,*,#481,.F.);
#481 = EDGE_CURVE('',#482,#473,#484,.T.);
#482 = VERTEX_POINT('',#483);
#483 = CARTESIAN_POINT('',(-0.407298319653,0.673347477425,0.7700001));
#484 = B_SPLINE_CURVE_WITH_KNOTS('',3,(#485,#486,#487,#488),
  .UNSPECIFIED.,.F.,.F.,(4,4),(16.,17.),.PIECEWISE_BEZIER_KNOTS.);
#485 = CARTESIAN_POINT('',(-0.407298319653,0.673347477425,0.7700001));
#486 = CARTESIAN_POINT('',(-0.407298319653,0.676536068369,0.7700001));
#487 = CARTESIAN_POINT('',(-0.408251431076,0.679204780354,0.7700001));
#488 = CARTESIAN_POINT('',(-0.410140324624,0.681353613381,0.7700001));
#489 = ORIENTED_EDGE('',*,*,#490,.F.);
#490 = EDGE_CURVE('',#491,#482,#493,.T.);
#491 = VERTEX_POINT('',#492);
#492 = CARTESIAN_POINT('',(-0.412757048713,0.662880581067,0.7700001));
#493 = B_SPLINE_CURVE_WITH_KNOTS('',3,(#494,#495,#496,#497),
  .UNSPECIFIED.,.F.,.F.,(4,4),(17.,18.),.PIECEWISE_BEZIER_KNOTS.);
#494 = CARTESIAN_POINT('',(-0.412757048713,0.662880581067,0.7700001));
#495 = CARTESIAN_POINT('',(-0.409117896006,0.665410658664,0.7700001));
#496 = CARTESIAN_POINT('',(-0.407298319653,0.668911176982,0.7700001));
#497 = CARTESIAN_POINT('',(-0.407298319653,0.673347477425,0.7700001));
#498 = ORIENTED_EDGE('',*,*,#499,.F.);
#499 = EDGE_CURVE('',#500,#491,#502,.T.);
#500 = VERTEX_POINT('',#501);
#501 = CARTESIAN_POINT('',(-0.426863097778,0.659033476777,0.7700001));
#502 = B_SPLINE_CURVE_WITH_KNOTS('',3,(#503,#504,#505,#506),
  .UNSPECIFIED.,.F.,.F.,(4,4),(18.,19.),.PIECEWISE_BEZIER_KNOTS.);
#503 = CARTESIAN_POINT('',(-0.426863097778,0.659033476777,0.7700001));
#504 = CARTESIAN_POINT('',(-0.421092441342,0.659033476777,0.7700001));
#505 = CARTESIAN_POINT('',(-0.416378872122,0.660315844874,0.7700001));
#506 = CARTESIAN_POINT('',(-0.412757048713,0.662880581067,0.7700001));
#507 = ORIENTED_EDGE('',*,*,#508,.F.);
#508 = EDGE_CURVE('',#333,#500,#509,.T.);
#509 = B_SPLINE_CURVE_WITH_KNOTS('',3,(#510,#511,#512,#513),
  .UNSPECIFIED.,.F.,.F.,(4,4),(19.,20.),.PIECEWISE_BEZIER_KNOTS.);
#510 = CARTESIAN_POINT('',(-0.439998706121,0.661875481749,0.7700001));
#511 = CARTESIAN_POINT('',(-0.436255577622,0.660003917499,0.7700001));
#512 = CARTESIAN_POINT('',(-0.431888594374,0.659033476777,0.7700001));
#513 = CARTESIAN_POINT('',(-0.426863097778,0.659033476777,0.7700001));
#514 = FACE_BOUND('',#515,.T.);
#515 = EDGE_LOOP('',(#516,#525,#534,#543,#550,#557,#564,#571,#580,#589,
    #598,#607,#614,#623));
#516 = ORIENTED_EDGE('',*,*,#517,.F.);
#517 = EDGE_CURVE('',#518,#520,#522,.T.);
#518 = VERTEX_POINT('',#519);
#519 = CARTESIAN_POINT('',(-0.485678737244,0.705198728262,0.7700001));
#520 = VERTEX_POINT('',#521);
#521 = CARTESIAN_POINT('',(-0.485678737244,0.696949982125,0.7700001));
#522 = B_SPLINE_CURVE_WITH_KNOTS('',1,(#523,#524),.UNSPECIFIED.,.F.,.F.,
  (2,2),(-8.248746136419E-03,-0.),.PIECEWISE_BEZIER_KNOTS.);
#523 = CARTESIAN_POINT('',(-0.485678737244,0.705198728262,0.7700001));
#524 = CARTESIAN_POINT('',(-0.485678737244,0.696949982125,0.7700001));
#525 = ORIENTED_EDGE('',*,*,#526,.F.);
#526 = EDGE_CURVE('',#527,#518,#529,.T.);
#527 = VERTEX_POINT('',#528);
#528 = CARTESIAN_POINT('',(-0.469007951986,0.709704345899,0.7700001));
#529 = B_SPLINE_CURVE_WITH_KNOTS('',3,(#530,#531,#532,#533),
  .UNSPECIFIED.,.F.,.F.,(4,4),(0.,1.),.PIECEWISE_BEZIER_KNOTS.);
#530 = CARTESIAN_POINT('',(-0.469007951986,0.709704345899,0.7700001));
#531 = CARTESIAN_POINT('',(-0.475315816678,0.709704345899,0.7700001));
#532 = CARTESIAN_POINT('',(-0.480878521531,0.708214026219,0.7700001));
#533 = CARTESIAN_POINT('',(-0.485678737244,0.705198728262,0.7700001));
#534 = ORIENTED_EDGE('',*,*,#535,.F.);
#535 = EDGE_CURVE('',#536,#527,#538,.T.);
#536 = VERTEX_POINT('',#537);
#537 = CARTESIAN_POINT('',(-0.451505360395,0.691335289377,0.7700001));
#538 = B_SPLINE_CURVE_WITH_KNOTS('',3,(#539,#540,#541,#542),
  .UNSPECIFIED.,.F.,.F.,(4,4),(1.,2.),.PIECEWISE_BEZIER_KNOTS.);
#539 = CARTESIAN_POINT('',(-0.451505360395,0.691335289377,0.7700001));
#540 = CARTESIAN_POINT('',(-0.451505360395,0.70360443279,0.7700001));
#541 = CARTESIAN_POINT('',(-0.457345334025,0.709704345899,0.7700001));
#542 = CARTESIAN_POINT('',(-0.469007951986,0.709704345899,0.7700001));
#543 = ORIENTED_EDGE('',*,*,#544,.F.);
#544 = EDGE_CURVE('',#545,#536,#547,.T.);
#545 = VERTEX_POINT('',#546);
#546 = CARTESIAN_POINT('',(-0.451505360395,0.660177210485,0.7700001));
#547 = B_SPLINE_CURVE_WITH_KNOTS('',1,(#548,#549),.UNSPECIFIED.,.F.,.F.,
  (2,2),(-3.115807889191E-02,1.110223024625E-16),
  .PIECEWISE_BEZIER_KNOTS.);
#548 = CARTESIAN_POINT('',(-0.451505360395,0.660177210485,0.7700001));
#549 = CARTESIAN_POINT('',(-0.451505360395,0.691335289377,0.7700001));
#550 = ORIENTED_EDGE('',*,*,#551,.F.);
#551 = EDGE_CURVE('',#552,#545,#554,.T.);
#552 = VERTEX_POINT('',#553);
#553 = CARTESIAN_POINT('',(-0.459996716711,0.660177210485,0.7700001));
#554 = B_SPLINE_CURVE_WITH_KNOTS('',1,(#555,#556),.UNSPECIFIED.,.F.,.F.,
  (2,2),(-8.491356316616E-03,0.),.PIECEWISE_BEZIER_KNOTS.);
#555 = CARTESIAN_POINT('',(-0.459996716711,0.660177210485,0.7700001));
#556 = CARTESIAN_POINT('',(-0.451505360395,0.660177210485,0.7700001));
#557 = ORIENTED_EDGE('',*,*,#558,.F.);
#558 = EDGE_CURVE('',#559,#552,#561,.T.);
#559 = VERTEX_POINT('',#560);
#560 = CARTESIAN_POINT('',(-0.459996716711,0.667663467483,0.7700001));
#561 = B_SPLINE_CURVE_WITH_KNOTS('',1,(#562,#563),.UNSPECIFIED.,.F.,.F.,
  (2,2),(-7.486256997268E-03,-0.),.PIECEWISE_BEZIER_KNOTS.);
#562 = CARTESIAN_POINT('',(-0.459996716711,0.667663467483,0.7700001));
#563 = CARTESIAN_POINT('',(-0.459996716711,0.660177210485,0.7700001));
#564 = ORIENTED_EDGE('',*,*,#565,.F.);
#565 = EDGE_CURVE('',#566,#559,#568,.T.);
#566 = VERTEX_POINT('',#567);
#567 = CARTESIAN_POINT('',(-0.460221997593,0.667663467483,0.7700001));
#568 = B_SPLINE_CURVE_WITH_KNOTS('',1,(#569,#570),.UNSPECIFIED.,.F.,.F.,
  (2,2),(-2.252808818425E-04,0.),.PIECEWISE_BEZIER_KNOTS.);
#569 = CARTESIAN_POINT('',(-0.460221997593,0.667663467483,0.7700001));
#570 = CARTESIAN_POINT('',(-0.459996716711,0.667663467483,0.7700001));
#571 = ORIENTED_EDGE('',*,*,#572,.F.);
#572 = EDGE_CURVE('',#573,#566,#575,.T.);
#573 = VERTEX_POINT('',#574);
#574 = CARTESIAN_POINT('',(-0.475055877199,0.659033476777,0.7700001));
#575 = B_SPLINE_CURVE_WITH_KNOTS('',3,(#576,#577,#578,#579),
  .UNSPECIFIED.,.F.,.F.,(4,4),(6.,7.),.PIECEWISE_BEZIER_KNOTS.);
#576 = CARTESIAN_POINT('',(-0.475055877199,0.659033476777,0.7700001));
#577 = CARTESIAN_POINT('',(-0.468522731625,0.659033476777,0.7700001));
#578 = CARTESIAN_POINT('',(-0.463566552224,0.661910140346,0.7700001));
#579 = CARTESIAN_POINT('',(-0.460221997593,0.667663467483,0.7700001));
#580 = ORIENTED_EDGE('',*,*,#581,.F.);
#581 = EDGE_CURVE('',#582,#573,#584,.T.);
#582 = VERTEX_POINT('',#583);
#583 = CARTESIAN_POINT('',(-0.486250604098,0.66284592247,0.7700001));
#584 = B_SPLINE_CURVE_WITH_KNOTS('',3,(#585,#586,#587,#588),
  .UNSPECIFIED.,.F.,.F.,(4,4),(7.,8.),.PIECEWISE_BEZIER_KNOTS.);
#585 = CARTESIAN_POINT('',(-0.486250604098,0.66284592247,0.7700001));
#586 = CARTESIAN_POINT('',(-0.483477916322,0.660315844874,0.7700001));
#587 = CARTESIAN_POINT('',(-0.479752117121,0.659033476777,0.7700001));
#588 = CARTESIAN_POINT('',(-0.475055877199,0.659033476777,0.7700001));
#589 = ORIENTED_EDGE('',*,*,#590,.F.);
#590 = EDGE_CURVE('',#591,#582,#593,.T.);
#591 = VERTEX_POINT('',#592);
#592 = CARTESIAN_POINT('',(-0.490409635764,0.673139525842,0.7700001));
#593 = B_SPLINE_CURVE_WITH_KNOTS('',3,(#594,#595,#596,#597),
  .UNSPECIFIED.,.F.,.F.,(4,4),(8.,9.),.PIECEWISE_BEZIER_KNOTS.);
#594 = CARTESIAN_POINT('',(-0.490409635764,0.673139525842,0.7700001));
#595 = CARTESIAN_POINT('',(-0.490409635764,0.668807201191,0.7700001));
#596 = CARTESIAN_POINT('',(-0.489023291875,0.665376000066,0.7700001));
#597 = CARTESIAN_POINT('',(-0.486250604098,0.66284592247,0.7700001));
#598 = ORIENTED_EDGE('',*,*,#599,.F.);
#599 = EDGE_CURVE('',#600,#591,#602,.T.);
#600 = VERTEX_POINT('',#601);
#601 = CARTESIAN_POINT('',(-0.474345375957,0.68894384617,0.7700001));
#602 = B_SPLINE_CURVE_WITH_KNOTS('',3,(#603,#604,#605,#606),
  .UNSPECIFIED.,.F.,.F.,(4,4),(9.,10.),.PIECEWISE_BEZIER_KNOTS.);
#603 = CARTESIAN_POINT('',(-0.474345375957,0.68894384617,0.7700001));
#604 = CARTESIAN_POINT('',(-0.485054882494,0.68745352649,0.7700001));
#605 = CARTESIAN_POINT('',(-0.490409635764,0.682185419714,0.7700001));
#606 = CARTESIAN_POINT('',(-0.490409635764,0.673139525842,0.7700001));
#607 = ORIENTED_EDGE('',*,*,#608,.F.);
#608 = EDGE_CURVE('',#609,#600,#611,.T.);
#609 = VERTEX_POINT('',#610);
#610 = CARTESIAN_POINT('',(-0.459996716711,0.690954044808,0.7700001));
#611 = B_SPLINE_CURVE_WITH_KNOTS('',1,(#612,#613),.UNSPECIFIED.,.F.,.F.,
  (2,2),(-1.448878603268E-02,-0.),.PIECEWISE_BEZIER_KNOTS.);
#612 = CARTESIAN_POINT('',(-0.459996716711,0.690954044808,0.7700001));
#613 = CARTESIAN_POINT('',(-0.474345375957,0.68894384617,0.7700001));
#614 = ORIENTED_EDGE('',*,*,#615,.F.);
#615 = EDGE_CURVE('',#616,#609,#618,.T.);
#616 = VERTEX_POINT('',#617);
#617 = CARTESIAN_POINT('',(-0.469805099722,0.702807285054,0.7700001));
#618 = B_SPLINE_CURVE_WITH_KNOTS('',3,(#619,#620,#621,#622),
  .UNSPECIFIED.,.F.,.F.,(4,4),(11.,12.),.PIECEWISE_BEZIER_KNOTS.);
#619 = CARTESIAN_POINT('',(-0.469805099722,0.702807285054,0.7700001));
#620 = CARTESIAN_POINT('',(-0.463271954148,0.702807285054,0.7700001));
#621 = CARTESIAN_POINT('',(-0.459996716711,0.698856204972,0.7700001));
#622 = CARTESIAN_POINT('',(-0.459996716711,0.690954044808,0.7700001));
#623 = ORIENTED_EDGE('',*,*,#624,.F.);
#624 = EDGE_CURVE('',#520,#616,#625,.T.);
#625 = B_SPLINE_CURVE_WITH_KNOTS('',3,(#626,#627,#628,#629),
  .UNSPECIFIED.,.F.,.F.,(4,4),(12.,13.),.PIECEWISE_BEZIER_KNOTS.);
#626 = CARTESIAN_POINT('',(-0.485678737244,0.696949982125,0.7700001));
#627 = CARTESIAN_POINT('',(-0.480895850829,0.700831745013,0.7700001));
#628 = CARTESIAN_POINT('',(-0.475610414755,0.702807285054,0.7700001));
#629 = CARTESIAN_POINT('',(-0.469805099722,0.702807285054,0.7700001));
#630 = FACE_BOUND('',#631,.T.);
#631 = EDGE_LOOP('',(#632,#643,#650,#657,#664,#673,#682));
#632 = ORIENTED_EDGE('',*,*,#633,.F.);
#633 = EDGE_CURVE('',#634,#636,#638,.T.);
#634 = VERTEX_POINT('',#635);
#635 = CARTESIAN_POINT('',(-0.364235012618,0.76772283763,0.7700001));
#636 = VERTEX_POINT('',#637);
#637 = CARTESIAN_POINT('',(-0.337911808037,0.777219293265,0.7700001));
#638 = B_SPLINE_CURVE_WITH_KNOTS('',3,(#639,#640,#641,#642),
  .UNSPECIFIED.,.F.,.F.,(4,4),(5.,6.),.PIECEWISE_BEZIER_KNOTS.);
#639 = CARTESIAN_POINT('',(-0.364235012618,0.76772283763,0.7700001));
#640 = CARTESIAN_POINT('',(-0.353508176782,0.76772283763,0.7700001));
#641 = CARTESIAN_POINT('',(-0.344722222389,0.770876769976,0.7700001));
#642 = CARTESIAN_POINT('',(-0.337911808037,0.777219293265,0.7700001));
#643 = ORIENTED_EDGE('',*,*,#644,.F.);
#644 = EDGE_CURVE('',#645,#634,#647,.T.);
#645 = VERTEX_POINT('',#646);
#646 = CARTESIAN_POINT('',(-0.382881337918,0.76772283763,0.7700001));
#647 = B_SPLINE_CURVE_WITH_KNOTS('',1,(#648,#649),.UNSPECIFIED.,.F.,.F.,
  (2,2),(-1.864632529929E-02,0.),.PIECEWISE_BEZIER_KNOTS.);
#648 = CARTESIAN_POINT('',(-0.382881337918,0.76772283763,0.7700001));
#649 = CARTESIAN_POINT('',(-0.364235012618,0.76772283763,0.7700001));
#650 = ORIENTED_EDGE('',*,*,#651,.F.);
#651 = EDGE_CURVE('',#652,#645,#654,.T.);
#652 = VERTEX_POINT('',#653);
#653 = CARTESIAN_POINT('',(-0.382881337918,0.835515053773,0.7700001));
#654 = B_SPLINE_CURVE_WITH_KNOTS('',1,(#655,#656),.UNSPECIFIED.,.F.,.F.,
  (2,2),(-6.779221614378E-02,-0.),.PIECEWISE_BEZIER_KNOTS.);
#655 = CARTESIAN_POINT('',(-0.382881337918,0.835515053773,0.7700001));
#656 = CARTESIAN_POINT('',(-0.382881337918,0.76772283763,0.7700001));
#657 = ORIENTED_EDGE('',*,*,#658,.F.);
#658 = EDGE_CURVE('',#659,#652,#661,.T.);
#659 = VERTEX_POINT('',#660);
#660 = CARTESIAN_POINT('',(-0.363541840674,0.835515053773,0.7700001));
#661 = B_SPLINE_CURVE_WITH_KNOTS('',1,(#662,#663),.UNSPECIFIED.,.F.,.F.,
  (2,2),(-1.933949724364E-02,-0.),.PIECEWISE_BEZIER_KNOTS.);
#662 = CARTESIAN_POINT('',(-0.363541840674,0.835515053773,0.7700001));
#663 = CARTESIAN_POINT('',(-0.382881337918,0.835515053773,0.7700001));
#664 = ORIENTED_EDGE('',*,*,#665,.F.);
#665 = EDGE_CURVE('',#666,#659,#668,.T.);
#666 = VERTEX_POINT('',#667);
#667 = CARTESIAN_POINT('',(-0.337911808037,0.826538477096,0.7700001));
#668 = B_SPLINE_CURVE_WITH_KNOTS('',3,(#669,#670,#671,#672),
  .UNSPECIFIED.,.F.,.F.,(4,4),(2.,3.),.PIECEWISE_BEZIER_KNOTS.);
#669 = CARTESIAN_POINT('',(-0.337911808037,0.826538477096,0.7700001));
#670 = CARTESIAN_POINT('',(-0.344722222389,0.832534414413,0.7700001));
#671 = CARTESIAN_POINT('',(-0.353265566601,0.835515053773,0.7700001));
#672 = CARTESIAN_POINT('',(-0.363541840674,0.835515053773,0.7700001));
#673 = ORIENTED_EDGE('',*,*,#674,.F.);
#674 = EDGE_CURVE('',#675,#666,#677,.T.);
#675 = VERTEX_POINT('',#676);
#676 = CARTESIAN_POINT('',(-0.32768752186,0.802485410632,0.7700001));
#677 = B_SPLINE_CURVE_WITH_KNOTS('',3,(#678,#679,#680,#681),
  .UNSPECIFIED.,.F.,.F.,(4,4),(3.,4.),.PIECEWISE_BEZIER_KNOTS.);
#678 = CARTESIAN_POINT('',(-0.32768752186,0.802485410632,0.7700001));
#679 = CARTESIAN_POINT('',(-0.32768752186,0.812536403823,0.7700001));
#680 = CARTESIAN_POINT('',(-0.331101393685,0.820542539778,0.7700001));
#681 = CARTESIAN_POINT('',(-0.337911808037,0.826538477096,0.7700001));
#682 = ORIENTED_EDGE('',*,*,#683,.F.);
#683 = EDGE_CURVE('',#636,#675,#684,.T.);
#684 = B_SPLINE_CURVE_WITH_KNOTS('',3,(#685,#686,#687,#688),
  .UNSPECIFIED.,.F.,.F.,(4,4),(4.,5.),.PIECEWISE_BEZIER_KNOTS.);
#685 = CARTESIAN_POINT('',(-0.337911808037,0.777219293265,0.7700001));
#686 = CARTESIAN_POINT('',(-0.331101393685,0.783561816555,0.7700001));
#687 = CARTESIAN_POINT('',(-0.32768752186,0.791983855677,0.7700001));
#688 = CARTESIAN_POINT('',(-0.32768752186,0.802485410632,0.7700001));
#689 = FACE_BOUND('',#690,.T.);
#690 = EDGE_LOOP('',(#691,#699));
#691 = ORIENTED_EDGE('',*,*,#692,.F.);
#692 = EDGE_CURVE('',#24,#31,#693,.T.);
#693 = ( BOUNDED_CURVE() B_SPLINE_CURVE(2,(#694,#695,#696,#697,#698),
.UNSPECIFIED.,.F.,.F.) B_SPLINE_CURVE_WITH_KNOTS((3,2,3),(0.,
1.570796326795,3.14159265359),.PIECEWISE_BEZIER_KNOTS.) CURVE() 
GEOMETRIC_REPRESENTATION_ITEM() RATIONAL_B_SPLINE_CURVE((1.,
0.707106781187,1.,0.707106781187,1.)) REPRESENTATION_ITEM('') );
#694 = CARTESIAN_POINT('',(-0.524613417131,-0.55648110772,0.7700001));
#695 = CARTESIAN_POINT('',(-0.524613417131,-0.427825067844,0.7700001));
#696 = CARTESIAN_POINT('',(-0.653269457008,-0.427825067844,0.7700001));
#697 = CARTESIAN_POINT('',(-0.781925496884,-0.427825067844,0.7700001));
#698 = CARTESIAN_POINT('',(-0.781925496884,-0.55648110772,0.7700001));
#699 = ORIENTED_EDGE('',*,*,#30,.F.);
#700 = FACE_BOUND('',#701,.T.);
#701 = EDGE_LOOP('',(#702,#711,#718,#725));
#702 = ORIENTED_EDGE('',*,*,#703,.T.);
#703 = EDGE_CURVE('',#704,#706,#708,.T.);
#704 = VERTEX_POINT('',#705);
#705 = CARTESIAN_POINT('',(1.,-1.,0.7700001));
#706 = VERTEX_POINT('',#707);
#707 = CARTESIAN_POINT('',(1.,1.,0.7700001));
#708 = B_SPLINE_CURVE_WITH_KNOTS('',1,(#709,#710),.UNSPECIFIED.,.F.,.F.,
  (2,2),(-2.,0.),.PIECEWISE_BEZIER_KNOTS.);
#709 = CARTESIAN_POINT('',(1.,-1.,0.7700001));
#710 = CARTESIAN_POINT('',(1.,1.,0.7700001));
#711 = ORIENTED_EDGE('',*,*,#712,.T.);
#712 = EDGE_CURVE('',#706,#713,#715,.T.);
#713 = VERTEX_POINT('',#714);
#714 = CARTESIAN_POINT('',(-1.,1.,0.7700001));
#715 = B_SPLINE_CURVE_WITH_KNOTS('',1,(#716,#717),.UNSPECIFIED.,.F.,.F.,
  (2,2),(-2.,-0.),.PIECEWISE_BEZIER_KNOTS.);
#716 = CARTESIAN_POINT('',(1.,1.,0.7700001));
#717 = CARTESIAN_POINT('',(-1.,1.,0.7700001));
#718 = ORIENTED_EDGE('',*,*,#719,.T.);
#719 = EDGE_CURVE('',#713,#720,#722,.T.);
#720 = VERTEX_POINT('',#721);
#721 = CARTESIAN_POINT('',(-1.,-1.,0.7700001));
#722 = B_SPLINE_CURVE_WITH_KNOTS('',1,(#723,#724),.UNSPECIFIED.,.F.,.F.,
  (2,2),(0.,2.),.PIECEWISE_BEZIER_KNOTS.);
#723 = CARTESIAN_POINT('',(-1.,1.,0.7700001));
#724 = CARTESIAN_POINT('',(-1.,-1.,0.7700001));
#725 = ORIENTED_EDGE('',*,*,#726,.T.);
#726 = EDGE_CURVE('',#720,#704,#727,.T.);
#727 = B_SPLINE_CURVE_WITH_KNOTS('',1,(#728,#729),.UNSPECIFIED.,.F.,.F.,
  (2,2),(0.,2.),.PIECEWISE_BEZIER_KNOTS.);
#728 = CARTESIAN_POINT('',(-1.,-1.,0.7700001));
#729 = CARTESIAN_POINT('',(1.,-1.,0.7700001));
#730 = FACE_BOUND('',#731,.T.);
#731 = EDGE_LOOP('',(#732,#741,#748,#755,#762,#769));
#732 = ORIENTED_EDGE('',*,*,#733,.F.);
#733 = EDGE_CURVE('',#734,#736,#738,.T.);
#734 = VERTEX_POINT('',#735);
#735 = CARTESIAN_POINT('',(-0.499247578052,0.775451704807,0.7700001));
#736 = VERTEX_POINT('',#737);
#737 = CARTESIAN_POINT('',(-0.526246625279,0.775451704807,0.7700001));
#738 = B_SPLINE_CURVE_WITH_KNOTS('',1,(#739,#740),.UNSPECIFIED.,.F.,.F.,
  (2,2),(-2.699904722722E-02,-0.),.PIECEWISE_BEZIER_KNOTS.);
#739 = CARTESIAN_POINT('',(-0.499247578052,0.775451704807,0.7700001));
#740 = CARTESIAN_POINT('',(-0.526246625279,0.775451704807,0.7700001));
#741 = ORIENTED_EDGE('',*,*,#742,.F.);
#742 = EDGE_CURVE('',#743,#734,#745,.T.);
#743 = VERTEX_POINT('',#744);
#744 = CARTESIAN_POINT('',(-0.499247578052,0.76772283763,0.7700001));
#745 = B_SPLINE_CURVE_WITH_KNOTS('',1,(#746,#747),.UNSPECIFIED.,.F.,.F.,
  (2,2),(-7.728867177928E-03,0.),.PIECEWISE_BEZIER_KNOTS.);
#746 = CARTESIAN_POINT('',(-0.499247578052,0.76772283763,0.7700001));
#747 = CARTESIAN_POINT('',(-0.499247578052,0.775451704807,0.7700001));
#748 = ORIENTED_EDGE('',*,*,#749,.F.);
#749 = EDGE_CURVE('',#750,#743,#752,.T.);
#750 = VERTEX_POINT('',#751);
#751 = CARTESIAN_POINT('',(-0.534997921075,0.76772283763,0.7700001));
#752 = B_SPLINE_CURVE_WITH_KNOTS('',1,(#753,#754),.UNSPECIFIED.,.F.,.F.,
  (2,2),(-3.575034302285E-02,0.),.PIECEWISE_BEZIER_KNOTS.);
#753 = CARTESIAN_POINT('',(-0.534997921075,0.76772283763,0.7700001));
#754 = CARTESIAN_POINT('',(-0.499247578052,0.76772283763,0.7700001));
#755 = ORIENTED_EDGE('',*,*,#756,.F.);
#756 = EDGE_CURVE('',#757,#750,#759,.T.);
#757 = VERTEX_POINT('',#758);
#758 = CARTESIAN_POINT('',(-0.534997921075,0.835515053773,0.7700001));
#759 = B_SPLINE_CURVE_WITH_KNOTS('',1,(#760,#761),.UNSPECIFIED.,.F.,.F.,
  (2,2),(-6.779221614378E-02,-0.),.PIECEWISE_BEZIER_KNOTS.);
#760 = CARTESIAN_POINT('',(-0.534997921075,0.835515053773,0.7700001));
#761 = CARTESIAN_POINT('',(-0.534997921075,0.76772283763,0.7700001));
#762 = ORIENTED_EDGE('',*,*,#763,.F.);
#763 = EDGE_CURVE('',#764,#757,#766,.T.);
#764 = VERTEX_POINT('',#765);
#765 = CARTESIAN_POINT('',(-0.526246625279,0.835515053773,0.7700001));
#766 = B_SPLINE_CURVE_WITH_KNOTS('',1,(#767,#768),.UNSPECIFIED.,.F.,.F.,
  (2,2),(-8.751295795631E-03,-0.),.PIECEWISE_BEZIER_KNOTS.);
#767 = CARTESIAN_POINT('',(-0.526246625279,0.835515053773,0.7700001));
#768 = CARTESIAN_POINT('',(-0.534997921075,0.835515053773,0.7700001));
#769 = ORIENTED_EDGE('',*,*,#770,.F.);
#770 = EDGE_CURVE('',#736,#764,#771,.T.);
#771 = B_SPLINE_CURVE_WITH_KNOTS('',1,(#772,#773),.UNSPECIFIED.,.F.,.F.,
  (2,2),(-6.006334896585E-02,0.),.PIECEWISE_BEZIER_KNOTS.);
#772 = CARTESIAN_POINT('',(-0.526246625279,0.775451704807,0.7700001));
#773 = CARTESIAN_POINT('',(-0.526246625279,0.835515053773,0.7700001));
#774 = FACE_BOUND('',#775,.T.);
#775 = EDGE_LOOP('',(#776,#785,#794,#803,#812,#821,#830,#839,#846,#855,
    #864,#873,#882,#891));
#776 = ORIENTED_EDGE('',*,*,#777,.F.);
#777 = EDGE_CURVE('',#778,#780,#782,.T.);
#778 = VERTEX_POINT('',#779);
#779 = CARTESIAN_POINT('',(-0.44571737466,0.770530184004,0.7700001));
#780 = VERTEX_POINT('',#781);
#781 = CARTESIAN_POINT('',(-0.44571737466,0.778917564529,0.7700001));
#782 = B_SPLINE_CURVE_WITH_KNOTS('',1,(#783,#784),.UNSPECIFIED.,.F.,.F.,
  (2,2),(-8.387380525102E-03,0.),.PIECEWISE_BEZIER_KNOTS.);
#783 = CARTESIAN_POINT('',(-0.44571737466,0.770530184004,0.7700001));
#784 = CARTESIAN_POINT('',(-0.44571737466,0.778917564529,0.7700001));
#785 = ORIENTED_EDGE('',*,*,#786,.F.);
#786 = EDGE_CURVE('',#787,#778,#789,.T.);
#787 = VERTEX_POINT('',#788);
#788 = CARTESIAN_POINT('',(-0.46448500505,0.766579103922,0.7700001));
#789 = B_SPLINE_CURVE_WITH_KNOTS('',3,(#790,#791,#792,#793),
  .UNSPECIFIED.,.F.,.F.,(4,4),(0.,1.),.PIECEWISE_BEZIER_KNOTS.);
#790 = CARTESIAN_POINT('',(-0.46448500505,0.766579103922,0.7700001));
#791 = CARTESIAN_POINT('',(-0.456964089455,0.766579103922,0.7700001));
#792 = CARTESIAN_POINT('',(-0.450708212659,0.767896130615,0.7700001));
#793 = CARTESIAN_POINT('',(-0.44571737466,0.770530184004,0.7700001));
#794 = ORIENTED_EDGE('',*,*,#795,.F.);
#795 = EDGE_CURVE('',#796,#787,#798,.T.);
#796 = VERTEX_POINT('',#797);
#797 = CARTESIAN_POINT('',(-0.487775582376,0.775832949377,0.7700001));
#798 = B_SPLINE_CURVE_WITH_KNOTS('',3,(#799,#800,#801,#802),
  .UNSPECIFIED.,.F.,.F.,(4,4),(1.,2.),.PIECEWISE_BEZIER_KNOTS.);
#799 = CARTESIAN_POINT('',(-0.487775582376,0.775832949377,0.7700001));
#800 = CARTESIAN_POINT('',(-0.481970267343,0.769663719073,0.7700001));
#801 = CARTESIAN_POINT('',(-0.474206741568,0.766579103922,0.7700001));
#802 = CARTESIAN_POINT('',(-0.46448500505,0.766579103922,0.7700001));
#803 = ORIENTED_EDGE('',*,*,#804,.F.);
#804 = EDGE_CURVE('',#805,#796,#807,.T.);
#805 = VERTEX_POINT('',#806);
#806 = CARTESIAN_POINT('',(-0.496474890276,0.800336577604,0.7700001));
#807 = B_SPLINE_CURVE_WITH_KNOTS('',3,(#808,#809,#810,#811),
  .UNSPECIFIED.,.F.,.F.,(4,4),(2.,3.),.PIECEWISE_BEZIER_KNOTS.);
#808 = CARTESIAN_POINT('',(-0.496474890276,0.800336577604,0.7700001));
#809 = CARTESIAN_POINT('',(-0.496474890276,0.790181608622,0.7700001));
#810 = CARTESIAN_POINT('',(-0.493580897408,0.78200217968,0.7700001));
#811 = CARTESIAN_POINT('',(-0.487775582376,0.775832949377,0.7700001));
#812 = ORIENTED_EDGE('',*,*,#813,.F.);
#813 = EDGE_CURVE('',#814,#805,#816,.T.);
#814 = VERTEX_POINT('',#815);
#815 = CARTESIAN_POINT('',(-0.486683836564,0.826677111485,0.7700001));
#816 = B_SPLINE_CURVE_WITH_KNOTS('',3,(#817,#818,#819,#820),
  .UNSPECIFIED.,.F.,.F.,(4,4),(3.,4.),.PIECEWISE_BEZIER_KNOTS.);
#817 = CARTESIAN_POINT('',(-0.486683836564,0.826677111485,0.7700001));
#818 = CARTESIAN_POINT('',(-0.493216982138,0.82002266082,0.7700001));
#819 = CARTESIAN_POINT('',(-0.496474890276,0.811254035726,0.7700001));
#820 = CARTESIAN_POINT('',(-0.496474890276,0.800336577604,0.7700001));
#821 = ORIENTED_EDGE('',*,*,#822,.F.);
#822 = EDGE_CURVE('',#823,#814,#825,.T.);
#823 = VERTEX_POINT('',#824);
#824 = CARTESIAN_POINT('',(-0.461781634468,0.836658787481,0.7700001));
#825 = B_SPLINE_CURVE_WITH_KNOTS('',3,(#826,#827,#828,#829),
  .UNSPECIFIED.,.F.,.F.,(4,4),(4.,5.),.PIECEWISE_BEZIER_KNOTS.);
#826 = CARTESIAN_POINT('',(-0.461781634468,0.836658787481,0.7700001));
#827 = CARTESIAN_POINT('',(-0.471849956957,0.836658787481,0.7700001));
#828 = CARTESIAN_POINT('',(-0.480150690989,0.833331562149,0.7700001));
#829 = CARTESIAN_POINT('',(-0.486683836564,0.826677111485,0.7700001));
#830 = ORIENTED_EDGE('',*,*,#831,.F.);
#831 = EDGE_CURVE('',#832,#823,#834,.T.);
#832 = VERTEX_POINT('',#833);
#833 = CARTESIAN_POINT('',(-0.44571737466,0.833886099704,0.7700001));
#834 = B_SPLINE_CURVE_WITH_KNOTS('',3,(#835,#836,#837,#838),
  .UNSPECIFIED.,.F.,.F.,(4,4),(5.,6.),.PIECEWISE_BEZIER_KNOTS.);
#835 = CARTESIAN_POINT('',(-0.44571737466,0.833886099704,0.7700001));
#836 = CARTESIAN_POINT('',(-0.44994572352,0.835723005357,0.7700001));
#837 = CARTESIAN_POINT('',(-0.455300476789,0.836658787481,0.7700001));
#838 = CARTESIAN_POINT('',(-0.461781634468,0.836658787481,0.7700001));
#839 = ORIENTED_EDGE('',*,*,#840,.F.);
#840 = EDGE_CURVE('',#841,#832,#843,.T.);
#841 = VERTEX_POINT('',#842);
#842 = CARTESIAN_POINT('',(-0.44571737466,0.824736230041,0.7700001));
#843 = B_SPLINE_CURVE_WITH_KNOTS('',1,(#844,#845),.UNSPECIFIED.,.F.,.F.,
  (2,2),(-9.149869663328E-03,0.),.PIECEWISE_BEZIER_KNOTS.);
#844 = CARTESIAN_POINT('',(-0.44571737466,0.824736230041,0.7700001));
#845 = CARTESIAN_POINT('',(-0.44571737466,0.833886099704,0.7700001));
#846 = ORIENTED_EDGE('',*,*,#847,.F.);
#847 = EDGE_CURVE('',#848,#841,#850,.T.);
#848 = VERTEX_POINT('',#849);
#849 = CARTESIAN_POINT('',(-0.461694987975,0.828756627317,0.7700001));
#850 = B_SPLINE_CURVE_WITH_KNOTS('',3,(#851,#852,#853,#854),
  .UNSPECIFIED.,.F.,.F.,(4,4),(7.,8.),.PIECEWISE_BEZIER_KNOTS.);
#851 = CARTESIAN_POINT('',(-0.461694987975,0.828756627317,0.7700001));
#852 = CARTESIAN_POINT('',(-0.455889672942,0.828756627317,0.7700001));
#853 = CARTESIAN_POINT('',(-0.45056957827,0.827439600623,0.7700001));
#854 = CARTESIAN_POINT('',(-0.44571737466,0.824736230041,0.7700001));
#855 = ORIENTED_EDGE('',*,*,#856,.F.);
#856 = EDGE_CURVE('',#857,#848,#859,.T.);
#857 = VERTEX_POINT('',#858);
#858 = CARTESIAN_POINT('',(-0.480168020288,0.821235711723,0.7700001));
#859 = B_SPLINE_CURVE_WITH_KNOTS('',3,(#860,#861,#862,#863),
  .UNSPECIFIED.,.F.,.F.,(4,4),(8.,9.),.PIECEWISE_BEZIER_KNOTS.);
#860 = CARTESIAN_POINT('',(-0.480168020288,0.821235711723,0.7700001));
#861 = CARTESIAN_POINT('',(-0.475402463171,0.826261208318,0.7700001));
#862 = CARTESIAN_POINT('',(-0.469250562166,0.828756627317,0.7700001));
#863 = CARTESIAN_POINT('',(-0.461694987975,0.828756627317,0.7700001));
#864 = ORIENTED_EDGE('',*,*,#865,.F.);
#865 = EDGE_CURVE('',#866,#857,#868,.T.);
#866 = VERTEX_POINT('',#867);
#867 = CARTESIAN_POINT('',(-0.487290362015,0.800856456563,0.7700001));
#868 = B_SPLINE_CURVE_WITH_KNOTS('',3,(#869,#870,#871,#872),
  .UNSPECIFIED.,.F.,.F.,(4,4),(9.,10.),.PIECEWISE_BEZIER_KNOTS.);
#869 = CARTESIAN_POINT('',(-0.487290362015,0.800856456563,0.7700001));
#870 = CARTESIAN_POINT('',(-0.487290362015,0.809382471477,0.7700001));
#871 = CARTESIAN_POINT('',(-0.484916248106,0.81617555653,0.7700001));
#872 = CARTESIAN_POINT('',(-0.480168020288,0.821235711723,0.7700001));
#873 = ORIENTED_EDGE('',*,*,#874,.F.);
#874 = EDGE_CURVE('',#875,#866,#877,.T.);
#875 = VERTEX_POINT('',#876);
#876 = CARTESIAN_POINT('',(-0.48063591135,0.781516959319,0.7700001));
#877 = B_SPLINE_CURVE_WITH_KNOTS('',3,(#878,#879,#880,#881),
  .UNSPECIFIED.,.F.,.F.,(4,4),(10.,11.),.PIECEWISE_BEZIER_KNOTS.);
#878 = CARTESIAN_POINT('',(-0.48063591135,0.781516959319,0.7700001));
#879 = CARTESIAN_POINT('',(-0.485072211793,0.786299845735,0.7700001));
#880 = CARTESIAN_POINT('',(-0.487290362015,0.792746344816,0.7700001));
#881 = CARTESIAN_POINT('',(-0.487290362015,0.800856456563,0.7700001));
#882 = ORIENTED_EDGE('',*,*,#883,.F.);
#883 = EDGE_CURVE('',#884,#875,#886,.T.);
#884 = VERTEX_POINT('',#885);
#885 = CARTESIAN_POINT('',(-0.463219966252,0.774377288294,0.7700001));
#886 = B_SPLINE_CURVE_WITH_KNOTS('',3,(#887,#888,#889,#890),
  .UNSPECIFIED.,.F.,.F.,(4,4),(11.,12.),.PIECEWISE_BEZIER_KNOTS.);
#887 = CARTESIAN_POINT('',(-0.463219966252,0.774377288294,0.7700001));
#888 = CARTESIAN_POINT('',(-0.470394295874,0.774377288294,0.7700001));
#889 = CARTESIAN_POINT('',(-0.476199610907,0.776768731501,0.7700001));
#890 = CARTESIAN_POINT('',(-0.48063591135,0.781516959319,0.7700001));
#891 = ORIENTED_EDGE('',*,*,#892,.F.);
#892 = EDGE_CURVE('',#780,#884,#893,.T.);
#893 = B_SPLINE_CURVE_WITH_KNOTS('',3,(#894,#895,#896,#897),
  .UNSPECIFIED.,.F.,.F.,(4,4),(12.,13.),.PIECEWISE_BEZIER_KNOTS.);
#894 = CARTESIAN_POINT('',(-0.44571737466,0.778917564529,0.7700001));
#895 = CARTESIAN_POINT('',(-0.450673554062,0.775902266571,0.7700001));
#896 = CARTESIAN_POINT('',(-0.456513527692,0.774377288294,0.7700001));
#897 = CARTESIAN_POINT('',(-0.463219966252,0.774377288294,0.7700001));
#898 = FACE_BOUND('',#899,.T.);
#899 = EDGE_LOOP('',(#900,#909,#916,#923,#930,#937,#944,#951,#958,#965,
    #972,#979));
#900 = ORIENTED_EDGE('',*,*,#901,.F.);
#901 = EDGE_CURVE('',#902,#904,#906,.T.);
#902 = VERTEX_POINT('',#903);
#903 = CARTESIAN_POINT('',(-0.395687689587,0.775451704807,0.7700001));
#904 = VERTEX_POINT('',#905);
#905 = CARTESIAN_POINT('',(-0.423397238057,0.775451704807,0.7700001));
#906 = B_SPLINE_CURVE_WITH_KNOTS('',1,(#907,#908),.UNSPECIFIED.,.F.,.F.,
  (2,2),(-2.770954846969E-02,-0.),.PIECEWISE_BEZIER_KNOTS.);
#907 = CARTESIAN_POINT('',(-0.395687689587,0.775451704807,0.7700001));
#908 = CARTESIAN_POINT('',(-0.423397238057,0.775451704807,0.7700001));
#909 = ORIENTED_EDGE('',*,*,#910,.F.);
#910 = EDGE_CURVE('',#911,#902,#913,.T.);
#911 = VERTEX_POINT('',#912);
#912 = CARTESIAN_POINT('',(-0.395687689587,0.76772283763,0.7700001));
#913 = B_SPLINE_CURVE_WITH_KNOTS('',1,(#914,#915),.UNSPECIFIED.,.F.,.F.,
  (2,2),(-7.728867177928E-03,0.),.PIECEWISE_BEZIER_KNOTS.);
#914 = CARTESIAN_POINT('',(-0.395687689587,0.76772283763,0.7700001));
#915 = CARTESIAN_POINT('',(-0.395687689587,0.775451704807,0.7700001));
#916 = ORIENTED_EDGE('',*,*,#917,.F.);
#917 = EDGE_CURVE('',#918,#911,#920,.T.);
#918 = VERTEX_POINT('',#919);
#919 = CARTESIAN_POINT('',(-0.432148533853,0.76772283763,0.7700001));
#920 = B_SPLINE_CURVE_WITH_KNOTS('',1,(#921,#922),.UNSPECIFIED.,.F.,.F.,
  (2,2),(-3.646084426532E-02,0.),.PIECEWISE_BEZIER_KNOTS.);
#921 = CARTESIAN_POINT('',(-0.432148533853,0.76772283763,0.7700001));
#922 = CARTESIAN_POINT('',(-0.395687689587,0.76772283763,0.7700001));
#923 = ORIENTED_EDGE('',*,*,#924,.F.);
#924 = EDGE_CURVE('',#925,#918,#927,.T.);
#925 = VERTEX_POINT('',#926);
#926 = CARTESIAN_POINT('',(-0.432148533853,0.835515053773,0.7700001));
#927 = B_SPLINE_CURVE_WITH_KNOTS('',1,(#928,#929),.UNSPECIFIED.,.F.,.F.,
  (2,2),(-6.779221614378E-02,-0.),.PIECEWISE_BEZIER_KNOTS.);
#928 = CARTESIAN_POINT('',(-0.432148533853,0.835515053773,0.7700001));
#929 = CARTESIAN_POINT('',(-0.432148533853,0.76772283763,0.7700001));
#930 = ORIENTED_EDGE('',*,*,#931,.F.);
#931 = EDGE_CURVE('',#932,#925,#934,.T.);
#932 = VERTEX_POINT('',#933);
#933 = CARTESIAN_POINT('',(-0.397229997163,0.835515053773,0.7700001));
#934 = B_SPLINE_CURVE_WITH_KNOTS('',1,(#935,#936),.UNSPECIFIED.,.F.,.F.,
  (2,2),(-3.491853668959E-02,-0.),.PIECEWISE_BEZIER_KNOTS.);
#935 = CARTESIAN_POINT('',(-0.397229997163,0.835515053773,0.7700001));
#936 = CARTESIAN_POINT('',(-0.432148533853,0.835515053773,0.7700001));
#937 = ORIENTED_EDGE('',*,*,#938,.F.);
#938 = EDGE_CURVE('',#939,#932,#941,.T.);
#939 = VERTEX_POINT('',#940);
#940 = CARTESIAN_POINT('',(-0.397229997163,0.827716869401,0.7700001));
#941 = B_SPLINE_CURVE_WITH_KNOTS('',1,(#942,#943),.UNSPECIFIED.,.F.,.F.,
  (2,2),(-7.79818437227E-03,0.),.PIECEWISE_BEZIER_KNOTS.);
#942 = CARTESIAN_POINT('',(-0.397229997163,0.827716869401,0.7700001));
#943 = CARTESIAN_POINT('',(-0.397229997163,0.835515053773,0.7700001));
#944 = ORIENTED_EDGE('',*,*,#945,.F.);
#945 = EDGE_CURVE('',#946,#939,#948,.T.);
#946 = VERTEX_POINT('',#947);
#947 = CARTESIAN_POINT('',(-0.423397238057,0.827716869401,0.7700001));
#948 = B_SPLINE_CURVE_WITH_KNOTS('',1,(#949,#950),.UNSPECIFIED.,.F.,.F.,
  (2,2),(-2.616724089396E-02,0.),.PIECEWISE_BEZIER_KNOTS.);
#949 = CARTESIAN_POINT('',(-0.423397238057,0.827716869401,0.7700001));
#950 = CARTESIAN_POINT('',(-0.397229997163,0.827716869401,0.7700001));
#951 = ORIENTED_EDGE('',*,*,#952,.F.);
#952 = EDGE_CURVE('',#953,#946,#955,.T.);
#953 = VERTEX_POINT('',#954);
#954 = CARTESIAN_POINT('',(-0.423397238057,0.806020587547,0.7700001));
#955 = B_SPLINE_CURVE_WITH_KNOTS('',1,(#956,#957),.UNSPECIFIED.,.F.,.F.,
  (2,2),(-2.169628185404E-02,0.),.PIECEWISE_BEZIER_KNOTS.);
#956 = CARTESIAN_POINT('',(-0.423397238057,0.806020587547,0.7700001));
#957 = CARTESIAN_POINT('',(-0.423397238057,0.827716869401,0.7700001));
#958 = ORIENTED_EDGE('',*,*,#959,.F.);
#959 = EDGE_CURVE('',#960,#953,#962,.T.);
#960 = VERTEX_POINT('',#961);
#961 = CARTESIAN_POINT('',(-0.399153549308,0.806020587547,0.7700001));
#962 = B_SPLINE_CURVE_WITH_KNOTS('',1,(#963,#964),.UNSPECIFIED.,.F.,.F.,
  (2,2),(-2.424368874866E-02,-0.),.PIECEWISE_BEZIER_KNOTS.);
#963 = CARTESIAN_POINT('',(-0.399153549308,0.806020587547,0.7700001));
#964 = CARTESIAN_POINT('',(-0.423397238057,0.806020587547,0.7700001));
#965 = ORIENTED_EDGE('',*,*,#966,.F.);
#966 = EDGE_CURVE('',#967,#960,#969,.T.);
#967 = VERTEX_POINT('',#968);
#968 = CARTESIAN_POINT('',(-0.399153549308,0.798257061772,0.7700001));
#969 = B_SPLINE_CURVE_WITH_KNOTS('',1,(#970,#971),.UNSPECIFIED.,.F.,.F.,
  (2,2),(-7.763525775099E-03,0.),.PIECEWISE_BEZIER_KNOTS.);
#970 = CARTESIAN_POINT('',(-0.399153549308,0.798257061772,0.7700001));
#971 = CARTESIAN_POINT('',(-0.399153549308,0.806020587547,0.7700001));
#972 = ORIENTED_EDGE('',*,*,#973,.F.);
#973 = EDGE_CURVE('',#974,#967,#976,.T.);
#974 = VERTEX_POINT('',#975);
#975 = CARTESIAN_POINT('',(-0.423397238057,0.798257061772,0.7700001));
#976 = B_SPLINE_CURVE_WITH_KNOTS('',1,(#977,#978),.UNSPECIFIED.,.F.,.F.,
  (2,2),(-2.424368874866E-02,0.),.PIECEWISE_BEZIER_KNOTS.);
#977 = CARTESIAN_POINT('',(-0.423397238057,0.798257061772,0.7700001));
#978 = CARTESIAN_POINT('',(-0.399153549308,0.798257061772,0.7700001));
#979 = ORIENTED_EDGE('',*,*,#980,.F.);
#980 = EDGE_CURVE('',#904,#974,#981,.T.);
#981 = B_SPLINE_CURVE_WITH_KNOTS('',1,(#982,#983),.UNSPECIFIED.,.F.,.F.,
  (2,2),(-2.280535696444E-02,0.),.PIECEWISE_BEZIER_KNOTS.);
#982 = CARTESIAN_POINT('',(-0.423397238057,0.775451704807,0.7700001));
#983 = CARTESIAN_POINT('',(-0.423397238057,0.798257061772,0.7700001));
#984 = FACE_BOUND('',#985,.T.);
#985 = EDGE_LOOP('',(#986,#995,#1002,#1009,#1016,#1023,#1030,#1037));
#986 = ORIENTED_EDGE('',*,*,#987,.F.);
#987 = EDGE_CURVE('',#988,#990,#992,.T.);
#988 = VERTEX_POINT('',#989);
#989 = CARTESIAN_POINT('',(-0.288748587894,0.835515053773,0.7700001));
#990 = VERTEX_POINT('',#991);
#991 = CARTESIAN_POINT('',(-0.298106409141,0.835515053773,0.7700001));
#992 = B_SPLINE_CURVE_WITH_KNOTS('',1,(#993,#994),.UNSPECIFIED.,.F.,.F.,
  (2,2),(-9.357821246817E-03,-0.),.PIECEWISE_BEZIER_KNOTS.);
#993 = CARTESIAN_POINT('',(-0.288748587894,0.835515053773,0.7700001));
#994 = CARTESIAN_POINT('',(-0.298106409141,0.835515053773,0.7700001));
#995 = ORIENTED_EDGE('',*,*,#996,.F.);
#996 = EDGE_CURVE('',#997,#988,#999,.T.);
#997 = VERTEX_POINT('',#998);
#998 = CARTESIAN_POINT('',(-0.262927932972,0.76772283763,0.7700001));
#999 = B_SPLINE_CURVE_WITH_KNOTS('',1,(#1000,#1001),.UNSPECIFIED.,.F.,
  .F.,(2,2),(-7.254302716517E-02,0.),.PIECEWISE_BEZIER_KNOTS.);
#1000 = CARTESIAN_POINT('',(-0.262927932972,0.76772283763,0.7700001));
#1001 = CARTESIAN_POINT('',(-0.288748587894,0.835515053773,0.7700001));
#1002 = ORIENTED_EDGE('',*,*,#1003,.F.);
#1003 = EDGE_CURVE('',#1004,#997,#1006,.T.);
#1004 = VERTEX_POINT('',#1005);
#1005 = CARTESIAN_POINT('',(-0.272597681594,0.76772283763,0.7700001));
#1006 = B_SPLINE_CURVE_WITH_KNOTS('',1,(#1007,#1008),.UNSPECIFIED.,.F.,
  .F.,(2,2),(-9.669748621818E-03,0.),.PIECEWISE_BEZIER_KNOTS.);
#1007 = CARTESIAN_POINT('',(-0.272597681594,0.76772283763,0.7700001));
#1008 = CARTESIAN_POINT('',(-0.262927932972,0.76772283763,0.7700001));
#1009 = ORIENTED_EDGE('',*,*,#1010,.F.);
#1010 = EDGE_CURVE('',#1011,#1004,#1013,.T.);
#1011 = VERTEX_POINT('',#1012);
#1012 = CARTESIAN_POINT('',(-0.279512071737,0.786265187137,0.7700001));
#1013 = B_SPLINE_CURVE_WITH_KNOTS('',1,(#1014,#1015),.UNSPECIFIED.,.F.,
  .F.,(2,2),(-1.978958100428E-02,0.),.PIECEWISE_BEZIER_KNOTS.);
#1014 = CARTESIAN_POINT('',(-0.279512071737,0.786265187137,0.7700001));
#1015 = CARTESIAN_POINT('',(-0.272597681594,0.76772283763,0.7700001));
#1016 = ORIENTED_EDGE('',*,*,#1017,.F.);
#1017 = EDGE_CURVE('',#1018,#1011,#1020,.T.);
#1018 = VERTEX_POINT('',#1019);
#1019 = CARTESIAN_POINT('',(-0.307741499165,0.786265187137,0.7700001));
#1020 = B_SPLINE_CURVE_WITH_KNOTS('',1,(#1021,#1022),.UNSPECIFIED.,.F.,
  .F.,(2,2),(-2.822942742818E-02,0.),.PIECEWISE_BEZIER_KNOTS.);
#1021 = CARTESIAN_POINT('',(-0.307741499165,0.786265187137,0.7700001));
#1022 = CARTESIAN_POINT('',(-0.279512071737,0.786265187137,0.7700001));
#1023 = ORIENTED_EDGE('',*,*,#1024,.F.);
#1024 = EDGE_CURVE('',#1025,#1018,#1027,.T.);
#1025 = VERTEX_POINT('',#1026);
#1026 = CARTESIAN_POINT('',(-0.314257315441,0.76772283763,0.7700001));
#1027 = B_SPLINE_CURVE_WITH_KNOTS('',1,(#1028,#1029),.UNSPECIFIED.,.F.,
  .F.,(2,2),(-1.965386951736E-02,0.),.PIECEWISE_BEZIER_KNOTS.);
#1028 = CARTESIAN_POINT('',(-0.314257315441,0.76772283763,0.7700001));
#1029 = CARTESIAN_POINT('',(-0.307741499165,0.786265187137,0.7700001));
#1030 = ORIENTED_EDGE('',*,*,#1031,.F.);
#1031 = EDGE_CURVE('',#1032,#1025,#1034,.T.);
#1032 = VERTEX_POINT('',#1033);
#1033 = CARTESIAN_POINT('',(-0.323927064062,0.76772283763,0.7700001));
#1034 = B_SPLINE_CURVE_WITH_KNOTS('',1,(#1035,#1036),.UNSPECIFIED.,.F.,
  .F.,(2,2),(-9.669748621356E-03,0.),.PIECEWISE_BEZIER_KNOTS.);
#1035 = CARTESIAN_POINT('',(-0.323927064062,0.76772283763,0.7700001));
#1036 = CARTESIAN_POINT('',(-0.314257315441,0.76772283763,0.7700001));
#1037 = ORIENTED_EDGE('',*,*,#1038,.F.);
#1038 = EDGE_CURVE('',#990,#1032,#1039,.T.);
#1039 = B_SPLINE_CURVE_WITH_KNOTS('',1,(#1040,#1041),.UNSPECIFIED.,.F.,
  .F.,(2,2),(-7.254302716501E-02,-0.),.PIECEWISE_BEZIER_KNOTS.);
#1040 = CARTESIAN_POINT('',(-0.298106409141,0.835515053773,0.7700001));
#1041 = CARTESIAN_POINT('',(-0.323927064062,0.76772283763,0.7700001));
#1042 = FACE_BOUND('',#1043,.T.);
#1043 = EDGE_LOOP('',(#1044,#1053,#1060,#1067,#1074,#1081,#1088,#1095,
    #1102,#1109,#1116,#1123));
#1044 = ORIENTED_EDGE('',*,*,#1045,.F.);
#1045 = EDGE_CURVE('',#1046,#1048,#1050,.T.);
#1046 = VERTEX_POINT('',#1047);
#1047 = CARTESIAN_POINT('',(-0.498537076809,0.667906077663,0.7700001));
#1048 = VERTEX_POINT('',#1049);
#1049 = CARTESIAN_POINT('',(-0.526246625279,0.667906077663,0.7700001));
#1050 = B_SPLINE_CURVE_WITH_KNOTS('',1,(#1051,#1052),.UNSPECIFIED.,.F.,
  .F.,(2,2),(-2.770954846992E-02,-0.),.PIECEWISE_BEZIER_KNOTS.);
#1051 = CARTESIAN_POINT('',(-0.498537076809,0.667906077663,0.7700001));
#1052 = CARTESIAN_POINT('',(-0.526246625279,0.667906077663,0.7700001));
#1053 = ORIENTED_EDGE('',*,*,#1054,.F.);
#1054 = EDGE_CURVE('',#1055,#1046,#1057,.T.);
#1055 = VERTEX_POINT('',#1056);
#1056 = CARTESIAN_POINT('',(-0.498537076809,0.660177210485,0.7700001));
#1057 = B_SPLINE_CURVE_WITH_KNOTS('',1,(#1058,#1059),.UNSPECIFIED.,.F.,
  .F.,(2,2),(-7.728867177929E-03,0.),.PIECEWISE_BEZIER_KNOTS.);
#1058 = CARTESIAN_POINT('',(-0.498537076809,0.660177210485,0.7700001));
#1059 = CARTESIAN_POINT('',(-0.498537076809,0.667906077663,0.7700001));
#1060 = ORIENTED_EDGE('',*,*,#1061,.F.);
#1061 = EDGE_CURVE('',#1062,#1055,#1064,.T.);
#1062 = VERTEX_POINT('',#1063);
#1063 = CARTESIAN_POINT('',(-0.534997921075,0.660177210485,0.7700001));
#1064 = B_SPLINE_CURVE_WITH_KNOTS('',1,(#1065,#1066),.UNSPECIFIED.,.F.,
  .F.,(2,2),(-3.646084426555E-02,0.),.PIECEWISE_BEZIER_KNOTS.);
#1065 = CARTESIAN_POINT('',(-0.534997921075,0.660177210485,0.7700001));
#1066 = CARTESIAN_POINT('',(-0.498537076809,0.660177210485,0.7700001));
#1067 = ORIENTED_EDGE('',*,*,#1068,.F.);
#1068 = EDGE_CURVE('',#1069,#1062,#1071,.T.);
#1069 = VERTEX_POINT('',#1070);
#1070 = CARTESIAN_POINT('',(-0.534997921075,0.727969426629,0.7700001));
#1071 = B_SPLINE_CURVE_WITH_KNOTS('',1,(#1072,#1073),.UNSPECIFIED.,.F.,
  .F.,(2,2),(-6.779221614378E-02,-0.),.PIECEWISE_BEZIER_KNOTS.);
#1072 = CARTESIAN_POINT('',(-0.534997921075,0.727969426629,0.7700001));
#1073 = CARTESIAN_POINT('',(-0.534997921075,0.660177210485,0.7700001));
#1074 = ORIENTED_EDGE('',*,*,#1075,.F.);
#1075 = EDGE_CURVE('',#1076,#1069,#1078,.T.);
#1076 = VERTEX_POINT('',#1077);
#1077 = CARTESIAN_POINT('',(-0.500079384385,0.727969426629,0.7700001));
#1078 = B_SPLINE_CURVE_WITH_KNOTS('',1,(#1079,#1080),.UNSPECIFIED.,.F.,
  .F.,(2,2),(-3.491853668959E-02,-0.),.PIECEWISE_BEZIER_KNOTS.);
#1079 = CARTESIAN_POINT('',(-0.500079384385,0.727969426629,0.7700001));
#1080 = CARTESIAN_POINT('',(-0.534997921075,0.727969426629,0.7700001));
#1081 = ORIENTED_EDGE('',*,*,#1082,.F.);
#1082 = EDGE_CURVE('',#1083,#1076,#1085,.T.);
#1083 = VERTEX_POINT('',#1084);
#1084 = CARTESIAN_POINT('',(-0.500079384385,0.720171242257,0.7700001));
#1085 = B_SPLINE_CURVE_WITH_KNOTS('',1,(#1086,#1087),.UNSPECIFIED.,.F.,
  .F.,(2,2),(-7.79818437227E-03,0.),.PIECEWISE_BEZIER_KNOTS.);
#1086 = CARTESIAN_POINT('',(-0.500079384385,0.720171242257,0.7700001));
#1087 = CARTESIAN_POINT('',(-0.500079384385,0.727969426629,0.7700001));
#1088 = ORIENTED_EDGE('',*,*,#1089,.F.);
#1089 = EDGE_CURVE('',#1090,#1083,#1092,.T.);
#1090 = VERTEX_POINT('',#1091);
#1091 = CARTESIAN_POINT('',(-0.526246625279,0.720171242257,0.7700001));
#1092 = B_SPLINE_CURVE_WITH_KNOTS('',1,(#1093,#1094),.UNSPECIFIED.,.F.,
  .F.,(2,2),(-2.616724089396E-02,0.),.PIECEWISE_BEZIER_KNOTS.);
#1093 = CARTESIAN_POINT('',(-0.526246625279,0.720171242257,0.7700001));
#1094 = CARTESIAN_POINT('',(-0.500079384385,0.720171242257,0.7700001));
#1095 = ORIENTED_EDGE('',*,*,#1096,.F.);
#1096 = EDGE_CURVE('',#1097,#1090,#1099,.T.);
#1097 = VERTEX_POINT('',#1098);
#1098 = CARTESIAN_POINT('',(-0.526246625279,0.698474960403,0.7700001));
#1099 = B_SPLINE_CURVE_WITH_KNOTS('',1,(#1100,#1101),.UNSPECIFIED.,.F.,
  .F.,(2,2),(-2.169628185404E-02,0.),.PIECEWISE_BEZIER_KNOTS.);
#1100 = CARTESIAN_POINT('',(-0.526246625279,0.698474960403,0.7700001));
#1101 = CARTESIAN_POINT('',(-0.526246625279,0.720171242257,0.7700001));
#1102 = ORIENTED_EDGE('',*,*,#1103,.F.);
#1103 = EDGE_CURVE('',#1104,#1097,#1106,.T.);
#1104 = VERTEX_POINT('',#1105);
#1105 = CARTESIAN_POINT('',(-0.502002936531,0.698474960403,0.7700001));
#1106 = B_SPLINE_CURVE_WITH_KNOTS('',1,(#1107,#1108),.UNSPECIFIED.,.F.,
  .F.,(2,2),(-2.424368874889E-02,-0.),.PIECEWISE_BEZIER_KNOTS.);
#1107 = CARTESIAN_POINT('',(-0.502002936531,0.698474960403,0.7700001));
#1108 = CARTESIAN_POINT('',(-0.526246625279,0.698474960403,0.7700001));
#1109 = ORIENTED_EDGE('',*,*,#1110,.F.);
#1110 = EDGE_CURVE('',#1111,#1104,#1113,.T.);
#1111 = VERTEX_POINT('',#1112);
#1112 = CARTESIAN_POINT('',(-0.502002936531,0.690711434628,0.7700001));
#1113 = B_SPLINE_CURVE_WITH_KNOTS('',1,(#1114,#1115),.UNSPECIFIED.,.F.,
  .F.,(2,2),(-7.763525775099E-03,0.),.PIECEWISE_BEZIER_KNOTS.);
#1114 = CARTESIAN_POINT('',(-0.502002936531,0.690711434628,0.7700001));
#1115 = CARTESIAN_POINT('',(-0.502002936531,0.698474960403,0.7700001));
#1116 = ORIENTED_EDGE('',*,*,#1117,.F.);
#1117 = EDGE_CURVE('',#1118,#1111,#1120,.T.);
#1118 = VERTEX_POINT('',#1119);
#1119 = CARTESIAN_POINT('',(-0.526246625279,0.690711434628,0.7700001));
#1120 = B_SPLINE_CURVE_WITH_KNOTS('',1,(#1121,#1122),.UNSPECIFIED.,.F.,
  .F.,(2,2),(-2.424368874889E-02,0.),.PIECEWISE_BEZIER_KNOTS.);
#1121 = CARTESIAN_POINT('',(-0.526246625279,0.690711434628,0.7700001));
#1122 = CARTESIAN_POINT('',(-0.502002936531,0.690711434628,0.7700001));
#1123 = ORIENTED_EDGE('',*,*,#1124,.F.);
#1124 = EDGE_CURVE('',#1048,#1118,#1125,.T.);
#1125 = B_SPLINE_CURVE_WITH_KNOTS('',1,(#1126,#1127),.UNSPECIFIED.,.F.,
  .F.,(2,2),(-2.280535696444E-02,0.),.PIECEWISE_BEZIER_KNOTS.);
#1126 = CARTESIAN_POINT('',(-0.526246625279,0.667906077663,0.7700001));
#1127 = CARTESIAN_POINT('',(-0.526246625279,0.690711434628,0.7700001));
#1128 = FACE_BOUND('',#1129,.T.);
#1129 = EDGE_LOOP('',(#1130,#1141,#1148,#1155,#1162,#1171,#1180));
#1130 = ORIENTED_EDGE('',*,*,#1131,.F.);
#1131 = EDGE_CURVE('',#1132,#1134,#1136,.T.);
#1132 = VERTEX_POINT('',#1133);
#1133 = CARTESIAN_POINT('',(-0.279338778751,0.660177210485,0.7700001));
#1134 = VERTEX_POINT('',#1135);
#1135 = CARTESIAN_POINT('',(-0.25301557417,0.669673666121,0.7700001));
#1136 = B_SPLINE_CURVE_WITH_KNOTS('',3,(#1137,#1138,#1139,#1140),
  .UNSPECIFIED.,.F.,.F.,(4,4),(5.,6.),.PIECEWISE_BEZIER_KNOTS.);
#1137 = CARTESIAN_POINT('',(-0.279338778751,0.660177210485,0.7700001));
#1138 = CARTESIAN_POINT('',(-0.268611942914,0.660177210485,0.7700001));
#1139 = CARTESIAN_POINT('',(-0.259825988521,0.663331142831,0.7700001));
#1140 = CARTESIAN_POINT('',(-0.25301557417,0.669673666121,0.7700001));
#1141 = ORIENTED_EDGE('',*,*,#1142,.F.);
#1142 = EDGE_CURVE('',#1143,#1132,#1145,.T.);
#1143 = VERTEX_POINT('',#1144);
#1144 = CARTESIAN_POINT('',(-0.29798510405,0.660177210485,0.7700001));
#1145 = B_SPLINE_CURVE_WITH_KNOTS('',1,(#1146,#1147),.UNSPECIFIED.,.F.,
  .F.,(2,2),(-1.864632529929E-02,-5.551115123126E-17),
  .PIECEWISE_BEZIER_KNOTS.);
#1146 = CARTESIAN_POINT('',(-0.29798510405,0.660177210485,0.7700001));
#1147 = CARTESIAN_POINT('',(-0.279338778751,0.660177210485,0.7700001));
#1148 = ORIENTED_EDGE('',*,*,#1149,.F.);
#1149 = EDGE_CURVE('',#1150,#1143,#1152,.T.);
#1150 = VERTEX_POINT('',#1151);
#1151 = CARTESIAN_POINT('',(-0.29798510405,0.727969426629,0.7700001));
#1152 = B_SPLINE_CURVE_WITH_KNOTS('',1,(#1153,#1154),.UNSPECIFIED.,.F.,
  .F.,(2,2),(-6.779221614378E-02,-0.),.PIECEWISE_BEZIER_KNOTS.);
#1153 = CARTESIAN_POINT('',(-0.29798510405,0.727969426629,0.7700001));
#1154 = CARTESIAN_POINT('',(-0.29798510405,0.660177210485,0.7700001));
#1155 = ORIENTED_EDGE('',*,*,#1156,.F.);
#1156 = EDGE_CURVE('',#1157,#1150,#1159,.T.);
#1157 = VERTEX_POINT('',#1158);
#1158 = CARTESIAN_POINT('',(-0.278645606807,0.727969426629,0.7700001));
#1159 = B_SPLINE_CURVE_WITH_KNOTS('',1,(#1160,#1161),.UNSPECIFIED.,.F.,
  .F.,(2,2),(-1.933949724317E-02,-0.),.PIECEWISE_BEZIER_KNOTS.);
#1160 = CARTESIAN_POINT('',(-0.278645606807,0.727969426629,0.7700001));
#1161 = CARTESIAN_POINT('',(-0.29798510405,0.727969426629,0.7700001));
#1162 = ORIENTED_EDGE('',*,*,#1163,.F.);
#1163 = EDGE_CURVE('',#1164,#1157,#1166,.T.);
#1164 = VERTEX_POINT('',#1165);
#1165 = CARTESIAN_POINT('',(-0.25301557417,0.718992849952,0.7700001));
#1166 = B_SPLINE_CURVE_WITH_KNOTS('',3,(#1167,#1168,#1169,#1170),
  .UNSPECIFIED.,.F.,.F.,(4,4),(2.,3.),.PIECEWISE_BEZIER_KNOTS.);
#1167 = CARTESIAN_POINT('',(-0.25301557417,0.718992849952,0.7700001));
#1168 = CARTESIAN_POINT('',(-0.259825988521,0.724988787269,0.7700001));
#1169 = CARTESIAN_POINT('',(-0.268369332734,0.727969426629,0.7700001));
#1170 = CARTESIAN_POINT('',(-0.278645606807,0.727969426629,0.7700001));
#1171 = ORIENTED_EDGE('',*,*,#1172,.F.);
#1172 = EDGE_CURVE('',#1173,#1164,#1175,.T.);
#1173 = VERTEX_POINT('',#1174);
#1174 = CARTESIAN_POINT('',(-0.242791287992,0.694939783487,0.7700001));
#1175 = B_SPLINE_CURVE_WITH_KNOTS('',3,(#1176,#1177,#1178,#1179),
  .UNSPECIFIED.,.F.,.F.,(4,4),(3.,4.),.PIECEWISE_BEZIER_KNOTS.);
#1176 = CARTESIAN_POINT('',(-0.242791287992,0.694939783487,0.7700001));
#1177 = CARTESIAN_POINT('',(-0.242791287992,0.704990776678,0.7700001));
#1178 = CARTESIAN_POINT('',(-0.246205159818,0.712996912634,0.7700001));
#1179 = CARTESIAN_POINT('',(-0.25301557417,0.718992849952,0.7700001));
#1180 = ORIENTED_EDGE('',*,*,#1181,.F.);
#1181 = EDGE_CURVE('',#1134,#1173,#1182,.T.);
#1182 = B_SPLINE_CURVE_WITH_KNOTS('',3,(#1183,#1184,#1185,#1186),
  .UNSPECIFIED.,.F.,.F.,(4,4),(4.,5.),.PIECEWISE_BEZIER_KNOTS.);
#1183 = CARTESIAN_POINT('',(-0.25301557417,0.669673666121,0.7700001));
#1184 = CARTESIAN_POINT('',(-0.246205159818,0.67601618941,0.7700001));
#1185 = CARTESIAN_POINT('',(-0.242791287992,0.684438228532,0.7700001));
#1186 = CARTESIAN_POINT('',(-0.242791287992,0.694939783487,0.7700001));
#1187 = FACE_BOUND('',#1188,.T.);
#1188 = EDGE_LOOP('',(#1189,#1200,#1209,#1218,#1227,#1234,#1243,#1252,
    #1261,#1268,#1277,#1286,#1295,#1304,#1313,#1322,#1331,#1340,#1349,
    #1358,#1365,#1372,#1379,#1388,#1397,#1406,#1415,#1424,#1433,#1442,
    #1451,#1460,#1469));
#1189 = ORIENTED_EDGE('',*,*,#1190,.F.);
#1190 = EDGE_CURVE('',#1191,#1193,#1195,.T.);
#1191 = VERTEX_POINT('',#1192);
#1192 = CARTESIAN_POINT('',(-0.63823599677,0.790562920532,0.7700001));
#1193 = VERTEX_POINT('',#1194);
#1194 = CARTESIAN_POINT('',(-0.664263773195,0.82864058315,0.7700001));
#1195 = B_SPLINE_CURVE_WITH_KNOTS('',3,(#1196,#1197,#1198,#1199),
  .UNSPECIFIED.,.F.,.F.,(4,4),(0.,1.),.PIECEWISE_BEZIER_KNOTS.);
#1196 = CARTESIAN_POINT('',(-0.63823599677,0.790562920532,0.7700001));
#1197 = CARTESIAN_POINT('',(-0.643537942374,0.805022792237,0.7700001));
#1198 = CARTESIAN_POINT('',(-0.652695868476,0.818036675853,0.7700001));
#1199 = CARTESIAN_POINT('',(-0.664263773195,0.82864058315,0.7700001));
#1200 = ORIENTED_EDGE('',*,*,#1201,.F.);
#1201 = EDGE_CURVE('',#1202,#1191,#1204,.T.);
#1202 = VERTEX_POINT('',#1203);
#1203 = CARTESIAN_POINT('',(-0.590518431173,0.727421497298,0.7700001));
#1204 = B_SPLINE_CURVE_WITH_KNOTS('',3,(#1205,#1206,#1207,#1208),
  .UNSPECIFIED.,.F.,.F.,(4,4),(35.,36.),.PIECEWISE_BEZIER_KNOTS.);
#1205 = CARTESIAN_POINT('',(-0.590518431173,0.727421497298,0.7700001));
#1206 = CARTESIAN_POINT('',(-0.591000419542,0.756341222323,0.7700001));
#1207 = CARTESIAN_POINT('',(-0.610762255239,0.781887001186,0.7700001));
#1208 = CARTESIAN_POINT('',(-0.63823599677,0.790562920532,0.7700001));
#1209 = ORIENTED_EDGE('',*,*,#1210,.F.);
#1210 = EDGE_CURVE('',#1211,#1202,#1213,.T.);
#1211 = VERTEX_POINT('',#1212);
#1212 = CARTESIAN_POINT('',(-0.608352276621,0.681631903563,0.7700001));
#1213 = B_SPLINE_CURVE_WITH_KNOTS('',3,(#1214,#1215,#1216,#1217),
  .UNSPECIFIED.,.F.,.F.,(4,4),(34.,35.),.PIECEWISE_BEZIER_KNOTS.);
#1214 = CARTESIAN_POINT('',(-0.608352276621,0.681631903563,0.7700001));
#1215 = CARTESIAN_POINT('',(-0.596784371902,0.69416378502,0.7700001));
#1216 = CARTESIAN_POINT('',(-0.590518431173,0.710551646975,0.7700001));
#1217 = CARTESIAN_POINT('',(-0.590518431173,0.727421497298,0.7700001));
#1218 = ORIENTED_EDGE('',*,*,#1219,.F.);
#1219 = EDGE_CURVE('',#1220,#1211,#1222,.T.);
#1220 = VERTEX_POINT('',#1221);
#1221 = CARTESIAN_POINT('',(-0.652213880107,0.659942096004,0.7700001));
#1222 = B_SPLINE_CURVE_WITH_KNOTS('',3,(#1223,#1224,#1225,#1226),
  .UNSPECIFIED.,.F.,.F.,(4,4),(33.,34.),.PIECEWISE_BEZIER_KNOTS.);
#1223 = CARTESIAN_POINT('',(-0.652213880107,0.659942096004,0.7700001));
#1224 = CARTESIAN_POINT('',(-0.635344029784,0.661388079498,0.7700001));
#1225 = CARTESIAN_POINT('',(-0.619920162954,0.669100022106,0.7700001));
#1226 = CARTESIAN_POINT('',(-0.608352276621,0.681631903563,0.7700001));
#1227 = ORIENTED_EDGE('',*,*,#1228,.F.);
#1228 = EDGE_CURVE('',#1229,#1220,#1231,.T.);
#1229 = VERTEX_POINT('',#1230);
#1230 = CARTESIAN_POINT('',(-0.680651616763,0.659942096004,0.7700001));
#1231 = B_SPLINE_CURVE_WITH_KNOTS('',1,(#1232,#1233),.UNSPECIFIED.,.F.,
  .F.,(2,2),(-2.699175316268E-02,1.445983493376E-03),
  .PIECEWISE_BEZIER_KNOTS.);
#1232 = CARTESIAN_POINT('',(-0.680651616763,0.659942096004,0.7700001));
#1233 = CARTESIAN_POINT('',(-0.652213880107,0.659942096004,0.7700001));
#1234 = ORIENTED_EDGE('',*,*,#1235,.F.);
#1235 = EDGE_CURVE('',#1236,#1229,#1238,.T.);
#1236 = VERTEX_POINT('',#1237);
#1237 = CARTESIAN_POINT('',(-0.6946295001,0.674883956079,0.7700001));
#1238 = B_SPLINE_CURVE_WITH_KNOTS('',3,(#1239,#1240,#1241,#1242),
  .UNSPECIFIED.,.F.,.F.,(4,4),(28.,29.),.PIECEWISE_BEZIER_KNOTS.);
#1239 = CARTESIAN_POINT('',(-0.6946295001,0.674883956079,0.7700001));
#1240 = CARTESIAN_POINT('',(-0.6946295001,0.667172031858,0.7700001));
#1241 = CARTESIAN_POINT('',(-0.688363559372,0.660424084373,0.7700001));
#1242 = CARTESIAN_POINT('',(-0.680651616763,0.659942096004,0.7700001));
#1243 = ORIENTED_EDGE('',*,*,#1244,.F.);
#1244 = EDGE_CURVE('',#1245,#1236,#1247,.T.);
#1245 = VERTEX_POINT('',#1246);
#1246 = CARTESIAN_POINT('',(-0.679687640025,0.689825816154,0.7700001));
#1247 = B_SPLINE_CURVE_WITH_KNOTS('',3,(#1248,#1249,#1250,#1251),
  .UNSPECIFIED.,.F.,.F.,(4,4),(27.,28.),.PIECEWISE_BEZIER_KNOTS.);
#1248 = CARTESIAN_POINT('',(-0.679687640025,0.689825816154,0.7700001));
#1249 = CARTESIAN_POINT('',(-0.687881571003,0.689825816154,0.7700001));
#1250 = CARTESIAN_POINT('',(-0.6946295001,0.68307786867,0.7700001));
#1251 = CARTESIAN_POINT('',(-0.6946295001,0.674883956079,0.7700001));
#1252 = ORIENTED_EDGE('',*,*,#1253,.F.);
#1253 = EDGE_CURVE('',#1254,#1245,#1256,.T.);
#1254 = VERTEX_POINT('',#1255);
#1255 = CARTESIAN_POINT('',(-0.676795673039,0.689343827785,0.7700001));
#1256 = B_SPLINE_CURVE_WITH_KNOTS('',3,(#1257,#1258,#1259,#1260),
  .UNSPECIFIED.,.F.,.F.,(4,4),(26.,27.),.PIECEWISE_BEZIER_KNOTS.);
#1257 = CARTESIAN_POINT('',(-0.676795673039,0.689343827785,0.7700001));
#1258 = CARTESIAN_POINT('',(-0.677759668163,0.689343827785,0.7700001));
#1259 = CARTESIAN_POINT('',(-0.678723663288,0.689825816154,0.7700001));
#1260 = CARTESIAN_POINT('',(-0.679687640025,0.689825816154,0.7700001));
#1261 = ORIENTED_EDGE('',*,*,#1262,.F.);
#1262 = EDGE_CURVE('',#1263,#1254,#1265,.T.);
#1263 = VERTEX_POINT('',#1264);
#1264 = CARTESIAN_POINT('',(-0.65510586548,0.689343827785,0.7700001));
#1265 = B_SPLINE_CURVE_WITH_KNOTS('',1,(#1266,#1267),.UNSPECIFIED.,.F.,
  .F.,(2,2),(0.,2.168980755861E-02),.PIECEWISE_BEZIER_KNOTS.);
#1266 = CARTESIAN_POINT('',(-0.65510586548,0.689343827785,0.7700001));
#1267 = CARTESIAN_POINT('',(-0.676795673039,0.689343827785,0.7700001));
#1268 = ORIENTED_EDGE('',*,*,#1269,.F.);
#1269 = EDGE_CURVE('',#1270,#1263,#1272,.T.);
#1270 = VERTEX_POINT('',#1271);
#1271 = CARTESIAN_POINT('',(-0.620402169709,0.726939490543,0.7700001));
#1272 = B_SPLINE_CURVE_WITH_KNOTS('',3,(#1273,#1274,#1275,#1276),
  .UNSPECIFIED.,.F.,.F.,(4,4),(24.,25.),.PIECEWISE_BEZIER_KNOTS.);
#1273 = CARTESIAN_POINT('',(-0.620402169709,0.726939490543,0.7700001));
#1274 = CARTESIAN_POINT('',(-0.620402169709,0.707177664039,0.7700001));
#1275 = CARTESIAN_POINT('',(-0.635344029784,0.690789811279,0.7700001));
#1276 = CARTESIAN_POINT('',(-0.65510586548,0.689343827785,0.7700001));
#1277 = ORIENTED_EDGE('',*,*,#1278,.F.);
#1278 = EDGE_CURVE('',#1279,#1270,#1281,.T.);
#1279 = VERTEX_POINT('',#1280);
#1280 = CARTESIAN_POINT('',(-0.657997832467,0.7645351533,0.7700001));
#1281 = B_SPLINE_CURVE_WITH_KNOTS('',3,(#1282,#1283,#1284,#1285),
  .UNSPECIFIED.,.F.,.F.,(4,4),(23.,24.),.PIECEWISE_BEZIER_KNOTS.);
#1282 = CARTESIAN_POINT('',(-0.657997832467,0.7645351533,0.7700001));
#1283 = CARTESIAN_POINT('',(-0.637272020033,0.7645351533,0.7700001));
#1284 = CARTESIAN_POINT('',(-0.620402169709,0.747665302977,0.7700001));
#1285 = CARTESIAN_POINT('',(-0.620402169709,0.726939490543,0.7700001));
#1286 = ORIENTED_EDGE('',*,*,#1287,.F.);
#1287 = EDGE_CURVE('',#1288,#1279,#1290,.T.);
#1288 = VERTEX_POINT('',#1289);
#1289 = CARTESIAN_POINT('',(-0.661853794578,0.7645351533,0.7700001));
#1290 = B_SPLINE_CURVE_WITH_KNOTS('',3,(#1291,#1292,#1293,#1294),
  .UNSPECIFIED.,.F.,.F.,(4,4),(22.,23.),.PIECEWISE_BEZIER_KNOTS.);
#1291 = CARTESIAN_POINT('',(-0.661853794578,0.7645351533,0.7700001));
#1292 = CARTESIAN_POINT('',(-0.660407811084,0.7645351533,0.7700001));
#1293 = CARTESIAN_POINT('',(-0.65944381596,0.7645351533,0.7700001));
#1294 = CARTESIAN_POINT('',(-0.657997832467,0.7645351533,0.7700001));
#1295 = ORIENTED_EDGE('',*,*,#1296,.F.);
#1296 = EDGE_CURVE('',#1297,#1288,#1299,.T.);
#1297 = VERTEX_POINT('',#1298);
#1298 = CARTESIAN_POINT('',(-0.729333195871,0.824784618741,0.7700001));
#1299 = B_SPLINE_CURVE_WITH_KNOTS('',3,(#1300,#1301,#1302,#1303),
  .UNSPECIFIED.,.F.,.F.,(4,4),(21.,22.),.PIECEWISE_BEZIER_KNOTS.);
#1300 = CARTESIAN_POINT('',(-0.729333195871,0.824784618741,0.7700001));
#1301 = CARTESIAN_POINT('',(-0.6946295001,0.824784618741,0.7700001));
#1302 = CARTESIAN_POINT('',(-0.665709756689,0.798274853947,0.7700001));
#1303 = CARTESIAN_POINT('',(-0.661853794578,0.7645351533,0.7700001));
#1304 = ORIENTED_EDGE('',*,*,#1305,.F.);
#1305 = EDGE_CURVE('',#1306,#1297,#1308,.T.);
#1306 = VERTEX_POINT('',#1307);
#1307 = CARTESIAN_POINT('',(-0.793920611791,0.778513055023,0.7700001));
#1308 = B_SPLINE_CURVE_WITH_KNOTS('',3,(#1309,#1310,#1311,#1312),
  .UNSPECIFIED.,.F.,.F.,(4,4),(20.,21.),.PIECEWISE_BEZIER_KNOTS.);
#1309 = CARTESIAN_POINT('',(-0.793920611791,0.778513055023,0.7700001));
#1310 = CARTESIAN_POINT('',(-0.784762704076,0.8055047898,0.7700001));
#1311 = CARTESIAN_POINT('',(-0.759698922776,0.824784618741,0.7700001));
#1312 = CARTESIAN_POINT('',(-0.729333195871,0.824784618741,0.7700001));
#1313 = ORIENTED_EDGE('',*,*,#1314,.F.);
#1314 = EDGE_CURVE('',#1315,#1306,#1317,.T.);
#1315 = VERTEX_POINT('',#1316);
#1316 = CARTESIAN_POINT('',(-0.819466381461,0.785742990876,0.7700001));
#1317 = B_SPLINE_CURVE_WITH_KNOTS('',3,(#1318,#1319,#1320,#1321),
  .UNSPECIFIED.,.F.,.F.,(4,4),(19.,20.),.PIECEWISE_BEZIER_KNOTS.);
#1318 = CARTESIAN_POINT('',(-0.819466381461,0.785742990876,0.7700001));
#1319 = CARTESIAN_POINT('',(-0.810308464552,0.785742990876,0.7700001));
#1320 = CARTESIAN_POINT('',(-0.801150547644,0.782851014697,0.7700001));
#1321 = CARTESIAN_POINT('',(-0.793920611791,0.778513055023,0.7700001));
#1322 = ORIENTED_EDGE('',*,*,#1323,.F.);
#1323 = EDGE_CURVE('',#1324,#1315,#1326,.T.);
#1324 = VERTEX_POINT('',#1325);
#1325 = CARTESIAN_POINT('',(-0.867665953813,0.737543418524,0.7700001));
#1326 = B_SPLINE_CURVE_WITH_KNOTS('',3,(#1327,#1328,#1329,#1330),
  .UNSPECIFIED.,.F.,.F.,(4,4),(18.,19.),.PIECEWISE_BEZIER_KNOTS.);
#1327 = CARTESIAN_POINT('',(-0.867665953813,0.737543418524,0.7700001));
#1328 = CARTESIAN_POINT('',(-0.867665953813,0.764053183318,0.7700001));
#1329 = CARTESIAN_POINT('',(-0.845976146255,0.785742990876,0.7700001));
#1330 = CARTESIAN_POINT('',(-0.819466381461,0.785742990876,0.7700001));
#1331 = ORIENTED_EDGE('',*,*,#1332,.F.);
#1332 = EDGE_CURVE('',#1333,#1324,#1335,.T.);
#1333 = VERTEX_POINT('',#1334);
#1334 = CARTESIAN_POINT('',(-0.838746210402,0.693199808283,0.7700001));
#1335 = B_SPLINE_CURVE_WITH_KNOTS('',3,(#1336,#1337,#1338,#1339),
  .UNSPECIFIED.,.F.,.F.,(4,4),(17.,18.),.PIECEWISE_BEZIER_KNOTS.);
#1336 = CARTESIAN_POINT('',(-0.838746210402,0.693199808283,0.7700001));
#1337 = CARTESIAN_POINT('',(-0.855616060725,0.700911741697,0.7700001));
#1338 = CARTESIAN_POINT('',(-0.867665953813,0.717781592021,0.7700001));
#1339 = CARTESIAN_POINT('',(-0.867665953813,0.737543418524,0.7700001));
#1340 = ORIENTED_EDGE('',*,*,#1341,.F.);
#1341 = EDGE_CURVE('',#1342,#1333,#1344,.T.);
#1342 = VERTEX_POINT('',#1343);
#1343 = CARTESIAN_POINT('',(-0.793438614229,0.725011527874,0.7700001));
#1344 = B_SPLINE_CURVE_WITH_KNOTS('',3,(#1345,#1346,#1347,#1348),
  .UNSPECIFIED.,.F.,.F.,(4,4),(16.,17.),.PIECEWISE_BEZIER_KNOTS.);
#1345 = CARTESIAN_POINT('',(-0.793438614229,0.725011527874,0.7700001));
#1346 = CARTESIAN_POINT('',(-0.814164435857,0.725011527874,0.7700001));
#1347 = CARTESIAN_POINT('',(-0.831998272111,0.711515651293,0.7700001));
#1348 = CARTESIAN_POINT('',(-0.838746210402,0.693199808283,0.7700001));
#1349 = ORIENTED_EDGE('',*,*,#1350,.F.);
#1350 = EDGE_CURVE('',#1351,#1342,#1353,.T.);
#1351 = VERTEX_POINT('',#1352);
#1352 = CARTESIAN_POINT('',(-0.757288934965,0.708623675113,0.7700001));
#1353 = B_SPLINE_CURVE_WITH_KNOTS('',3,(#1354,#1355,#1356,#1357),
  .UNSPECIFIED.,.F.,.F.,(4,4),(15.,16.),.PIECEWISE_BEZIER_KNOTS.);
#1354 = CARTESIAN_POINT('',(-0.757288934965,0.708623675113,0.7700001));
#1355 = CARTESIAN_POINT('',(-0.765964854311,0.718745587145,0.7700001));
#1356 = CARTESIAN_POINT('',(-0.778978742523,0.725011527874,0.7700001));
#1357 = CARTESIAN_POINT('',(-0.793438614229,0.725011527874,0.7700001));
#1358 = ORIENTED_EDGE('',*,*,#1359,.F.);
#1359 = EDGE_CURVE('',#1360,#1351,#1362,.T.);
#1360 = VERTEX_POINT('',#1361);
#1361 = CARTESIAN_POINT('',(-0.692701509851,0.742363375759,0.7700001));
#1362 = B_SPLINE_CURVE_WITH_KNOTS('',1,(#1363,#1364),.UNSPECIFIED.,.F.,
  .F.,(2,2),(0.,7.286908042864E-02),.PIECEWISE_BEZIER_KNOTS.);
#1363 = CARTESIAN_POINT('',(-0.692701509851,0.742363375759,0.7700001));
#1364 = CARTESIAN_POINT('',(-0.757288934965,0.708623675113,0.7700001));
#1365 = ORIENTED_EDGE('',*,*,#1366,.F.);
#1366 = EDGE_CURVE('',#1367,#1360,#1369,.T.);
#1367 = VERTEX_POINT('',#1368);
#1368 = CARTESIAN_POINT('',(-0.677759649777,0.716817596897,0.7700001));
#1369 = B_SPLINE_CURVE_WITH_KNOTS('',1,(#1370,#1371),.UNSPECIFIED.,.F.,
  .F.,(2,2),(0.,2.959469547388E-02),.PIECEWISE_BEZIER_KNOTS.);
#1370 = CARTESIAN_POINT('',(-0.677759649777,0.716817596897,0.7700001));
#1371 = CARTESIAN_POINT('',(-0.692701509851,0.742363375759,0.7700001));
#1372 = ORIENTED_EDGE('',*,*,#1373,.F.);
#1373 = EDGE_CURVE('',#1374,#1367,#1376,.T.);
#1374 = VERTEX_POINT('',#1375);
#1375 = CARTESIAN_POINT('',(-0.74523905107,0.681149915195,0.7700001));
#1376 = B_SPLINE_CURVE_WITH_KNOTS('',1,(#1377,#1378),.UNSPECIFIED.,.F.,
  .F.,(2,2),(5.188153315345E-17,7.632596620359E-02),
  .PIECEWISE_BEZIER_KNOTS.);
#1377 = CARTESIAN_POINT('',(-0.74523905107,0.681149915195,0.7700001));
#1378 = CARTESIAN_POINT('',(-0.677759649777,0.716817596897,0.7700001));
#1379 = ORIENTED_EDGE('',*,*,#1380,.F.);
#1380 = EDGE_CURVE('',#1381,#1374,#1383,.T.);
#1381 = VERTEX_POINT('',#1382);
#1382 = CARTESIAN_POINT('',(-0.74523905107,0.676329957959,0.7700001));
#1383 = B_SPLINE_CURVE_WITH_KNOTS('',3,(#1384,#1385,#1386,#1387),
  .UNSPECIFIED.,.F.,.F.,(4,4),(11.,12.),.PIECEWISE_BEZIER_KNOTS.);
#1384 = CARTESIAN_POINT('',(-0.74523905107,0.676329957959,0.7700001));
#1385 = CARTESIAN_POINT('',(-0.74523905107,0.677775941452,0.7700001));
#1386 = CARTESIAN_POINT('',(-0.74523905107,0.679221924946,0.7700001));
#1387 = CARTESIAN_POINT('',(-0.74523905107,0.681149915195,0.7700001));
#1388 = ORIENTED_EDGE('',*,*,#1389,.F.);
#1389 = EDGE_CURVE('',#1390,#1381,#1392,.T.);
#1390 = VERTEX_POINT('',#1391);
#1391 = CARTESIAN_POINT('',(-0.793438623422,0.628130385607,0.7700001));
#1392 = B_SPLINE_CURVE_WITH_KNOTS('',3,(#1393,#1394,#1395,#1396),
  .UNSPECIFIED.,.F.,.F.,(4,4),(10.,11.),.PIECEWISE_BEZIER_KNOTS.);
#1393 = CARTESIAN_POINT('',(-0.793438623422,0.628130385607,0.7700001));
#1394 = CARTESIAN_POINT('',(-0.766928858629,0.628130385607,0.7700001));
#1395 = CARTESIAN_POINT('',(-0.74523905107,0.649820193165,0.7700001));
#1396 = CARTESIAN_POINT('',(-0.74523905107,0.676329957959,0.7700001));
#1397 = ORIENTED_EDGE('',*,*,#1398,.F.);
#1398 = EDGE_CURVE('',#1399,#1390,#1401,.T.);
#1399 = VERTEX_POINT('',#1400);
#1400 = CARTESIAN_POINT('',(-0.839228221754,0.660906091129,0.7700001));
#1401 = B_SPLINE_CURVE_WITH_KNOTS('',3,(#1402,#1403,#1404,#1405),
  .UNSPECIFIED.,.F.,.F.,(4,4),(9.,10.),.PIECEWISE_BEZIER_KNOTS.);
#1402 = CARTESIAN_POINT('',(-0.839228221754,0.660906091129,0.7700001));
#1403 = CARTESIAN_POINT('',(-0.832962276429,0.641626262188,0.7700001));
#1404 = CARTESIAN_POINT('',(-0.814646442612,0.628130385607,0.7700001));
#1405 = CARTESIAN_POINT('',(-0.793438623422,0.628130385607,0.7700001));
#1406 = ORIENTED_EDGE('',*,*,#1407,.F.);
#1407 = EDGE_CURVE('',#1408,#1399,#1410,.T.);
#1408 = VERTEX_POINT('',#1409);
#1409 = CARTESIAN_POINT('',(-0.877787879636,0.684041882181,0.7700001));
#1410 = B_SPLINE_CURVE_WITH_KNOTS('',3,(#1411,#1412,#1413,#1414),
  .UNSPECIFIED.,.F.,.F.,(4,4),(8.,9.),.PIECEWISE_BEZIER_KNOTS.);
#1411 = CARTESIAN_POINT('',(-0.877787879636,0.684041882181,0.7700001));
#1412 = CARTESIAN_POINT('',(-0.867183974638,0.672473977461,0.7700001));
#1413 = CARTESIAN_POINT('',(-0.854170086425,0.66476205324,0.7700001));
#1414 = CARTESIAN_POINT('',(-0.839228221754,0.660906091129,0.7700001));
#1415 = ORIENTED_EDGE('',*,*,#1416,.F.);
#1416 = EDGE_CURVE('',#1417,#1408,#1419,.T.);
#1417 = VERTEX_POINT('',#1418);
#1418 = CARTESIAN_POINT('',(-0.898031699105,0.736579405013,0.7700001));
#1419 = B_SPLINE_CURVE_WITH_KNOTS('',3,(#1420,#1421,#1422,#1423),
  .UNSPECIFIED.,.F.,.F.,(4,4),(7.,8.),.PIECEWISE_BEZIER_KNOTS.);
#1420 = CARTESIAN_POINT('',(-0.898031699105,0.736579405013,0.7700001));
#1421 = CARTESIAN_POINT('',(-0.898031699105,0.717299576072,0.7700001));
#1422 = CARTESIAN_POINT('',(-0.890801763252,0.6985017355,0.7700001));
#1423 = CARTESIAN_POINT('',(-0.877787879636,0.684041882181,0.7700001));
#1424 = ORIENTED_EDGE('',*,*,#1425,.F.);
#1425 = EDGE_CURVE('',#1426,#1417,#1428,.T.);
#1426 = VERTEX_POINT('',#1427);
#1427 = CARTESIAN_POINT('',(-0.875377887228,0.791526911059,0.7700001));
#1428 = B_SPLINE_CURVE_WITH_KNOTS('',3,(#1429,#1430,#1431,#1432),
  .UNSPECIFIED.,.F.,.F.,(4,4),(6.,7.),.PIECEWISE_BEZIER_KNOTS.);
#1429 = CARTESIAN_POINT('',(-0.875377887228,0.791526911059,0.7700001));
#1430 = CARTESIAN_POINT('',(-0.889837771575,0.77706704395,0.7700001));
#1431 = CARTESIAN_POINT('',(-0.898031699105,0.757305217447,0.7700001));
#1432 = CARTESIAN_POINT('',(-0.898031699105,0.736579405013,0.7700001));
#1433 = ORIENTED_EDGE('',*,*,#1434,.F.);
#1434 = EDGE_CURVE('',#1435,#1426,#1437,.T.);
#1435 = VERTEX_POINT('',#1436);
#1436 = CARTESIAN_POINT('',(-0.819948379023,0.814662706708,0.7700001));
#1437 = B_SPLINE_CURVE_WITH_KNOTS('',3,(#1438,#1439,#1440,#1441),
  .UNSPECIFIED.,.F.,.F.,(4,4),(5.,6.),.PIECEWISE_BEZIER_KNOTS.);
#1438 = CARTESIAN_POINT('',(-0.819948379023,0.814662706708,0.7700001));
#1439 = CARTESIAN_POINT('',(-0.840674196054,0.814662706708,0.7700001));
#1440 = CARTESIAN_POINT('',(-0.86043601796,0.806468780328,0.7700001));
#1441 = CARTESIAN_POINT('',(-0.875377887228,0.791526911059,0.7700001));
#1442 = ORIENTED_EDGE('',*,*,#1443,.F.);
#1443 = EDGE_CURVE('',#1444,#1435,#1446,.T.);
#1444 = VERTEX_POINT('',#1445);
#1445 = CARTESIAN_POINT('',(-0.808862481059,0.81369871618,0.7700001));
#1446 = B_SPLINE_CURVE_WITH_KNOTS('',3,(#1447,#1448,#1449,#1450),
  .UNSPECIFIED.,.F.,.F.,(4,4),(4.,5.),.PIECEWISE_BEZIER_KNOTS.);
#1447 = CARTESIAN_POINT('',(-0.808862481059,0.81369871618,0.7700001));
#1448 = CARTESIAN_POINT('',(-0.81271844317,0.814180713743,0.7700001));
#1449 = CARTESIAN_POINT('',(-0.816092416912,0.814662706708,0.7700001));
#1450 = CARTESIAN_POINT('',(-0.819948379023,0.814662706708,0.7700001));
#1451 = ORIENTED_EDGE('',*,*,#1452,.F.);
#1452 = EDGE_CURVE('',#1453,#1444,#1455,.T.);
#1453 = VERTEX_POINT('',#1454);
#1454 = CARTESIAN_POINT('',(-0.787654671063,0.834906528475,0.7700001));
#1455 = B_SPLINE_CURVE_WITH_KNOTS('',3,(#1456,#1457,#1458,#1459),
  .UNSPECIFIED.,.F.,.F.,(4,4),(3.,4.),.PIECEWISE_BEZIER_KNOTS.);
#1456 = CARTESIAN_POINT('',(-0.787654671063,0.834906528475,0.7700001));
#1457 = CARTESIAN_POINT('',(-0.79584860204,0.829122578414,0.7700001));
#1458 = CARTESIAN_POINT('',(-0.802596540331,0.821892642561,0.7700001));
#1459 = CARTESIAN_POINT('',(-0.808862481059,0.81369871618,0.7700001));
#1460 = ORIENTED_EDGE('',*,*,#1461,.F.);
#1461 = EDGE_CURVE('',#1462,#1453,#1464,.T.);
#1462 = VERTEX_POINT('',#1463);
#1463 = CARTESIAN_POINT('',(-0.72981518424,0.853704362152,0.7700001));
#1464 = B_SPLINE_CURVE_WITH_KNOTS('',3,(#1465,#1466,#1467,#1468),
  .UNSPECIFIED.,.F.,.F.,(4,4),(2.,3.),.PIECEWISE_BEZIER_KNOTS.);
#1465 = CARTESIAN_POINT('',(-0.72981518424,0.853704362152,0.7700001));
#1466 = CARTESIAN_POINT('',(-0.751022994236,0.853704362152,0.7700001));
#1467 = CARTESIAN_POINT('',(-0.770784820739,0.846956422138,0.7700001));
#1468 = CARTESIAN_POINT('',(-0.787654671063,0.834906528475,0.7700001));
#1469 = ORIENTED_EDGE('',*,*,#1470,.F.);
#1470 = EDGE_CURVE('',#1193,#1462,#1471,.T.);
#1471 = B_SPLINE_CURVE_WITH_KNOTS('',3,(#1472,#1473,#1474,#1475),
  .UNSPECIFIED.,.F.,.F.,(4,4),(1.,2.),.PIECEWISE_BEZIER_KNOTS.);
#1472 = CARTESIAN_POINT('',(-0.664263773195,0.82864058315,0.7700001));
#1473 = CARTESIAN_POINT('',(-0.682579607012,0.84454644352,0.7700001));
#1474 = CARTESIAN_POINT('',(-0.705715398064,0.853704362152,0.7700001));
#1475 = CARTESIAN_POINT('',(-0.72981518424,0.853704362152,0.7700001));
#1476 = B_SPLINE_SURFACE_WITH_KNOTS('',1,1,(
    (#1477,#1478)
    ,(#1479,#1480
    )),.UNSPECIFIED.,.F.,.F.,.F.,(2,2),(2,2),(-1.,1.),(-1.,1.),
  .PIECEWISE_BEZIER_KNOTS.);
#1477 = CARTESIAN_POINT('',(-1.,-1.,0.7700001));
#1478 = CARTESIAN_POINT('',(-1.,1.,0.7700001));
#1479 = CARTESIAN_POINT('',(1.,-1.,0.7700001));
#1480 = CARTESIAN_POINT('',(1.,1.,0.7700001));
#1481 = ADVANCED_FACE('',(#1482),#1504,.F.);
#1482 = FACE_BOUND('',#1483,.T.);
#1483 = EDGE_LOOP('',(#1484,#1493,#1498,#1499));
#1484 = ORIENTED_EDGE('',*,*,#1485,.T.);
#1485 = EDGE_CURVE('',#1486,#1488,#1490,.T.);
#1486 = VERTEX_POINT('',#1487);
#1487 = CARTESIAN_POINT('',(1.,-1.,2.00001E-02));
#1488 = VERTEX_POINT('',#1489);
#1489 = CARTESIAN_POINT('',(1.,1.,2.00001E-02));
#1490 = B_SPLINE_CURVE_WITH_KNOTS('',1,(#1491,#1492),.UNSPECIFIED.,.F.,
  .F.,(2,2),(-2.,0.),.PIECEWISE_BEZIER_KNOTS.);
#1491 = CARTESIAN_POINT('',(1.,-1.,2.00001E-02));
#1492 = CARTESIAN_POINT('',(1.,1.,2.00001E-02));
#1493 = ORIENTED_EDGE('',*,*,#1494,.F.);
#1494 = EDGE_CURVE('',#706,#1488,#1495,.T.);
#1495 = B_SPLINE_CURVE_WITH_KNOTS('',1,(#1496,#1497),.UNSPECIFIED.,.F.,
  .F.,(2,2),(-0.,0.75),.PIECEWISE_BEZIER_KNOTS.);
#1496 = CARTESIAN_POINT('',(1.,1.,0.7700001));
#1497 = CARTESIAN_POINT('',(1.,1.,2.00001E-02));
#1498 = ORIENTED_EDGE('',*,*,#703,.F.);
#1499 = ORIENTED_EDGE('',*,*,#1500,.T.);
#1500 = EDGE_CURVE('',#704,#1486,#1501,.T.);
#1501 = B_SPLINE_CURVE_WITH_KNOTS('',1,(#1502,#1503),.UNSPECIFIED.,.F.,
  .F.,(2,2),(-0.,0.75),.PIECEWISE_BEZIER_KNOTS.);
#1502 = CARTESIAN_POINT('',(1.,-1.,0.7700001));
#1503 = CARTESIAN_POINT('',(1.,-1.,2.00001E-02));
#1504 = B_SPLINE_SURFACE_WITH_KNOTS('',1,1,(
    (#1505,#1506)
    ,(#1507,#1508
    )),.UNSPECIFIED.,.F.,.F.,.F.,(2,2),(2,2),(0.,2.),(-0.75,0.),
  .PIECEWISE_BEZIER_KNOTS.);
#1505 = CARTESIAN_POINT('',(1.,1.,2.00001E-02));
#1506 = CARTESIAN_POINT('',(1.,1.,0.7700001));
#1507 = CARTESIAN_POINT('',(1.,-1.,2.00001E-02));
#1508 = CARTESIAN_POINT('',(1.,-1.,0.7700001));
#1509 = ADVANCED_FACE('',(#1510),#1638,.F.);
#1510 = FACE_BOUND('',#1511,.T.);
#1511 = EDGE_LOOP('',(#1512,#1521,#1528,#1535,#1540,#1541,#1542,#1549,
    #1556,#1563,#1570,#1577,#1584,#1591,#1598,#1605,#1612,#1619,#1626,
    #1633));
#1512 = ORIENTED_EDGE('',*,*,#1513,.F.);
#1513 = EDGE_CURVE('',#1514,#1516,#1518,.T.);
#1514 = VERTEX_POINT('',#1515);
#1515 = CARTESIAN_POINT('',(-0.875,1.,0.2030001));
#1516 = VERTEX_POINT('',#1517);
#1517 = CARTESIAN_POINT('',(-0.625,1.,0.2030001));
#1518 = B_SPLINE_CURVE_WITH_KNOTS('',1,(#1519,#1520),.UNSPECIFIED.,.F.,
  .F.,(2,2),(0.125,0.375),.PIECEWISE_BEZIER_KNOTS.);
#1519 = CARTESIAN_POINT('',(-0.875,1.,0.2030001));
#1520 = CARTESIAN_POINT('',(-0.625,1.,0.2030001));
#1521 = ORIENTED_EDGE('',*,*,#1522,.T.);
#1522 = EDGE_CURVE('',#1514,#1523,#1525,.T.);
#1523 = VERTEX_POINT('',#1524);
#1524 = CARTESIAN_POINT('',(-0.875,1.,2.00001E-02));
#1525 = B_SPLINE_CURVE_WITH_KNOTS('',1,(#1526,#1527),.UNSPECIFIED.,.F.,
  .F.,(2,2),(0.567,0.75),.PIECEWISE_BEZIER_KNOTS.);
#1526 = CARTESIAN_POINT('',(-0.875,1.,0.2030001));
#1527 = CARTESIAN_POINT('',(-0.875,1.,2.00001E-02));
#1528 = ORIENTED_EDGE('',*,*,#1529,.T.);
#1529 = EDGE_CURVE('',#1523,#1530,#1532,.T.);
#1530 = VERTEX_POINT('',#1531);
#1531 = CARTESIAN_POINT('',(-1.,1.,2.00001E-02));
#1532 = B_SPLINE_CURVE_WITH_KNOTS('',1,(#1533,#1534),.UNSPECIFIED.,.F.,
  .F.,(2,2),(-0.125,-0.),.PIECEWISE_BEZIER_KNOTS.);
#1533 = CARTESIAN_POINT('',(-0.875,1.,2.00001E-02));
#1534 = CARTESIAN_POINT('',(-1.,1.,2.00001E-02));
#1535 = ORIENTED_EDGE('',*,*,#1536,.F.);
#1536 = EDGE_CURVE('',#713,#1530,#1537,.T.);
#1537 = B_SPLINE_CURVE_WITH_KNOTS('',1,(#1538,#1539),.UNSPECIFIED.,.F.,
  .F.,(2,2),(-0.,0.75),.PIECEWISE_BEZIER_KNOTS.);
#1538 = CARTESIAN_POINT('',(-1.,1.,0.7700001));
#1539 = CARTESIAN_POINT('',(-1.,1.,2.00001E-02));
#1540 = ORIENTED_EDGE('',*,*,#712,.F.);
#1541 = ORIENTED_EDGE('',*,*,#1494,.T.);
#1542 = ORIENTED_EDGE('',*,*,#1543,.T.);
#1543 = EDGE_CURVE('',#1488,#1544,#1546,.T.);
#1544 = VERTEX_POINT('',#1545);
#1545 = CARTESIAN_POINT('',(0.875,1.,2.00001E-02));
#1546 = B_SPLINE_CURVE_WITH_KNOTS('',1,(#1547,#1548),.UNSPECIFIED.,.F.,
  .F.,(2,2),(-2.,-1.875),.PIECEWISE_BEZIER_KNOTS.);
#1547 = CARTESIAN_POINT('',(1.,1.,2.00001E-02));
#1548 = CARTESIAN_POINT('',(0.875,1.,2.00001E-02));
#1549 = ORIENTED_EDGE('',*,*,#1550,.T.);
#1550 = EDGE_CURVE('',#1544,#1551,#1553,.T.);
#1551 = VERTEX_POINT('',#1552);
#1552 = CARTESIAN_POINT('',(0.875,1.,0.2030001));
#1553 = B_SPLINE_CURVE_WITH_KNOTS('',1,(#1554,#1555),.UNSPECIFIED.,.F.,
  .F.,(2,2),(-0.75,-0.567),.PIECEWISE_BEZIER_KNOTS.);
#1554 = CARTESIAN_POINT('',(0.875,1.,2.00001E-02));
#1555 = CARTESIAN_POINT('',(0.875,1.,0.2030001));
#1556 = ORIENTED_EDGE('',*,*,#1557,.T.);
#1557 = EDGE_CURVE('',#1551,#1558,#1560,.T.);
#1558 = VERTEX_POINT('',#1559);
#1559 = CARTESIAN_POINT('',(0.625,1.,0.2030001));
#1560 = B_SPLINE_CURVE_WITH_KNOTS('',1,(#1561,#1562),.UNSPECIFIED.,.F.,
  .F.,(2,2),(-1.875,-1.625),.PIECEWISE_BEZIER_KNOTS.);
#1561 = CARTESIAN_POINT('',(0.875,1.,0.2030001));
#1562 = CARTESIAN_POINT('',(0.625,1.,0.2030001));
#1563 = ORIENTED_EDGE('',*,*,#1564,.T.);
#1564 = EDGE_CURVE('',#1558,#1565,#1567,.T.);
#1565 = VERTEX_POINT('',#1566);
#1566 = CARTESIAN_POINT('',(0.625,1.,2.00001E-02));
#1567 = B_SPLINE_CURVE_WITH_KNOTS('',1,(#1568,#1569),.UNSPECIFIED.,.F.,
  .F.,(2,2),(0.567,0.75),.PIECEWISE_BEZIER_KNOTS.);
#1568 = CARTESIAN_POINT('',(0.625,1.,0.2030001));
#1569 = CARTESIAN_POINT('',(0.625,1.,2.00001E-02));
#1570 = ORIENTED_EDGE('',*,*,#1571,.T.);
#1571 = EDGE_CURVE('',#1565,#1572,#1574,.T.);
#1572 = VERTEX_POINT('',#1573);
#1573 = CARTESIAN_POINT('',(0.375,1.,2.00001E-02));
#1574 = B_SPLINE_CURVE_WITH_KNOTS('',1,(#1575,#1576),.UNSPECIFIED.,.F.,
  .F.,(2,2),(-1.625,-1.375),.PIECEWISE_BEZIER_KNOTS.);
#1575 = CARTESIAN_POINT('',(0.625,1.,2.00001E-02));
#1576 = CARTESIAN_POINT('',(0.375,1.,2.00001E-02));
#1577 = ORIENTED_EDGE('',*,*,#1578,.T.);
#1578 = EDGE_CURVE('',#1572,#1579,#1581,.T.);
#1579 = VERTEX_POINT('',#1580);
#1580 = CARTESIAN_POINT('',(0.375,1.,0.2030001));
#1581 = B_SPLINE_CURVE_WITH_KNOTS('',1,(#1582,#1583),.UNSPECIFIED.,.F.,
  .F.,(2,2),(-0.75,-0.567),.PIECEWISE_BEZIER_KNOTS.);
#1582 = CARTESIAN_POINT('',(0.375,1.,2.00001E-02));
#1583 = CARTESIAN_POINT('',(0.375,1.,0.2030001));
#1584 = ORIENTED_EDGE('',*,*,#1585,.F.);
#1585 = EDGE_CURVE('',#1586,#1579,#1588,.T.);
#1586 = VERTEX_POINT('',#1587);
#1587 = CARTESIAN_POINT('',(0.125,1.,0.2030001));
#1588 = B_SPLINE_CURVE_WITH_KNOTS('',1,(#1589,#1590),.UNSPECIFIED.,.F.,
  .F.,(2,2),(1.125,1.375),.PIECEWISE_BEZIER_KNOTS.);
#1589 = CARTESIAN_POINT('',(0.125,1.,0.2030001));
#1590 = CARTESIAN_POINT('',(0.375,1.,0.2030001));
#1591 = ORIENTED_EDGE('',*,*,#1592,.T.);
#1592 = EDGE_CURVE('',#1586,#1593,#1595,.T.);
#1593 = VERTEX_POINT('',#1594);
#1594 = CARTESIAN_POINT('',(0.125,1.,2.00001E-02));
#1595 = B_SPLINE_CURVE_WITH_KNOTS('',1,(#1596,#1597),.UNSPECIFIED.,.F.,
  .F.,(2,2),(0.567,0.75),.PIECEWISE_BEZIER_KNOTS.);
#1596 = CARTESIAN_POINT('',(0.125,1.,0.2030001));
#1597 = CARTESIAN_POINT('',(0.125,1.,2.00001E-02));
#1598 = ORIENTED_EDGE('',*,*,#1599,.T.);
#1599 = EDGE_CURVE('',#1593,#1600,#1602,.T.);
#1600 = VERTEX_POINT('',#1601);
#1601 = CARTESIAN_POINT('',(-0.125,1.,2.00001E-02));
#1602 = B_SPLINE_CURVE_WITH_KNOTS('',1,(#1603,#1604),.UNSPECIFIED.,.F.,
  .F.,(2,2),(-1.125,-0.875),.PIECEWISE_BEZIER_KNOTS.);
#1603 = CARTESIAN_POINT('',(0.125,1.,2.00001E-02));
#1604 = CARTESIAN_POINT('',(-0.125,1.,2.00001E-02));
#1605 = ORIENTED_EDGE('',*,*,#1606,.T.);
#1606 = EDGE_CURVE('',#1600,#1607,#1609,.T.);
#1607 = VERTEX_POINT('',#1608);
#1608 = CARTESIAN_POINT('',(-0.125,1.,0.2030001));
#1609 = B_SPLINE_CURVE_WITH_KNOTS('',1,(#1610,#1611),.UNSPECIFIED.,.F.,
  .F.,(2,2),(-0.75,-0.567),.PIECEWISE_BEZIER_KNOTS.);
#1610 = CARTESIAN_POINT('',(-0.125,1.,2.00001E-02));
#1611 = CARTESIAN_POINT('',(-0.125,1.,0.2030001));
#1612 = ORIENTED_EDGE('',*,*,#1613,.F.);
#1613 = EDGE_CURVE('',#1614,#1607,#1616,.T.);
#1614 = VERTEX_POINT('',#1615);
#1615 = CARTESIAN_POINT('',(-0.375,1.,0.2030001));
#1616 = B_SPLINE_CURVE_WITH_KNOTS('',1,(#1617,#1618),.UNSPECIFIED.,.F.,
  .F.,(2,2),(0.625,0.875),.PIECEWISE_BEZIER_KNOTS.);
#1617 = CARTESIAN_POINT('',(-0.375,1.,0.2030001));
#1618 = CARTESIAN_POINT('',(-0.125,1.,0.2030001));
#1619 = ORIENTED_EDGE('',*,*,#1620,.T.);
#1620 = EDGE_CURVE('',#1614,#1621,#1623,.T.);
#1621 = VERTEX_POINT('',#1622);
#1622 = CARTESIAN_POINT('',(-0.375,1.,2.00001E-02));
#1623 = B_SPLINE_CURVE_WITH_KNOTS('',1,(#1624,#1625),.UNSPECIFIED.,.F.,
  .F.,(2,2),(0.567,0.75),.PIECEWISE_BEZIER_KNOTS.);
#1624 = CARTESIAN_POINT('',(-0.375,1.,0.2030001));
#1625 = CARTESIAN_POINT('',(-0.375,1.,2.00001E-02));
#1626 = ORIENTED_EDGE('',*,*,#1627,.T.);
#1627 = EDGE_CURVE('',#1621,#1628,#1630,.T.);
#1628 = VERTEX_POINT('',#1629);
#1629 = CARTESIAN_POINT('',(-0.625,1.,2.00001E-02));
#1630 = B_SPLINE_CURVE_WITH_KNOTS('',1,(#1631,#1632),.UNSPECIFIED.,.F.,
  .F.,(2,2),(-0.625,-0.375),.PIECEWISE_BEZIER_KNOTS.);
#1631 = CARTESIAN_POINT('',(-0.375,1.,2.00001E-02));
#1632 = CARTESIAN_POINT('',(-0.625,1.,2.00001E-02));
#1633 = ORIENTED_EDGE('',*,*,#1634,.T.);
#1634 = EDGE_CURVE('',#1628,#1516,#1635,.T.);
#1635 = B_SPLINE_CURVE_WITH_KNOTS('',1,(#1636,#1637),.UNSPECIFIED.,.F.,
  .F.,(2,2),(-0.75,-0.567),.PIECEWISE_BEZIER_KNOTS.);
#1636 = CARTESIAN_POINT('',(-0.625,1.,2.00001E-02));
#1637 = CARTESIAN_POINT('',(-0.625,1.,0.2030001));
#1638 = B_SPLINE_SURFACE_WITH_KNOTS('',1,1,(
    (#1639,#1640)
    ,(#1641,#1642
    )),.UNSPECIFIED.,.F.,.F.,.F.,(2,2),(2,2),(0.,0.75),(0.,2.),
  .PIECEWISE_BEZIER_KNOTS.);
#1639 = CARTESIAN_POINT('',(-1.,1.,0.7700001));
#1640 = CARTESIAN_POINT('',(1.,1.,0.7700001));
#1641 = CARTESIAN_POINT('',(-1.,1.,2.00001E-02));
#1642 = CARTESIAN_POINT('',(1.,1.,2.00001E-02));
#1643 = ADVANCED_FACE('',(#1644),#1660,.F.);
#1644 = FACE_BOUND('',#1645,.T.);
#1645 = EDGE_LOOP('',(#1646,#1653,#1658,#1659));
#1646 = ORIENTED_EDGE('',*,*,#1647,.T.);
#1647 = EDGE_CURVE('',#1530,#1648,#1650,.T.);
#1648 = VERTEX_POINT('',#1649);
#1649 = CARTESIAN_POINT('',(-1.,-1.,2.00001E-02));
#1650 = B_SPLINE_CURVE_WITH_KNOTS('',1,(#1651,#1652),.UNSPECIFIED.,.F.,
  .F.,(2,2),(0.,2.),.PIECEWISE_BEZIER_KNOTS.);
#1651 = CARTESIAN_POINT('',(-1.,1.,2.00001E-02));
#1652 = CARTESIAN_POINT('',(-1.,-1.,2.00001E-02));
#1653 = ORIENTED_EDGE('',*,*,#1654,.F.);
#1654 = EDGE_CURVE('',#720,#1648,#1655,.T.);
#1655 = B_SPLINE_CURVE_WITH_KNOTS('',1,(#1656,#1657),.UNSPECIFIED.,.F.,
  .F.,(2,2),(-0.,0.75),.PIECEWISE_BEZIER_KNOTS.);
#1656 = CARTESIAN_POINT('',(-1.,-1.,0.7700001));
#1657 = CARTESIAN_POINT('',(-1.,-1.,2.00001E-02));
#1658 = ORIENTED_EDGE('',*,*,#719,.F.);
#1659 = ORIENTED_EDGE('',*,*,#1536,.T.);
#1660 = B_SPLINE_SURFACE_WITH_KNOTS('',1,1,(
    (#1661,#1662)
    ,(#1663,#1664
    )),.UNSPECIFIED.,.F.,.F.,.F.,(2,2),(2,2),(-2.,0.),(-0.75,0.),
  .PIECEWISE_BEZIER_KNOTS.);
#1661 = CARTESIAN_POINT('',(-1.,-1.,2.00001E-02));
#1662 = CARTESIAN_POINT('',(-1.,-1.,0.7700001));
#1663 = CARTESIAN_POINT('',(-1.,1.,2.00001E-02));
#1664 = CARTESIAN_POINT('',(-1.,1.,0.7700001));
#1665 = ADVANCED_FACE('',(#1666),#1788,.F.);
#1666 = FACE_BOUND('',#1667,.T.);
#1667 = EDGE_LOOP('',(#1668,#1675,#1682,#1689,#1696,#1703,#1710,#1717,
    #1724,#1731,#1738,#1745,#1752,#1759,#1766,#1773,#1780,#1785,#1786,
    #1787));
#1668 = ORIENTED_EDGE('',*,*,#1669,.T.);
#1669 = EDGE_CURVE('',#1648,#1670,#1672,.T.);
#1670 = VERTEX_POINT('',#1671);
#1671 = CARTESIAN_POINT('',(-0.875,-1.,2.00001E-02));
#1672 = B_SPLINE_CURVE_WITH_KNOTS('',1,(#1673,#1674),.UNSPECIFIED.,.F.,
  .F.,(2,2),(0.,0.125),.PIECEWISE_BEZIER_KNOTS.);
#1673 = CARTESIAN_POINT('',(-1.,-1.,2.00001E-02));
#1674 = CARTESIAN_POINT('',(-0.875,-1.,2.00001E-02));
#1675 = ORIENTED_EDGE('',*,*,#1676,.T.);
#1676 = EDGE_CURVE('',#1670,#1677,#1679,.T.);
#1677 = VERTEX_POINT('',#1678);
#1678 = CARTESIAN_POINT('',(-0.875,-1.,0.2030001));
#1679 = B_SPLINE_CURVE_WITH_KNOTS('',1,(#1680,#1681),.UNSPECIFIED.,.F.,
  .F.,(2,2),(-0.75,-0.567),.PIECEWISE_BEZIER_KNOTS.);
#1680 = CARTESIAN_POINT('',(-0.875,-1.,2.00001E-02));
#1681 = CARTESIAN_POINT('',(-0.875,-1.,0.2030001));
#1682 = ORIENTED_EDGE('',*,*,#1683,.T.);
#1683 = EDGE_CURVE('',#1677,#1684,#1686,.T.);
#1684 = VERTEX_POINT('',#1685);
#1685 = CARTESIAN_POINT('',(-0.625,-1.,0.2030001));
#1686 = B_SPLINE_CURVE_WITH_KNOTS('',1,(#1687,#1688),.UNSPECIFIED.,.F.,
  .F.,(2,2),(0.125,0.375),.PIECEWISE_BEZIER_KNOTS.);
#1687 = CARTESIAN_POINT('',(-0.875,-1.,0.2030001));
#1688 = CARTESIAN_POINT('',(-0.625,-1.,0.2030001));
#1689 = ORIENTED_EDGE('',*,*,#1690,.T.);
#1690 = EDGE_CURVE('',#1684,#1691,#1693,.T.);
#1691 = VERTEX_POINT('',#1692);
#1692 = CARTESIAN_POINT('',(-0.625,-1.,2.00001E-02));
#1693 = B_SPLINE_CURVE_WITH_KNOTS('',1,(#1694,#1695),.UNSPECIFIED.,.F.,
  .F.,(2,2),(0.567,0.75),.PIECEWISE_BEZIER_KNOTS.);
#1694 = CARTESIAN_POINT('',(-0.625,-1.,0.2030001));
#1695 = CARTESIAN_POINT('',(-0.625,-1.,2.00001E-02));
#1696 = ORIENTED_EDGE('',*,*,#1697,.T.);
#1697 = EDGE_CURVE('',#1691,#1698,#1700,.T.);
#1698 = VERTEX_POINT('',#1699);
#1699 = CARTESIAN_POINT('',(-0.375,-1.,2.00001E-02));
#1700 = B_SPLINE_CURVE_WITH_KNOTS('',1,(#1701,#1702),.UNSPECIFIED.,.F.,
  .F.,(2,2),(0.375,0.625),.PIECEWISE_BEZIER_KNOTS.);
#1701 = CARTESIAN_POINT('',(-0.625,-1.,2.00001E-02));
#1702 = CARTESIAN_POINT('',(-0.375,-1.,2.00001E-02));
#1703 = ORIENTED_EDGE('',*,*,#1704,.T.);
#1704 = EDGE_CURVE('',#1698,#1705,#1707,.T.);
#1705 = VERTEX_POINT('',#1706);
#1706 = CARTESIAN_POINT('',(-0.375,-1.,0.2030001));
#1707 = B_SPLINE_CURVE_WITH_KNOTS('',1,(#1708,#1709),.UNSPECIFIED.,.F.,
  .F.,(2,2),(-0.75,-0.567),.PIECEWISE_BEZIER_KNOTS.);
#1708 = CARTESIAN_POINT('',(-0.375,-1.,2.00001E-02));
#1709 = CARTESIAN_POINT('',(-0.375,-1.,0.2030001));
#1710 = ORIENTED_EDGE('',*,*,#1711,.T.);
#1711 = EDGE_CURVE('',#1705,#1712,#1714,.T.);
#1712 = VERTEX_POINT('',#1713);
#1713 = CARTESIAN_POINT('',(-0.125,-1.,0.2030001));
#1714 = B_SPLINE_CURVE_WITH_KNOTS('',1,(#1715,#1716),.UNSPECIFIED.,.F.,
  .F.,(2,2),(0.625,0.875),.PIECEWISE_BEZIER_KNOTS.);
#1715 = CARTESIAN_POINT('',(-0.375,-1.,0.2030001));
#1716 = CARTESIAN_POINT('',(-0.125,-1.,0.2030001));
#1717 = ORIENTED_EDGE('',*,*,#1718,.T.);
#1718 = EDGE_CURVE('',#1712,#1719,#1721,.T.);
#1719 = VERTEX_POINT('',#1720);
#1720 = CARTESIAN_POINT('',(-0.125,-1.,2.00001E-02));
#1721 = B_SPLINE_CURVE_WITH_KNOTS('',1,(#1722,#1723),.UNSPECIFIED.,.F.,
  .F.,(2,2),(0.567,0.75),.PIECEWISE_BEZIER_KNOTS.);
#1722 = CARTESIAN_POINT('',(-0.125,-1.,0.2030001));
#1723 = CARTESIAN_POINT('',(-0.125,-1.,2.00001E-02));
#1724 = ORIENTED_EDGE('',*,*,#1725,.T.);
#1725 = EDGE_CURVE('',#1719,#1726,#1728,.T.);
#1726 = VERTEX_POINT('',#1727);
#1727 = CARTESIAN_POINT('',(0.125,-1.,2.00001E-02));
#1728 = B_SPLINE_CURVE_WITH_KNOTS('',1,(#1729,#1730),.UNSPECIFIED.,.F.,
  .F.,(2,2),(0.875,1.125),.PIECEWISE_BEZIER_KNOTS.);
#1729 = CARTESIAN_POINT('',(-0.125,-1.,2.00001E-02));
#1730 = CARTESIAN_POINT('',(0.125,-1.,2.00001E-02));
#1731 = ORIENTED_EDGE('',*,*,#1732,.T.);
#1732 = EDGE_CURVE('',#1726,#1733,#1735,.T.);
#1733 = VERTEX_POINT('',#1734);
#1734 = CARTESIAN_POINT('',(0.125,-1.,0.2030001));
#1735 = B_SPLINE_CURVE_WITH_KNOTS('',1,(#1736,#1737),.UNSPECIFIED.,.F.,
  .F.,(2,2),(-0.75,-0.567),.PIECEWISE_BEZIER_KNOTS.);
#1736 = CARTESIAN_POINT('',(0.125,-1.,2.00001E-02));
#1737 = CARTESIAN_POINT('',(0.125,-1.,0.2030001));
#1738 = ORIENTED_EDGE('',*,*,#1739,.T.);
#1739 = EDGE_CURVE('',#1733,#1740,#1742,.T.);
#1740 = VERTEX_POINT('',#1741);
#1741 = CARTESIAN_POINT('',(0.375,-1.,0.2030001));
#1742 = B_SPLINE_CURVE_WITH_KNOTS('',1,(#1743,#1744),.UNSPECIFIED.,.F.,
  .F.,(2,2),(1.125,1.375),.PIECEWISE_BEZIER_KNOTS.);
#1743 = CARTESIAN_POINT('',(0.125,-1.,0.2030001));
#1744 = CARTESIAN_POINT('',(0.375,-1.,0.2030001));
#1745 = ORIENTED_EDGE('',*,*,#1746,.T.);
#1746 = EDGE_CURVE('',#1740,#1747,#1749,.T.);
#1747 = VERTEX_POINT('',#1748);
#1748 = CARTESIAN_POINT('',(0.375,-1.,2.00001E-02));
#1749 = B_SPLINE_CURVE_WITH_KNOTS('',1,(#1750,#1751),.UNSPECIFIED.,.F.,
  .F.,(2,2),(0.567,0.75),.PIECEWISE_BEZIER_KNOTS.);
#1750 = CARTESIAN_POINT('',(0.375,-1.,0.2030001));
#1751 = CARTESIAN_POINT('',(0.375,-1.,2.00001E-02));
#1752 = ORIENTED_EDGE('',*,*,#1753,.T.);
#1753 = EDGE_CURVE('',#1747,#1754,#1756,.T.);
#1754 = VERTEX_POINT('',#1755);
#1755 = CARTESIAN_POINT('',(0.625,-1.,2.00001E-02));
#1756 = B_SPLINE_CURVE_WITH_KNOTS('',1,(#1757,#1758),.UNSPECIFIED.,.F.,
  .F.,(2,2),(1.375,1.625),.PIECEWISE_BEZIER_KNOTS.);
#1757 = CARTESIAN_POINT('',(0.375,-1.,2.00001E-02));
#1758 = CARTESIAN_POINT('',(0.625,-1.,2.00001E-02));
#1759 = ORIENTED_EDGE('',*,*,#1760,.T.);
#1760 = EDGE_CURVE('',#1754,#1761,#1763,.T.);
#1761 = VERTEX_POINT('',#1762);
#1762 = CARTESIAN_POINT('',(0.625,-1.,0.2030001));
#1763 = B_SPLINE_CURVE_WITH_KNOTS('',1,(#1764,#1765),.UNSPECIFIED.,.F.,
  .F.,(2,2),(-0.75,-0.567),.PIECEWISE_BEZIER_KNOTS.);
#1764 = CARTESIAN_POINT('',(0.625,-1.,2.00001E-02));
#1765 = CARTESIAN_POINT('',(0.625,-1.,0.2030001));
#1766 = ORIENTED_EDGE('',*,*,#1767,.F.);
#1767 = EDGE_CURVE('',#1768,#1761,#1770,.T.);
#1768 = VERTEX_POINT('',#1769);
#1769 = CARTESIAN_POINT('',(0.875,-1.,0.2030001));
#1770 = B_SPLINE_CURVE_WITH_KNOTS('',1,(#1771,#1772),.UNSPECIFIED.,.F.,
  .F.,(2,2),(-1.875,-1.625),.PIECEWISE_BEZIER_KNOTS.);
#1771 = CARTESIAN_POINT('',(0.875,-1.,0.2030001));
#1772 = CARTESIAN_POINT('',(0.625,-1.,0.2030001));
#1773 = ORIENTED_EDGE('',*,*,#1774,.T.);
#1774 = EDGE_CURVE('',#1768,#1775,#1777,.T.);
#1775 = VERTEX_POINT('',#1776);
#1776 = CARTESIAN_POINT('',(0.875,-1.,2.00001E-02));
#1777 = B_SPLINE_CURVE_WITH_KNOTS('',1,(#1778,#1779),.UNSPECIFIED.,.F.,
  .F.,(2,2),(0.567,0.75),.PIECEWISE_BEZIER_KNOTS.);
#1778 = CARTESIAN_POINT('',(0.875,-1.,0.2030001));
#1779 = CARTESIAN_POINT('',(0.875,-1.,2.00001E-02));
#1780 = ORIENTED_EDGE('',*,*,#1781,.T.);
#1781 = EDGE_CURVE('',#1775,#1486,#1782,.T.);
#1782 = B_SPLINE_CURVE_WITH_KNOTS('',1,(#1783,#1784),.UNSPECIFIED.,.F.,
  .F.,(2,2),(1.875,2.),.PIECEWISE_BEZIER_KNOTS.);
#1783 = CARTESIAN_POINT('',(0.875,-1.,2.00001E-02));
#1784 = CARTESIAN_POINT('',(1.,-1.,2.00001E-02));
#1785 = ORIENTED_EDGE('',*,*,#1500,.F.);
#1786 = ORIENTED_EDGE('',*,*,#726,.F.);
#1787 = ORIENTED_EDGE('',*,*,#1654,.T.);
#1788 = B_SPLINE_SURFACE_WITH_KNOTS('',1,1,(
    (#1789,#1790)
    ,(#1791,#1792
    )),.UNSPECIFIED.,.F.,.F.,.F.,(2,2),(2,2),(-0.75,0.),(0.,2.),
  .PIECEWISE_BEZIER_KNOTS.);
#1789 = CARTESIAN_POINT('',(-1.,-1.,2.00001E-02));
#1790 = CARTESIAN_POINT('',(1.,-1.,2.00001E-02));
#1791 = CARTESIAN_POINT('',(-1.,-1.,0.7700001));
#1792 = CARTESIAN_POINT('',(1.,-1.,0.7700001));
#1793 = ADVANCED_FACE('',(#1794,#1831),#2021,.F.);
#1794 = FACE_BOUND('',#1795,.T.);
#1795 = EDGE_LOOP('',(#1796,#1805,#1812,#1819,#1826));
#1796 = ORIENTED_EDGE('',*,*,#1797,.T.);
#1797 = EDGE_CURVE('',#1798,#1800,#1802,.T.);
#1798 = VERTEX_POINT('',#1799);
#1799 = CARTESIAN_POINT('',(0.6,0.4,2.00001E-02));
#1800 = VERTEX_POINT('',#1801);
#1801 = CARTESIAN_POINT('',(-0.6,0.4,2.00001E-02));
#1802 = B_SPLINE_CURVE_WITH_KNOTS('',1,(#1803,#1804),.UNSPECIFIED.,.F.,
  .F.,(2,2),(-0.6,0.6),.PIECEWISE_BEZIER_KNOTS.);
#1803 = CARTESIAN_POINT('',(0.6,0.4,2.00001E-02));
#1804 = CARTESIAN_POINT('',(-0.6,0.4,2.00001E-02));
#1805 = ORIENTED_EDGE('',*,*,#1806,.T.);
#1806 = EDGE_CURVE('',#1800,#1807,#1809,.T.);
#1807 = VERTEX_POINT('',#1808);
#1808 = CARTESIAN_POINT('',(-0.6,-0.15,2.00001E-02));
#1809 = B_SPLINE_CURVE_WITH_KNOTS('',1,(#1810,#1811),.UNSPECIFIED.,.F.,
  .F.,(2,2),(-0.4,0.15),.PIECEWISE_BEZIER_KNOTS.);
#1810 = CARTESIAN_POINT('',(-0.6,0.4,2.00001E-02));
#1811 = CARTESIAN_POINT('',(-0.6,-0.15,2.00001E-02));
#1812 = ORIENTED_EDGE('',*,*,#1813,.T.);
#1813 = EDGE_CURVE('',#1807,#1814,#1816,.T.);
#1814 = VERTEX_POINT('',#1815);
#1815 = CARTESIAN_POINT('',(-0.35,-0.4,2.00001E-02));
#1816 = B_SPLINE_CURVE_WITH_KNOTS('',1,(#1817,#1818),.UNSPECIFIED.,.F.,
  .F.,(2,2),(-0.318198051534,3.535533905933E-02),
  .PIECEWISE_BEZIER_KNOTS.);
#1817 = CARTESIAN_POINT('',(-0.6,-0.15,2.00001E-02));
#1818 = CARTESIAN_POINT('',(-0.35,-0.4,2.00001E-02));
#1819 = ORIENTED_EDGE('',*,*,#1820,.T.);
#1820 = EDGE_CURVE('',#1814,#1821,#1823,.T.);
#1821 = VERTEX_POINT('',#1822);
#1822 = CARTESIAN_POINT('',(0.6,-0.4,2.00001E-02));
#1823 = B_SPLINE_CURVE_WITH_KNOTS('',1,(#1824,#1825),.UNSPECIFIED.,.F.,
  .F.,(2,2),(-0.35,0.6),.PIECEWISE_BEZIER_KNOTS.);
#1824 = CARTESIAN_POINT('',(-0.35,-0.4,2.00001E-02));
#1825 = CARTESIAN_POINT('',(0.6,-0.4,2.00001E-02));
#1826 = ORIENTED_EDGE('',*,*,#1827,.T.);
#1827 = EDGE_CURVE('',#1821,#1798,#1828,.T.);
#1828 = B_SPLINE_CURVE_WITH_KNOTS('',1,(#1829,#1830),.UNSPECIFIED.,.F.,
  .F.,(2,2),(-0.4,0.4),.PIECEWISE_BEZIER_KNOTS.);
#1829 = CARTESIAN_POINT('',(0.6,-0.4,2.00001E-02));
#1830 = CARTESIAN_POINT('',(0.6,0.4,2.00001E-02));
#1831 = FACE_BOUND('',#1832,.T.);
#1832 = EDGE_LOOP('',(#1833,#1845,#1850,#1851,#1852,#1853,#1860,#1870,
    #1875,#1876,#1883,#1893,#1898,#1899,#1906,#1916,#1921,#1922,#1929,
    #1939,#1944,#1945,#1946,#1947,#1954,#1964,#1969,#1970,#1977,#1987,
    #1992,#1993,#2000,#2010,#2015,#2016));
#1833 = ORIENTED_EDGE('',*,*,#1834,.T.);
#1834 = EDGE_CURVE('',#1835,#1837,#1839,.T.);
#1835 = VERTEX_POINT('',#1836);
#1836 = CARTESIAN_POINT('',(-0.625,-0.825,2.00001E-02));
#1837 = VERTEX_POINT('',#1838);
#1838 = CARTESIAN_POINT('',(-0.875,-0.825,2.00001E-02));
#1839 = ( BOUNDED_CURVE() B_SPLINE_CURVE(2,(#1840,#1841,#1842,#1843,
#1844),.UNSPECIFIED.,.F.,.F.) B_SPLINE_CURVE_WITH_KNOTS((3,2,3),(0.,
1.570796326795,3.14159265359),.PIECEWISE_BEZIER_KNOTS.) CURVE() 
GEOMETRIC_REPRESENTATION_ITEM() RATIONAL_B_SPLINE_CURVE((1.,
0.707106781187,1.,0.707106781187,1.)) REPRESENTATION_ITEM('') );
#1840 = CARTESIAN_POINT('',(-0.625,-0.825,2.00001E-02));
#1841 = CARTESIAN_POINT('',(-0.625,-0.7,2.00001E-02));
#1842 = CARTESIAN_POINT('',(-0.75,-0.7,2.00001E-02));
#1843 = CARTESIAN_POINT('',(-0.875,-0.7,2.00001E-02));
#1844 = CARTESIAN_POINT('',(-0.875,-0.825,2.00001E-02));
#1845 = ORIENTED_EDGE('',*,*,#1846,.T.);
#1846 = EDGE_CURVE('',#1837,#1670,#1847,.T.);
#1847 = B_SPLINE_CURVE_WITH_KNOTS('',1,(#1848,#1849),.UNSPECIFIED.,.F.,
  .F.,(2,2),(0.825,1.),.PIECEWISE_BEZIER_KNOTS.);
#1848 = CARTESIAN_POINT('',(-0.875,-0.825,2.00001E-02));
#1849 = CARTESIAN_POINT('',(-0.875,-1.,2.00001E-02));
#1850 = ORIENTED_EDGE('',*,*,#1669,.F.);
#1851 = ORIENTED_EDGE('',*,*,#1647,.F.);
#1852 = ORIENTED_EDGE('',*,*,#1529,.F.);
#1853 = ORIENTED_EDGE('',*,*,#1854,.T.);
#1854 = EDGE_CURVE('',#1523,#1855,#1857,.T.);
#1855 = VERTEX_POINT('',#1856);
#1856 = CARTESIAN_POINT('',(-0.875,0.825,2.00001E-02));
#1857 = B_SPLINE_CURVE_WITH_KNOTS('',1,(#1858,#1859),.UNSPECIFIED.,.F.,
  .F.,(2,2),(-1.,-0.825),.PIECEWISE_BEZIER_KNOTS.);
#1858 = CARTESIAN_POINT('',(-0.875,1.,2.00001E-02));
#1859 = CARTESIAN_POINT('',(-0.875,0.825,2.00001E-02));
#1860 = ORIENTED_EDGE('',*,*,#1861,.T.);
#1861 = EDGE_CURVE('',#1855,#1862,#1864,.T.);
#1862 = VERTEX_POINT('',#1863);
#1863 = CARTESIAN_POINT('',(-0.625,0.825,2.00001E-02));
#1864 = ( BOUNDED_CURVE() B_SPLINE_CURVE(2,(#1865,#1866,#1867,#1868,
#1869),.UNSPECIFIED.,.F.,.F.) B_SPLINE_CURVE_WITH_KNOTS((3,2,3),(
    3.14159265359,4.712388980385,6.28318530718),
.PIECEWISE_BEZIER_KNOTS.) CURVE() GEOMETRIC_REPRESENTATION_ITEM() 
RATIONAL_B_SPLINE_CURVE((1.,0.707106781187,1.,0.707106781187,1.)) 
REPRESENTATION_ITEM('') );
#1865 = CARTESIAN_POINT('',(-0.875,0.825,2.00001E-02));
#1866 = CARTESIAN_POINT('',(-0.875,0.7,2.00001E-02));
#1867 = CARTESIAN_POINT('',(-0.75,0.7,2.00001E-02));
#1868 = CARTESIAN_POINT('',(-0.625,0.7,2.00001E-02));
#1869 = CARTESIAN_POINT('',(-0.625,0.825,2.00001E-02));
#1870 = ORIENTED_EDGE('',*,*,#1871,.T.);
#1871 = EDGE_CURVE('',#1862,#1628,#1872,.T.);
#1872 = B_SPLINE_CURVE_WITH_KNOTS('',1,(#1873,#1874),.UNSPECIFIED.,.F.,
  .F.,(2,2),(0.825,1.),.PIECEWISE_BEZIER_KNOTS.);
#1873 = CARTESIAN_POINT('',(-0.625,0.825,2.00001E-02));
#1874 = CARTESIAN_POINT('',(-0.625,1.,2.00001E-02));
#1875 = ORIENTED_EDGE('',*,*,#1627,.F.);
#1876 = ORIENTED_EDGE('',*,*,#1877,.T.);
#1877 = EDGE_CURVE('',#1621,#1878,#1880,.T.);
#1878 = VERTEX_POINT('',#1879);
#1879 = CARTESIAN_POINT('',(-0.375,0.825,2.00001E-02));
#1880 = B_SPLINE_CURVE_WITH_KNOTS('',1,(#1881,#1882),.UNSPECIFIED.,.F.,
  .F.,(2,2),(-1.,-0.825),.PIECEWISE_BEZIER_KNOTS.);
#1881 = CARTESIAN_POINT('',(-0.375,1.,2.00001E-02));
#1882 = CARTESIAN_POINT('',(-0.375,0.825,2.00001E-02));
#1883 = ORIENTED_EDGE('',*,*,#1884,.T.);
#1884 = EDGE_CURVE('',#1878,#1885,#1887,.T.);
#1885 = VERTEX_POINT('',#1886);
#1886 = CARTESIAN_POINT('',(-0.125,0.825,2.00001E-02));
#1887 = ( BOUNDED_CURVE() B_SPLINE_CURVE(2,(#1888,#1889,#1890,#1891,
#1892),.UNSPECIFIED.,.F.,.F.) B_SPLINE_CURVE_WITH_KNOTS((3,2,3),(
    3.14159265359,4.712388980385,6.28318530718),
.PIECEWISE_BEZIER_KNOTS.) CURVE() GEOMETRIC_REPRESENTATION_ITEM() 
RATIONAL_B_SPLINE_CURVE((1.,0.707106781187,1.,0.707106781187,1.)) 
REPRESENTATION_ITEM('') );
#1888 = CARTESIAN_POINT('',(-0.375,0.825,2.00001E-02));
#1889 = CARTESIAN_POINT('',(-0.375,0.7,2.00001E-02));
#1890 = CARTESIAN_POINT('',(-0.25,0.7,2.00001E-02));
#1891 = CARTESIAN_POINT('',(-0.125,0.7,2.00001E-02));
#1892 = CARTESIAN_POINT('',(-0.125,0.825,2.00001E-02));
#1893 = ORIENTED_EDGE('',*,*,#1894,.T.);
#1894 = EDGE_CURVE('',#1885,#1600,#1895,.T.);
#1895 = B_SPLINE_CURVE_WITH_KNOTS('',1,(#1896,#1897),.UNSPECIFIED.,.F.,
  .F.,(2,2),(0.825,1.),.PIECEWISE_BEZIER_KNOTS.);
#1896 = CARTESIAN_POINT('',(-0.125,0.825,2.00001E-02));
#1897 = CARTESIAN_POINT('',(-0.125,1.,2.00001E-02));
#1898 = ORIENTED_EDGE('',*,*,#1599,.F.);
#1899 = ORIENTED_EDGE('',*,*,#1900,.T.);
#1900 = EDGE_CURVE('',#1593,#1901,#1903,.T.);
#1901 = VERTEX_POINT('',#1902);
#1902 = CARTESIAN_POINT('',(0.125,0.825,2.00001E-02));
#1903 = B_SPLINE_CURVE_WITH_KNOTS('',1,(#1904,#1905),.UNSPECIFIED.,.F.,
  .F.,(2,2),(-1.,-0.825),.PIECEWISE_BEZIER_KNOTS.);
#1904 = CARTESIAN_POINT('',(0.125,1.,2.00001E-02));
#1905 = CARTESIAN_POINT('',(0.125,0.825,2.00001E-02));
#1906 = ORIENTED_EDGE('',*,*,#1907,.T.);
#1907 = EDGE_CURVE('',#1901,#1908,#1910,.T.);
#1908 = VERTEX_POINT('',#1909);
#1909 = CARTESIAN_POINT('',(0.375,0.825,2.00001E-02));
#1910 = ( BOUNDED_CURVE() B_SPLINE_CURVE(2,(#1911,#1912,#1913,#1914,
#1915),.UNSPECIFIED.,.F.,.F.) B_SPLINE_CURVE_WITH_KNOTS((3,2,3),(
    3.14159265359,4.712388980385,6.28318530718),
.PIECEWISE_BEZIER_KNOTS.) CURVE() GEOMETRIC_REPRESENTATION_ITEM() 
RATIONAL_B_SPLINE_CURVE((1.,0.707106781187,1.,0.707106781187,1.)) 
REPRESENTATION_ITEM('') );
#1911 = CARTESIAN_POINT('',(0.125,0.825,2.00001E-02));
#1912 = CARTESIAN_POINT('',(0.125,0.7,2.00001E-02));
#1913 = CARTESIAN_POINT('',(0.25,0.7,2.00001E-02));
#1914 = CARTESIAN_POINT('',(0.375,0.7,2.00001E-02));
#1915 = CARTESIAN_POINT('',(0.375,0.825,2.00001E-02));
#1916 = ORIENTED_EDGE('',*,*,#1917,.T.);
#1917 = EDGE_CURVE('',#1908,#1572,#1918,.T.);
#1918 = B_SPLINE_CURVE_WITH_KNOTS('',1,(#1919,#1920),.UNSPECIFIED.,.F.,
  .F.,(2,2),(0.825,1.),.PIECEWISE_BEZIER_KNOTS.);
#1919 = CARTESIAN_POINT('',(0.375,0.825,2.00001E-02));
#1920 = CARTESIAN_POINT('',(0.375,1.,2.00001E-02));
#1921 = ORIENTED_EDGE('',*,*,#1571,.F.);
#1922 = ORIENTED_EDGE('',*,*,#1923,.T.);
#1923 = EDGE_CURVE('',#1565,#1924,#1926,.T.);
#1924 = VERTEX_POINT('',#1925);
#1925 = CARTESIAN_POINT('',(0.625,0.825,2.00001E-02));
#1926 = B_SPLINE_CURVE_WITH_KNOTS('',1,(#1927,#1928),.UNSPECIFIED.,.F.,
  .F.,(2,2),(-1.,-0.825),.PIECEWISE_BEZIER_KNOTS.);
#1927 = CARTESIAN_POINT('',(0.625,1.,2.00001E-02));
#1928 = CARTESIAN_POINT('',(0.625,0.825,2.00001E-02));
#1929 = ORIENTED_EDGE('',*,*,#1930,.T.);
#1930 = EDGE_CURVE('',#1924,#1931,#1933,.T.);
#1931 = VERTEX_POINT('',#1932);
#1932 = CARTESIAN_POINT('',(0.875,0.825,2.00001E-02));
#1933 = ( BOUNDED_CURVE() B_SPLINE_CURVE(2,(#1934,#1935,#1936,#1937,
#1938),.UNSPECIFIED.,.F.,.F.) B_SPLINE_CURVE_WITH_KNOTS((3,2,3),(
    3.14159265359,4.712388980385,6.28318530718),
.PIECEWISE_BEZIER_KNOTS.) CURVE() GEOMETRIC_REPRESENTATION_ITEM() 
RATIONAL_B_SPLINE_CURVE((1.,0.707106781187,1.,0.707106781187,1.)) 
REPRESENTATION_ITEM('') );
#1934 = CARTESIAN_POINT('',(0.625,0.825,2.00001E-02));
#1935 = CARTESIAN_POINT('',(0.625,0.7,2.00001E-02));
#1936 = CARTESIAN_POINT('',(0.75,0.7,2.00001E-02));
#1937 = CARTESIAN_POINT('',(0.875,0.7,2.00001E-02));
#1938 = CARTESIAN_POINT('',(0.875,0.825,2.00001E-02));
#1939 = ORIENTED_EDGE('',*,*,#1940,.T.);
#1940 = EDGE_CURVE('',#1931,#1544,#1941,.T.);
#1941 = B_SPLINE_CURVE_WITH_KNOTS('',1,(#1942,#1943),.UNSPECIFIED.,.F.,
  .F.,(2,2),(0.825,1.),.PIECEWISE_BEZIER_KNOTS.);
#1942 = CARTESIAN_POINT('',(0.875,0.825,2.00001E-02));
#1943 = CARTESIAN_POINT('',(0.875,1.,2.00001E-02));
#1944 = ORIENTED_EDGE('',*,*,#1543,.F.);
#1945 = ORIENTED_EDGE('',*,*,#1485,.F.);
#1946 = ORIENTED_EDGE('',*,*,#1781,.F.);
#1947 = ORIENTED_EDGE('',*,*,#1948,.T.);
#1948 = EDGE_CURVE('',#1775,#1949,#1951,.T.);
#1949 = VERTEX_POINT('',#1950);
#1950 = CARTESIAN_POINT('',(0.875,-0.825,2.00001E-02));
#1951 = B_SPLINE_CURVE_WITH_KNOTS('',1,(#1952,#1953),.UNSPECIFIED.,.F.,
  .F.,(2,2),(-1.,-0.825),.PIECEWISE_BEZIER_KNOTS.);
#1952 = CARTESIAN_POINT('',(0.875,-1.,2.00001E-02));
#1953 = CARTESIAN_POINT('',(0.875,-0.825,2.00001E-02));
#1954 = ORIENTED_EDGE('',*,*,#1955,.T.);
#1955 = EDGE_CURVE('',#1949,#1956,#1958,.T.);
#1956 = VERTEX_POINT('',#1957);
#1957 = CARTESIAN_POINT('',(0.625,-0.825,2.00001E-02));
#1958 = ( BOUNDED_CURVE() B_SPLINE_CURVE(2,(#1959,#1960,#1961,#1962,
#1963),.UNSPECIFIED.,.F.,.F.) B_SPLINE_CURVE_WITH_KNOTS((3,2,3),(0.,
1.570796326795,3.14159265359),.PIECEWISE_BEZIER_KNOTS.) CURVE() 
GEOMETRIC_REPRESENTATION_ITEM() RATIONAL_B_SPLINE_CURVE((1.,
0.707106781187,1.,0.707106781187,1.)) REPRESENTATION_ITEM('') );
#1959 = CARTESIAN_POINT('',(0.875,-0.825,2.00001E-02));
#1960 = CARTESIAN_POINT('',(0.875,-0.7,2.00001E-02));
#1961 = CARTESIAN_POINT('',(0.75,-0.7,2.00001E-02));
#1962 = CARTESIAN_POINT('',(0.625,-0.7,2.00001E-02));
#1963 = CARTESIAN_POINT('',(0.625,-0.825,2.00001E-02));
#1964 = ORIENTED_EDGE('',*,*,#1965,.T.);
#1965 = EDGE_CURVE('',#1956,#1754,#1966,.T.);
#1966 = B_SPLINE_CURVE_WITH_KNOTS('',1,(#1967,#1968),.UNSPECIFIED.,.F.,
  .F.,(2,2),(0.825,1.),.PIECEWISE_BEZIER_KNOTS.);
#1967 = CARTESIAN_POINT('',(0.625,-0.825,2.00001E-02));
#1968 = CARTESIAN_POINT('',(0.625,-1.,2.00001E-02));
#1969 = ORIENTED_EDGE('',*,*,#1753,.F.);
#1970 = ORIENTED_EDGE('',*,*,#1971,.T.);
#1971 = EDGE_CURVE('',#1747,#1972,#1974,.T.);
#1972 = VERTEX_POINT('',#1973);
#1973 = CARTESIAN_POINT('',(0.375,-0.825,2.00001E-02));
#1974 = B_SPLINE_CURVE_WITH_KNOTS('',1,(#1975,#1976),.UNSPECIFIED.,.F.,
  .F.,(2,2),(-1.,-0.825),.PIECEWISE_BEZIER_KNOTS.);
#1975 = CARTESIAN_POINT('',(0.375,-1.,2.00001E-02));
#1976 = CARTESIAN_POINT('',(0.375,-0.825,2.00001E-02));
#1977 = ORIENTED_EDGE('',*,*,#1978,.T.);
#1978 = EDGE_CURVE('',#1972,#1979,#1981,.T.);
#1979 = VERTEX_POINT('',#1980);
#1980 = CARTESIAN_POINT('',(0.125,-0.825,2.00001E-02));
#1981 = ( BOUNDED_CURVE() B_SPLINE_CURVE(2,(#1982,#1983,#1984,#1985,
#1986),.UNSPECIFIED.,.F.,.F.) B_SPLINE_CURVE_WITH_KNOTS((3,2,3),(0.,
1.570796326795,3.14159265359),.PIECEWISE_BEZIER_KNOTS.) CURVE() 
GEOMETRIC_REPRESENTATION_ITEM() RATIONAL_B_SPLINE_CURVE((1.,
0.707106781187,1.,0.707106781187,1.)) REPRESENTATION_ITEM('') );
#1982 = CARTESIAN_POINT('',(0.375,-0.825,2.00001E-02));
#1983 = CARTESIAN_POINT('',(0.375,-0.7,2.00001E-02));
#1984 = CARTESIAN_POINT('',(0.25,-0.7,2.00001E-02));
#1985 = CARTESIAN_POINT('',(0.125,-0.7,2.00001E-02));
#1986 = CARTESIAN_POINT('',(0.125,-0.825,2.00001E-02));
#1987 = ORIENTED_EDGE('',*,*,#1988,.T.);
#1988 = EDGE_CURVE('',#1979,#1726,#1989,.T.);
#1989 = B_SPLINE_CURVE_WITH_KNOTS('',1,(#1990,#1991),.UNSPECIFIED.,.F.,
  .F.,(2,2),(0.825,1.),.PIECEWISE_BEZIER_KNOTS.);
#1990 = CARTESIAN_POINT('',(0.125,-0.825,2.00001E-02));
#1991 = CARTESIAN_POINT('',(0.125,-1.,2.00001E-02));
#1992 = ORIENTED_EDGE('',*,*,#1725,.F.);
#1993 = ORIENTED_EDGE('',*,*,#1994,.T.);
#1994 = EDGE_CURVE('',#1719,#1995,#1997,.T.);
#1995 = VERTEX_POINT('',#1996);
#1996 = CARTESIAN_POINT('',(-0.125,-0.825,2.00001E-02));
#1997 = B_SPLINE_CURVE_WITH_KNOTS('',1,(#1998,#1999),.UNSPECIFIED.,.F.,
  .F.,(2,2),(-1.,-0.825),.PIECEWISE_BEZIER_KNOTS.);
#1998 = CARTESIAN_POINT('',(-0.125,-1.,2.00001E-02));
#1999 = CARTESIAN_POINT('',(-0.125,-0.825,2.00001E-02));
#2000 = ORIENTED_EDGE('',*,*,#2001,.T.);
#2001 = EDGE_CURVE('',#1995,#2002,#2004,.T.);
#2002 = VERTEX_POINT('',#2003);
#2003 = CARTESIAN_POINT('',(-0.375,-0.825,2.00001E-02));
#2004 = ( BOUNDED_CURVE() B_SPLINE_CURVE(2,(#2005,#2006,#2007,#2008,
#2009),.UNSPECIFIED.,.F.,.F.) B_SPLINE_CURVE_WITH_KNOTS((3,2,3),(0.,
1.570796326795,3.14159265359),.PIECEWISE_BEZIER_KNOTS.) CURVE() 
GEOMETRIC_REPRESENTATION_ITEM() RATIONAL_B_SPLINE_CURVE((1.,
0.707106781187,1.,0.707106781187,1.)) REPRESENTATION_ITEM('') );
#2005 = CARTESIAN_POINT('',(-0.125,-0.825,2.00001E-02));
#2006 = CARTESIAN_POINT('',(-0.125,-0.7,2.00001E-02));
#2007 = CARTESIAN_POINT('',(-0.25,-0.7,2.00001E-02));
#2008 = CARTESIAN_POINT('',(-0.375,-0.7,2.00001E-02));
#2009 = CARTESIAN_POINT('',(-0.375,-0.825,2.00001E-02));
#2010 = ORIENTED_EDGE('',*,*,#2011,.T.);
#2011 = EDGE_CURVE('',#2002,#1698,#2012,.T.);
#2012 = B_SPLINE_CURVE_WITH_KNOTS('',1,(#2013,#2014),.UNSPECIFIED.,.F.,
  .F.,(2,2),(0.825,1.),.PIECEWISE_BEZIER_KNOTS.);
#2013 = CARTESIAN_POINT('',(-0.375,-0.825,2.00001E-02));
#2014 = CARTESIAN_POINT('',(-0.375,-1.,2.00001E-02));
#2015 = ORIENTED_EDGE('',*,*,#1697,.F.);
#2016 = ORIENTED_EDGE('',*,*,#2017,.T.);
#2017 = EDGE_CURVE('',#1691,#1835,#2018,.T.);
#2018 = B_SPLINE_CURVE_WITH_KNOTS('',1,(#2019,#2020),.UNSPECIFIED.,.F.,
  .F.,(2,2),(-1.,-0.825),.PIECEWISE_BEZIER_KNOTS.);
#2019 = CARTESIAN_POINT('',(-0.625,-1.,2.00001E-02));
#2020 = CARTESIAN_POINT('',(-0.625,-0.825,2.00001E-02));
#2021 = B_SPLINE_SURFACE_WITH_KNOTS('',1,1,(
    (#2022,#2023)
    ,(#2024,#2025
    )),.UNSPECIFIED.,.F.,.F.,.F.,(2,2),(2,2),(-1.,1.),(-1.,1.),
  .PIECEWISE_BEZIER_KNOTS.);
#2022 = CARTESIAN_POINT('',(-1.,-1.,2.00001E-02));
#2023 = CARTESIAN_POINT('',(-1.,1.,2.00001E-02));
#2024 = CARTESIAN_POINT('',(1.,-1.,2.00001E-02));
#2025 = CARTESIAN_POINT('',(1.,1.,2.00001E-02));
#2026 = ADVANCED_FACE('',(#2027),#2040,.F.);
#2027 = FACE_BOUND('',#2028,.F.);
#2028 = EDGE_LOOP('',(#2029,#2030,#2031,#2039));
#2029 = ORIENTED_EDGE('',*,*,#692,.F.);
#2030 = ORIENTED_EDGE('',*,*,#21,.F.);
#2031 = ORIENTED_EDGE('',*,*,#2032,.T.);
#2032 = EDGE_CURVE('',#22,#41,#2033,.T.);
#2033 = ( BOUNDED_CURVE() B_SPLINE_CURVE(2,(#2034,#2035,#2036,#2037,
#2038),.UNSPECIFIED.,.F.,.F.) B_SPLINE_CURVE_WITH_KNOTS((3,2,3),(0.,
1.570796326795,3.14159265359),.PIECEWISE_BEZIER_KNOTS.) CURVE() 
GEOMETRIC_REPRESENTATION_ITEM() RATIONAL_B_SPLINE_CURVE((1.,
0.707106781187,1.,0.707106781187,1.)) REPRESENTATION_ITEM('') );
#2034 = CARTESIAN_POINT('',(-0.524613417131,-0.55648110772,0.7600001));
#2035 = CARTESIAN_POINT('',(-0.524613417131,-0.427825067844,0.7600001));
#2036 = CARTESIAN_POINT('',(-0.653269457008,-0.427825067844,0.7600001));
#2037 = CARTESIAN_POINT('',(-0.781925496884,-0.427825067844,0.7600001));
#2038 = CARTESIAN_POINT('',(-0.781925496884,-0.55648110772,0.7600001));
#2039 = ORIENTED_EDGE('',*,*,#40,.T.);
#2040 = ( BOUNDED_SURFACE() B_SPLINE_SURFACE(2,1,(
    (#2041,#2042)
    ,(#2043,#2044)
    ,(#2045,#2046)
    ,(#2047,#2048)
    ,(#2049,#2050
)),.UNSPECIFIED.,.F.,.F.,.F.) B_SPLINE_SURFACE_WITH_KNOTS((3,2,3),(2,2),
  (0.,1.570796326795,3.14159265359),(-1.E-02,0.),
.PIECEWISE_BEZIER_KNOTS.) GEOMETRIC_REPRESENTATION_ITEM() 
RATIONAL_B_SPLINE_SURFACE((
    (1.,1.)
    ,(0.707106781187,0.707106781187)
    ,(1.,1.)
    ,(0.707106781187,0.707106781187)
,(1.,1.))) REPRESENTATION_ITEM('') SURFACE() );
#2041 = CARTESIAN_POINT('',(-0.524613417131,-0.55648110772,0.7600001));
#2042 = CARTESIAN_POINT('',(-0.524613417131,-0.55648110772,0.7700001));
#2043 = CARTESIAN_POINT('',(-0.524613417131,-0.427825067844,0.7600001));
#2044 = CARTESIAN_POINT('',(-0.524613417131,-0.427825067844,0.7700001));
#2045 = CARTESIAN_POINT('',(-0.653269457008,-0.427825067844,0.7600001));
#2046 = CARTESIAN_POINT('',(-0.653269457008,-0.427825067844,0.7700001));
#2047 = CARTESIAN_POINT('',(-0.781925496884,-0.427825067844,0.7600001));
#2048 = CARTESIAN_POINT('',(-0.781925496884,-0.427825067844,0.7700001));
#2049 = CARTESIAN_POINT('',(-0.781925496884,-0.55648110772,0.7600001));
#2050 = CARTESIAN_POINT('',(-0.781925496884,-0.55648110772,0.7700001));
#2051 = ADVANCED_FACE('',(#2052),#2056,.T.);
#2052 = FACE_BOUND('',#2053,.T.);
#2053 = EDGE_LOOP('',(#2054,#2055));
#2054 = ORIENTED_EDGE('',*,*,#2032,.T.);
#2055 = ORIENTED_EDGE('',*,*,#47,.T.);
#2056 = B_SPLINE_SURFACE_WITH_KNOTS('',1,1,(
    (#2057,#2058)
    ,(#2059,#2060
    )),.UNSPECIFIED.,.F.,.F.,.F.,(2,2),(2,2),(-0.781925496884,
    -0.524613417131),(-0.685137147597,-0.427825067844),
  .PIECEWISE_BEZIER_KNOTS.);
#2057 = CARTESIAN_POINT('',(-0.781925496884,-0.685137147597,0.7600001));
#2058 = CARTESIAN_POINT('',(-0.781925496884,-0.427825067844,0.7600001));
#2059 = CARTESIAN_POINT('',(-0.524613417131,-0.685137147597,0.7600001));
#2060 = CARTESIAN_POINT('',(-0.524613417131,-0.427825067844,0.7600001));
#2061 = ADVANCED_FACE('',(#2062),#2084,.F.);
#2062 = FACE_BOUND('',#2063,.T.);
#2063 = EDGE_LOOP('',(#2064,#2071,#2072,#2079));
#2064 = ORIENTED_EDGE('',*,*,#2065,.F.);
#2065 = EDGE_CURVE('',#1586,#2066,#2068,.T.);
#2066 = VERTEX_POINT('',#2067);
#2067 = CARTESIAN_POINT('',(0.125,1.01,0.2030001));
#2068 = B_SPLINE_CURVE_WITH_KNOTS('',1,(#2069,#2070),.UNSPECIFIED.,.F.,
  .F.,(2,2),(0.175,0.185),.PIECEWISE_BEZIER_KNOTS.);
#2069 = CARTESIAN_POINT('',(0.125,1.,0.2030001));
#2070 = CARTESIAN_POINT('',(0.125,1.01,0.2030001));
#2071 = ORIENTED_EDGE('',*,*,#1585,.T.);
#2072 = ORIENTED_EDGE('',*,*,#2073,.F.);
#2073 = EDGE_CURVE('',#2074,#1579,#2076,.T.);
#2074 = VERTEX_POINT('',#2075);
#2075 = CARTESIAN_POINT('',(0.375,1.01,0.2030001));
#2076 = B_SPLINE_CURVE_WITH_KNOTS('',1,(#2077,#2078),.UNSPECIFIED.,.F.,
  .F.,(2,2),(-0.185,-0.175),.PIECEWISE_BEZIER_KNOTS.);
#2077 = CARTESIAN_POINT('',(0.375,1.01,0.2030001));
#2078 = CARTESIAN_POINT('',(0.375,1.,0.2030001));
#2079 = ORIENTED_EDGE('',*,*,#2080,.F.);
#2080 = EDGE_CURVE('',#2066,#2074,#2081,.T.);
#2081 = B_SPLINE_CURVE_WITH_KNOTS('',1,(#2082,#2083),.UNSPECIFIED.,.F.,
  .F.,(2,2),(-0.25,0.),.PIECEWISE_BEZIER_KNOTS.);
#2082 = CARTESIAN_POINT('',(0.125,1.01,0.2030001));
#2083 = CARTESIAN_POINT('',(0.375,1.01,0.2030001));
#2084 = B_SPLINE_SURFACE_WITH_KNOTS('',1,1,(
    (#2085,#2086)
    ,(#2087,#2088
  )),.UNSPECIFIED.,.F.,.F.,.F.,(2,2),(2,2),(-0.125,0.125),(0.175,0.185),
  .PIECEWISE_BEZIER_KNOTS.);
#2085 = CARTESIAN_POINT('',(0.375,1.,0.2030001));
#2086 = CARTESIAN_POINT('',(0.375,1.01,0.2030001));
#2087 = CARTESIAN_POINT('',(0.125,1.,0.2030001));
#2088 = CARTESIAN_POINT('',(0.125,1.01,0.2030001));
#2089 = ADVANCED_FACE('',(#2090),#2114,.T.);
#2090 = FACE_BOUND('',#2091,.T.);
#2091 = EDGE_LOOP('',(#2092,#2093,#2094,#2101,#2108,#2113));
#2092 = ORIENTED_EDGE('',*,*,#1592,.F.);
#2093 = ORIENTED_EDGE('',*,*,#2065,.T.);
#2094 = ORIENTED_EDGE('',*,*,#2095,.T.);
#2095 = EDGE_CURVE('',#2066,#2096,#2098,.T.);
#2096 = VERTEX_POINT('',#2097);
#2097 = CARTESIAN_POINT('',(0.125,1.01,9.999999999941E-08));
#2098 = B_SPLINE_CURVE_WITH_KNOTS('',1,(#2099,#2100),.UNSPECIFIED.,.F.,
  .F.,(2,2),(0.,0.203),.PIECEWISE_BEZIER_KNOTS.);
#2099 = CARTESIAN_POINT('',(0.125,1.01,0.2030001));
#2100 = CARTESIAN_POINT('',(0.125,1.01,1.000000000098E-07));
#2101 = ORIENTED_EDGE('',*,*,#2102,.F.);
#2102 = EDGE_CURVE('',#2103,#2096,#2105,.T.);
#2103 = VERTEX_POINT('',#2104);
#2104 = CARTESIAN_POINT('',(0.125,0.825,9.999999999941E-08));
#2105 = B_SPLINE_CURVE_WITH_KNOTS('',1,(#2106,#2107),.UNSPECIFIED.,.F.,
  .F.,(2,2),(2.602608032956E-31,0.185),.PIECEWISE_BEZIER_KNOTS.);
#2106 = CARTESIAN_POINT('',(0.125,0.825,9.999999999941E-08));
#2107 = CARTESIAN_POINT('',(0.125,1.01,9.999999999941E-08));
#2108 = ORIENTED_EDGE('',*,*,#2109,.F.);
#2109 = EDGE_CURVE('',#1901,#2103,#2110,.T.);
#2110 = B_SPLINE_CURVE_WITH_KNOTS('',1,(#2111,#2112),.UNSPECIFIED.,.F.,
  .F.,(2,2),(0.183,0.203),.PIECEWISE_BEZIER_KNOTS.);
#2111 = CARTESIAN_POINT('',(0.125,0.825,2.00001E-02));
#2112 = CARTESIAN_POINT('',(0.125,0.825,1.000000000098E-07));
#2113 = ORIENTED_EDGE('',*,*,#1900,.F.);
#2114 = B_SPLINE_SURFACE_WITH_KNOTS('',1,1,(
    (#2115,#2116)
    ,(#2117,#2118
    )),.UNSPECIFIED.,.F.,.F.,.F.,(2,2),(2,2),(-0.185,0.),(-0.203,0.),
  .PIECEWISE_BEZIER_KNOTS.);
#2115 = CARTESIAN_POINT('',(0.125,1.01,1.000000000098E-07));
#2116 = CARTESIAN_POINT('',(0.125,1.01,0.2030001));
#2117 = CARTESIAN_POINT('',(0.125,0.825,1.000000000098E-07));
#2118 = CARTESIAN_POINT('',(0.125,0.825,0.2030001));
#2119 = ADVANCED_FACE('',(#2120),#2139,.T.);
#2120 = FACE_BOUND('',#2121,.T.);
#2121 = EDGE_LOOP('',(#2122,#2123,#2124,#2134));
#2122 = ORIENTED_EDGE('',*,*,#1907,.F.);
#2123 = ORIENTED_EDGE('',*,*,#2109,.T.);
#2124 = ORIENTED_EDGE('',*,*,#2125,.F.);
#2125 = EDGE_CURVE('',#2126,#2103,#2128,.T.);
#2126 = VERTEX_POINT('',#2127);
#2127 = CARTESIAN_POINT('',(0.375,0.825,9.999999999941E-08));
#2128 = ( BOUNDED_CURVE() B_SPLINE_CURVE(2,(#2129,#2130,#2131,#2132,
#2133),.UNSPECIFIED.,.F.,.F.) B_SPLINE_CURVE_WITH_KNOTS((3,2,3),(
    3.14159265359,4.712388980385,6.28318530718),
.PIECEWISE_BEZIER_KNOTS.) CURVE() GEOMETRIC_REPRESENTATION_ITEM() 
RATIONAL_B_SPLINE_CURVE((1.,0.707106781187,1.,0.707106781187,1.)) 
REPRESENTATION_ITEM('') );
#2129 = CARTESIAN_POINT('',(0.375,0.825,9.999999999941E-08));
#2130 = CARTESIAN_POINT('',(0.375,0.7,9.999999999941E-08));
#2131 = CARTESIAN_POINT('',(0.25,0.7,9.999999999941E-08));
#2132 = CARTESIAN_POINT('',(0.125,0.7,9.999999999941E-08));
#2133 = CARTESIAN_POINT('',(0.125,0.825,9.999999999941E-08));
#2134 = ORIENTED_EDGE('',*,*,#2135,.F.);
#2135 = EDGE_CURVE('',#1908,#2126,#2136,.T.);
#2136 = B_SPLINE_CURVE_WITH_KNOTS('',1,(#2137,#2138),.UNSPECIFIED.,.F.,
  .F.,(2,2),(0.183,0.203),.PIECEWISE_BEZIER_KNOTS.);
#2137 = CARTESIAN_POINT('',(0.375,0.825,2.00001E-02));
#2138 = CARTESIAN_POINT('',(0.375,0.825,1.000000000098E-07));
#2139 = ( BOUNDED_SURFACE() B_SPLINE_SURFACE(2,1,(
    (#2140,#2141)
    ,(#2142,#2143)
    ,(#2144,#2145)
    ,(#2146,#2147)
    ,(#2148,#2149
)),.UNSPECIFIED.,.F.,.F.,.F.) B_SPLINE_SURFACE_WITH_KNOTS((3,2,3),(2,2),
  (3.14159265359,4.712388980385,6.28318530718),(0.183,0.203),
.PIECEWISE_BEZIER_KNOTS.) GEOMETRIC_REPRESENTATION_ITEM() 
RATIONAL_B_SPLINE_SURFACE((
    (1.,1.)
    ,(0.707106781187,0.707106781187)
    ,(1.,1.)
    ,(0.707106781187,0.707106781187)
,(1.,1.))) REPRESENTATION_ITEM('') SURFACE() );
#2140 = CARTESIAN_POINT('',(0.375,0.825,2.00001E-02));
#2141 = CARTESIAN_POINT('',(0.375,0.825,1.000000000098E-07));
#2142 = CARTESIAN_POINT('',(0.375,0.7,2.00001E-02));
#2143 = CARTESIAN_POINT('',(0.375,0.7,1.000000000098E-07));
#2144 = CARTESIAN_POINT('',(0.25,0.7,2.00001E-02));
#2145 = CARTESIAN_POINT('',(0.25,0.7,1.000000000098E-07));
#2146 = CARTESIAN_POINT('',(0.125,0.7,2.00001E-02));
#2147 = CARTESIAN_POINT('',(0.125,0.7,1.000000000098E-07));
#2148 = CARTESIAN_POINT('',(0.125,0.825,2.00001E-02));
#2149 = CARTESIAN_POINT('',(0.125,0.825,1.000000000098E-07));
#2150 = ADVANCED_FACE('',(#2151),#2169,.T.);
#2151 = FACE_BOUND('',#2152,.T.);
#2152 = EDGE_LOOP('',(#2153,#2154,#2155,#2156,#2163,#2168));
#2153 = ORIENTED_EDGE('',*,*,#1578,.F.);
#2154 = ORIENTED_EDGE('',*,*,#1917,.F.);
#2155 = ORIENTED_EDGE('',*,*,#2135,.T.);
#2156 = ORIENTED_EDGE('',*,*,#2157,.F.);
#2157 = EDGE_CURVE('',#2158,#2126,#2160,.T.);
#2158 = VERTEX_POINT('',#2159);
#2159 = CARTESIAN_POINT('',(0.375,1.01,9.999999999941E-08));
#2160 = B_SPLINE_CURVE_WITH_KNOTS('',1,(#2161,#2162),.UNSPECIFIED.,.F.,
  .F.,(2,2),(-0.185,-0.),.PIECEWISE_BEZIER_KNOTS.);
#2161 = CARTESIAN_POINT('',(0.375,1.01,9.999999999941E-08));
#2162 = CARTESIAN_POINT('',(0.375,0.825,9.999999999941E-08));
#2163 = ORIENTED_EDGE('',*,*,#2164,.F.);
#2164 = EDGE_CURVE('',#2074,#2158,#2165,.T.);
#2165 = B_SPLINE_CURVE_WITH_KNOTS('',1,(#2166,#2167),.UNSPECIFIED.,.F.,
  .F.,(2,2),(0.,0.203),.PIECEWISE_BEZIER_KNOTS.);
#2166 = CARTESIAN_POINT('',(0.375,1.01,0.2030001));
#2167 = CARTESIAN_POINT('',(0.375,1.01,1.000000000098E-07));
#2168 = ORIENTED_EDGE('',*,*,#2073,.T.);
#2169 = B_SPLINE_SURFACE_WITH_KNOTS('',1,1,(
    (#2170,#2171)
    ,(#2172,#2173
    )),.UNSPECIFIED.,.F.,.F.,.F.,(2,2),(2,2),(0.,0.185),(-0.203,0.),
  .PIECEWISE_BEZIER_KNOTS.);
#2170 = CARTESIAN_POINT('',(0.375,0.825,1.000000000098E-07));
#2171 = CARTESIAN_POINT('',(0.375,0.825,0.2030001));
#2172 = CARTESIAN_POINT('',(0.375,1.01,1.000000000098E-07));
#2173 = CARTESIAN_POINT('',(0.375,1.01,0.2030001));
#2174 = ADVANCED_FACE('',(#2175),#2185,.T.);
#2175 = FACE_BOUND('',#2176,.T.);
#2176 = EDGE_LOOP('',(#2177,#2178,#2183,#2184));
#2177 = ORIENTED_EDGE('',*,*,#2164,.T.);
#2178 = ORIENTED_EDGE('',*,*,#2179,.F.);
#2179 = EDGE_CURVE('',#2096,#2158,#2180,.T.);
#2180 = B_SPLINE_CURVE_WITH_KNOTS('',1,(#2181,#2182),.UNSPECIFIED.,.F.,
  .F.,(2,2),(-0.25,0.),.PIECEWISE_BEZIER_KNOTS.);
#2181 = CARTESIAN_POINT('',(0.125,1.01,9.999999999941E-08));
#2182 = CARTESIAN_POINT('',(0.375,1.01,9.999999999941E-08));
#2183 = ORIENTED_EDGE('',*,*,#2095,.F.);
#2184 = ORIENTED_EDGE('',*,*,#2080,.T.);
#2185 = B_SPLINE_SURFACE_WITH_KNOTS('',1,1,(
    (#2186,#2187)
    ,(#2188,#2189
    )),.UNSPECIFIED.,.F.,.F.,.F.,(2,2),(2,2),(-0.203,0.),(-0.25,0.),
  .PIECEWISE_BEZIER_KNOTS.);
#2186 = CARTESIAN_POINT('',(0.125,1.01,1.000000000098E-07));
#2187 = CARTESIAN_POINT('',(0.375,1.01,1.000000000098E-07));
#2188 = CARTESIAN_POINT('',(0.125,1.01,0.2030001));
#2189 = CARTESIAN_POINT('',(0.375,1.01,0.2030001));
#2190 = ADVANCED_FACE('',(#2191),#2197,.T.);
#2191 = FACE_BOUND('',#2192,.T.);
#2192 = EDGE_LOOP('',(#2193,#2194,#2195,#2196));
#2193 = ORIENTED_EDGE('',*,*,#2102,.T.);
#2194 = ORIENTED_EDGE('',*,*,#2179,.T.);
#2195 = ORIENTED_EDGE('',*,*,#2157,.T.);
#2196 = ORIENTED_EDGE('',*,*,#2125,.T.);
#2197 = B_SPLINE_SURFACE_WITH_KNOTS('',1,1,(
    (#2198,#2199)
    ,(#2200,#2201
  )),.UNSPECIFIED.,.F.,.F.,.F.,(2,2),(2,2),(-0.125,0.125),(-0.125,0.185)
  ,.PIECEWISE_BEZIER_KNOTS.);
#2198 = CARTESIAN_POINT('',(0.375,0.7,9.999999999941E-08));
#2199 = CARTESIAN_POINT('',(0.375,1.01,9.999999999941E-08));
#2200 = CARTESIAN_POINT('',(0.125,0.7,9.999999999941E-08));
#2201 = CARTESIAN_POINT('',(0.125,1.01,9.999999999941E-08));
#2202 = ADVANCED_FACE('',(#2203),#2225,.F.);
#2203 = FACE_BOUND('',#2204,.T.);
#2204 = EDGE_LOOP('',(#2205,#2212,#2213,#2220));
#2205 = ORIENTED_EDGE('',*,*,#2206,.F.);
#2206 = EDGE_CURVE('',#1614,#2207,#2209,.T.);
#2207 = VERTEX_POINT('',#2208);
#2208 = CARTESIAN_POINT('',(-0.375,1.01,0.2030001));
#2209 = B_SPLINE_CURVE_WITH_KNOTS('',1,(#2210,#2211),.UNSPECIFIED.,.F.,
  .F.,(2,2),(0.175,0.185),.PIECEWISE_BEZIER_KNOTS.);
#2210 = CARTESIAN_POINT('',(-0.375,1.,0.2030001));
#2211 = CARTESIAN_POINT('',(-0.375,1.01,0.2030001));
#2212 = ORIENTED_EDGE('',*,*,#1613,.T.);
#2213 = ORIENTED_EDGE('',*,*,#2214,.F.);
#2214 = EDGE_CURVE('',#2215,#1607,#2217,.T.);
#2215 = VERTEX_POINT('',#2216);
#2216 = CARTESIAN_POINT('',(-0.125,1.01,0.2030001));
#2217 = B_SPLINE_CURVE_WITH_KNOTS('',1,(#2218,#2219),.UNSPECIFIED.,.F.,
  .F.,(2,2),(-0.185,-0.175),.PIECEWISE_BEZIER_KNOTS.);
#2218 = CARTESIAN_POINT('',(-0.125,1.01,0.2030001));
#2219 = CARTESIAN_POINT('',(-0.125,1.,0.2030001));
#2220 = ORIENTED_EDGE('',*,*,#2221,.F.);
#2221 = EDGE_CURVE('',#2207,#2215,#2222,.T.);
#2222 = B_SPLINE_CURVE_WITH_KNOTS('',1,(#2223,#2224),.UNSPECIFIED.,.F.,
  .F.,(2,2),(-0.25,0.),.PIECEWISE_BEZIER_KNOTS.);
#2223 = CARTESIAN_POINT('',(-0.375,1.01,0.2030001));
#2224 = CARTESIAN_POINT('',(-0.125,1.01,0.2030001));
#2225 = B_SPLINE_SURFACE_WITH_KNOTS('',1,1,(
    (#2226,#2227)
    ,(#2228,#2229
  )),.UNSPECIFIED.,.F.,.F.,.F.,(2,2),(2,2),(-0.125,0.125),(0.175,0.185),
  .PIECEWISE_BEZIER_KNOTS.);
#2226 = CARTESIAN_POINT('',(-0.125,1.,0.2030001));
#2227 = CARTESIAN_POINT('',(-0.125,1.01,0.2030001));
#2228 = CARTESIAN_POINT('',(-0.375,1.,0.2030001));
#2229 = CARTESIAN_POINT('',(-0.375,1.01,0.2030001));
#2230 = ADVANCED_FACE('',(#2231),#2255,.T.);
#2231 = FACE_BOUND('',#2232,.T.);
#2232 = EDGE_LOOP('',(#2233,#2234,#2235,#2242,#2249,#2254));
#2233 = ORIENTED_EDGE('',*,*,#1620,.F.);
#2234 = ORIENTED_EDGE('',*,*,#2206,.T.);
#2235 = ORIENTED_EDGE('',*,*,#2236,.T.);
#2236 = EDGE_CURVE('',#2207,#2237,#2239,.T.);
#2237 = VERTEX_POINT('',#2238);
#2238 = CARTESIAN_POINT('',(-0.375,1.01,9.999999999941E-08));
#2239 = B_SPLINE_CURVE_WITH_KNOTS('',1,(#2240,#2241),.UNSPECIFIED.,.F.,
  .F.,(2,2),(0.,0.203),.PIECEWISE_BEZIER_KNOTS.);
#2240 = CARTESIAN_POINT('',(-0.375,1.01,0.2030001));
#2241 = CARTESIAN_POINT('',(-0.375,1.01,1.000000000098E-07));
#2242 = ORIENTED_EDGE('',*,*,#2243,.F.);
#2243 = EDGE_CURVE('',#2244,#2237,#2246,.T.);
#2244 = VERTEX_POINT('',#2245);
#2245 = CARTESIAN_POINT('',(-0.375,0.825,9.999999999941E-08));
#2246 = B_SPLINE_CURVE_WITH_KNOTS('',1,(#2247,#2248),.UNSPECIFIED.,.F.,
  .F.,(2,2),(0.,0.185),.PIECEWISE_BEZIER_KNOTS.);
#2247 = CARTESIAN_POINT('',(-0.375,0.825,9.999999999941E-08));
#2248 = CARTESIAN_POINT('',(-0.375,1.01,9.999999999941E-08));
#2249 = ORIENTED_EDGE('',*,*,#2250,.F.);
#2250 = EDGE_CURVE('',#1878,#2244,#2251,.T.);
#2251 = B_SPLINE_CURVE_WITH_KNOTS('',1,(#2252,#2253),.UNSPECIFIED.,.F.,
  .F.,(2,2),(0.183,0.203),.PIECEWISE_BEZIER_KNOTS.);
#2252 = CARTESIAN_POINT('',(-0.375,0.825,2.00001E-02));
#2253 = CARTESIAN_POINT('',(-0.375,0.825,1.000000000098E-07));
#2254 = ORIENTED_EDGE('',*,*,#1877,.F.);
#2255 = B_SPLINE_SURFACE_WITH_KNOTS('',1,1,(
    (#2256,#2257)
    ,(#2258,#2259
    )),.UNSPECIFIED.,.F.,.F.,.F.,(2,2),(2,2),(-0.185,0.),(-0.203,0.),
  .PIECEWISE_BEZIER_KNOTS.);
#2256 = CARTESIAN_POINT('',(-0.375,1.01,1.000000000098E-07));
#2257 = CARTESIAN_POINT('',(-0.375,1.01,0.2030001));
#2258 = CARTESIAN_POINT('',(-0.375,0.825,1.000000000098E-07));
#2259 = CARTESIAN_POINT('',(-0.375,0.825,0.2030001));
#2260 = ADVANCED_FACE('',(#2261),#2280,.T.);
#2261 = FACE_BOUND('',#2262,.T.);
#2262 = EDGE_LOOP('',(#2263,#2264,#2265,#2275));
#2263 = ORIENTED_EDGE('',*,*,#1884,.F.);
#2264 = ORIENTED_EDGE('',*,*,#2250,.T.);
#2265 = ORIENTED_EDGE('',*,*,#2266,.F.);
#2266 = EDGE_CURVE('',#2267,#2244,#2269,.T.);
#2267 = VERTEX_POINT('',#2268);
#2268 = CARTESIAN_POINT('',(-0.125,0.825,9.999999999941E-08));
#2269 = ( BOUNDED_CURVE() B_SPLINE_CURVE(2,(#2270,#2271,#2272,#2273,
#2274),.UNSPECIFIED.,.F.,.F.) B_SPLINE_CURVE_WITH_KNOTS((3,2,3),(
    3.14159265359,4.712388980385,6.28318530718),
.PIECEWISE_BEZIER_KNOTS.) CURVE() GEOMETRIC_REPRESENTATION_ITEM() 
RATIONAL_B_SPLINE_CURVE((1.,0.707106781187,1.,0.707106781187,1.)) 
REPRESENTATION_ITEM('') );
#2270 = CARTESIAN_POINT('',(-0.125,0.825,9.999999999941E-08));
#2271 = CARTESIAN_POINT('',(-0.125,0.7,9.999999999941E-08));
#2272 = CARTESIAN_POINT('',(-0.25,0.7,9.999999999941E-08));
#2273 = CARTESIAN_POINT('',(-0.375,0.7,9.999999999941E-08));
#2274 = CARTESIAN_POINT('',(-0.375,0.825,9.999999999941E-08));
#2275 = ORIENTED_EDGE('',*,*,#2276,.F.);
#2276 = EDGE_CURVE('',#1885,#2267,#2277,.T.);
#2277 = B_SPLINE_CURVE_WITH_KNOTS('',1,(#2278,#2279),.UNSPECIFIED.,.F.,
  .F.,(2,2),(0.183,0.203),.PIECEWISE_BEZIER_KNOTS.);
#2278 = CARTESIAN_POINT('',(-0.125,0.825,2.00001E-02));
#2279 = CARTESIAN_POINT('',(-0.125,0.825,1.000000000098E-07));
#2280 = ( BOUNDED_SURFACE() B_SPLINE_SURFACE(2,1,(
    (#2281,#2282)
    ,(#2283,#2284)
    ,(#2285,#2286)
    ,(#2287,#2288)
    ,(#2289,#2290
)),.UNSPECIFIED.,.F.,.F.,.F.) B_SPLINE_SURFACE_WITH_KNOTS((3,2,3),(2,2),
  (3.14159265359,4.712388980385,6.28318530718),(0.183,0.203),
.PIECEWISE_BEZIER_KNOTS.) GEOMETRIC_REPRESENTATION_ITEM() 
RATIONAL_B_SPLINE_SURFACE((
    (1.,1.)
    ,(0.707106781187,0.707106781187)
    ,(1.,1.)
    ,(0.707106781187,0.707106781187)
,(1.,1.))) REPRESENTATION_ITEM('') SURFACE() );
#2281 = CARTESIAN_POINT('',(-0.125,0.825,2.00001E-02));
#2282 = CARTESIAN_POINT('',(-0.125,0.825,1.000000000098E-07));
#2283 = CARTESIAN_POINT('',(-0.125,0.7,2.00001E-02));
#2284 = CARTESIAN_POINT('',(-0.125,0.7,1.000000000098E-07));
#2285 = CARTESIAN_POINT('',(-0.25,0.7,2.00001E-02));
#2286 = CARTESIAN_POINT('',(-0.25,0.7,1.000000000098E-07));
#2287 = CARTESIAN_POINT('',(-0.375,0.7,2.00001E-02));
#2288 = CARTESIAN_POINT('',(-0.375,0.7,1.000000000098E-07));
#2289 = CARTESIAN_POINT('',(-0.375,0.825,2.00001E-02));
#2290 = CARTESIAN_POINT('',(-0.375,0.825,1.000000000098E-07));
#2291 = ADVANCED_FACE('',(#2292),#2310,.T.);
#2292 = FACE_BOUND('',#2293,.T.);
#2293 = EDGE_LOOP('',(#2294,#2295,#2296,#2297,#2304,#2309));
#2294 = ORIENTED_EDGE('',*,*,#1606,.F.);
#2295 = ORIENTED_EDGE('',*,*,#1894,.F.);
#2296 = ORIENTED_EDGE('',*,*,#2276,.T.);
#2297 = ORIENTED_EDGE('',*,*,#2298,.F.);
#2298 = EDGE_CURVE('',#2299,#2267,#2301,.T.);
#2299 = VERTEX_POINT('',#2300);
#2300 = CARTESIAN_POINT('',(-0.125,1.01,9.999999999941E-08));
#2301 = B_SPLINE_CURVE_WITH_KNOTS('',1,(#2302,#2303),.UNSPECIFIED.,.F.,
  .F.,(2,2),(-0.185,-8.133150102987E-33),.PIECEWISE_BEZIER_KNOTS.);
#2302 = CARTESIAN_POINT('',(-0.125,1.01,9.999999999941E-08));
#2303 = CARTESIAN_POINT('',(-0.125,0.825,9.999999999941E-08));
#2304 = ORIENTED_EDGE('',*,*,#2305,.F.);
#2305 = EDGE_CURVE('',#2215,#2299,#2306,.T.);
#2306 = B_SPLINE_CURVE_WITH_KNOTS('',1,(#2307,#2308),.UNSPECIFIED.,.F.,
  .F.,(2,2),(0.,0.203),.PIECEWISE_BEZIER_KNOTS.);
#2307 = CARTESIAN_POINT('',(-0.125,1.01,0.2030001));
#2308 = CARTESIAN_POINT('',(-0.125,1.01,1.000000000098E-07));
#2309 = ORIENTED_EDGE('',*,*,#2214,.T.);
#2310 = B_SPLINE_SURFACE_WITH_KNOTS('',1,1,(
    (#2311,#2312)
    ,(#2313,#2314
    )),.UNSPECIFIED.,.F.,.F.,.F.,(2,2),(2,2),(0.,0.185),(-0.203,0.),
  .PIECEWISE_BEZIER_KNOTS.);
#2311 = CARTESIAN_POINT('',(-0.125,0.825,1.000000000098E-07));
#2312 = CARTESIAN_POINT('',(-0.125,0.825,0.2030001));
#2313 = CARTESIAN_POINT('',(-0.125,1.01,1.000000000098E-07));
#2314 = CARTESIAN_POINT('',(-0.125,1.01,0.2030001));
#2315 = ADVANCED_FACE('',(#2316),#2326,.T.);
#2316 = FACE_BOUND('',#2317,.T.);
#2317 = EDGE_LOOP('',(#2318,#2319,#2324,#2325));
#2318 = ORIENTED_EDGE('',*,*,#2305,.T.);
#2319 = ORIENTED_EDGE('',*,*,#2320,.F.);
#2320 = EDGE_CURVE('',#2237,#2299,#2321,.T.);
#2321 = B_SPLINE_CURVE_WITH_KNOTS('',1,(#2322,#2323),.UNSPECIFIED.,.F.,
  .F.,(2,2),(-0.25,0.),.PIECEWISE_BEZIER_KNOTS.);
#2322 = CARTESIAN_POINT('',(-0.375,1.01,9.999999999941E-08));
#2323 = CARTESIAN_POINT('',(-0.125,1.01,9.999999999941E-08));
#2324 = ORIENTED_EDGE('',*,*,#2236,.F.);
#2325 = ORIENTED_EDGE('',*,*,#2221,.T.);
#2326 = B_SPLINE_SURFACE_WITH_KNOTS('',1,1,(
    (#2327,#2328)
    ,(#2329,#2330
    )),.UNSPECIFIED.,.F.,.F.,.F.,(2,2),(2,2),(-0.203,0.),(-0.25,0.),
  .PIECEWISE_BEZIER_KNOTS.);
#2327 = CARTESIAN_POINT('',(-0.375,1.01,1.000000000098E-07));
#2328 = CARTESIAN_POINT('',(-0.125,1.01,1.000000000098E-07));
#2329 = CARTESIAN_POINT('',(-0.375,1.01,0.2030001));
#2330 = CARTESIAN_POINT('',(-0.125,1.01,0.2030001));
#2331 = ADVANCED_FACE('',(#2332),#2338,.T.);
#2332 = FACE_BOUND('',#2333,.T.);
#2333 = EDGE_LOOP('',(#2334,#2335,#2336,#2337));
#2334 = ORIENTED_EDGE('',*,*,#2320,.T.);
#2335 = ORIENTED_EDGE('',*,*,#2298,.T.);
#2336 = ORIENTED_EDGE('',*,*,#2266,.T.);
#2337 = ORIENTED_EDGE('',*,*,#2243,.T.);
#2338 = B_SPLINE_SURFACE_WITH_KNOTS('',1,1,(
    (#2339,#2340)
    ,(#2341,#2342
  )),.UNSPECIFIED.,.F.,.F.,.F.,(2,2),(2,2),(-0.125,0.125),(-0.125,0.185)
  ,.PIECEWISE_BEZIER_KNOTS.);
#2339 = CARTESIAN_POINT('',(-0.125,0.7,9.999999999941E-08));
#2340 = CARTESIAN_POINT('',(-0.125,1.01,9.999999999941E-08));
#2341 = CARTESIAN_POINT('',(-0.375,0.7,9.999999999941E-08));
#2342 = CARTESIAN_POINT('',(-0.375,1.01,9.999999999941E-08));
#2343 = ADVANCED_FACE('',(#2344),#2366,.T.);
#2344 = FACE_BOUND('',#2345,.T.);
#2345 = EDGE_LOOP('',(#2346,#2347,#2354,#2361));
#2346 = ORIENTED_EDGE('',*,*,#1557,.F.);
#2347 = ORIENTED_EDGE('',*,*,#2348,.F.);
#2348 = EDGE_CURVE('',#2349,#1551,#2351,.T.);
#2349 = VERTEX_POINT('',#2350);
#2350 = CARTESIAN_POINT('',(0.875,1.01,0.2030001));
#2351 = B_SPLINE_CURVE_WITH_KNOTS('',1,(#2352,#2353),.UNSPECIFIED.,.F.,
  .F.,(2,2),(-0.185,-0.175),.PIECEWISE_BEZIER_KNOTS.);
#2352 = CARTESIAN_POINT('',(0.875,1.01,0.2030001));
#2353 = CARTESIAN_POINT('',(0.875,1.,0.2030001));
#2354 = ORIENTED_EDGE('',*,*,#2355,.F.);
#2355 = EDGE_CURVE('',#2356,#2349,#2358,.T.);
#2356 = VERTEX_POINT('',#2357);
#2357 = CARTESIAN_POINT('',(0.625,1.01,0.2030001));
#2358 = B_SPLINE_CURVE_WITH_KNOTS('',1,(#2359,#2360),.UNSPECIFIED.,.F.,
  .F.,(2,2),(0.,0.25),.PIECEWISE_BEZIER_KNOTS.);
#2359 = CARTESIAN_POINT('',(0.625,1.01,0.2030001));
#2360 = CARTESIAN_POINT('',(0.875,1.01,0.2030001));
#2361 = ORIENTED_EDGE('',*,*,#2362,.F.);
#2362 = EDGE_CURVE('',#1558,#2356,#2363,.T.);
#2363 = B_SPLINE_CURVE_WITH_KNOTS('',1,(#2364,#2365),.UNSPECIFIED.,.F.,
  .F.,(2,2),(0.175,0.185),.PIECEWISE_BEZIER_KNOTS.);
#2364 = CARTESIAN_POINT('',(0.625,1.,0.2030001));
#2365 = CARTESIAN_POINT('',(0.625,1.01,0.2030001));
#2366 = B_SPLINE_SURFACE_WITH_KNOTS('',1,1,(
    (#2367,#2368)
    ,(#2369,#2370
  )),.UNSPECIFIED.,.F.,.F.,.F.,(2,2),(2,2),(-0.125,0.125),(0.175,0.185),
  .PIECEWISE_BEZIER_KNOTS.);
#2367 = CARTESIAN_POINT('',(0.625,1.,0.2030001));
#2368 = CARTESIAN_POINT('',(0.625,1.01,0.2030001));
#2369 = CARTESIAN_POINT('',(0.875,1.,0.2030001));
#2370 = CARTESIAN_POINT('',(0.875,1.01,0.2030001));
#2371 = ADVANCED_FACE('',(#2372),#2397,.T.);
#2372 = FACE_BOUND('',#2373,.T.);
#2373 = EDGE_LOOP('',(#2374,#2375,#2382,#2392));
#2374 = ORIENTED_EDGE('',*,*,#1930,.F.);
#2375 = ORIENTED_EDGE('',*,*,#2376,.T.);
#2376 = EDGE_CURVE('',#1924,#2377,#2379,.T.);
#2377 = VERTEX_POINT('',#2378);
#2378 = CARTESIAN_POINT('',(0.625,0.825,9.999999999941E-08));
#2379 = B_SPLINE_CURVE_WITH_KNOTS('',1,(#2380,#2381),.UNSPECIFIED.,.F.,
  .F.,(2,2),(0.183,0.203),.PIECEWISE_BEZIER_KNOTS.);
#2380 = CARTESIAN_POINT('',(0.625,0.825,2.00001E-02));
#2381 = CARTESIAN_POINT('',(0.625,0.825,1.000000000098E-07));
#2382 = ORIENTED_EDGE('',*,*,#2383,.F.);
#2383 = EDGE_CURVE('',#2384,#2377,#2386,.T.);
#2384 = VERTEX_POINT('',#2385);
#2385 = CARTESIAN_POINT('',(0.875,0.825,9.999999999941E-08));
#2386 = ( BOUNDED_CURVE() B_SPLINE_CURVE(2,(#2387,#2388,#2389,#2390,
#2391),.UNSPECIFIED.,.F.,.F.) B_SPLINE_CURVE_WITH_KNOTS((3,2,3),(0.,
1.570796326795,3.14159265359),.PIECEWISE_BEZIER_KNOTS.) CURVE() 
GEOMETRIC_REPRESENTATION_ITEM() RATIONAL_B_SPLINE_CURVE((1.,
0.707106781187,1.,0.707106781187,1.)) REPRESENTATION_ITEM('') );
#2387 = CARTESIAN_POINT('',(0.875,0.825,9.999999999941E-08));
#2388 = CARTESIAN_POINT('',(0.875,0.7,9.999999999941E-08));
#2389 = CARTESIAN_POINT('',(0.75,0.7,9.999999999941E-08));
#2390 = CARTESIAN_POINT('',(0.625,0.7,9.999999999941E-08));
#2391 = CARTESIAN_POINT('',(0.625,0.825,9.999999999941E-08));
#2392 = ORIENTED_EDGE('',*,*,#2393,.F.);
#2393 = EDGE_CURVE('',#1931,#2384,#2394,.T.);
#2394 = B_SPLINE_CURVE_WITH_KNOTS('',1,(#2395,#2396),.UNSPECIFIED.,.F.,
  .F.,(2,2),(0.183,0.203),.PIECEWISE_BEZIER_KNOTS.);
#2395 = CARTESIAN_POINT('',(0.875,0.825,2.00001E-02));
#2396 = CARTESIAN_POINT('',(0.875,0.825,1.000000000098E-07));
#2397 = ( BOUNDED_SURFACE() B_SPLINE_SURFACE(2,1,(
    (#2398,#2399)
    ,(#2400,#2401)
    ,(#2402,#2403)
    ,(#2404,#2405)
    ,(#2406,#2407
)),.UNSPECIFIED.,.F.,.F.,.F.) B_SPLINE_SURFACE_WITH_KNOTS((3,2,3),(2,2),
  (3.14159265359,4.712388980385,6.28318530718),(0.183,0.203),
.PIECEWISE_BEZIER_KNOTS.) GEOMETRIC_REPRESENTATION_ITEM() 
RATIONAL_B_SPLINE_SURFACE((
    (1.,1.)
    ,(0.707106781187,0.707106781187)
    ,(1.,1.)
    ,(0.707106781187,0.707106781187)
,(1.,1.))) REPRESENTATION_ITEM('') SURFACE() );
#2398 = CARTESIAN_POINT('',(0.875,0.825,2.00001E-02));
#2399 = CARTESIAN_POINT('',(0.875,0.825,1.000000000098E-07));
#2400 = CARTESIAN_POINT('',(0.875,0.7,2.00001E-02));
#2401 = CARTESIAN_POINT('',(0.875,0.7,1.000000000098E-07));
#2402 = CARTESIAN_POINT('',(0.75,0.7,2.00001E-02));
#2403 = CARTESIAN_POINT('',(0.75,0.7,1.000000000098E-07));
#2404 = CARTESIAN_POINT('',(0.625,0.7,2.00001E-02));
#2405 = CARTESIAN_POINT('',(0.625,0.7,1.000000000098E-07));
#2406 = CARTESIAN_POINT('',(0.625,0.825,2.00001E-02));
#2407 = CARTESIAN_POINT('',(0.625,0.825,1.000000000098E-07));
#2408 = ADVANCED_FACE('',(#2409),#2427,.T.);
#2409 = FACE_BOUND('',#2410,.T.);
#2410 = EDGE_LOOP('',(#2411,#2412,#2413,#2414,#2421,#2426));
#2411 = ORIENTED_EDGE('',*,*,#1550,.F.);
#2412 = ORIENTED_EDGE('',*,*,#1940,.F.);
#2413 = ORIENTED_EDGE('',*,*,#2393,.T.);
#2414 = ORIENTED_EDGE('',*,*,#2415,.F.);
#2415 = EDGE_CURVE('',#2416,#2384,#2418,.T.);
#2416 = VERTEX_POINT('',#2417);
#2417 = CARTESIAN_POINT('',(0.875,1.01,9.999999999941E-08));
#2418 = B_SPLINE_CURVE_WITH_KNOTS('',1,(#2419,#2420),.UNSPECIFIED.,.F.,
  .F.,(2,2),(-0.185,0.),.PIECEWISE_BEZIER_KNOTS.);
#2419 = CARTESIAN_POINT('',(0.875,1.01,9.999999999941E-08));
#2420 = CARTESIAN_POINT('',(0.875,0.825,9.999999999941E-08));
#2421 = ORIENTED_EDGE('',*,*,#2422,.F.);
#2422 = EDGE_CURVE('',#2349,#2416,#2423,.T.);
#2423 = B_SPLINE_CURVE_WITH_KNOTS('',1,(#2424,#2425),.UNSPECIFIED.,.F.,
  .F.,(2,2),(0.,0.203),.PIECEWISE_BEZIER_KNOTS.);
#2424 = CARTESIAN_POINT('',(0.875,1.01,0.2030001));
#2425 = CARTESIAN_POINT('',(0.875,1.01,1.000000000098E-07));
#2426 = ORIENTED_EDGE('',*,*,#2348,.T.);
#2427 = B_SPLINE_SURFACE_WITH_KNOTS('',1,1,(
    (#2428,#2429)
    ,(#2430,#2431
    )),.UNSPECIFIED.,.F.,.F.,.F.,(2,2),(2,2),(0.,0.185),(-0.203,0.),
  .PIECEWISE_BEZIER_KNOTS.);
#2428 = CARTESIAN_POINT('',(0.875,0.825,1.000000000098E-07));
#2429 = CARTESIAN_POINT('',(0.875,0.825,0.2030001));
#2430 = CARTESIAN_POINT('',(0.875,1.01,1.000000000098E-07));
#2431 = CARTESIAN_POINT('',(0.875,1.01,0.2030001));
#2432 = ADVANCED_FACE('',(#2433),#2451,.T.);
#2433 = FACE_BOUND('',#2434,.T.);
#2434 = EDGE_LOOP('',(#2435,#2436,#2437,#2444,#2449,#2450));
#2435 = ORIENTED_EDGE('',*,*,#1564,.F.);
#2436 = ORIENTED_EDGE('',*,*,#2362,.T.);
#2437 = ORIENTED_EDGE('',*,*,#2438,.T.);
#2438 = EDGE_CURVE('',#2356,#2439,#2441,.T.);
#2439 = VERTEX_POINT('',#2440);
#2440 = CARTESIAN_POINT('',(0.625,1.01,9.999999999941E-08));
#2441 = B_SPLINE_CURVE_WITH_KNOTS('',1,(#2442,#2443),.UNSPECIFIED.,.F.,
  .F.,(2,2),(0.,0.203),.PIECEWISE_BEZIER_KNOTS.);
#2442 = CARTESIAN_POINT('',(0.625,1.01,0.2030001));
#2443 = CARTESIAN_POINT('',(0.625,1.01,1.000000000098E-07));
#2444 = ORIENTED_EDGE('',*,*,#2445,.F.);
#2445 = EDGE_CURVE('',#2377,#2439,#2446,.T.);
#2446 = B_SPLINE_CURVE_WITH_KNOTS('',1,(#2447,#2448),.UNSPECIFIED.,.F.,
  .F.,(2,2),(0.,0.185),.PIECEWISE_BEZIER_KNOTS.);
#2447 = CARTESIAN_POINT('',(0.625,0.825,9.999999999941E-08));
#2448 = CARTESIAN_POINT('',(0.625,1.01,9.999999999941E-08));
#2449 = ORIENTED_EDGE('',*,*,#2376,.F.);
#2450 = ORIENTED_EDGE('',*,*,#1923,.F.);
#2451 = B_SPLINE_SURFACE_WITH_KNOTS('',1,1,(
    (#2452,#2453)
    ,(#2454,#2455
    )),.UNSPECIFIED.,.F.,.F.,.F.,(2,2),(2,2),(-0.185,0.),(-0.203,0.),
  .PIECEWISE_BEZIER_KNOTS.);
#2452 = CARTESIAN_POINT('',(0.625,1.01,1.000000000098E-07));
#2453 = CARTESIAN_POINT('',(0.625,1.01,0.2030001));
#2454 = CARTESIAN_POINT('',(0.625,0.825,1.000000000098E-07));
#2455 = CARTESIAN_POINT('',(0.625,0.825,0.2030001));
#2456 = ADVANCED_FACE('',(#2457),#2467,.T.);
#2457 = FACE_BOUND('',#2458,.T.);
#2458 = EDGE_LOOP('',(#2459,#2460,#2465,#2466));
#2459 = ORIENTED_EDGE('',*,*,#2422,.T.);
#2460 = ORIENTED_EDGE('',*,*,#2461,.F.);
#2461 = EDGE_CURVE('',#2439,#2416,#2462,.T.);
#2462 = B_SPLINE_CURVE_WITH_KNOTS('',1,(#2463,#2464),.UNSPECIFIED.,.F.,
  .F.,(2,2),(0.,0.25),.PIECEWISE_BEZIER_KNOTS.);
#2463 = CARTESIAN_POINT('',(0.625,1.01,9.999999999941E-08));
#2464 = CARTESIAN_POINT('',(0.875,1.01,9.999999999941E-08));
#2465 = ORIENTED_EDGE('',*,*,#2438,.F.);
#2466 = ORIENTED_EDGE('',*,*,#2355,.T.);
#2467 = B_SPLINE_SURFACE_WITH_KNOTS('',1,1,(
    (#2468,#2469)
    ,(#2470,#2471
    )),.UNSPECIFIED.,.F.,.F.,.F.,(2,2),(2,2),(-0.203,0.),(0.,0.25),
  .PIECEWISE_BEZIER_KNOTS.);
#2468 = CARTESIAN_POINT('',(0.625,1.01,1.000000000098E-07));
#2469 = CARTESIAN_POINT('',(0.875,1.01,1.000000000098E-07));
#2470 = CARTESIAN_POINT('',(0.625,1.01,0.2030001));
#2471 = CARTESIAN_POINT('',(0.875,1.01,0.2030001));
#2472 = ADVANCED_FACE('',(#2473),#2479,.F.);
#2473 = FACE_BOUND('',#2474,.T.);
#2474 = EDGE_LOOP('',(#2475,#2476,#2477,#2478));
#2475 = ORIENTED_EDGE('',*,*,#2383,.T.);
#2476 = ORIENTED_EDGE('',*,*,#2445,.T.);
#2477 = ORIENTED_EDGE('',*,*,#2461,.T.);
#2478 = ORIENTED_EDGE('',*,*,#2415,.T.);
#2479 = B_SPLINE_SURFACE_WITH_KNOTS('',1,1,(
    (#2480,#2481)
    ,(#2482,#2483
  )),.UNSPECIFIED.,.F.,.F.,.F.,(2,2),(2,2),(-0.125,0.125),(-0.125,0.185)
  ,.PIECEWISE_BEZIER_KNOTS.);
#2480 = CARTESIAN_POINT('',(0.625,0.7,9.999999999941E-08));
#2481 = CARTESIAN_POINT('',(0.625,1.01,9.999999999941E-08));
#2482 = CARTESIAN_POINT('',(0.875,0.7,9.999999999941E-08));
#2483 = CARTESIAN_POINT('',(0.875,1.01,9.999999999941E-08));
#2484 = ADVANCED_FACE('',(#2485),#2507,.F.);
#2485 = FACE_BOUND('',#2486,.T.);
#2486 = EDGE_LOOP('',(#2487,#2494,#2495,#2502));
#2487 = ORIENTED_EDGE('',*,*,#2488,.F.);
#2488 = EDGE_CURVE('',#1514,#2489,#2491,.T.);
#2489 = VERTEX_POINT('',#2490);
#2490 = CARTESIAN_POINT('',(-0.875,1.01,0.2030001));
#2491 = B_SPLINE_CURVE_WITH_KNOTS('',1,(#2492,#2493),.UNSPECIFIED.,.F.,
  .F.,(2,2),(0.175,0.185),.PIECEWISE_BEZIER_KNOTS.);
#2492 = CARTESIAN_POINT('',(-0.875,1.,0.2030001));
#2493 = CARTESIAN_POINT('',(-0.875,1.01,0.2030001));
#2494 = ORIENTED_EDGE('',*,*,#1513,.T.);
#2495 = ORIENTED_EDGE('',*,*,#2496,.F.);
#2496 = EDGE_CURVE('',#2497,#1516,#2499,.T.);
#2497 = VERTEX_POINT('',#2498);
#2498 = CARTESIAN_POINT('',(-0.625,1.01,0.2030001));
#2499 = B_SPLINE_CURVE_WITH_KNOTS('',1,(#2500,#2501),.UNSPECIFIED.,.F.,
  .F.,(2,2),(-0.185,-0.175),.PIECEWISE_BEZIER_KNOTS.);
#2500 = CARTESIAN_POINT('',(-0.625,1.01,0.2030001));
#2501 = CARTESIAN_POINT('',(-0.625,1.,0.2030001));
#2502 = ORIENTED_EDGE('',*,*,#2503,.F.);
#2503 = EDGE_CURVE('',#2489,#2497,#2504,.T.);
#2504 = B_SPLINE_CURVE_WITH_KNOTS('',1,(#2505,#2506),.UNSPECIFIED.,.F.,
  .F.,(2,2),(-0.25,0.),.PIECEWISE_BEZIER_KNOTS.);
#2505 = CARTESIAN_POINT('',(-0.875,1.01,0.2030001));
#2506 = CARTESIAN_POINT('',(-0.625,1.01,0.2030001));
#2507 = B_SPLINE_SURFACE_WITH_KNOTS('',1,1,(
    (#2508,#2509)
    ,(#2510,#2511
  )),.UNSPECIFIED.,.F.,.F.,.F.,(2,2),(2,2),(-0.125,0.125),(0.175,0.185),
  .PIECEWISE_BEZIER_KNOTS.);
#2508 = CARTESIAN_POINT('',(-0.625,1.,0.2030001));
#2509 = CARTESIAN_POINT('',(-0.625,1.01,0.2030001));
#2510 = CARTESIAN_POINT('',(-0.875,1.,0.2030001));
#2511 = CARTESIAN_POINT('',(-0.875,1.01,0.2030001));
#2512 = ADVANCED_FACE('',(#2513),#2537,.T.);
#2513 = FACE_BOUND('',#2514,.T.);
#2514 = EDGE_LOOP('',(#2515,#2516,#2517,#2524,#2531,#2536));
#2515 = ORIENTED_EDGE('',*,*,#1522,.F.);
#2516 = ORIENTED_EDGE('',*,*,#2488,.T.);
#2517 = ORIENTED_EDGE('',*,*,#2518,.T.);
#2518 = EDGE_CURVE('',#2489,#2519,#2521,.T.);
#2519 = VERTEX_POINT('',#2520);
#2520 = CARTESIAN_POINT('',(-0.875,1.01,9.999999999941E-08));
#2521 = B_SPLINE_CURVE_WITH_KNOTS('',1,(#2522,#2523),.UNSPECIFIED.,.F.,
  .F.,(2,2),(0.,0.203),.PIECEWISE_BEZIER_KNOTS.);
#2522 = CARTESIAN_POINT('',(-0.875,1.01,0.2030001));
#2523 = CARTESIAN_POINT('',(-0.875,1.01,1.000000000098E-07));
#2524 = ORIENTED_EDGE('',*,*,#2525,.F.);
#2525 = EDGE_CURVE('',#2526,#2519,#2528,.T.);
#2526 = VERTEX_POINT('',#2527);
#2527 = CARTESIAN_POINT('',(-0.875,0.825,9.999999999941E-08));
#2528 = B_SPLINE_CURVE_WITH_KNOTS('',1,(#2529,#2530),.UNSPECIFIED.,.F.,
  .F.,(2,2),(0.,0.185),.PIECEWISE_BEZIER_KNOTS.);
#2529 = CARTESIAN_POINT('',(-0.875,0.825,9.999999999941E-08));
#2530 = CARTESIAN_POINT('',(-0.875,1.01,9.999999999941E-08));
#2531 = ORIENTED_EDGE('',*,*,#2532,.F.);
#2532 = EDGE_CURVE('',#1855,#2526,#2533,.T.);
#2533 = B_SPLINE_CURVE_WITH_KNOTS('',1,(#2534,#2535),.UNSPECIFIED.,.F.,
  .F.,(2,2),(0.183,0.203),.PIECEWISE_BEZIER_KNOTS.);
#2534 = CARTESIAN_POINT('',(-0.875,0.825,2.00001E-02));
#2535 = CARTESIAN_POINT('',(-0.875,0.825,1.000000000098E-07));
#2536 = ORIENTED_EDGE('',*,*,#1854,.F.);
#2537 = B_SPLINE_SURFACE_WITH_KNOTS('',1,1,(
    (#2538,#2539)
    ,(#2540,#2541
    )),.UNSPECIFIED.,.F.,.F.,.F.,(2,2),(2,2),(-0.185,0.),(-0.203,0.),
  .PIECEWISE_BEZIER_KNOTS.);
#2538 = CARTESIAN_POINT('',(-0.875,1.01,1.000000000098E-07));
#2539 = CARTESIAN_POINT('',(-0.875,1.01,0.2030001));
#2540 = CARTESIAN_POINT('',(-0.875,0.825,1.000000000098E-07));
#2541 = CARTESIAN_POINT('',(-0.875,0.825,0.2030001));
#2542 = ADVANCED_FACE('',(#2543),#2562,.T.);
#2543 = FACE_BOUND('',#2544,.T.);
#2544 = EDGE_LOOP('',(#2545,#2546,#2547,#2557));
#2545 = ORIENTED_EDGE('',*,*,#1861,.F.);
#2546 = ORIENTED_EDGE('',*,*,#2532,.T.);
#2547 = ORIENTED_EDGE('',*,*,#2548,.F.);
#2548 = EDGE_CURVE('',#2549,#2526,#2551,.T.);
#2549 = VERTEX_POINT('',#2550);
#2550 = CARTESIAN_POINT('',(-0.625,0.825,9.999999999941E-08));
#2551 = ( BOUNDED_CURVE() B_SPLINE_CURVE(2,(#2552,#2553,#2554,#2555,
#2556),.UNSPECIFIED.,.F.,.F.) B_SPLINE_CURVE_WITH_KNOTS((3,2,3),(
    3.14159265359,4.712388980385,6.28318530718),
.PIECEWISE_BEZIER_KNOTS.) CURVE() GEOMETRIC_REPRESENTATION_ITEM() 
RATIONAL_B_SPLINE_CURVE((1.,0.707106781187,1.,0.707106781187,1.)) 
REPRESENTATION_ITEM('') );
#2552 = CARTESIAN_POINT('',(-0.625,0.825,9.999999999941E-08));
#2553 = CARTESIAN_POINT('',(-0.625,0.7,9.999999999941E-08));
#2554 = CARTESIAN_POINT('',(-0.75,0.7,9.999999999941E-08));
#2555 = CARTESIAN_POINT('',(-0.875,0.7,9.999999999941E-08));
#2556 = CARTESIAN_POINT('',(-0.875,0.825,9.999999999941E-08));
#2557 = ORIENTED_EDGE('',*,*,#2558,.F.);
#2558 = EDGE_CURVE('',#1862,#2549,#2559,.T.);
#2559 = B_SPLINE_CURVE_WITH_KNOTS('',1,(#2560,#2561),.UNSPECIFIED.,.F.,
  .F.,(2,2),(0.183,0.203),.PIECEWISE_BEZIER_KNOTS.);
#2560 = CARTESIAN_POINT('',(-0.625,0.825,2.00001E-02));
#2561 = CARTESIAN_POINT('',(-0.625,0.825,1.000000000098E-07));
#2562 = ( BOUNDED_SURFACE() B_SPLINE_SURFACE(2,1,(
    (#2563,#2564)
    ,(#2565,#2566)
    ,(#2567,#2568)
    ,(#2569,#2570)
    ,(#2571,#2572
)),.UNSPECIFIED.,.F.,.F.,.F.) B_SPLINE_SURFACE_WITH_KNOTS((3,2,3),(2,2),
  (3.14159265359,4.712388980385,6.28318530718),(0.183,0.203),
.PIECEWISE_BEZIER_KNOTS.) GEOMETRIC_REPRESENTATION_ITEM() 
RATIONAL_B_SPLINE_SURFACE((
    (1.,1.)
    ,(0.707106781187,0.707106781187)
    ,(1.,1.)
    ,(0.707106781187,0.707106781187)
,(1.,1.))) REPRESENTATION_ITEM('') SURFACE() );
#2563 = CARTESIAN_POINT('',(-0.625,0.825,2.00001E-02));
#2564 = CARTESIAN_POINT('',(-0.625,0.825,1.000000000098E-07));
#2565 = CARTESIAN_POINT('',(-0.625,0.7,2.00001E-02));
#2566 = CARTESIAN_POINT('',(-0.625,0.7,1.000000000098E-07));
#2567 = CARTESIAN_POINT('',(-0.75,0.7,2.00001E-02));
#2568 = CARTESIAN_POINT('',(-0.75,0.7,1.000000000098E-07));
#2569 = CARTESIAN_POINT('',(-0.875,0.7,2.00001E-02));
#2570 = CARTESIAN_POINT('',(-0.875,0.7,1.000000000098E-07));
#2571 = CARTESIAN_POINT('',(-0.875,0.825,2.00001E-02));
#2572 = CARTESIAN_POINT('',(-0.875,0.825,1.000000000098E-07));
#2573 = ADVANCED_FACE('',(#2574),#2592,.T.);
#2574 = FACE_BOUND('',#2575,.T.);
#2575 = EDGE_LOOP('',(#2576,#2577,#2578,#2579,#2586,#2591));
#2576 = ORIENTED_EDGE('',*,*,#1634,.F.);
#2577 = ORIENTED_EDGE('',*,*,#1871,.F.);
#2578 = ORIENTED_EDGE('',*,*,#2558,.T.);
#2579 = ORIENTED_EDGE('',*,*,#2580,.F.);
#2580 = EDGE_CURVE('',#2581,#2549,#2583,.T.);
#2581 = VERTEX_POINT('',#2582);
#2582 = CARTESIAN_POINT('',(-0.625,1.01,9.999999999941E-08));
#2583 = B_SPLINE_CURVE_WITH_KNOTS('',1,(#2584,#2585),.UNSPECIFIED.,.F.,
  .F.,(2,2),(-0.185,-0.),.PIECEWISE_BEZIER_KNOTS.);
#2584 = CARTESIAN_POINT('',(-0.625,1.01,9.999999999941E-08));
#2585 = CARTESIAN_POINT('',(-0.625,0.825,9.999999999941E-08));
#2586 = ORIENTED_EDGE('',*,*,#2587,.F.);
#2587 = EDGE_CURVE('',#2497,#2581,#2588,.T.);
#2588 = B_SPLINE_CURVE_WITH_KNOTS('',1,(#2589,#2590),.UNSPECIFIED.,.F.,
  .F.,(2,2),(0.,0.203),.PIECEWISE_BEZIER_KNOTS.);
#2589 = CARTESIAN_POINT('',(-0.625,1.01,0.2030001));
#2590 = CARTESIAN_POINT('',(-0.625,1.01,1.000000000098E-07));
#2591 = ORIENTED_EDGE('',*,*,#2496,.T.);
#2592 = B_SPLINE_SURFACE_WITH_KNOTS('',1,1,(
    (#2593,#2594)
    ,(#2595,#2596
    )),.UNSPECIFIED.,.F.,.F.,.F.,(2,2),(2,2),(0.,0.185),(-0.203,0.),
  .PIECEWISE_BEZIER_KNOTS.);
#2593 = CARTESIAN_POINT('',(-0.625,0.825,1.000000000098E-07));
#2594 = CARTESIAN_POINT('',(-0.625,0.825,0.2030001));
#2595 = CARTESIAN_POINT('',(-0.625,1.01,1.000000000098E-07));
#2596 = CARTESIAN_POINT('',(-0.625,1.01,0.2030001));
#2597 = ADVANCED_FACE('',(#2598),#2608,.T.);
#2598 = FACE_BOUND('',#2599,.T.);
#2599 = EDGE_LOOP('',(#2600,#2601,#2606,#2607));
#2600 = ORIENTED_EDGE('',*,*,#2587,.T.);
#2601 = ORIENTED_EDGE('',*,*,#2602,.F.);
#2602 = EDGE_CURVE('',#2519,#2581,#2603,.T.);
#2603 = B_SPLINE_CURVE_WITH_KNOTS('',1,(#2604,#2605),.UNSPECIFIED.,.F.,
  .F.,(2,2),(-0.25,0.),.PIECEWISE_BEZIER_KNOTS.);
#2604 = CARTESIAN_POINT('',(-0.875,1.01,9.999999999941E-08));
#2605 = CARTESIAN_POINT('',(-0.625,1.01,9.999999999941E-08));
#2606 = ORIENTED_EDGE('',*,*,#2518,.F.);
#2607 = ORIENTED_EDGE('',*,*,#2503,.T.);
#2608 = B_SPLINE_SURFACE_WITH_KNOTS('',1,1,(
    (#2609,#2610)
    ,(#2611,#2612
    )),.UNSPECIFIED.,.F.,.F.,.F.,(2,2),(2,2),(-0.203,0.),(-0.25,0.),
  .PIECEWISE_BEZIER_KNOTS.);
#2609 = CARTESIAN_POINT('',(-0.875,1.01,1.000000000098E-07));
#2610 = CARTESIAN_POINT('',(-0.625,1.01,1.000000000098E-07));
#2611 = CARTESIAN_POINT('',(-0.875,1.01,0.2030001));
#2612 = CARTESIAN_POINT('',(-0.625,1.01,0.2030001));
#2613 = ADVANCED_FACE('',(#2614),#2620,.T.);
#2614 = FACE_BOUND('',#2615,.T.);
#2615 = EDGE_LOOP('',(#2616,#2617,#2618,#2619));
#2616 = ORIENTED_EDGE('',*,*,#2602,.T.);
#2617 = ORIENTED_EDGE('',*,*,#2580,.T.);
#2618 = ORIENTED_EDGE('',*,*,#2548,.T.);
#2619 = ORIENTED_EDGE('',*,*,#2525,.T.);
#2620 = B_SPLINE_SURFACE_WITH_KNOTS('',1,1,(
    (#2621,#2622)
    ,(#2623,#2624
  )),.UNSPECIFIED.,.F.,.F.,.F.,(2,2),(2,2),(-0.125,0.125),(-0.125,0.185)
  ,.PIECEWISE_BEZIER_KNOTS.);
#2621 = CARTESIAN_POINT('',(-0.625,0.7,9.999999999941E-08));
#2622 = CARTESIAN_POINT('',(-0.625,1.01,9.999999999941E-08));
#2623 = CARTESIAN_POINT('',(-0.875,0.7,9.999999999941E-08));
#2624 = CARTESIAN_POINT('',(-0.875,1.01,9.999999999941E-08));
#2625 = ADVANCED_FACE('',(#2626),#2648,.T.);
#2626 = FACE_BOUND('',#2627,.T.);
#2627 = EDGE_LOOP('',(#2628,#2629,#2636,#2643));
#2628 = ORIENTED_EDGE('',*,*,#1739,.F.);
#2629 = ORIENTED_EDGE('',*,*,#2630,.F.);
#2630 = EDGE_CURVE('',#2631,#1733,#2633,.T.);
#2631 = VERTEX_POINT('',#2632);
#2632 = CARTESIAN_POINT('',(0.125,-1.01,0.2030001));
#2633 = B_SPLINE_CURVE_WITH_KNOTS('',1,(#2634,#2635),.UNSPECIFIED.,.F.,
  .F.,(2,2),(-0.185,-0.175),.PIECEWISE_BEZIER_KNOTS.);
#2634 = CARTESIAN_POINT('',(0.125,-1.01,0.2030001));
#2635 = CARTESIAN_POINT('',(0.125,-1.,0.2030001));
#2636 = ORIENTED_EDGE('',*,*,#2637,.F.);
#2637 = EDGE_CURVE('',#2638,#2631,#2640,.T.);
#2638 = VERTEX_POINT('',#2639);
#2639 = CARTESIAN_POINT('',(0.375,-1.01,0.2030001));
#2640 = B_SPLINE_CURVE_WITH_KNOTS('',1,(#2641,#2642),.UNSPECIFIED.,.F.,
  .F.,(2,2),(0.,0.25),.PIECEWISE_BEZIER_KNOTS.);
#2641 = CARTESIAN_POINT('',(0.375,-1.01,0.2030001));
#2642 = CARTESIAN_POINT('',(0.125,-1.01,0.2030001));
#2643 = ORIENTED_EDGE('',*,*,#2644,.F.);
#2644 = EDGE_CURVE('',#1740,#2638,#2645,.T.);
#2645 = B_SPLINE_CURVE_WITH_KNOTS('',1,(#2646,#2647),.UNSPECIFIED.,.F.,
  .F.,(2,2),(0.175,0.185),.PIECEWISE_BEZIER_KNOTS.);
#2646 = CARTESIAN_POINT('',(0.375,-1.,0.2030001));
#2647 = CARTESIAN_POINT('',(0.375,-1.01,0.2030001));
#2648 = B_SPLINE_SURFACE_WITH_KNOTS('',1,1,(
    (#2649,#2650)
    ,(#2651,#2652
  )),.UNSPECIFIED.,.F.,.F.,.F.,(2,2),(2,2),(-0.125,0.125),(-0.185,-0.175
    ),.PIECEWISE_BEZIER_KNOTS.);
#2649 = CARTESIAN_POINT('',(0.125,-1.01,0.2030001));
#2650 = CARTESIAN_POINT('',(0.125,-1.,0.2030001));
#2651 = CARTESIAN_POINT('',(0.375,-1.01,0.2030001));
#2652 = CARTESIAN_POINT('',(0.375,-1.,0.2030001));
#2653 = ADVANCED_FACE('',(#2654),#2679,.T.);
#2654 = FACE_BOUND('',#2655,.T.);
#2655 = EDGE_LOOP('',(#2656,#2657,#2664,#2674));
#2656 = ORIENTED_EDGE('',*,*,#1978,.F.);
#2657 = ORIENTED_EDGE('',*,*,#2658,.T.);
#2658 = EDGE_CURVE('',#1972,#2659,#2661,.T.);
#2659 = VERTEX_POINT('',#2660);
#2660 = CARTESIAN_POINT('',(0.375,-0.825,9.999999999941E-08));
#2661 = B_SPLINE_CURVE_WITH_KNOTS('',1,(#2662,#2663),.UNSPECIFIED.,.F.,
  .F.,(2,2),(0.183,0.203),.PIECEWISE_BEZIER_KNOTS.);
#2662 = CARTESIAN_POINT('',(0.375,-0.825,2.00001E-02));
#2663 = CARTESIAN_POINT('',(0.375,-0.825,1.000000000098E-07));
#2664 = ORIENTED_EDGE('',*,*,#2665,.F.);
#2665 = EDGE_CURVE('',#2666,#2659,#2668,.T.);
#2666 = VERTEX_POINT('',#2667);
#2667 = CARTESIAN_POINT('',(0.125,-0.825,9.999999999941E-08));
#2668 = ( BOUNDED_CURVE() B_SPLINE_CURVE(2,(#2669,#2670,#2671,#2672,
#2673),.UNSPECIFIED.,.F.,.F.) B_SPLINE_CURVE_WITH_KNOTS((3,2,3),(
    3.14159265359,4.712388980385,6.28318530718),
.PIECEWISE_BEZIER_KNOTS.) CURVE() GEOMETRIC_REPRESENTATION_ITEM() 
RATIONAL_B_SPLINE_CURVE((1.,0.707106781187,1.,0.707106781187,1.)) 
REPRESENTATION_ITEM('') );
#2669 = CARTESIAN_POINT('',(0.125,-0.825,9.999999999941E-08));
#2670 = CARTESIAN_POINT('',(0.125,-0.7,9.999999999941E-08));
#2671 = CARTESIAN_POINT('',(0.25,-0.7,9.999999999941E-08));
#2672 = CARTESIAN_POINT('',(0.375,-0.7,9.999999999941E-08));
#2673 = CARTESIAN_POINT('',(0.375,-0.825,9.999999999941E-08));
#2674 = ORIENTED_EDGE('',*,*,#2675,.F.);
#2675 = EDGE_CURVE('',#1979,#2666,#2676,.T.);
#2676 = B_SPLINE_CURVE_WITH_KNOTS('',1,(#2677,#2678),.UNSPECIFIED.,.F.,
  .F.,(2,2),(0.183,0.203),.PIECEWISE_BEZIER_KNOTS.);
#2677 = CARTESIAN_POINT('',(0.125,-0.825,2.00001E-02));
#2678 = CARTESIAN_POINT('',(0.125,-0.825,1.000000000098E-07));
#2679 = ( BOUNDED_SURFACE() B_SPLINE_SURFACE(2,1,(
    (#2680,#2681)
    ,(#2682,#2683)
    ,(#2684,#2685)
    ,(#2686,#2687)
    ,(#2688,#2689
)),.UNSPECIFIED.,.F.,.F.,.F.) B_SPLINE_SURFACE_WITH_KNOTS((3,2,3),(2,2),
  (0.,1.570796326795,3.14159265359),(0.183,0.203),
.PIECEWISE_BEZIER_KNOTS.) GEOMETRIC_REPRESENTATION_ITEM() 
RATIONAL_B_SPLINE_SURFACE((
    (1.,1.)
    ,(0.707106781187,0.707106781187)
    ,(1.,1.)
    ,(0.707106781187,0.707106781187)
,(1.,1.))) REPRESENTATION_ITEM('') SURFACE() );
#2680 = CARTESIAN_POINT('',(0.125,-0.825,2.00001E-02));
#2681 = CARTESIAN_POINT('',(0.125,-0.825,1.000000000098E-07));
#2682 = CARTESIAN_POINT('',(0.125,-0.7,2.00001E-02));
#2683 = CARTESIAN_POINT('',(0.125,-0.7,1.000000000098E-07));
#2684 = CARTESIAN_POINT('',(0.25,-0.7,2.00001E-02));
#2685 = CARTESIAN_POINT('',(0.25,-0.7,1.000000000098E-07));
#2686 = CARTESIAN_POINT('',(0.375,-0.7,2.00001E-02));
#2687 = CARTESIAN_POINT('',(0.375,-0.7,1.000000000098E-07));
#2688 = CARTESIAN_POINT('',(0.375,-0.825,2.00001E-02));
#2689 = CARTESIAN_POINT('',(0.375,-0.825,1.000000000098E-07));
#2690 = ADVANCED_FACE('',(#2691),#2709,.T.);
#2691 = FACE_BOUND('',#2692,.T.);
#2692 = EDGE_LOOP('',(#2693,#2694,#2695,#2696,#2703,#2708));
#2693 = ORIENTED_EDGE('',*,*,#1732,.F.);
#2694 = ORIENTED_EDGE('',*,*,#1988,.F.);
#2695 = ORIENTED_EDGE('',*,*,#2675,.T.);
#2696 = ORIENTED_EDGE('',*,*,#2697,.F.);
#2697 = EDGE_CURVE('',#2698,#2666,#2700,.T.);
#2698 = VERTEX_POINT('',#2699);
#2699 = CARTESIAN_POINT('',(0.125,-1.01,9.999999999941E-08));
#2700 = B_SPLINE_CURVE_WITH_KNOTS('',1,(#2701,#2702),.UNSPECIFIED.,.F.,
  .F.,(2,2),(-0.185,0.),.PIECEWISE_BEZIER_KNOTS.);
#2701 = CARTESIAN_POINT('',(0.125,-1.01,9.999999999941E-08));
#2702 = CARTESIAN_POINT('',(0.125,-0.825,9.999999999941E-08));
#2703 = ORIENTED_EDGE('',*,*,#2704,.F.);
#2704 = EDGE_CURVE('',#2631,#2698,#2705,.T.);
#2705 = B_SPLINE_CURVE_WITH_KNOTS('',1,(#2706,#2707),.UNSPECIFIED.,.F.,
  .F.,(2,2),(0.,0.203),.PIECEWISE_BEZIER_KNOTS.);
#2706 = CARTESIAN_POINT('',(0.125,-1.01,0.2030001));
#2707 = CARTESIAN_POINT('',(0.125,-1.01,1.000000000098E-07));
#2708 = ORIENTED_EDGE('',*,*,#2630,.T.);
#2709 = B_SPLINE_SURFACE_WITH_KNOTS('',1,1,(
    (#2710,#2711)
    ,(#2712,#2713
    )),.UNSPECIFIED.,.F.,.F.,.F.,(2,2),(2,2),(0.,0.185),(-0.203,0.),
  .PIECEWISE_BEZIER_KNOTS.);
#2710 = CARTESIAN_POINT('',(0.125,-0.825,1.000000000098E-07));
#2711 = CARTESIAN_POINT('',(0.125,-0.825,0.2030001));
#2712 = CARTESIAN_POINT('',(0.125,-1.01,1.000000000098E-07));
#2713 = CARTESIAN_POINT('',(0.125,-1.01,0.2030001));
#2714 = ADVANCED_FACE('',(#2715),#2733,.T.);
#2715 = FACE_BOUND('',#2716,.T.);
#2716 = EDGE_LOOP('',(#2717,#2718,#2719,#2726,#2731,#2732));
#2717 = ORIENTED_EDGE('',*,*,#1746,.F.);
#2718 = ORIENTED_EDGE('',*,*,#2644,.T.);
#2719 = ORIENTED_EDGE('',*,*,#2720,.T.);
#2720 = EDGE_CURVE('',#2638,#2721,#2723,.T.);
#2721 = VERTEX_POINT('',#2722);
#2722 = CARTESIAN_POINT('',(0.375,-1.01,9.999999999941E-08));
#2723 = B_SPLINE_CURVE_WITH_KNOTS('',1,(#2724,#2725),.UNSPECIFIED.,.F.,
  .F.,(2,2),(0.,0.203),.PIECEWISE_BEZIER_KNOTS.);
#2724 = CARTESIAN_POINT('',(0.375,-1.01,0.2030001));
#2725 = CARTESIAN_POINT('',(0.375,-1.01,1.000000000098E-07));
#2726 = ORIENTED_EDGE('',*,*,#2727,.F.);
#2727 = EDGE_CURVE('',#2659,#2721,#2728,.T.);
#2728 = B_SPLINE_CURVE_WITH_KNOTS('',1,(#2729,#2730),.UNSPECIFIED.,.F.,
  .F.,(2,2),(0.,0.185),.PIECEWISE_BEZIER_KNOTS.);
#2729 = CARTESIAN_POINT('',(0.375,-0.825,9.999999999941E-08));
#2730 = CARTESIAN_POINT('',(0.375,-1.01,9.999999999941E-08));
#2731 = ORIENTED_EDGE('',*,*,#2658,.F.);
#2732 = ORIENTED_EDGE('',*,*,#1971,.F.);
#2733 = B_SPLINE_SURFACE_WITH_KNOTS('',1,1,(
    (#2734,#2735)
    ,(#2736,#2737
    )),.UNSPECIFIED.,.F.,.F.,.F.,(2,2),(2,2),(-0.185,0.),(-0.203,0.),
  .PIECEWISE_BEZIER_KNOTS.);
#2734 = CARTESIAN_POINT('',(0.375,-1.01,1.000000000098E-07));
#2735 = CARTESIAN_POINT('',(0.375,-1.01,0.2030001));
#2736 = CARTESIAN_POINT('',(0.375,-0.825,1.000000000098E-07));
#2737 = CARTESIAN_POINT('',(0.375,-0.825,0.2030001));
#2738 = ADVANCED_FACE('',(#2739),#2749,.T.);
#2739 = FACE_BOUND('',#2740,.T.);
#2740 = EDGE_LOOP('',(#2741,#2742,#2747,#2748));
#2741 = ORIENTED_EDGE('',*,*,#2704,.T.);
#2742 = ORIENTED_EDGE('',*,*,#2743,.F.);
#2743 = EDGE_CURVE('',#2721,#2698,#2744,.T.);
#2744 = B_SPLINE_CURVE_WITH_KNOTS('',1,(#2745,#2746),.UNSPECIFIED.,.F.,
  .F.,(2,2),(0.,0.25),.PIECEWISE_BEZIER_KNOTS.);
#2745 = CARTESIAN_POINT('',(0.375,-1.01,9.999999999941E-08));
#2746 = CARTESIAN_POINT('',(0.125,-1.01,9.999999999941E-08));
#2747 = ORIENTED_EDGE('',*,*,#2720,.F.);
#2748 = ORIENTED_EDGE('',*,*,#2637,.T.);
#2749 = B_SPLINE_SURFACE_WITH_KNOTS('',1,1,(
    (#2750,#2751)
    ,(#2752,#2753
    )),.UNSPECIFIED.,.F.,.F.,.F.,(2,2),(2,2),(0.,0.203),(-0.25,0.),
  .PIECEWISE_BEZIER_KNOTS.);
#2750 = CARTESIAN_POINT('',(0.125,-1.01,0.2030001));
#2751 = CARTESIAN_POINT('',(0.375,-1.01,0.2030001));
#2752 = CARTESIAN_POINT('',(0.125,-1.01,1.000000000098E-07));
#2753 = CARTESIAN_POINT('',(0.375,-1.01,1.000000000098E-07));
#2754 = ADVANCED_FACE('',(#2755),#2761,.F.);
#2755 = FACE_BOUND('',#2756,.T.);
#2756 = EDGE_LOOP('',(#2757,#2758,#2759,#2760));
#2757 = ORIENTED_EDGE('',*,*,#2665,.T.);
#2758 = ORIENTED_EDGE('',*,*,#2727,.T.);
#2759 = ORIENTED_EDGE('',*,*,#2743,.T.);
#2760 = ORIENTED_EDGE('',*,*,#2697,.T.);
#2761 = B_SPLINE_SURFACE_WITH_KNOTS('',1,1,(
    (#2762,#2763)
    ,(#2764,#2765
  )),.UNSPECIFIED.,.F.,.F.,.F.,(2,2),(2,2),(-0.125,0.125),(-0.185,0.125)
  ,.PIECEWISE_BEZIER_KNOTS.);
#2762 = CARTESIAN_POINT('',(0.125,-1.01,9.999999999941E-08));
#2763 = CARTESIAN_POINT('',(0.125,-0.7,9.999999999941E-08));
#2764 = CARTESIAN_POINT('',(0.375,-1.01,9.999999999941E-08));
#2765 = CARTESIAN_POINT('',(0.375,-0.7,9.999999999941E-08));
#2766 = ADVANCED_FACE('',(#2767),#2789,.T.);
#2767 = FACE_BOUND('',#2768,.T.);
#2768 = EDGE_LOOP('',(#2769,#2770,#2777,#2784));
#2769 = ORIENTED_EDGE('',*,*,#1711,.F.);
#2770 = ORIENTED_EDGE('',*,*,#2771,.F.);
#2771 = EDGE_CURVE('',#2772,#1705,#2774,.T.);
#2772 = VERTEX_POINT('',#2773);
#2773 = CARTESIAN_POINT('',(-0.375,-1.01,0.2030001));
#2774 = B_SPLINE_CURVE_WITH_KNOTS('',1,(#2775,#2776),.UNSPECIFIED.,.F.,
  .F.,(2,2),(-0.185,-0.175),.PIECEWISE_BEZIER_KNOTS.);
#2775 = CARTESIAN_POINT('',(-0.375,-1.01,0.2030001));
#2776 = CARTESIAN_POINT('',(-0.375,-1.,0.2030001));
#2777 = ORIENTED_EDGE('',*,*,#2778,.F.);
#2778 = EDGE_CURVE('',#2779,#2772,#2781,.T.);
#2779 = VERTEX_POINT('',#2780);
#2780 = CARTESIAN_POINT('',(-0.125,-1.01,0.2030001));
#2781 = B_SPLINE_CURVE_WITH_KNOTS('',1,(#2782,#2783),.UNSPECIFIED.,.F.,
  .F.,(2,2),(0.,0.25),.PIECEWISE_BEZIER_KNOTS.);
#2782 = CARTESIAN_POINT('',(-0.125,-1.01,0.2030001));
#2783 = CARTESIAN_POINT('',(-0.375,-1.01,0.2030001));
#2784 = ORIENTED_EDGE('',*,*,#2785,.F.);
#2785 = EDGE_CURVE('',#1712,#2779,#2786,.T.);
#2786 = B_SPLINE_CURVE_WITH_KNOTS('',1,(#2787,#2788),.UNSPECIFIED.,.F.,
  .F.,(2,2),(0.175,0.185),.PIECEWISE_BEZIER_KNOTS.);
#2787 = CARTESIAN_POINT('',(-0.125,-1.,0.2030001));
#2788 = CARTESIAN_POINT('',(-0.125,-1.01,0.2030001));
#2789 = B_SPLINE_SURFACE_WITH_KNOTS('',1,1,(
    (#2790,#2791)
    ,(#2792,#2793
  )),.UNSPECIFIED.,.F.,.F.,.F.,(2,2),(2,2),(-0.125,0.125),(-0.185,-0.175
    ),.PIECEWISE_BEZIER_KNOTS.);
#2790 = CARTESIAN_POINT('',(-0.375,-1.01,0.2030001));
#2791 = CARTESIAN_POINT('',(-0.375,-1.,0.2030001));
#2792 = CARTESIAN_POINT('',(-0.125,-1.01,0.2030001));
#2793 = CARTESIAN_POINT('',(-0.125,-1.,0.2030001));
#2794 = ADVANCED_FACE('',(#2795),#2820,.T.);
#2795 = FACE_BOUND('',#2796,.T.);
#2796 = EDGE_LOOP('',(#2797,#2798,#2805,#2815));
#2797 = ORIENTED_EDGE('',*,*,#2001,.F.);
#2798 = ORIENTED_EDGE('',*,*,#2799,.T.);
#2799 = EDGE_CURVE('',#1995,#2800,#2802,.T.);
#2800 = VERTEX_POINT('',#2801);
#2801 = CARTESIAN_POINT('',(-0.125,-0.825,9.999999999941E-08));
#2802 = B_SPLINE_CURVE_WITH_KNOTS('',1,(#2803,#2804),.UNSPECIFIED.,.F.,
  .F.,(2,2),(0.183,0.203),.PIECEWISE_BEZIER_KNOTS.);
#2803 = CARTESIAN_POINT('',(-0.125,-0.825,2.00001E-02));
#2804 = CARTESIAN_POINT('',(-0.125,-0.825,1.000000000098E-07));
#2805 = ORIENTED_EDGE('',*,*,#2806,.F.);
#2806 = EDGE_CURVE('',#2807,#2800,#2809,.T.);
#2807 = VERTEX_POINT('',#2808);
#2808 = CARTESIAN_POINT('',(-0.375,-0.825,9.999999999941E-08));
#2809 = ( BOUNDED_CURVE() B_SPLINE_CURVE(2,(#2810,#2811,#2812,#2813,
#2814),.UNSPECIFIED.,.F.,.F.) B_SPLINE_CURVE_WITH_KNOTS((3,2,3),(
    3.14159265359,4.712388980385,6.28318530718),
.PIECEWISE_BEZIER_KNOTS.) CURVE() GEOMETRIC_REPRESENTATION_ITEM() 
RATIONAL_B_SPLINE_CURVE((1.,0.707106781187,1.,0.707106781187,1.)) 
REPRESENTATION_ITEM('') );
#2810 = CARTESIAN_POINT('',(-0.375,-0.825,9.999999999941E-08));
#2811 = CARTESIAN_POINT('',(-0.375,-0.7,9.999999999941E-08));
#2812 = CARTESIAN_POINT('',(-0.25,-0.7,9.999999999941E-08));
#2813 = CARTESIAN_POINT('',(-0.125,-0.7,9.999999999941E-08));
#2814 = CARTESIAN_POINT('',(-0.125,-0.825,9.999999999941E-08));
#2815 = ORIENTED_EDGE('',*,*,#2816,.F.);
#2816 = EDGE_CURVE('',#2002,#2807,#2817,.T.);
#2817 = B_SPLINE_CURVE_WITH_KNOTS('',1,(#2818,#2819),.UNSPECIFIED.,.F.,
  .F.,(2,2),(0.183,0.203),.PIECEWISE_BEZIER_KNOTS.);
#2818 = CARTESIAN_POINT('',(-0.375,-0.825,2.00001E-02));
#2819 = CARTESIAN_POINT('',(-0.375,-0.825,1.000000000098E-07));
#2820 = ( BOUNDED_SURFACE() B_SPLINE_SURFACE(2,1,(
    (#2821,#2822)
    ,(#2823,#2824)
    ,(#2825,#2826)
    ,(#2827,#2828)
    ,(#2829,#2830
)),.UNSPECIFIED.,.F.,.F.,.F.) B_SPLINE_SURFACE_WITH_KNOTS((3,2,3),(2,2),
  (0.,1.570796326795,3.14159265359),(0.183,0.203),
.PIECEWISE_BEZIER_KNOTS.) GEOMETRIC_REPRESENTATION_ITEM() 
RATIONAL_B_SPLINE_SURFACE((
    (1.,1.)
    ,(0.707106781187,0.707106781187)
    ,(1.,1.)
    ,(0.707106781187,0.707106781187)
,(1.,1.))) REPRESENTATION_ITEM('') SURFACE() );
#2821 = CARTESIAN_POINT('',(-0.375,-0.825,2.00001E-02));
#2822 = CARTESIAN_POINT('',(-0.375,-0.825,1.000000000098E-07));
#2823 = CARTESIAN_POINT('',(-0.375,-0.7,2.00001E-02));
#2824 = CARTESIAN_POINT('',(-0.375,-0.7,1.000000000098E-07));
#2825 = CARTESIAN_POINT('',(-0.25,-0.7,2.00001E-02));
#2826 = CARTESIAN_POINT('',(-0.25,-0.7,1.000000000098E-07));
#2827 = CARTESIAN_POINT('',(-0.125,-0.7,2.00001E-02));
#2828 = CARTESIAN_POINT('',(-0.125,-0.7,1.000000000098E-07));
#2829 = CARTESIAN_POINT('',(-0.125,-0.825,2.00001E-02));
#2830 = CARTESIAN_POINT('',(-0.125,-0.825,1.000000000098E-07));
#2831 = ADVANCED_FACE('',(#2832),#2850,.T.);
#2832 = FACE_BOUND('',#2833,.T.);
#2833 = EDGE_LOOP('',(#2834,#2835,#2836,#2837,#2844,#2849));
#2834 = ORIENTED_EDGE('',*,*,#1704,.F.);
#2835 = ORIENTED_EDGE('',*,*,#2011,.F.);
#2836 = ORIENTED_EDGE('',*,*,#2816,.T.);
#2837 = ORIENTED_EDGE('',*,*,#2838,.F.);
#2838 = EDGE_CURVE('',#2839,#2807,#2841,.T.);
#2839 = VERTEX_POINT('',#2840);
#2840 = CARTESIAN_POINT('',(-0.375,-1.01,9.999999999941E-08));
#2841 = B_SPLINE_CURVE_WITH_KNOTS('',1,(#2842,#2843),.UNSPECIFIED.,.F.,
  .F.,(2,2),(-0.185,0.),.PIECEWISE_BEZIER_KNOTS.);
#2842 = CARTESIAN_POINT('',(-0.375,-1.01,9.999999999941E-08));
#2843 = CARTESIAN_POINT('',(-0.375,-0.825,9.999999999941E-08));
#2844 = ORIENTED_EDGE('',*,*,#2845,.F.);
#2845 = EDGE_CURVE('',#2772,#2839,#2846,.T.);
#2846 = B_SPLINE_CURVE_WITH_KNOTS('',1,(#2847,#2848),.UNSPECIFIED.,.F.,
  .F.,(2,2),(0.,0.203),.PIECEWISE_BEZIER_KNOTS.);
#2847 = CARTESIAN_POINT('',(-0.375,-1.01,0.2030001));
#2848 = CARTESIAN_POINT('',(-0.375,-1.01,1.000000000098E-07));
#2849 = ORIENTED_EDGE('',*,*,#2771,.T.);
#2850 = B_SPLINE_SURFACE_WITH_KNOTS('',1,1,(
    (#2851,#2852)
    ,(#2853,#2854
    )),.UNSPECIFIED.,.F.,.F.,.F.,(2,2),(2,2),(0.,0.185),(-0.203,0.),
  .PIECEWISE_BEZIER_KNOTS.);
#2851 = CARTESIAN_POINT('',(-0.375,-0.825,1.000000000098E-07));
#2852 = CARTESIAN_POINT('',(-0.375,-0.825,0.2030001));
#2853 = CARTESIAN_POINT('',(-0.375,-1.01,1.000000000098E-07));
#2854 = CARTESIAN_POINT('',(-0.375,-1.01,0.2030001));
#2855 = ADVANCED_FACE('',(#2856),#2874,.T.);
#2856 = FACE_BOUND('',#2857,.T.);
#2857 = EDGE_LOOP('',(#2858,#2859,#2860,#2867,#2872,#2873));
#2858 = ORIENTED_EDGE('',*,*,#1718,.F.);
#2859 = ORIENTED_EDGE('',*,*,#2785,.T.);
#2860 = ORIENTED_EDGE('',*,*,#2861,.T.);
#2861 = EDGE_CURVE('',#2779,#2862,#2864,.T.);
#2862 = VERTEX_POINT('',#2863);
#2863 = CARTESIAN_POINT('',(-0.125,-1.01,9.999999999941E-08));
#2864 = B_SPLINE_CURVE_WITH_KNOTS('',1,(#2865,#2866),.UNSPECIFIED.,.F.,
  .F.,(2,2),(0.,0.203),.PIECEWISE_BEZIER_KNOTS.);
#2865 = CARTESIAN_POINT('',(-0.125,-1.01,0.2030001));
#2866 = CARTESIAN_POINT('',(-0.125,-1.01,1.000000000098E-07));
#2867 = ORIENTED_EDGE('',*,*,#2868,.F.);
#2868 = EDGE_CURVE('',#2800,#2862,#2869,.T.);
#2869 = B_SPLINE_CURVE_WITH_KNOTS('',1,(#2870,#2871),.UNSPECIFIED.,.F.,
  .F.,(2,2),(0.,0.185),.PIECEWISE_BEZIER_KNOTS.);
#2870 = CARTESIAN_POINT('',(-0.125,-0.825,9.999999999941E-08));
#2871 = CARTESIAN_POINT('',(-0.125,-1.01,9.999999999941E-08));
#2872 = ORIENTED_EDGE('',*,*,#2799,.F.);
#2873 = ORIENTED_EDGE('',*,*,#1994,.F.);
#2874 = B_SPLINE_SURFACE_WITH_KNOTS('',1,1,(
    (#2875,#2876)
    ,(#2877,#2878
    )),.UNSPECIFIED.,.F.,.F.,.F.,(2,2),(2,2),(-0.185,0.),(-0.203,0.),
  .PIECEWISE_BEZIER_KNOTS.);
#2875 = CARTESIAN_POINT('',(-0.125,-1.01,1.000000000098E-07));
#2876 = CARTESIAN_POINT('',(-0.125,-1.01,0.2030001));
#2877 = CARTESIAN_POINT('',(-0.125,-0.825,1.000000000098E-07));
#2878 = CARTESIAN_POINT('',(-0.125,-0.825,0.2030001));
#2879 = ADVANCED_FACE('',(#2880),#2890,.T.);
#2880 = FACE_BOUND('',#2881,.T.);
#2881 = EDGE_LOOP('',(#2882,#2883,#2888,#2889));
#2882 = ORIENTED_EDGE('',*,*,#2845,.T.);
#2883 = ORIENTED_EDGE('',*,*,#2884,.F.);
#2884 = EDGE_CURVE('',#2862,#2839,#2885,.T.);
#2885 = B_SPLINE_CURVE_WITH_KNOTS('',1,(#2886,#2887),.UNSPECIFIED.,.F.,
  .F.,(2,2),(0.,0.25),.PIECEWISE_BEZIER_KNOTS.);
#2886 = CARTESIAN_POINT('',(-0.125,-1.01,9.999999999941E-08));
#2887 = CARTESIAN_POINT('',(-0.375,-1.01,9.999999999941E-08));
#2888 = ORIENTED_EDGE('',*,*,#2861,.F.);
#2889 = ORIENTED_EDGE('',*,*,#2778,.T.);
#2890 = B_SPLINE_SURFACE_WITH_KNOTS('',1,1,(
    (#2891,#2892)
    ,(#2893,#2894
    )),.UNSPECIFIED.,.F.,.F.,.F.,(2,2),(2,2),(0.,0.203),(-0.25,0.),
  .PIECEWISE_BEZIER_KNOTS.);
#2891 = CARTESIAN_POINT('',(-0.375,-1.01,0.2030001));
#2892 = CARTESIAN_POINT('',(-0.125,-1.01,0.2030001));
#2893 = CARTESIAN_POINT('',(-0.375,-1.01,1.000000000098E-07));
#2894 = CARTESIAN_POINT('',(-0.125,-1.01,1.000000000098E-07));
#2895 = ADVANCED_FACE('',(#2896),#2902,.F.);
#2896 = FACE_BOUND('',#2897,.T.);
#2897 = EDGE_LOOP('',(#2898,#2899,#2900,#2901));
#2898 = ORIENTED_EDGE('',*,*,#2806,.T.);
#2899 = ORIENTED_EDGE('',*,*,#2868,.T.);
#2900 = ORIENTED_EDGE('',*,*,#2884,.T.);
#2901 = ORIENTED_EDGE('',*,*,#2838,.T.);
#2902 = B_SPLINE_SURFACE_WITH_KNOTS('',1,1,(
    (#2903,#2904)
    ,(#2905,#2906
  )),.UNSPECIFIED.,.F.,.F.,.F.,(2,2),(2,2),(-0.125,0.125),(-0.185,0.125)
  ,.PIECEWISE_BEZIER_KNOTS.);
#2903 = CARTESIAN_POINT('',(-0.375,-1.01,9.999999999941E-08));
#2904 = CARTESIAN_POINT('',(-0.375,-0.7,9.999999999941E-08));
#2905 = CARTESIAN_POINT('',(-0.125,-1.01,9.999999999941E-08));
#2906 = CARTESIAN_POINT('',(-0.125,-0.7,9.999999999941E-08));
#2907 = ADVANCED_FACE('',(#2908),#2930,.F.);
#2908 = FACE_BOUND('',#2909,.T.);
#2909 = EDGE_LOOP('',(#2910,#2917,#2918,#2925));
#2910 = ORIENTED_EDGE('',*,*,#2911,.F.);
#2911 = EDGE_CURVE('',#1768,#2912,#2914,.T.);
#2912 = VERTEX_POINT('',#2913);
#2913 = CARTESIAN_POINT('',(0.875,-1.01,0.2030001));
#2914 = B_SPLINE_CURVE_WITH_KNOTS('',1,(#2915,#2916),.UNSPECIFIED.,.F.,
  .F.,(2,2),(0.175,0.185),.PIECEWISE_BEZIER_KNOTS.);
#2915 = CARTESIAN_POINT('',(0.875,-1.,0.2030001));
#2916 = CARTESIAN_POINT('',(0.875,-1.01,0.2030001));
#2917 = ORIENTED_EDGE('',*,*,#1767,.T.);
#2918 = ORIENTED_EDGE('',*,*,#2919,.F.);
#2919 = EDGE_CURVE('',#2920,#1761,#2922,.T.);
#2920 = VERTEX_POINT('',#2921);
#2921 = CARTESIAN_POINT('',(0.625,-1.01,0.2030001));
#2922 = B_SPLINE_CURVE_WITH_KNOTS('',1,(#2923,#2924),.UNSPECIFIED.,.F.,
  .F.,(2,2),(-0.185,-0.175),.PIECEWISE_BEZIER_KNOTS.);
#2923 = CARTESIAN_POINT('',(0.625,-1.01,0.2030001));
#2924 = CARTESIAN_POINT('',(0.625,-1.,0.2030001));
#2925 = ORIENTED_EDGE('',*,*,#2926,.F.);
#2926 = EDGE_CURVE('',#2912,#2920,#2927,.T.);
#2927 = B_SPLINE_CURVE_WITH_KNOTS('',1,(#2928,#2929),.UNSPECIFIED.,.F.,
  .F.,(2,2),(-0.25,-0.),.PIECEWISE_BEZIER_KNOTS.);
#2928 = CARTESIAN_POINT('',(0.875,-1.01,0.2030001));
#2929 = CARTESIAN_POINT('',(0.625,-1.01,0.2030001));
#2930 = B_SPLINE_SURFACE_WITH_KNOTS('',1,1,(
    (#2931,#2932)
    ,(#2933,#2934
  )),.UNSPECIFIED.,.F.,.F.,.F.,(2,2),(2,2),(-0.125,0.125),(-0.185,-0.175
    ),.PIECEWISE_BEZIER_KNOTS.);
#2931 = CARTESIAN_POINT('',(0.875,-1.01,0.2030001));
#2932 = CARTESIAN_POINT('',(0.875,-1.,0.2030001));
#2933 = CARTESIAN_POINT('',(0.625,-1.01,0.2030001));
#2934 = CARTESIAN_POINT('',(0.625,-1.,0.2030001));
#2935 = ADVANCED_FACE('',(#2936),#2961,.T.);
#2936 = FACE_BOUND('',#2937,.T.);
#2937 = EDGE_LOOP('',(#2938,#2939,#2946,#2956));
#2938 = ORIENTED_EDGE('',*,*,#1955,.F.);
#2939 = ORIENTED_EDGE('',*,*,#2940,.T.);
#2940 = EDGE_CURVE('',#1949,#2941,#2943,.T.);
#2941 = VERTEX_POINT('',#2942);
#2942 = CARTESIAN_POINT('',(0.875,-0.825,9.999999999941E-08));
#2943 = B_SPLINE_CURVE_WITH_KNOTS('',1,(#2944,#2945),.UNSPECIFIED.,.F.,
  .F.,(2,2),(0.183,0.203),.PIECEWISE_BEZIER_KNOTS.);
#2944 = CARTESIAN_POINT('',(0.875,-0.825,2.00001E-02));
#2945 = CARTESIAN_POINT('',(0.875,-0.825,1.000000000098E-07));
#2946 = ORIENTED_EDGE('',*,*,#2947,.F.);
#2947 = EDGE_CURVE('',#2948,#2941,#2950,.T.);
#2948 = VERTEX_POINT('',#2949);
#2949 = CARTESIAN_POINT('',(0.625,-0.825,9.999999999941E-08));
#2950 = ( BOUNDED_CURVE() B_SPLINE_CURVE(2,(#2951,#2952,#2953,#2954,
#2955),.UNSPECIFIED.,.F.,.F.) B_SPLINE_CURVE_WITH_KNOTS((3,2,3),(0.,
1.570796326795,3.14159265359),.PIECEWISE_BEZIER_KNOTS.) CURVE() 
GEOMETRIC_REPRESENTATION_ITEM() RATIONAL_B_SPLINE_CURVE((1.,
0.707106781187,1.,0.707106781187,1.)) REPRESENTATION_ITEM('') );
#2951 = CARTESIAN_POINT('',(0.625,-0.825,9.999999999941E-08));
#2952 = CARTESIAN_POINT('',(0.625,-0.7,9.999999999941E-08));
#2953 = CARTESIAN_POINT('',(0.75,-0.7,9.999999999941E-08));
#2954 = CARTESIAN_POINT('',(0.875,-0.7,9.999999999941E-08));
#2955 = CARTESIAN_POINT('',(0.875,-0.825,9.999999999941E-08));
#2956 = ORIENTED_EDGE('',*,*,#2957,.F.);
#2957 = EDGE_CURVE('',#1956,#2948,#2958,.T.);
#2958 = B_SPLINE_CURVE_WITH_KNOTS('',1,(#2959,#2960),.UNSPECIFIED.,.F.,
  .F.,(2,2),(0.183,0.203),.PIECEWISE_BEZIER_KNOTS.);
#2959 = CARTESIAN_POINT('',(0.625,-0.825,2.00001E-02));
#2960 = CARTESIAN_POINT('',(0.625,-0.825,1.000000000098E-07));
#2961 = ( BOUNDED_SURFACE() B_SPLINE_SURFACE(2,1,(
    (#2962,#2963)
    ,(#2964,#2965)
    ,(#2966,#2967)
    ,(#2968,#2969)
    ,(#2970,#2971
)),.UNSPECIFIED.,.F.,.F.,.F.) B_SPLINE_SURFACE_WITH_KNOTS((3,2,3),(2,2),
  (0.,1.570796326795,3.14159265359),(0.183,0.203),
.PIECEWISE_BEZIER_KNOTS.) GEOMETRIC_REPRESENTATION_ITEM() 
RATIONAL_B_SPLINE_SURFACE((
    (1.,1.)
    ,(0.707106781187,0.707106781187)
    ,(1.,1.)
    ,(0.707106781187,0.707106781187)
,(1.,1.))) REPRESENTATION_ITEM('') SURFACE() );
#2962 = CARTESIAN_POINT('',(0.625,-0.825,2.00001E-02));
#2963 = CARTESIAN_POINT('',(0.625,-0.825,1.000000000098E-07));
#2964 = CARTESIAN_POINT('',(0.625,-0.7,2.00001E-02));
#2965 = CARTESIAN_POINT('',(0.625,-0.7,1.000000000098E-07));
#2966 = CARTESIAN_POINT('',(0.75,-0.7,2.00001E-02));
#2967 = CARTESIAN_POINT('',(0.75,-0.7,1.000000000098E-07));
#2968 = CARTESIAN_POINT('',(0.875,-0.7,2.00001E-02));
#2969 = CARTESIAN_POINT('',(0.875,-0.7,1.000000000098E-07));
#2970 = CARTESIAN_POINT('',(0.875,-0.825,2.00001E-02));
#2971 = CARTESIAN_POINT('',(0.875,-0.825,1.000000000098E-07));
#2972 = ADVANCED_FACE('',(#2973),#2991,.T.);
#2973 = FACE_BOUND('',#2974,.T.);
#2974 = EDGE_LOOP('',(#2975,#2976,#2977,#2978,#2985,#2990));
#2975 = ORIENTED_EDGE('',*,*,#1760,.F.);
#2976 = ORIENTED_EDGE('',*,*,#1965,.F.);
#2977 = ORIENTED_EDGE('',*,*,#2957,.T.);
#2978 = ORIENTED_EDGE('',*,*,#2979,.F.);
#2979 = EDGE_CURVE('',#2980,#2948,#2982,.T.);
#2980 = VERTEX_POINT('',#2981);
#2981 = CARTESIAN_POINT('',(0.625,-1.01,9.999999999941E-08));
#2982 = B_SPLINE_CURVE_WITH_KNOTS('',1,(#2983,#2984),.UNSPECIFIED.,.F.,
  .F.,(2,2),(-0.185,0.),.PIECEWISE_BEZIER_KNOTS.);
#2983 = CARTESIAN_POINT('',(0.625,-1.01,9.999999999941E-08));
#2984 = CARTESIAN_POINT('',(0.625,-0.825,9.999999999941E-08));
#2985 = ORIENTED_EDGE('',*,*,#2986,.F.);
#2986 = EDGE_CURVE('',#2920,#2980,#2987,.T.);
#2987 = B_SPLINE_CURVE_WITH_KNOTS('',1,(#2988,#2989),.UNSPECIFIED.,.F.,
  .F.,(2,2),(0.,0.203),.PIECEWISE_BEZIER_KNOTS.);
#2988 = CARTESIAN_POINT('',(0.625,-1.01,0.2030001));
#2989 = CARTESIAN_POINT('',(0.625,-1.01,1.000000000098E-07));
#2990 = ORIENTED_EDGE('',*,*,#2919,.T.);
#2991 = B_SPLINE_SURFACE_WITH_KNOTS('',1,1,(
    (#2992,#2993)
    ,(#2994,#2995
    )),.UNSPECIFIED.,.F.,.F.,.F.,(2,2),(2,2),(0.,0.185),(-0.203,0.),
  .PIECEWISE_BEZIER_KNOTS.);
#2992 = CARTESIAN_POINT('',(0.625,-0.825,1.000000000098E-07));
#2993 = CARTESIAN_POINT('',(0.625,-0.825,0.2030001));
#2994 = CARTESIAN_POINT('',(0.625,-1.01,1.000000000098E-07));
#2995 = CARTESIAN_POINT('',(0.625,-1.01,0.2030001));
#2996 = ADVANCED_FACE('',(#2997),#3015,.T.);
#2997 = FACE_BOUND('',#2998,.T.);
#2998 = EDGE_LOOP('',(#2999,#3000,#3001,#3008,#3013,#3014));
#2999 = ORIENTED_EDGE('',*,*,#1774,.F.);
#3000 = ORIENTED_EDGE('',*,*,#2911,.T.);
#3001 = ORIENTED_EDGE('',*,*,#3002,.T.);
#3002 = EDGE_CURVE('',#2912,#3003,#3005,.T.);
#3003 = VERTEX_POINT('',#3004);
#3004 = CARTESIAN_POINT('',(0.875,-1.01,9.999999999941E-08));
#3005 = B_SPLINE_CURVE_WITH_KNOTS('',1,(#3006,#3007),.UNSPECIFIED.,.F.,
  .F.,(2,2),(0.,0.203),.PIECEWISE_BEZIER_KNOTS.);
#3006 = CARTESIAN_POINT('',(0.875,-1.01,0.2030001));
#3007 = CARTESIAN_POINT('',(0.875,-1.01,1.000000000098E-07));
#3008 = ORIENTED_EDGE('',*,*,#3009,.F.);
#3009 = EDGE_CURVE('',#2941,#3003,#3010,.T.);
#3010 = B_SPLINE_CURVE_WITH_KNOTS('',1,(#3011,#3012),.UNSPECIFIED.,.F.,
  .F.,(2,2),(0.,0.185),.PIECEWISE_BEZIER_KNOTS.);
#3011 = CARTESIAN_POINT('',(0.875,-0.825,9.999999999941E-08));
#3012 = CARTESIAN_POINT('',(0.875,-1.01,9.999999999941E-08));
#3013 = ORIENTED_EDGE('',*,*,#2940,.F.);
#3014 = ORIENTED_EDGE('',*,*,#1948,.F.);
#3015 = B_SPLINE_SURFACE_WITH_KNOTS('',1,1,(
    (#3016,#3017)
    ,(#3018,#3019
    )),.UNSPECIFIED.,.F.,.F.,.F.,(2,2),(2,2),(-0.185,0.),(-0.203,0.),
  .PIECEWISE_BEZIER_KNOTS.);
#3016 = CARTESIAN_POINT('',(0.875,-1.01,1.000000000098E-07));
#3017 = CARTESIAN_POINT('',(0.875,-1.01,0.2030001));
#3018 = CARTESIAN_POINT('',(0.875,-0.825,1.000000000098E-07));
#3019 = CARTESIAN_POINT('',(0.875,-0.825,0.2030001));
#3020 = ADVANCED_FACE('',(#3021),#3031,.T.);
#3021 = FACE_BOUND('',#3022,.T.);
#3022 = EDGE_LOOP('',(#3023,#3024,#3029,#3030));
#3023 = ORIENTED_EDGE('',*,*,#2986,.T.);
#3024 = ORIENTED_EDGE('',*,*,#3025,.F.);
#3025 = EDGE_CURVE('',#3003,#2980,#3026,.T.);
#3026 = B_SPLINE_CURVE_WITH_KNOTS('',1,(#3027,#3028),.UNSPECIFIED.,.F.,
  .F.,(2,2),(-0.25,-0.),.PIECEWISE_BEZIER_KNOTS.);
#3027 = CARTESIAN_POINT('',(0.875,-1.01,9.999999999941E-08));
#3028 = CARTESIAN_POINT('',(0.625,-1.01,9.999999999941E-08));
#3029 = ORIENTED_EDGE('',*,*,#3002,.F.);
#3030 = ORIENTED_EDGE('',*,*,#2926,.T.);
#3031 = B_SPLINE_SURFACE_WITH_KNOTS('',1,1,(
    (#3032,#3033)
    ,(#3034,#3035
    )),.UNSPECIFIED.,.F.,.F.,.F.,(2,2),(2,2),(0.,0.203),(0.,0.25),
  .PIECEWISE_BEZIER_KNOTS.);
#3032 = CARTESIAN_POINT('',(0.625,-1.01,0.2030001));
#3033 = CARTESIAN_POINT('',(0.875,-1.01,0.2030001));
#3034 = CARTESIAN_POINT('',(0.625,-1.01,1.000000000098E-07));
#3035 = CARTESIAN_POINT('',(0.875,-1.01,1.000000000098E-07));
#3036 = ADVANCED_FACE('',(#3037),#3043,.T.);
#3037 = FACE_BOUND('',#3038,.T.);
#3038 = EDGE_LOOP('',(#3039,#3040,#3041,#3042));
#3039 = ORIENTED_EDGE('',*,*,#2947,.T.);
#3040 = ORIENTED_EDGE('',*,*,#3009,.T.);
#3041 = ORIENTED_EDGE('',*,*,#3025,.T.);
#3042 = ORIENTED_EDGE('',*,*,#2979,.T.);
#3043 = B_SPLINE_SURFACE_WITH_KNOTS('',1,1,(
    (#3044,#3045)
    ,(#3046,#3047
  )),.UNSPECIFIED.,.F.,.F.,.F.,(2,2),(2,2),(-0.125,0.125),(-0.185,0.125)
  ,.PIECEWISE_BEZIER_KNOTS.);
#3044 = CARTESIAN_POINT('',(0.875,-1.01,9.999999999941E-08));
#3045 = CARTESIAN_POINT('',(0.875,-0.7,9.999999999941E-08));
#3046 = CARTESIAN_POINT('',(0.625,-1.01,9.999999999941E-08));
#3047 = CARTESIAN_POINT('',(0.625,-0.7,9.999999999941E-08));
#3048 = ADVANCED_FACE('',(#3049),#3071,.T.);
#3049 = FACE_BOUND('',#3050,.T.);
#3050 = EDGE_LOOP('',(#3051,#3052,#3059,#3066));
#3051 = ORIENTED_EDGE('',*,*,#1683,.F.);
#3052 = ORIENTED_EDGE('',*,*,#3053,.F.);
#3053 = EDGE_CURVE('',#3054,#1677,#3056,.T.);
#3054 = VERTEX_POINT('',#3055);
#3055 = CARTESIAN_POINT('',(-0.875,-1.01,0.2030001));
#3056 = B_SPLINE_CURVE_WITH_KNOTS('',1,(#3057,#3058),.UNSPECIFIED.,.F.,
  .F.,(2,2),(-0.185,-0.175),.PIECEWISE_BEZIER_KNOTS.);
#3057 = CARTESIAN_POINT('',(-0.875,-1.01,0.2030001));
#3058 = CARTESIAN_POINT('',(-0.875,-1.,0.2030001));
#3059 = ORIENTED_EDGE('',*,*,#3060,.F.);
#3060 = EDGE_CURVE('',#3061,#3054,#3063,.T.);
#3061 = VERTEX_POINT('',#3062);
#3062 = CARTESIAN_POINT('',(-0.625,-1.01,0.2030001));
#3063 = B_SPLINE_CURVE_WITH_KNOTS('',1,(#3064,#3065),.UNSPECIFIED.,.F.,
  .F.,(2,2),(0.,0.25),.PIECEWISE_BEZIER_KNOTS.);
#3064 = CARTESIAN_POINT('',(-0.625,-1.01,0.2030001));
#3065 = CARTESIAN_POINT('',(-0.875,-1.01,0.2030001));
#3066 = ORIENTED_EDGE('',*,*,#3067,.F.);
#3067 = EDGE_CURVE('',#1684,#3061,#3068,.T.);
#3068 = B_SPLINE_CURVE_WITH_KNOTS('',1,(#3069,#3070),.UNSPECIFIED.,.F.,
  .F.,(2,2),(0.175,0.185),.PIECEWISE_BEZIER_KNOTS.);
#3069 = CARTESIAN_POINT('',(-0.625,-1.,0.2030001));
#3070 = CARTESIAN_POINT('',(-0.625,-1.01,0.2030001));
#3071 = B_SPLINE_SURFACE_WITH_KNOTS('',1,1,(
    (#3072,#3073)
    ,(#3074,#3075
  )),.UNSPECIFIED.,.F.,.F.,.F.,(2,2),(2,2),(-0.125,0.125),(-0.185,-0.175
    ),.PIECEWISE_BEZIER_KNOTS.);
#3072 = CARTESIAN_POINT('',(-0.875,-1.01,0.2030001));
#3073 = CARTESIAN_POINT('',(-0.875,-1.,0.2030001));
#3074 = CARTESIAN_POINT('',(-0.625,-1.01,0.2030001));
#3075 = CARTESIAN_POINT('',(-0.625,-1.,0.2030001));
#3076 = ADVANCED_FACE('',(#3077),#3102,.T.);
#3077 = FACE_BOUND('',#3078,.T.);
#3078 = EDGE_LOOP('',(#3079,#3080,#3087,#3097));
#3079 = ORIENTED_EDGE('',*,*,#1834,.F.);
#3080 = ORIENTED_EDGE('',*,*,#3081,.T.);
#3081 = EDGE_CURVE('',#1835,#3082,#3084,.T.);
#3082 = VERTEX_POINT('',#3083);
#3083 = CARTESIAN_POINT('',(-0.625,-0.825,9.999999999941E-08));
#3084 = B_SPLINE_CURVE_WITH_KNOTS('',1,(#3085,#3086),.UNSPECIFIED.,.F.,
  .F.,(2,2),(0.183,0.203),.PIECEWISE_BEZIER_KNOTS.);
#3085 = CARTESIAN_POINT('',(-0.625,-0.825,2.00001E-02));
#3086 = CARTESIAN_POINT('',(-0.625,-0.825,1.000000000098E-07));
#3087 = ORIENTED_EDGE('',*,*,#3088,.F.);
#3088 = EDGE_CURVE('',#3089,#3082,#3091,.T.);
#3089 = VERTEX_POINT('',#3090);
#3090 = CARTESIAN_POINT('',(-0.875,-0.825,9.999999999941E-08));
#3091 = ( BOUNDED_CURVE() B_SPLINE_CURVE(2,(#3092,#3093,#3094,#3095,
#3096),.UNSPECIFIED.,.F.,.F.) B_SPLINE_CURVE_WITH_KNOTS((3,2,3),(
    3.14159265359,4.712388980385,6.28318530718),
.PIECEWISE_BEZIER_KNOTS.) CURVE() GEOMETRIC_REPRESENTATION_ITEM() 
RATIONAL_B_SPLINE_CURVE((1.,0.707106781187,1.,0.707106781187,1.)) 
REPRESENTATION_ITEM('') );
#3092 = CARTESIAN_POINT('',(-0.875,-0.825,9.999999999941E-08));
#3093 = CARTESIAN_POINT('',(-0.875,-0.7,9.999999999941E-08));
#3094 = CARTESIAN_POINT('',(-0.75,-0.7,9.999999999941E-08));
#3095 = CARTESIAN_POINT('',(-0.625,-0.7,9.999999999941E-08));
#3096 = CARTESIAN_POINT('',(-0.625,-0.825,9.999999999941E-08));
#3097 = ORIENTED_EDGE('',*,*,#3098,.F.);
#3098 = EDGE_CURVE('',#1837,#3089,#3099,.T.);
#3099 = B_SPLINE_CURVE_WITH_KNOTS('',1,(#3100,#3101),.UNSPECIFIED.,.F.,
  .F.,(2,2),(0.183,0.203),.PIECEWISE_BEZIER_KNOTS.);
#3100 = CARTESIAN_POINT('',(-0.875,-0.825,2.00001E-02));
#3101 = CARTESIAN_POINT('',(-0.875,-0.825,1.000000000098E-07));
#3102 = ( BOUNDED_SURFACE() B_SPLINE_SURFACE(2,1,(
    (#3103,#3104)
    ,(#3105,#3106)
    ,(#3107,#3108)
    ,(#3109,#3110)
    ,(#3111,#3112
)),.UNSPECIFIED.,.F.,.F.,.F.) B_SPLINE_SURFACE_WITH_KNOTS((3,2,3),(2,2),
  (0.,1.570796326795,3.14159265359),(0.183,0.203),
.PIECEWISE_BEZIER_KNOTS.) GEOMETRIC_REPRESENTATION_ITEM() 
RATIONAL_B_SPLINE_SURFACE((
    (1.,1.)
    ,(0.707106781187,0.707106781187)
    ,(1.,1.)
    ,(0.707106781187,0.707106781187)
,(1.,1.))) REPRESENTATION_ITEM('') SURFACE() );
#3103 = CARTESIAN_POINT('',(-0.875,-0.825,2.00001E-02));
#3104 = CARTESIAN_POINT('',(-0.875,-0.825,1.000000000098E-07));
#3105 = CARTESIAN_POINT('',(-0.875,-0.7,2.00001E-02));
#3106 = CARTESIAN_POINT('',(-0.875,-0.7,1.000000000098E-07));
#3107 = CARTESIAN_POINT('',(-0.75,-0.7,2.00001E-02));
#3108 = CARTESIAN_POINT('',(-0.75,-0.7,1.000000000098E-07));
#3109 = CARTESIAN_POINT('',(-0.625,-0.7,2.00001E-02));
#3110 = CARTESIAN_POINT('',(-0.625,-0.7,1.000000000098E-07));
#3111 = CARTESIAN_POINT('',(-0.625,-0.825,2.00001E-02));
#3112 = CARTESIAN_POINT('',(-0.625,-0.825,1.000000000098E-07));
#3113 = ADVANCED_FACE('',(#3114),#3132,.T.);
#3114 = FACE_BOUND('',#3115,.T.);
#3115 = EDGE_LOOP('',(#3116,#3117,#3118,#3119,#3126,#3131));
#3116 = ORIENTED_EDGE('',*,*,#1676,.F.);
#3117 = ORIENTED_EDGE('',*,*,#1846,.F.);
#3118 = ORIENTED_EDGE('',*,*,#3098,.T.);
#3119 = ORIENTED_EDGE('',*,*,#3120,.F.);
#3120 = EDGE_CURVE('',#3121,#3089,#3123,.T.);
#3121 = VERTEX_POINT('',#3122);
#3122 = CARTESIAN_POINT('',(-0.875,-1.01,9.999999999941E-08));
#3123 = B_SPLINE_CURVE_WITH_KNOTS('',1,(#3124,#3125),.UNSPECIFIED.,.F.,
  .F.,(2,2),(-0.185,0.),.PIECEWISE_BEZIER_KNOTS.);
#3124 = CARTESIAN_POINT('',(-0.875,-1.01,9.999999999941E-08));
#3125 = CARTESIAN_POINT('',(-0.875,-0.825,9.999999999941E-08));
#3126 = ORIENTED_EDGE('',*,*,#3127,.F.);
#3127 = EDGE_CURVE('',#3054,#3121,#3128,.T.);
#3128 = B_SPLINE_CURVE_WITH_KNOTS('',1,(#3129,#3130),.UNSPECIFIED.,.F.,
  .F.,(2,2),(0.,0.203),.PIECEWISE_BEZIER_KNOTS.);
#3129 = CARTESIAN_POINT('',(-0.875,-1.01,0.2030001));
#3130 = CARTESIAN_POINT('',(-0.875,-1.01,1.000000000098E-07));
#3131 = ORIENTED_EDGE('',*,*,#3053,.T.);
#3132 = B_SPLINE_SURFACE_WITH_KNOTS('',1,1,(
    (#3133,#3134)
    ,(#3135,#3136
    )),.UNSPECIFIED.,.F.,.F.,.F.,(2,2),(2,2),(0.,0.185),(-0.203,0.),
  .PIECEWISE_BEZIER_KNOTS.);
#3133 = CARTESIAN_POINT('',(-0.875,-0.825,1.000000000098E-07));
#3134 = CARTESIAN_POINT('',(-0.875,-0.825,0.2030001));
#3135 = CARTESIAN_POINT('',(-0.875,-1.01,1.000000000098E-07));
#3136 = CARTESIAN_POINT('',(-0.875,-1.01,0.2030001));
#3137 = ADVANCED_FACE('',(#3138),#3156,.T.);
#3138 = FACE_BOUND('',#3139,.T.);
#3139 = EDGE_LOOP('',(#3140,#3141,#3142,#3149,#3154,#3155));
#3140 = ORIENTED_EDGE('',*,*,#1690,.F.);
#3141 = ORIENTED_EDGE('',*,*,#3067,.T.);
#3142 = ORIENTED_EDGE('',*,*,#3143,.T.);
#3143 = EDGE_CURVE('',#3061,#3144,#3146,.T.);
#3144 = VERTEX_POINT('',#3145);
#3145 = CARTESIAN_POINT('',(-0.625,-1.01,9.999999999941E-08));
#3146 = B_SPLINE_CURVE_WITH_KNOTS('',1,(#3147,#3148),.UNSPECIFIED.,.F.,
  .F.,(2,2),(0.,0.203),.PIECEWISE_BEZIER_KNOTS.);
#3147 = CARTESIAN_POINT('',(-0.625,-1.01,0.2030001));
#3148 = CARTESIAN_POINT('',(-0.625,-1.01,1.000000000098E-07));
#3149 = ORIENTED_EDGE('',*,*,#3150,.F.);
#3150 = EDGE_CURVE('',#3082,#3144,#3151,.T.);
#3151 = B_SPLINE_CURVE_WITH_KNOTS('',1,(#3152,#3153),.UNSPECIFIED.,.F.,
  .F.,(2,2),(0.,0.185),.PIECEWISE_BEZIER_KNOTS.);
#3152 = CARTESIAN_POINT('',(-0.625,-0.825,9.999999999941E-08));
#3153 = CARTESIAN_POINT('',(-0.625,-1.01,9.999999999941E-08));
#3154 = ORIENTED_EDGE('',*,*,#3081,.F.);
#3155 = ORIENTED_EDGE('',*,*,#2017,.F.);
#3156 = B_SPLINE_SURFACE_WITH_KNOTS('',1,1,(
    (#3157,#3158)
    ,(#3159,#3160
    )),.UNSPECIFIED.,.F.,.F.,.F.,(2,2),(2,2),(-0.185,0.),(-0.203,0.),
  .PIECEWISE_BEZIER_KNOTS.);
#3157 = CARTESIAN_POINT('',(-0.625,-1.01,1.000000000098E-07));
#3158 = CARTESIAN_POINT('',(-0.625,-1.01,0.2030001));
#3159 = CARTESIAN_POINT('',(-0.625,-0.825,1.000000000098E-07));
#3160 = CARTESIAN_POINT('',(-0.625,-0.825,0.2030001));
#3161 = ADVANCED_FACE('',(#3162),#3172,.T.);
#3162 = FACE_BOUND('',#3163,.T.);
#3163 = EDGE_LOOP('',(#3164,#3165,#3170,#3171));
#3164 = ORIENTED_EDGE('',*,*,#3127,.T.);
#3165 = ORIENTED_EDGE('',*,*,#3166,.F.);
#3166 = EDGE_CURVE('',#3144,#3121,#3167,.T.);
#3167 = B_SPLINE_CURVE_WITH_KNOTS('',1,(#3168,#3169),.UNSPECIFIED.,.F.,
  .F.,(2,2),(0.,0.25),.PIECEWISE_BEZIER_KNOTS.);
#3168 = CARTESIAN_POINT('',(-0.625,-1.01,9.999999999941E-08));
#3169 = CARTESIAN_POINT('',(-0.875,-1.01,9.999999999941E-08));
#3170 = ORIENTED_EDGE('',*,*,#3143,.F.);
#3171 = ORIENTED_EDGE('',*,*,#3060,.T.);
#3172 = B_SPLINE_SURFACE_WITH_KNOTS('',1,1,(
    (#3173,#3174)
    ,(#3175,#3176
    )),.UNSPECIFIED.,.F.,.F.,.F.,(2,2),(2,2),(0.,0.203),(-0.25,0.),
  .PIECEWISE_BEZIER_KNOTS.);
#3173 = CARTESIAN_POINT('',(-0.875,-1.01,0.2030001));
#3174 = CARTESIAN_POINT('',(-0.625,-1.01,0.2030001));
#3175 = CARTESIAN_POINT('',(-0.875,-1.01,1.000000000098E-07));
#3176 = CARTESIAN_POINT('',(-0.625,-1.01,1.000000000098E-07));
#3177 = ADVANCED_FACE('',(#3178),#3184,.F.);
#3178 = FACE_BOUND('',#3179,.T.);
#3179 = EDGE_LOOP('',(#3180,#3181,#3182,#3183));
#3180 = ORIENTED_EDGE('',*,*,#3088,.T.);
#3181 = ORIENTED_EDGE('',*,*,#3150,.T.);
#3182 = ORIENTED_EDGE('',*,*,#3166,.T.);
#3183 = ORIENTED_EDGE('',*,*,#3120,.T.);
#3184 = B_SPLINE_SURFACE_WITH_KNOTS('',1,1,(
    (#3185,#3186)
    ,(#3187,#3188
  )),.UNSPECIFIED.,.F.,.F.,.F.,(2,2),(2,2),(-0.125,0.125),(-0.185,0.125)
  ,.PIECEWISE_BEZIER_KNOTS.);
#3185 = CARTESIAN_POINT('',(-0.875,-1.01,9.999999999941E-08));
#3186 = CARTESIAN_POINT('',(-0.875,-0.7,9.999999999941E-08));
#3187 = CARTESIAN_POINT('',(-0.625,-1.01,9.999999999941E-08));
#3188 = CARTESIAN_POINT('',(-0.625,-0.7,9.999999999941E-08));
#3189 = ADVANCED_FACE('',(#3190),#3212,.T.);
#3190 = FACE_BOUND('',#3191,.T.);
#3191 = EDGE_LOOP('',(#3192,#3201,#3206,#3207));
#3192 = ORIENTED_EDGE('',*,*,#3193,.F.);
#3193 = EDGE_CURVE('',#3194,#3196,#3198,.T.);
#3194 = VERTEX_POINT('',#3195);
#3195 = CARTESIAN_POINT('',(-0.6,-0.15,9.999999999941E-08));
#3196 = VERTEX_POINT('',#3197);
#3197 = CARTESIAN_POINT('',(-0.6,0.4,9.999999999941E-08));
#3198 = B_SPLINE_CURVE_WITH_KNOTS('',1,(#3199,#3200),.UNSPECIFIED.,.F.,
  .F.,(2,2),(-0.55,0.),.PIECEWISE_BEZIER_KNOTS.);
#3199 = CARTESIAN_POINT('',(-0.6,-0.15,9.999999999941E-08));
#3200 = CARTESIAN_POINT('',(-0.6,0.4,9.999999999941E-08));
#3201 = ORIENTED_EDGE('',*,*,#3202,.T.);
#3202 = EDGE_CURVE('',#3194,#1807,#3203,.T.);
#3203 = B_SPLINE_CURVE_WITH_KNOTS('',1,(#3204,#3205),.UNSPECIFIED.,.F.,
  .F.,(2,2),(-0.203,-0.183),.PIECEWISE_BEZIER_KNOTS.);
#3204 = CARTESIAN_POINT('',(-0.6,-0.15,1.000000000098E-07));
#3205 = CARTESIAN_POINT('',(-0.6,-0.15,2.00001E-02));
#3206 = ORIENTED_EDGE('',*,*,#1806,.F.);
#3207 = ORIENTED_EDGE('',*,*,#3208,.T.);
#3208 = EDGE_CURVE('',#1800,#3196,#3209,.T.);
#3209 = B_SPLINE_CURVE_WITH_KNOTS('',1,(#3210,#3211),.UNSPECIFIED.,.F.,
  .F.,(2,2),(0.183,0.203),.PIECEWISE_BEZIER_KNOTS.);
#3210 = CARTESIAN_POINT('',(-0.6,0.4,2.00001E-02));
#3211 = CARTESIAN_POINT('',(-0.6,0.4,1.000000000098E-07));
#3212 = B_SPLINE_SURFACE_WITH_KNOTS('',1,1,(
    (#3213,#3214)
    ,(#3215,#3216
    )),.UNSPECIFIED.,.F.,.F.,.F.,(2,2),(2,2),(-0.,0.55),(-0.203,-0.183),
  .PIECEWISE_BEZIER_KNOTS.);
#3213 = CARTESIAN_POINT('',(-0.6,0.4,1.000000000098E-07));
#3214 = CARTESIAN_POINT('',(-0.6,0.4,2.00001E-02));
#3215 = CARTESIAN_POINT('',(-0.6,-0.15,1.000000000098E-07));
#3216 = CARTESIAN_POINT('',(-0.6,-0.15,2.00001E-02));
#3217 = ADVANCED_FACE('',(#3218),#3240,.T.);
#3218 = FACE_BOUND('',#3219,.T.);
#3219 = EDGE_LOOP('',(#3220,#3221,#3228,#3235));
#3220 = ORIENTED_EDGE('',*,*,#1820,.F.);
#3221 = ORIENTED_EDGE('',*,*,#3222,.T.);
#3222 = EDGE_CURVE('',#1814,#3223,#3225,.T.);
#3223 = VERTEX_POINT('',#3224);
#3224 = CARTESIAN_POINT('',(-0.35,-0.4,9.999999999941E-08));
#3225 = B_SPLINE_CURVE_WITH_KNOTS('',1,(#3226,#3227),.UNSPECIFIED.,.F.,
  .F.,(2,2),(0.183,0.203),.PIECEWISE_BEZIER_KNOTS.);
#3226 = CARTESIAN_POINT('',(-0.35,-0.4,2.00001E-02));
#3227 = CARTESIAN_POINT('',(-0.35,-0.4,1.000000000098E-07));
#3228 = ORIENTED_EDGE('',*,*,#3229,.F.);
#3229 = EDGE_CURVE('',#3230,#3223,#3232,.T.);
#3230 = VERTEX_POINT('',#3231);
#3231 = CARTESIAN_POINT('',(0.6,-0.4,9.999999999941E-08));
#3232 = B_SPLINE_CURVE_WITH_KNOTS('',1,(#3233,#3234),.UNSPECIFIED.,.F.,
  .F.,(2,2),(0.,0.95),.PIECEWISE_BEZIER_KNOTS.);
#3233 = CARTESIAN_POINT('',(0.6,-0.4,9.999999999941E-08));
#3234 = CARTESIAN_POINT('',(-0.35,-0.4,9.999999999941E-08));
#3235 = ORIENTED_EDGE('',*,*,#3236,.F.);
#3236 = EDGE_CURVE('',#1821,#3230,#3237,.T.);
#3237 = B_SPLINE_CURVE_WITH_KNOTS('',1,(#3238,#3239),.UNSPECIFIED.,.F.,
  .F.,(2,2),(0.183,0.203),.PIECEWISE_BEZIER_KNOTS.);
#3238 = CARTESIAN_POINT('',(0.6,-0.4,2.00001E-02));
#3239 = CARTESIAN_POINT('',(0.6,-0.4,1.000000000098E-07));
#3240 = B_SPLINE_SURFACE_WITH_KNOTS('',1,1,(
    (#3241,#3242)
    ,(#3243,#3244
  )),.UNSPECIFIED.,.F.,.F.,.F.,(2,2),(2,2),(0.183,0.203),(-0.95,0.),
  .PIECEWISE_BEZIER_KNOTS.);
#3241 = CARTESIAN_POINT('',(-0.35,-0.4,2.00001E-02));
#3242 = CARTESIAN_POINT('',(0.6,-0.4,2.00001E-02));
#3243 = CARTESIAN_POINT('',(-0.35,-0.4,1.000000000098E-07));
#3244 = CARTESIAN_POINT('',(0.6,-0.4,1.000000000098E-07));
#3245 = ADVANCED_FACE('',(#3246),#3262,.T.);
#3246 = FACE_BOUND('',#3247,.T.);
#3247 = EDGE_LOOP('',(#3248,#3249,#3250,#3257));
#3248 = ORIENTED_EDGE('',*,*,#1827,.F.);
#3249 = ORIENTED_EDGE('',*,*,#3236,.T.);
#3250 = ORIENTED_EDGE('',*,*,#3251,.F.);
#3251 = EDGE_CURVE('',#3252,#3230,#3254,.T.);
#3252 = VERTEX_POINT('',#3253);
#3253 = CARTESIAN_POINT('',(0.6,0.4,9.999999999941E-08));
#3254 = B_SPLINE_CURVE_WITH_KNOTS('',1,(#3255,#3256),.UNSPECIFIED.,.F.,
  .F.,(2,2),(0.,0.8),.PIECEWISE_BEZIER_KNOTS.);
#3255 = CARTESIAN_POINT('',(0.6,0.4,9.999999999941E-08));
#3256 = CARTESIAN_POINT('',(0.6,-0.4,9.999999999941E-08));
#3257 = ORIENTED_EDGE('',*,*,#3258,.F.);
#3258 = EDGE_CURVE('',#1798,#3252,#3259,.T.);
#3259 = B_SPLINE_CURVE_WITH_KNOTS('',1,(#3260,#3261),.UNSPECIFIED.,.F.,
  .F.,(2,2),(0.183,0.203),.PIECEWISE_BEZIER_KNOTS.);
#3260 = CARTESIAN_POINT('',(0.6,0.4,2.00001E-02));
#3261 = CARTESIAN_POINT('',(0.6,0.4,1.000000000098E-07));
#3262 = B_SPLINE_SURFACE_WITH_KNOTS('',1,1,(
    (#3263,#3264)
    ,(#3265,#3266
    )),.UNSPECIFIED.,.F.,.F.,.F.,(2,2),(2,2),(-0.8,0.),(-0.203,-0.183),
  .PIECEWISE_BEZIER_KNOTS.);
#3263 = CARTESIAN_POINT('',(0.6,-0.4,1.000000000098E-07));
#3264 = CARTESIAN_POINT('',(0.6,-0.4,2.00001E-02));
#3265 = CARTESIAN_POINT('',(0.6,0.4,1.000000000098E-07));
#3266 = CARTESIAN_POINT('',(0.6,0.4,2.00001E-02));
#3267 = ADVANCED_FACE('',(#3268),#3278,.T.);
#3268 = FACE_BOUND('',#3269,.T.);
#3269 = EDGE_LOOP('',(#3270,#3271,#3272,#3277));
#3270 = ORIENTED_EDGE('',*,*,#1797,.F.);
#3271 = ORIENTED_EDGE('',*,*,#3258,.T.);
#3272 = ORIENTED_EDGE('',*,*,#3273,.F.);
#3273 = EDGE_CURVE('',#3196,#3252,#3274,.T.);
#3274 = B_SPLINE_CURVE_WITH_KNOTS('',1,(#3275,#3276),.UNSPECIFIED.,.F.,
  .F.,(2,2),(-1.2,0.),.PIECEWISE_BEZIER_KNOTS.);
#3275 = CARTESIAN_POINT('',(-0.6,0.4,9.999999999941E-08));
#3276 = CARTESIAN_POINT('',(0.6,0.4,9.999999999941E-08));
#3277 = ORIENTED_EDGE('',*,*,#3208,.F.);
#3278 = B_SPLINE_SURFACE_WITH_KNOTS('',1,1,(
    (#3279,#3280)
    ,(#3281,#3282
    )),.UNSPECIFIED.,.F.,.F.,.F.,(2,2),(2,2),(-0.203,-0.183),(-1.2,0.),
  .PIECEWISE_BEZIER_KNOTS.);
#3279 = CARTESIAN_POINT('',(-0.6,0.4,1.000000000098E-07));
#3280 = CARTESIAN_POINT('',(0.6,0.4,1.000000000098E-07));
#3281 = CARTESIAN_POINT('',(-0.6,0.4,2.00001E-02));
#3282 = CARTESIAN_POINT('',(0.6,0.4,2.00001E-02));
#3283 = ADVANCED_FACE('',(#3284),#3295,.T.);
#3284 = FACE_BOUND('',#3285,.T.);
#3285 = EDGE_LOOP('',(#3286,#3287,#3292,#3293,#3294));
#3286 = ORIENTED_EDGE('',*,*,#3229,.T.);
#3287 = ORIENTED_EDGE('',*,*,#3288,.T.);
#3288 = EDGE_CURVE('',#3223,#3194,#3289,.T.);
#3289 = B_SPLINE_CURVE_WITH_KNOTS('',1,(#3290,#3291),.UNSPECIFIED.,.F.,
  .F.,(2,2),(-3.535533905933E-02,0.318198051534),
  .PIECEWISE_BEZIER_KNOTS.);
#3290 = CARTESIAN_POINT('',(-0.35,-0.4,9.999999999941E-08));
#3291 = CARTESIAN_POINT('',(-0.6,-0.15,9.999999999941E-08));
#3292 = ORIENTED_EDGE('',*,*,#3193,.T.);
#3293 = ORIENTED_EDGE('',*,*,#3273,.T.);
#3294 = ORIENTED_EDGE('',*,*,#3251,.T.);
#3295 = B_SPLINE_SURFACE_WITH_KNOTS('',1,1,(
    (#3296,#3297)
    ,(#3298,#3299
    )),.UNSPECIFIED.,.F.,.F.,.F.,(2,2),(2,2),(-0.6,0.6),(-0.4,0.4),
  .PIECEWISE_BEZIER_KNOTS.);
#3296 = CARTESIAN_POINT('',(0.6,-0.4,9.999999999941E-08));
#3297 = CARTESIAN_POINT('',(0.6,0.4,9.999999999941E-08));
#3298 = CARTESIAN_POINT('',(-0.6,-0.4,9.999999999941E-08));
#3299 = CARTESIAN_POINT('',(-0.6,0.4,9.999999999941E-08));
#3300 = ADVANCED_FACE('',(#3301),#3323,.F.);
#3301 = FACE_BOUND('',#3302,.T.);
#3302 = EDGE_LOOP('',(#3303,#3304,#3311,#3318));
#3303 = ORIENTED_EDGE('',*,*,#742,.T.);
#3304 = ORIENTED_EDGE('',*,*,#3305,.F.);
#3305 = EDGE_CURVE('',#3306,#734,#3308,.T.);
#3306 = VERTEX_POINT('',#3307);
#3307 = CARTESIAN_POINT('',(-0.499247578052,0.775451704807,0.7800001));
#3308 = B_SPLINE_CURVE_WITH_KNOTS('',1,(#3309,#3310),.UNSPECIFIED.,.F.,
  .F.,(2,2),(-0.,1.E-02),.PIECEWISE_BEZIER_KNOTS.);
#3309 = CARTESIAN_POINT('',(-0.499247578052,0.775451704807,0.7800001));
#3310 = CARTESIAN_POINT('',(-0.499247578052,0.775451704807,0.7700001));
#3311 = ORIENTED_EDGE('',*,*,#3312,.F.);
#3312 = EDGE_CURVE('',#3313,#3306,#3315,.T.);
#3313 = VERTEX_POINT('',#3314);
#3314 = CARTESIAN_POINT('',(-0.499247578052,0.76772283763,0.7800001));
#3315 = B_SPLINE_CURVE_WITH_KNOTS('',1,(#3316,#3317),.UNSPECIFIED.,.F.,
  .F.,(2,2),(-7.728867177928E-03,0.),.PIECEWISE_BEZIER_KNOTS.);
#3316 = CARTESIAN_POINT('',(-0.499247578052,0.76772283763,0.7800001));
#3317 = CARTESIAN_POINT('',(-0.499247578052,0.775451704807,0.7800001));
#3318 = ORIENTED_EDGE('',*,*,#3319,.T.);
#3319 = EDGE_CURVE('',#3313,#743,#3320,.T.);
#3320 = B_SPLINE_CURVE_WITH_KNOTS('',1,(#3321,#3322),.UNSPECIFIED.,.F.,
  .F.,(2,2),(-0.,1.E-02),.PIECEWISE_BEZIER_KNOTS.);
#3321 = CARTESIAN_POINT('',(-0.499247578052,0.76772283763,0.7800001));
#3322 = CARTESIAN_POINT('',(-0.499247578052,0.76772283763,0.7700001));
#3323 = B_SPLINE_SURFACE_WITH_KNOTS('',1,1,(
    (#3324,#3325)
    ,(#3326,#3327)),.UNSPECIFIED.,.F.,.F.,.F.,(2,2),(2,2),(-1.E-02,0.),(
    -7.728867177928E-03,0.),.PIECEWISE_BEZIER_KNOTS.);
#3324 = CARTESIAN_POINT('',(-0.499247578052,0.76772283763,0.7700001));
#3325 = CARTESIAN_POINT('',(-0.499247578052,0.775451704807,0.7700001));
#3326 = CARTESIAN_POINT('',(-0.499247578052,0.76772283763,0.7800001));
#3327 = CARTESIAN_POINT('',(-0.499247578052,0.775451704807,0.7800001));
#3328 = ADVANCED_FACE('',(#3329),#3345,.F.);
#3329 = FACE_BOUND('',#3330,.T.);
#3330 = EDGE_LOOP('',(#3331,#3332,#3339,#3344));
#3331 = ORIENTED_EDGE('',*,*,#733,.T.);
#3332 = ORIENTED_EDGE('',*,*,#3333,.F.);
#3333 = EDGE_CURVE('',#3334,#736,#3336,.T.);
#3334 = VERTEX_POINT('',#3335);
#3335 = CARTESIAN_POINT('',(-0.526246625279,0.775451704807,0.7800001));
#3336 = B_SPLINE_CURVE_WITH_KNOTS('',1,(#3337,#3338),.UNSPECIFIED.,.F.,
  .F.,(2,2),(-0.,1.E-02),.PIECEWISE_BEZIER_KNOTS.);
#3337 = CARTESIAN_POINT('',(-0.526246625279,0.775451704807,0.7800001));
#3338 = CARTESIAN_POINT('',(-0.526246625279,0.775451704807,0.7700001));
#3339 = ORIENTED_EDGE('',*,*,#3340,.F.);
#3340 = EDGE_CURVE('',#3306,#3334,#3341,.T.);
#3341 = B_SPLINE_CURVE_WITH_KNOTS('',1,(#3342,#3343),.UNSPECIFIED.,.F.,
  .F.,(2,2),(-2.699904722722E-02,-0.),.PIECEWISE_BEZIER_KNOTS.);
#3342 = CARTESIAN_POINT('',(-0.499247578052,0.775451704807,0.7800001));
#3343 = CARTESIAN_POINT('',(-0.526246625279,0.775451704807,0.7800001));
#3344 = ORIENTED_EDGE('',*,*,#3305,.T.);
#3345 = B_SPLINE_SURFACE_WITH_KNOTS('',1,1,(
    (#3346,#3347)
    ,(#3348,#3349
    )),.UNSPECIFIED.,.F.,.F.,.F.,(2,2),(2,2),(0.,1.E-02),(0.,
    2.699904722722E-02),.PIECEWISE_BEZIER_KNOTS.);
#3346 = CARTESIAN_POINT('',(-0.526246625279,0.775451704807,0.7800001));
#3347 = CARTESIAN_POINT('',(-0.499247578052,0.775451704807,0.7800001));
#3348 = CARTESIAN_POINT('',(-0.526246625279,0.775451704807,0.7700001));
#3349 = CARTESIAN_POINT('',(-0.499247578052,0.775451704807,0.7700001));
#3350 = ADVANCED_FACE('',(#3351),#3367,.F.);
#3351 = FACE_BOUND('',#3352,.T.);
#3352 = EDGE_LOOP('',(#3353,#3354,#3361,#3366));
#3353 = ORIENTED_EDGE('',*,*,#770,.T.);
#3354 = ORIENTED_EDGE('',*,*,#3355,.F.);
#3355 = EDGE_CURVE('',#3356,#764,#3358,.T.);
#3356 = VERTEX_POINT('',#3357);
#3357 = CARTESIAN_POINT('',(-0.526246625279,0.835515053773,0.7800001));
#3358 = B_SPLINE_CURVE_WITH_KNOTS('',1,(#3359,#3360),.UNSPECIFIED.,.F.,
  .F.,(2,2),(-0.,1.E-02),.PIECEWISE_BEZIER_KNOTS.);
#3359 = CARTESIAN_POINT('',(-0.526246625279,0.835515053773,0.7800001));
#3360 = CARTESIAN_POINT('',(-0.526246625279,0.835515053773,0.7700001));
#3361 = ORIENTED_EDGE('',*,*,#3362,.F.);
#3362 = EDGE_CURVE('',#3334,#3356,#3363,.T.);
#3363 = B_SPLINE_CURVE_WITH_KNOTS('',1,(#3364,#3365),.UNSPECIFIED.,.F.,
  .F.,(2,2),(-6.006334896585E-02,0.),.PIECEWISE_BEZIER_KNOTS.);
#3364 = CARTESIAN_POINT('',(-0.526246625279,0.775451704807,0.7800001));
#3365 = CARTESIAN_POINT('',(-0.526246625279,0.835515053773,0.7800001));
#3366 = ORIENTED_EDGE('',*,*,#3333,.T.);
#3367 = B_SPLINE_SURFACE_WITH_KNOTS('',1,1,(
    (#3368,#3369)
    ,(#3370,#3371)),.UNSPECIFIED.,.F.,.F.,.F.,(2,2),(2,2),(-1.E-02,0.),(
    -6.006334896585E-02,0.),.PIECEWISE_BEZIER_KNOTS.);
#3368 = CARTESIAN_POINT('',(-0.526246625279,0.775451704807,0.7700001));
#3369 = CARTESIAN_POINT('',(-0.526246625279,0.835515053773,0.7700001));
#3370 = CARTESIAN_POINT('',(-0.526246625279,0.775451704807,0.7800001));
#3371 = CARTESIAN_POINT('',(-0.526246625279,0.835515053773,0.7800001));
#3372 = ADVANCED_FACE('',(#3373),#3389,.F.);
#3373 = FACE_BOUND('',#3374,.T.);
#3374 = EDGE_LOOP('',(#3375,#3376,#3383,#3388));
#3375 = ORIENTED_EDGE('',*,*,#763,.T.);
#3376 = ORIENTED_EDGE('',*,*,#3377,.F.);
#3377 = EDGE_CURVE('',#3378,#757,#3380,.T.);
#3378 = VERTEX_POINT('',#3379);
#3379 = CARTESIAN_POINT('',(-0.534997921075,0.835515053773,0.7800001));
#3380 = B_SPLINE_CURVE_WITH_KNOTS('',1,(#3381,#3382),.UNSPECIFIED.,.F.,
  .F.,(2,2),(-0.,1.E-02),.PIECEWISE_BEZIER_KNOTS.);
#3381 = CARTESIAN_POINT('',(-0.534997921075,0.835515053773,0.7800001));
#3382 = CARTESIAN_POINT('',(-0.534997921075,0.835515053773,0.7700001));
#3383 = ORIENTED_EDGE('',*,*,#3384,.F.);
#3384 = EDGE_CURVE('',#3356,#3378,#3385,.T.);
#3385 = B_SPLINE_CURVE_WITH_KNOTS('',1,(#3386,#3387),.UNSPECIFIED.,.F.,
  .F.,(2,2),(-8.751295795631E-03,-0.),.PIECEWISE_BEZIER_KNOTS.);
#3386 = CARTESIAN_POINT('',(-0.526246625279,0.835515053773,0.7800001));
#3387 = CARTESIAN_POINT('',(-0.534997921075,0.835515053773,0.7800001));
#3388 = ORIENTED_EDGE('',*,*,#3355,.T.);
#3389 = B_SPLINE_SURFACE_WITH_KNOTS('',1,1,(
    (#3390,#3391)
    ,(#3392,#3393
    )),.UNSPECIFIED.,.F.,.F.,.F.,(2,2),(2,2),(0.,1.E-02),(0.,
    8.751295795631E-03),.PIECEWISE_BEZIER_KNOTS.);
#3390 = CARTESIAN_POINT('',(-0.534997921075,0.835515053773,0.7800001));
#3391 = CARTESIAN_POINT('',(-0.526246625279,0.835515053773,0.7800001));
#3392 = CARTESIAN_POINT('',(-0.534997921075,0.835515053773,0.7700001));
#3393 = CARTESIAN_POINT('',(-0.526246625279,0.835515053773,0.7700001));
#3394 = ADVANCED_FACE('',(#3395),#3411,.F.);
#3395 = FACE_BOUND('',#3396,.T.);
#3396 = EDGE_LOOP('',(#3397,#3398,#3405,#3410));
#3397 = ORIENTED_EDGE('',*,*,#756,.T.);
#3398 = ORIENTED_EDGE('',*,*,#3399,.F.);
#3399 = EDGE_CURVE('',#3400,#750,#3402,.T.);
#3400 = VERTEX_POINT('',#3401);
#3401 = CARTESIAN_POINT('',(-0.534997921075,0.76772283763,0.7800001));
#3402 = B_SPLINE_CURVE_WITH_KNOTS('',1,(#3403,#3404),.UNSPECIFIED.,.F.,
  .F.,(2,2),(-0.,1.E-02),.PIECEWISE_BEZIER_KNOTS.);
#3403 = CARTESIAN_POINT('',(-0.534997921075,0.76772283763,0.7800001));
#3404 = CARTESIAN_POINT('',(-0.534997921075,0.76772283763,0.7700001));
#3405 = ORIENTED_EDGE('',*,*,#3406,.F.);
#3406 = EDGE_CURVE('',#3378,#3400,#3407,.T.);
#3407 = B_SPLINE_CURVE_WITH_KNOTS('',1,(#3408,#3409),.UNSPECIFIED.,.F.,
  .F.,(2,2),(-6.779221614378E-02,-0.),.PIECEWISE_BEZIER_KNOTS.);
#3408 = CARTESIAN_POINT('',(-0.534997921075,0.835515053773,0.7800001));
#3409 = CARTESIAN_POINT('',(-0.534997921075,0.76772283763,0.7800001));
#3410 = ORIENTED_EDGE('',*,*,#3377,.T.);
#3411 = B_SPLINE_SURFACE_WITH_KNOTS('',1,1,(
    (#3412,#3413)
    ,(#3414,#3415
    )),.UNSPECIFIED.,.F.,.F.,.F.,(2,2),(2,2),(0.,1.E-02),(0.,
    6.779221614378E-02),.PIECEWISE_BEZIER_KNOTS.);
#3412 = CARTESIAN_POINT('',(-0.534997921075,0.76772283763,0.7800001));
#3413 = CARTESIAN_POINT('',(-0.534997921075,0.835515053773,0.7800001));
#3414 = CARTESIAN_POINT('',(-0.534997921075,0.76772283763,0.7700001));
#3415 = CARTESIAN_POINT('',(-0.534997921075,0.835515053773,0.7700001));
#3416 = ADVANCED_FACE('',(#3417),#3427,.F.);
#3417 = FACE_BOUND('',#3418,.T.);
#3418 = EDGE_LOOP('',(#3419,#3420,#3421,#3426));
#3419 = ORIENTED_EDGE('',*,*,#749,.T.);
#3420 = ORIENTED_EDGE('',*,*,#3319,.F.);
#3421 = ORIENTED_EDGE('',*,*,#3422,.F.);
#3422 = EDGE_CURVE('',#3400,#3313,#3423,.T.);
#3423 = B_SPLINE_CURVE_WITH_KNOTS('',1,(#3424,#3425),.UNSPECIFIED.,.F.,
  .F.,(2,2),(-3.575034302285E-02,0.),.PIECEWISE_BEZIER_KNOTS.);
#3424 = CARTESIAN_POINT('',(-0.534997921075,0.76772283763,0.7800001));
#3425 = CARTESIAN_POINT('',(-0.499247578052,0.76772283763,0.7800001));
#3426 = ORIENTED_EDGE('',*,*,#3399,.T.);
#3427 = B_SPLINE_SURFACE_WITH_KNOTS('',1,1,(
    (#3428,#3429)
    ,(#3430,#3431)),.UNSPECIFIED.,.F.,.F.,.F.,(2,2),(2,2),(-1.E-02,0.),(
    -3.575034302285E-02,0.),.PIECEWISE_BEZIER_KNOTS.);
#3428 = CARTESIAN_POINT('',(-0.534997921075,0.76772283763,0.7700001));
#3429 = CARTESIAN_POINT('',(-0.499247578052,0.76772283763,0.7700001));
#3430 = CARTESIAN_POINT('',(-0.534997921075,0.76772283763,0.7800001));
#3431 = CARTESIAN_POINT('',(-0.499247578052,0.76772283763,0.7800001));
#3432 = ADVANCED_FACE('',(#3433),#3441,.F.);
#3433 = FACE_BOUND('',#3434,.T.);
#3434 = EDGE_LOOP('',(#3435,#3436,#3437,#3438,#3439,#3440));
#3435 = ORIENTED_EDGE('',*,*,#3312,.T.);
#3436 = ORIENTED_EDGE('',*,*,#3340,.T.);
#3437 = ORIENTED_EDGE('',*,*,#3362,.T.);
#3438 = ORIENTED_EDGE('',*,*,#3384,.T.);
#3439 = ORIENTED_EDGE('',*,*,#3406,.T.);
#3440 = ORIENTED_EDGE('',*,*,#3422,.T.);
#3441 = B_SPLINE_SURFACE_WITH_KNOTS('',1,1,(
    (#3442,#3443)
    ,(#3444,#3445
    )),.UNSPECIFIED.,.F.,.F.,.F.,(2,2),(2,2),(0.499247578052,
    0.534997921075),(0.76772283763,0.835515053773),
  .PIECEWISE_BEZIER_KNOTS.);
#3442 = CARTESIAN_POINT('',(-0.499247578052,0.76772283763,0.7800001));
#3443 = CARTESIAN_POINT('',(-0.499247578052,0.835515053773,0.7800001));
#3444 = CARTESIAN_POINT('',(-0.534997921075,0.76772283763,0.7800001));
#3445 = CARTESIAN_POINT('',(-0.534997921075,0.835515053773,0.7800001));
#3446 = ADVANCED_FACE('',(#3447),#3471,.F.);
#3447 = FACE_BOUND('',#3448,.F.);
#3448 = EDGE_LOOP('',(#3449,#3456,#3465,#3470));
#3449 = ORIENTED_EDGE('',*,*,#3450,.F.);
#3450 = EDGE_CURVE('',#3451,#787,#3453,.T.);
#3451 = VERTEX_POINT('',#3452);
#3452 = CARTESIAN_POINT('',(-0.46448500505,0.766579103922,0.7800001));
#3453 = B_SPLINE_CURVE_WITH_KNOTS('',1,(#3454,#3455),.UNSPECIFIED.,.F.,
  .F.,(2,2),(-0.,1.E-02),.PIECEWISE_BEZIER_KNOTS.);
#3454 = CARTESIAN_POINT('',(-0.46448500505,0.766579103922,0.7800001));
#3455 = CARTESIAN_POINT('',(-0.46448500505,0.766579103922,0.7700001));
#3456 = ORIENTED_EDGE('',*,*,#3457,.T.);
#3457 = EDGE_CURVE('',#3451,#3458,#3460,.T.);
#3458 = VERTEX_POINT('',#3459);
#3459 = CARTESIAN_POINT('',(-0.44571737466,0.770530184004,0.7800001));
#3460 = B_SPLINE_CURVE_WITH_KNOTS('',3,(#3461,#3462,#3463,#3464),
  .UNSPECIFIED.,.F.,.F.,(4,4),(0.,1.),.PIECEWISE_BEZIER_KNOTS.);
#3461 = CARTESIAN_POINT('',(-0.46448500505,0.766579103922,0.7800001));
#3462 = CARTESIAN_POINT('',(-0.456964089455,0.766579103922,0.7800001));
#3463 = CARTESIAN_POINT('',(-0.450708212659,0.767896130615,0.7800001));
#3464 = CARTESIAN_POINT('',(-0.44571737466,0.770530184004,0.7800001));
#3465 = ORIENTED_EDGE('',*,*,#3466,.T.);
#3466 = EDGE_CURVE('',#3458,#778,#3467,.T.);
#3467 = B_SPLINE_CURVE_WITH_KNOTS('',1,(#3468,#3469),.UNSPECIFIED.,.F.,
  .F.,(2,2),(-0.,1.E-02),.PIECEWISE_BEZIER_KNOTS.);
#3468 = CARTESIAN_POINT('',(-0.44571737466,0.770530184004,0.7800001));
#3469 = CARTESIAN_POINT('',(-0.44571737466,0.770530184004,0.7700001));
#3470 = ORIENTED_EDGE('',*,*,#786,.F.);
#3471 = B_SPLINE_SURFACE_WITH_KNOTS('',3,1,(
    (#3472,#3473)
    ,(#3474,#3475)
    ,(#3476,#3477)
    ,(#3478,#3479
    )),.UNSPECIFIED.,.F.,.F.,.F.,(4,4),(2,2),(0.,1.),(0.,1.),
  .PIECEWISE_BEZIER_KNOTS.);
#3472 = CARTESIAN_POINT('',(-0.46448500505,0.766579103922,0.7800001));
#3473 = CARTESIAN_POINT('',(-0.46448500505,0.766579103922,0.7700001));
#3474 = CARTESIAN_POINT('',(-0.456964089455,0.766579103922,0.7800001));
#3475 = CARTESIAN_POINT('',(-0.456964089455,0.766579103922,0.7700001));
#3476 = CARTESIAN_POINT('',(-0.450708212659,0.767896130615,0.7800001));
#3477 = CARTESIAN_POINT('',(-0.450708212659,0.767896130615,0.7700001));
#3478 = CARTESIAN_POINT('',(-0.44571737466,0.770530184004,0.7800001));
#3479 = CARTESIAN_POINT('',(-0.44571737466,0.770530184004,0.7700001));
#3480 = ADVANCED_FACE('',(#3481),#3497,.F.);
#3481 = FACE_BOUND('',#3482,.T.);
#3482 = EDGE_LOOP('',(#3483,#3484,#3491,#3496));
#3483 = ORIENTED_EDGE('',*,*,#777,.T.);
#3484 = ORIENTED_EDGE('',*,*,#3485,.F.);
#3485 = EDGE_CURVE('',#3486,#780,#3488,.T.);
#3486 = VERTEX_POINT('',#3487);
#3487 = CARTESIAN_POINT('',(-0.44571737466,0.778917564529,0.7800001));
#3488 = B_SPLINE_CURVE_WITH_KNOTS('',1,(#3489,#3490),.UNSPECIFIED.,.F.,
  .F.,(2,2),(-0.,1.E-02),.PIECEWISE_BEZIER_KNOTS.);
#3489 = CARTESIAN_POINT('',(-0.44571737466,0.778917564529,0.7800001));
#3490 = CARTESIAN_POINT('',(-0.44571737466,0.778917564529,0.7700001));
#3491 = ORIENTED_EDGE('',*,*,#3492,.F.);
#3492 = EDGE_CURVE('',#3458,#3486,#3493,.T.);
#3493 = B_SPLINE_CURVE_WITH_KNOTS('',1,(#3494,#3495),.UNSPECIFIED.,.F.,
  .F.,(2,2),(-8.387380525102E-03,0.),.PIECEWISE_BEZIER_KNOTS.);
#3494 = CARTESIAN_POINT('',(-0.44571737466,0.770530184004,0.7800001));
#3495 = CARTESIAN_POINT('',(-0.44571737466,0.778917564529,0.7800001));
#3496 = ORIENTED_EDGE('',*,*,#3466,.T.);
#3497 = B_SPLINE_SURFACE_WITH_KNOTS('',1,1,(
    (#3498,#3499)
    ,(#3500,#3501)),.UNSPECIFIED.,.F.,.F.,.F.,(2,2),(2,2),(-1.E-02,0.),(
    -8.387380525102E-03,0.),.PIECEWISE_BEZIER_KNOTS.);
#3498 = CARTESIAN_POINT('',(-0.44571737466,0.770530184004,0.7700001));
#3499 = CARTESIAN_POINT('',(-0.44571737466,0.778917564529,0.7700001));
#3500 = CARTESIAN_POINT('',(-0.44571737466,0.770530184004,0.7800001));
#3501 = CARTESIAN_POINT('',(-0.44571737466,0.778917564529,0.7800001));
#3502 = ADVANCED_FACE('',(#3503),#3521,.F.);
#3503 = FACE_BOUND('',#3504,.F.);
#3504 = EDGE_LOOP('',(#3505,#3506,#3515,#3520));
#3505 = ORIENTED_EDGE('',*,*,#3485,.F.);
#3506 = ORIENTED_EDGE('',*,*,#3507,.T.);
#3507 = EDGE_CURVE('',#3486,#3508,#3510,.T.);
#3508 = VERTEX_POINT('',#3509);
#3509 = CARTESIAN_POINT('',(-0.463219966252,0.774377288294,0.7800001));
#3510 = B_SPLINE_CURVE_WITH_KNOTS('',3,(#3511,#3512,#3513,#3514),
  .UNSPECIFIED.,.F.,.F.,(4,4),(12.,13.),.PIECEWISE_BEZIER_KNOTS.);
#3511 = CARTESIAN_POINT('',(-0.44571737466,0.778917564529,0.7800001));
#3512 = CARTESIAN_POINT('',(-0.450673554062,0.775902266571,0.7800001));
#3513 = CARTESIAN_POINT('',(-0.456513527692,0.774377288294,0.7800001));
#3514 = CARTESIAN_POINT('',(-0.463219966252,0.774377288294,0.7800001));
#3515 = ORIENTED_EDGE('',*,*,#3516,.T.);
#3516 = EDGE_CURVE('',#3508,#884,#3517,.T.);
#3517 = B_SPLINE_CURVE_WITH_KNOTS('',1,(#3518,#3519),.UNSPECIFIED.,.F.,
  .F.,(2,2),(-0.,1.E-02),.PIECEWISE_BEZIER_KNOTS.);
#3518 = CARTESIAN_POINT('',(-0.463219966252,0.774377288294,0.7800001));
#3519 = CARTESIAN_POINT('',(-0.463219966252,0.774377288294,0.7700001));
#3520 = ORIENTED_EDGE('',*,*,#892,.F.);
#3521 = B_SPLINE_SURFACE_WITH_KNOTS('',3,1,(
    (#3522,#3523)
    ,(#3524,#3525)
    ,(#3526,#3527)
    ,(#3528,#3529
    )),.UNSPECIFIED.,.F.,.F.,.F.,(4,4),(2,2),(12.,13.),(0.,1.),
  .PIECEWISE_BEZIER_KNOTS.);
#3522 = CARTESIAN_POINT('',(-0.44571737466,0.778917564529,0.7800001));
#3523 = CARTESIAN_POINT('',(-0.44571737466,0.778917564529,0.7700001));
#3524 = CARTESIAN_POINT('',(-0.450673554062,0.775902266571,0.7800001));
#3525 = CARTESIAN_POINT('',(-0.450673554062,0.775902266571,0.7700001));
#3526 = CARTESIAN_POINT('',(-0.456513527692,0.774377288294,0.7800001));
#3527 = CARTESIAN_POINT('',(-0.456513527692,0.774377288294,0.7700001));
#3528 = CARTESIAN_POINT('',(-0.463219966252,0.774377288294,0.7800001));
#3529 = CARTESIAN_POINT('',(-0.463219966252,0.774377288294,0.7700001));
#3530 = ADVANCED_FACE('',(#3531),#3549,.F.);
#3531 = FACE_BOUND('',#3532,.F.);
#3532 = EDGE_LOOP('',(#3533,#3534,#3543,#3548));
#3533 = ORIENTED_EDGE('',*,*,#3516,.F.);
#3534 = ORIENTED_EDGE('',*,*,#3535,.T.);
#3535 = EDGE_CURVE('',#3508,#3536,#3538,.T.);
#3536 = VERTEX_POINT('',#3537);
#3537 = CARTESIAN_POINT('',(-0.48063591135,0.781516959319,0.7800001));
#3538 = B_SPLINE_CURVE_WITH_KNOTS('',3,(#3539,#3540,#3541,#3542),
  .UNSPECIFIED.,.F.,.F.,(4,4),(11.,12.),.PIECEWISE_BEZIER_KNOTS.);
#3539 = CARTESIAN_POINT('',(-0.463219966252,0.774377288294,0.7800001));
#3540 = CARTESIAN_POINT('',(-0.470394295874,0.774377288294,0.7800001));
#3541 = CARTESIAN_POINT('',(-0.476199610907,0.776768731501,0.7800001));
#3542 = CARTESIAN_POINT('',(-0.48063591135,0.781516959319,0.7800001));
#3543 = ORIENTED_EDGE('',*,*,#3544,.T.);
#3544 = EDGE_CURVE('',#3536,#875,#3545,.T.);
#3545 = B_SPLINE_CURVE_WITH_KNOTS('',1,(#3546,#3547),.UNSPECIFIED.,.F.,
  .F.,(2,2),(-0.,1.E-02),.PIECEWISE_BEZIER_KNOTS.);
#3546 = CARTESIAN_POINT('',(-0.48063591135,0.781516959319,0.7800001));
#3547 = CARTESIAN_POINT('',(-0.48063591135,0.781516959319,0.7700001));
#3548 = ORIENTED_EDGE('',*,*,#883,.F.);
#3549 = B_SPLINE_SURFACE_WITH_KNOTS('',3,1,(
    (#3550,#3551)
    ,(#3552,#3553)
    ,(#3554,#3555)
    ,(#3556,#3557
    )),.UNSPECIFIED.,.F.,.F.,.F.,(4,4),(2,2),(11.,12.),(0.,1.),
  .PIECEWISE_BEZIER_KNOTS.);
#3550 = CARTESIAN_POINT('',(-0.463219966252,0.774377288294,0.7800001));
#3551 = CARTESIAN_POINT('',(-0.463219966252,0.774377288294,0.7700001));
#3552 = CARTESIAN_POINT('',(-0.470394295874,0.774377288294,0.7800001));
#3553 = CARTESIAN_POINT('',(-0.470394295874,0.774377288294,0.7700001));
#3554 = CARTESIAN_POINT('',(-0.476199610907,0.776768731501,0.7800001));
#3555 = CARTESIAN_POINT('',(-0.476199610907,0.776768731501,0.7700001));
#3556 = CARTESIAN_POINT('',(-0.48063591135,0.781516959319,0.7800001));
#3557 = CARTESIAN_POINT('',(-0.48063591135,0.781516959319,0.7700001));
#3558 = ADVANCED_FACE('',(#3559),#3577,.F.);
#3559 = FACE_BOUND('',#3560,.F.);
#3560 = EDGE_LOOP('',(#3561,#3562,#3571,#3576));
#3561 = ORIENTED_EDGE('',*,*,#3544,.F.);
#3562 = ORIENTED_EDGE('',*,*,#3563,.T.);
#3563 = EDGE_CURVE('',#3536,#3564,#3566,.T.);
#3564 = VERTEX_POINT('',#3565);
#3565 = CARTESIAN_POINT('',(-0.487290362015,0.800856456563,0.7800001));
#3566 = B_SPLINE_CURVE_WITH_KNOTS('',3,(#3567,#3568,#3569,#3570),
  .UNSPECIFIED.,.F.,.F.,(4,4),(10.,11.),.PIECEWISE_BEZIER_KNOTS.);
#3567 = CARTESIAN_POINT('',(-0.48063591135,0.781516959319,0.7800001));
#3568 = CARTESIAN_POINT('',(-0.485072211793,0.786299845735,0.7800001));
#3569 = CARTESIAN_POINT('',(-0.487290362015,0.792746344816,0.7800001));
#3570 = CARTESIAN_POINT('',(-0.487290362015,0.800856456563,0.7800001));
#3571 = ORIENTED_EDGE('',*,*,#3572,.T.);
#3572 = EDGE_CURVE('',#3564,#866,#3573,.T.);
#3573 = B_SPLINE_CURVE_WITH_KNOTS('',1,(#3574,#3575),.UNSPECIFIED.,.F.,
  .F.,(2,2),(-0.,1.E-02),.PIECEWISE_BEZIER_KNOTS.);
#3574 = CARTESIAN_POINT('',(-0.487290362015,0.800856456563,0.7800001));
#3575 = CARTESIAN_POINT('',(-0.487290362015,0.800856456563,0.7700001));
#3576 = ORIENTED_EDGE('',*,*,#874,.F.);
#3577 = B_SPLINE_SURFACE_WITH_KNOTS('',3,1,(
    (#3578,#3579)
    ,(#3580,#3581)
    ,(#3582,#3583)
    ,(#3584,#3585
    )),.UNSPECIFIED.,.F.,.F.,.F.,(4,4),(2,2),(10.,11.),(0.,1.),
  .PIECEWISE_BEZIER_KNOTS.);
#3578 = CARTESIAN_POINT('',(-0.48063591135,0.781516959319,0.7800001));
#3579 = CARTESIAN_POINT('',(-0.48063591135,0.781516959319,0.7700001));
#3580 = CARTESIAN_POINT('',(-0.485072211793,0.786299845735,0.7800001));
#3581 = CARTESIAN_POINT('',(-0.485072211793,0.786299845735,0.7700001));
#3582 = CARTESIAN_POINT('',(-0.487290362015,0.792746344816,0.7800001));
#3583 = CARTESIAN_POINT('',(-0.487290362015,0.792746344816,0.7700001));
#3584 = CARTESIAN_POINT('',(-0.487290362015,0.800856456563,0.7800001));
#3585 = CARTESIAN_POINT('',(-0.487290362015,0.800856456563,0.7700001));
#3586 = ADVANCED_FACE('',(#3587),#3605,.F.);
#3587 = FACE_BOUND('',#3588,.F.);
#3588 = EDGE_LOOP('',(#3589,#3590,#3599,#3604));
#3589 = ORIENTED_EDGE('',*,*,#3572,.F.);
#3590 = ORIENTED_EDGE('',*,*,#3591,.T.);
#3591 = EDGE_CURVE('',#3564,#3592,#3594,.T.);
#3592 = VERTEX_POINT('',#3593);
#3593 = CARTESIAN_POINT('',(-0.480168020288,0.821235711723,0.7800001));
#3594 = B_SPLINE_CURVE_WITH_KNOTS('',3,(#3595,#3596,#3597,#3598),
  .UNSPECIFIED.,.F.,.F.,(4,4),(9.,10.),.PIECEWISE_BEZIER_KNOTS.);
#3595 = CARTESIAN_POINT('',(-0.487290362015,0.800856456563,0.7800001));
#3596 = CARTESIAN_POINT('',(-0.487290362015,0.809382471477,0.7800001));
#3597 = CARTESIAN_POINT('',(-0.484916248106,0.81617555653,0.7800001));
#3598 = CARTESIAN_POINT('',(-0.480168020288,0.821235711723,0.7800001));
#3599 = ORIENTED_EDGE('',*,*,#3600,.T.);
#3600 = EDGE_CURVE('',#3592,#857,#3601,.T.);
#3601 = B_SPLINE_CURVE_WITH_KNOTS('',1,(#3602,#3603),.UNSPECIFIED.,.F.,
  .F.,(2,2),(-0.,1.E-02),.PIECEWISE_BEZIER_KNOTS.);
#3602 = CARTESIAN_POINT('',(-0.480168020288,0.821235711723,0.7800001));
#3603 = CARTESIAN_POINT('',(-0.480168020288,0.821235711723,0.7700001));
#3604 = ORIENTED_EDGE('',*,*,#865,.F.);
#3605 = B_SPLINE_SURFACE_WITH_KNOTS('',3,1,(
    (#3606,#3607)
    ,(#3608,#3609)
    ,(#3610,#3611)
    ,(#3612,#3613
    )),.UNSPECIFIED.,.F.,.F.,.F.,(4,4),(2,2),(9.,10.),(0.,1.),
  .PIECEWISE_BEZIER_KNOTS.);
#3606 = CARTESIAN_POINT('',(-0.487290362015,0.800856456563,0.7800001));
#3607 = CARTESIAN_POINT('',(-0.487290362015,0.800856456563,0.7700001));
#3608 = CARTESIAN_POINT('',(-0.487290362015,0.809382471477,0.7800001));
#3609 = CARTESIAN_POINT('',(-0.487290362015,0.809382471477,0.7700001));
#3610 = CARTESIAN_POINT('',(-0.484916248106,0.81617555653,0.7800001));
#3611 = CARTESIAN_POINT('',(-0.484916248106,0.81617555653,0.7700001));
#3612 = CARTESIAN_POINT('',(-0.480168020288,0.821235711723,0.7800001));
#3613 = CARTESIAN_POINT('',(-0.480168020288,0.821235711723,0.7700001));
#3614 = ADVANCED_FACE('',(#3615),#3633,.F.);
#3615 = FACE_BOUND('',#3616,.F.);
#3616 = EDGE_LOOP('',(#3617,#3618,#3627,#3632));
#3617 = ORIENTED_EDGE('',*,*,#3600,.F.);
#3618 = ORIENTED_EDGE('',*,*,#3619,.T.);
#3619 = EDGE_CURVE('',#3592,#3620,#3622,.T.);
#3620 = VERTEX_POINT('',#3621);
#3621 = CARTESIAN_POINT('',(-0.461694987975,0.828756627317,0.7800001));
#3622 = B_SPLINE_CURVE_WITH_KNOTS('',3,(#3623,#3624,#3625,#3626),
  .UNSPECIFIED.,.F.,.F.,(4,4),(8.,9.),.PIECEWISE_BEZIER_KNOTS.);
#3623 = CARTESIAN_POINT('',(-0.480168020288,0.821235711723,0.7800001));
#3624 = CARTESIAN_POINT('',(-0.475402463171,0.826261208318,0.7800001));
#3625 = CARTESIAN_POINT('',(-0.469250562166,0.828756627317,0.7800001));
#3626 = CARTESIAN_POINT('',(-0.461694987975,0.828756627317,0.7800001));
#3627 = ORIENTED_EDGE('',*,*,#3628,.T.);
#3628 = EDGE_CURVE('',#3620,#848,#3629,.T.);
#3629 = B_SPLINE_CURVE_WITH_KNOTS('',1,(#3630,#3631),.UNSPECIFIED.,.F.,
  .F.,(2,2),(-0.,1.E-02),.PIECEWISE_BEZIER_KNOTS.);
#3630 = CARTESIAN_POINT('',(-0.461694987975,0.828756627317,0.7800001));
#3631 = CARTESIAN_POINT('',(-0.461694987975,0.828756627317,0.7700001));
#3632 = ORIENTED_EDGE('',*,*,#856,.F.);
#3633 = B_SPLINE_SURFACE_WITH_KNOTS('',3,1,(
    (#3634,#3635)
    ,(#3636,#3637)
    ,(#3638,#3639)
    ,(#3640,#3641
    )),.UNSPECIFIED.,.F.,.F.,.F.,(4,4),(2,2),(8.,9.),(0.,1.),
  .PIECEWISE_BEZIER_KNOTS.);
#3634 = CARTESIAN_POINT('',(-0.480168020288,0.821235711723,0.7800001));
#3635 = CARTESIAN_POINT('',(-0.480168020288,0.821235711723,0.7700001));
#3636 = CARTESIAN_POINT('',(-0.475402463171,0.826261208318,0.7800001));
#3637 = CARTESIAN_POINT('',(-0.475402463171,0.826261208318,0.7700001));
#3638 = CARTESIAN_POINT('',(-0.469250562166,0.828756627317,0.7800001));
#3639 = CARTESIAN_POINT('',(-0.469250562166,0.828756627317,0.7700001));
#3640 = CARTESIAN_POINT('',(-0.461694987975,0.828756627317,0.7800001));
#3641 = CARTESIAN_POINT('',(-0.461694987975,0.828756627317,0.7700001));
#3642 = ADVANCED_FACE('',(#3643),#3661,.F.);
#3643 = FACE_BOUND('',#3644,.F.);
#3644 = EDGE_LOOP('',(#3645,#3646,#3655,#3660));
#3645 = ORIENTED_EDGE('',*,*,#3628,.F.);
#3646 = ORIENTED_EDGE('',*,*,#3647,.T.);
#3647 = EDGE_CURVE('',#3620,#3648,#3650,.T.);
#3648 = VERTEX_POINT('',#3649);
#3649 = CARTESIAN_POINT('',(-0.44571737466,0.824736230041,0.7800001));
#3650 = B_SPLINE_CURVE_WITH_KNOTS('',3,(#3651,#3652,#3653,#3654),
  .UNSPECIFIED.,.F.,.F.,(4,4),(7.,8.),.PIECEWISE_BEZIER_KNOTS.);
#3651 = CARTESIAN_POINT('',(-0.461694987975,0.828756627317,0.7800001));
#3652 = CARTESIAN_POINT('',(-0.455889672942,0.828756627317,0.7800001));
#3653 = CARTESIAN_POINT('',(-0.45056957827,0.827439600623,0.7800001));
#3654 = CARTESIAN_POINT('',(-0.44571737466,0.824736230041,0.7800001));
#3655 = ORIENTED_EDGE('',*,*,#3656,.T.);
#3656 = EDGE_CURVE('',#3648,#841,#3657,.T.);
#3657 = B_SPLINE_CURVE_WITH_KNOTS('',1,(#3658,#3659),.UNSPECIFIED.,.F.,
  .F.,(2,2),(-0.,1.E-02),.PIECEWISE_BEZIER_KNOTS.);
#3658 = CARTESIAN_POINT('',(-0.44571737466,0.824736230041,0.7800001));
#3659 = CARTESIAN_POINT('',(-0.44571737466,0.824736230041,0.7700001));
#3660 = ORIENTED_EDGE('',*,*,#847,.F.);
#3661 = B_SPLINE_SURFACE_WITH_KNOTS('',3,1,(
    (#3662,#3663)
    ,(#3664,#3665)
    ,(#3666,#3667)
    ,(#3668,#3669
    )),.UNSPECIFIED.,.F.,.F.,.F.,(4,4),(2,2),(7.,8.),(0.,1.),
  .PIECEWISE_BEZIER_KNOTS.);
#3662 = CARTESIAN_POINT('',(-0.461694987975,0.828756627317,0.7800001));
#3663 = CARTESIAN_POINT('',(-0.461694987975,0.828756627317,0.7700001));
#3664 = CARTESIAN_POINT('',(-0.455889672942,0.828756627317,0.7800001));
#3665 = CARTESIAN_POINT('',(-0.455889672942,0.828756627317,0.7700001));
#3666 = CARTESIAN_POINT('',(-0.45056957827,0.827439600623,0.7800001));
#3667 = CARTESIAN_POINT('',(-0.45056957827,0.827439600623,0.7700001));
#3668 = CARTESIAN_POINT('',(-0.44571737466,0.824736230041,0.7800001));
#3669 = CARTESIAN_POINT('',(-0.44571737466,0.824736230041,0.7700001));
#3670 = ADVANCED_FACE('',(#3671),#3687,.F.);
#3671 = FACE_BOUND('',#3672,.T.);
#3672 = EDGE_LOOP('',(#3673,#3674,#3681,#3686));
#3673 = ORIENTED_EDGE('',*,*,#840,.T.);
#3674 = ORIENTED_EDGE('',*,*,#3675,.F.);
#3675 = EDGE_CURVE('',#3676,#832,#3678,.T.);
#3676 = VERTEX_POINT('',#3677);
#3677 = CARTESIAN_POINT('',(-0.44571737466,0.833886099704,0.7800001));
#3678 = B_SPLINE_CURVE_WITH_KNOTS('',1,(#3679,#3680),.UNSPECIFIED.,.F.,
  .F.,(2,2),(-0.,1.E-02),.PIECEWISE_BEZIER_KNOTS.);
#3679 = CARTESIAN_POINT('',(-0.44571737466,0.833886099704,0.7800001));
#3680 = CARTESIAN_POINT('',(-0.44571737466,0.833886099704,0.7700001));
#3681 = ORIENTED_EDGE('',*,*,#3682,.F.);
#3682 = EDGE_CURVE('',#3648,#3676,#3683,.T.);
#3683 = B_SPLINE_CURVE_WITH_KNOTS('',1,(#3684,#3685),.UNSPECIFIED.,.F.,
  .F.,(2,2),(-9.149869663328E-03,0.),.PIECEWISE_BEZIER_KNOTS.);
#3684 = CARTESIAN_POINT('',(-0.44571737466,0.824736230041,0.7800001));
#3685 = CARTESIAN_POINT('',(-0.44571737466,0.833886099704,0.7800001));
#3686 = ORIENTED_EDGE('',*,*,#3656,.T.);
#3687 = B_SPLINE_SURFACE_WITH_KNOTS('',1,1,(
    (#3688,#3689)
    ,(#3690,#3691)),.UNSPECIFIED.,.F.,.F.,.F.,(2,2),(2,2),(-1.E-02,0.),(
    -9.149869663328E-03,0.),.PIECEWISE_BEZIER_KNOTS.);
#3688 = CARTESIAN_POINT('',(-0.44571737466,0.824736230041,0.7700001));
#3689 = CARTESIAN_POINT('',(-0.44571737466,0.833886099704,0.7700001));
#3690 = CARTESIAN_POINT('',(-0.44571737466,0.824736230041,0.7800001));
#3691 = CARTESIAN_POINT('',(-0.44571737466,0.833886099704,0.7800001));
#3692 = ADVANCED_FACE('',(#3693),#3711,.F.);
#3693 = FACE_BOUND('',#3694,.F.);
#3694 = EDGE_LOOP('',(#3695,#3696,#3705,#3710));
#3695 = ORIENTED_EDGE('',*,*,#3675,.F.);
#3696 = ORIENTED_EDGE('',*,*,#3697,.T.);
#3697 = EDGE_CURVE('',#3676,#3698,#3700,.T.);
#3698 = VERTEX_POINT('',#3699);
#3699 = CARTESIAN_POINT('',(-0.461781634468,0.836658787481,0.7800001));
#3700 = B_SPLINE_CURVE_WITH_KNOTS('',3,(#3701,#3702,#3703,#3704),
  .UNSPECIFIED.,.F.,.F.,(4,4),(5.,6.),.PIECEWISE_BEZIER_KNOTS.);
#3701 = CARTESIAN_POINT('',(-0.44571737466,0.833886099704,0.7800001));
#3702 = CARTESIAN_POINT('',(-0.44994572352,0.835723005357,0.7800001));
#3703 = CARTESIAN_POINT('',(-0.455300476789,0.836658787481,0.7800001));
#3704 = CARTESIAN_POINT('',(-0.461781634468,0.836658787481,0.7800001));
#3705 = ORIENTED_EDGE('',*,*,#3706,.T.);
#3706 = EDGE_CURVE('',#3698,#823,#3707,.T.);
#3707 = B_SPLINE_CURVE_WITH_KNOTS('',1,(#3708,#3709),.UNSPECIFIED.,.F.,
  .F.,(2,2),(-0.,1.E-02),.PIECEWISE_BEZIER_KNOTS.);
#3708 = CARTESIAN_POINT('',(-0.461781634468,0.836658787481,0.7800001));
#3709 = CARTESIAN_POINT('',(-0.461781634468,0.836658787481,0.7700001));
#3710 = ORIENTED_EDGE('',*,*,#831,.F.);
#3711 = B_SPLINE_SURFACE_WITH_KNOTS('',3,1,(
    (#3712,#3713)
    ,(#3714,#3715)
    ,(#3716,#3717)
    ,(#3718,#3719
    )),.UNSPECIFIED.,.F.,.F.,.F.,(4,4),(2,2),(5.,6.),(0.,1.),
  .PIECEWISE_BEZIER_KNOTS.);
#3712 = CARTESIAN_POINT('',(-0.44571737466,0.833886099704,0.7800001));
#3713 = CARTESIAN_POINT('',(-0.44571737466,0.833886099704,0.7700001));
#3714 = CARTESIAN_POINT('',(-0.44994572352,0.835723005357,0.7800001));
#3715 = CARTESIAN_POINT('',(-0.44994572352,0.835723005357,0.7700001));
#3716 = CARTESIAN_POINT('',(-0.455300476789,0.836658787481,0.7800001));
#3717 = CARTESIAN_POINT('',(-0.455300476789,0.836658787481,0.7700001));
#3718 = CARTESIAN_POINT('',(-0.461781634468,0.836658787481,0.7800001));
#3719 = CARTESIAN_POINT('',(-0.461781634468,0.836658787481,0.7700001));
#3720 = ADVANCED_FACE('',(#3721),#3739,.F.);
#3721 = FACE_BOUND('',#3722,.F.);
#3722 = EDGE_LOOP('',(#3723,#3724,#3733,#3738));
#3723 = ORIENTED_EDGE('',*,*,#3706,.F.);
#3724 = ORIENTED_EDGE('',*,*,#3725,.T.);
#3725 = EDGE_CURVE('',#3698,#3726,#3728,.T.);
#3726 = VERTEX_POINT('',#3727);
#3727 = CARTESIAN_POINT('',(-0.486683836564,0.826677111485,0.7800001));
#3728 = B_SPLINE_CURVE_WITH_KNOTS('',3,(#3729,#3730,#3731,#3732),
  .UNSPECIFIED.,.F.,.F.,(4,4),(4.,5.),.PIECEWISE_BEZIER_KNOTS.);
#3729 = CARTESIAN_POINT('',(-0.461781634468,0.836658787481,0.7800001));
#3730 = CARTESIAN_POINT('',(-0.471849956957,0.836658787481,0.7800001));
#3731 = CARTESIAN_POINT('',(-0.480150690989,0.833331562149,0.7800001));
#3732 = CARTESIAN_POINT('',(-0.486683836564,0.826677111485,0.7800001));
#3733 = ORIENTED_EDGE('',*,*,#3734,.T.);
#3734 = EDGE_CURVE('',#3726,#814,#3735,.T.);
#3735 = B_SPLINE_CURVE_WITH_KNOTS('',1,(#3736,#3737),.UNSPECIFIED.,.F.,
  .F.,(2,2),(-0.,1.E-02),.PIECEWISE_BEZIER_KNOTS.);
#3736 = CARTESIAN_POINT('',(-0.486683836564,0.826677111485,0.7800001));
#3737 = CARTESIAN_POINT('',(-0.486683836564,0.826677111485,0.7700001));
#3738 = ORIENTED_EDGE('',*,*,#822,.F.);
#3739 = B_SPLINE_SURFACE_WITH_KNOTS('',3,1,(
    (#3740,#3741)
    ,(#3742,#3743)
    ,(#3744,#3745)
    ,(#3746,#3747
    )),.UNSPECIFIED.,.F.,.F.,.F.,(4,4),(2,2),(4.,5.),(0.,1.),
  .PIECEWISE_BEZIER_KNOTS.);
#3740 = CARTESIAN_POINT('',(-0.461781634468,0.836658787481,0.7800001));
#3741 = CARTESIAN_POINT('',(-0.461781634468,0.836658787481,0.7700001));
#3742 = CARTESIAN_POINT('',(-0.471849956957,0.836658787481,0.7800001));
#3743 = CARTESIAN_POINT('',(-0.471849956957,0.836658787481,0.7700001));
#3744 = CARTESIAN_POINT('',(-0.480150690989,0.833331562149,0.7800001));
#3745 = CARTESIAN_POINT('',(-0.480150690989,0.833331562149,0.7700001));
#3746 = CARTESIAN_POINT('',(-0.486683836564,0.826677111485,0.7800001));
#3747 = CARTESIAN_POINT('',(-0.486683836564,0.826677111485,0.7700001));
#3748 = ADVANCED_FACE('',(#3749),#3767,.F.);
#3749 = FACE_BOUND('',#3750,.F.);
#3750 = EDGE_LOOP('',(#3751,#3752,#3761,#3766));
#3751 = ORIENTED_EDGE('',*,*,#3734,.F.);
#3752 = ORIENTED_EDGE('',*,*,#3753,.T.);
#3753 = EDGE_CURVE('',#3726,#3754,#3756,.T.);
#3754 = VERTEX_POINT('',#3755);
#3755 = CARTESIAN_POINT('',(-0.496474890276,0.800336577604,0.7800001));
#3756 = B_SPLINE_CURVE_WITH_KNOTS('',3,(#3757,#3758,#3759,#3760),
  .UNSPECIFIED.,.F.,.F.,(4,4),(3.,4.),.PIECEWISE_BEZIER_KNOTS.);
#3757 = CARTESIAN_POINT('',(-0.486683836564,0.826677111485,0.7800001));
#3758 = CARTESIAN_POINT('',(-0.493216982138,0.82002266082,0.7800001));
#3759 = CARTESIAN_POINT('',(-0.496474890276,0.811254035726,0.7800001));
#3760 = CARTESIAN_POINT('',(-0.496474890276,0.800336577604,0.7800001));
#3761 = ORIENTED_EDGE('',*,*,#3762,.T.);
#3762 = EDGE_CURVE('',#3754,#805,#3763,.T.);
#3763 = B_SPLINE_CURVE_WITH_KNOTS('',1,(#3764,#3765),.UNSPECIFIED.,.F.,
  .F.,(2,2),(-0.,1.E-02),.PIECEWISE_BEZIER_KNOTS.);
#3764 = CARTESIAN_POINT('',(-0.496474890276,0.800336577604,0.7800001));
#3765 = CARTESIAN_POINT('',(-0.496474890276,0.800336577604,0.7700001));
#3766 = ORIENTED_EDGE('',*,*,#813,.F.);
#3767 = B_SPLINE_SURFACE_WITH_KNOTS('',3,1,(
    (#3768,#3769)
    ,(#3770,#3771)
    ,(#3772,#3773)
    ,(#3774,#3775
    )),.UNSPECIFIED.,.F.,.F.,.F.,(4,4),(2,2),(3.,4.),(0.,1.),
  .PIECEWISE_BEZIER_KNOTS.);
#3768 = CARTESIAN_POINT('',(-0.486683836564,0.826677111485,0.7800001));
#3769 = CARTESIAN_POINT('',(-0.486683836564,0.826677111485,0.7700001));
#3770 = CARTESIAN_POINT('',(-0.493216982138,0.82002266082,0.7800001));
#3771 = CARTESIAN_POINT('',(-0.493216982138,0.82002266082,0.7700001));
#3772 = CARTESIAN_POINT('',(-0.496474890276,0.811254035726,0.7800001));
#3773 = CARTESIAN_POINT('',(-0.496474890276,0.811254035726,0.7700001));
#3774 = CARTESIAN_POINT('',(-0.496474890276,0.800336577604,0.7800001));
#3775 = CARTESIAN_POINT('',(-0.496474890276,0.800336577604,0.7700001));
#3776 = ADVANCED_FACE('',(#3777),#3795,.F.);
#3777 = FACE_BOUND('',#3778,.F.);
#3778 = EDGE_LOOP('',(#3779,#3780,#3789,#3794));
#3779 = ORIENTED_EDGE('',*,*,#3762,.F.);
#3780 = ORIENTED_EDGE('',*,*,#3781,.T.);
#3781 = EDGE_CURVE('',#3754,#3782,#3784,.T.);
#3782 = VERTEX_POINT('',#3783);
#3783 = CARTESIAN_POINT('',(-0.487775582376,0.775832949377,0.7800001));
#3784 = B_SPLINE_CURVE_WITH_KNOTS('',3,(#3785,#3786,#3787,#3788),
  .UNSPECIFIED.,.F.,.F.,(4,4),(2.,3.),.PIECEWISE_BEZIER_KNOTS.);
#3785 = CARTESIAN_POINT('',(-0.496474890276,0.800336577604,0.7800001));
#3786 = CARTESIAN_POINT('',(-0.496474890276,0.790181608622,0.7800001));
#3787 = CARTESIAN_POINT('',(-0.493580897408,0.78200217968,0.7800001));
#3788 = CARTESIAN_POINT('',(-0.487775582376,0.775832949377,0.7800001));
#3789 = ORIENTED_EDGE('',*,*,#3790,.T.);
#3790 = EDGE_CURVE('',#3782,#796,#3791,.T.);
#3791 = B_SPLINE_CURVE_WITH_KNOTS('',1,(#3792,#3793),.UNSPECIFIED.,.F.,
  .F.,(2,2),(-0.,1.E-02),.PIECEWISE_BEZIER_KNOTS.);
#3792 = CARTESIAN_POINT('',(-0.487775582376,0.775832949377,0.7800001));
#3793 = CARTESIAN_POINT('',(-0.487775582376,0.775832949377,0.7700001));
#3794 = ORIENTED_EDGE('',*,*,#804,.F.);
#3795 = B_SPLINE_SURFACE_WITH_KNOTS('',3,1,(
    (#3796,#3797)
    ,(#3798,#3799)
    ,(#3800,#3801)
    ,(#3802,#3803
    )),.UNSPECIFIED.,.F.,.F.,.F.,(4,4),(2,2),(2.,3.),(0.,1.),
  .PIECEWISE_BEZIER_KNOTS.);
#3796 = CARTESIAN_POINT('',(-0.496474890276,0.800336577604,0.7800001));
#3797 = CARTESIAN_POINT('',(-0.496474890276,0.800336577604,0.7700001));
#3798 = CARTESIAN_POINT('',(-0.496474890276,0.790181608622,0.7800001));
#3799 = CARTESIAN_POINT('',(-0.496474890276,0.790181608622,0.7700001));
#3800 = CARTESIAN_POINT('',(-0.493580897408,0.78200217968,0.7800001));
#3801 = CARTESIAN_POINT('',(-0.493580897408,0.78200217968,0.7700001));
#3802 = CARTESIAN_POINT('',(-0.487775582376,0.775832949377,0.7800001));
#3803 = CARTESIAN_POINT('',(-0.487775582376,0.775832949377,0.7700001));
#3804 = ADVANCED_FACE('',(#3805),#3817,.F.);
#3805 = FACE_BOUND('',#3806,.F.);
#3806 = EDGE_LOOP('',(#3807,#3808,#3815,#3816));
#3807 = ORIENTED_EDGE('',*,*,#3790,.F.);
#3808 = ORIENTED_EDGE('',*,*,#3809,.T.);
#3809 = EDGE_CURVE('',#3782,#3451,#3810,.T.);
#3810 = B_SPLINE_CURVE_WITH_KNOTS('',3,(#3811,#3812,#3813,#3814),
  .UNSPECIFIED.,.F.,.F.,(4,4),(1.,2.),.PIECEWISE_BEZIER_KNOTS.);
#3811 = CARTESIAN_POINT('',(-0.487775582376,0.775832949377,0.7800001));
#3812 = CARTESIAN_POINT('',(-0.481970267343,0.769663719073,0.7800001));
#3813 = CARTESIAN_POINT('',(-0.474206741568,0.766579103922,0.7800001));
#3814 = CARTESIAN_POINT('',(-0.46448500505,0.766579103922,0.7800001));
#3815 = ORIENTED_EDGE('',*,*,#3450,.T.);
#3816 = ORIENTED_EDGE('',*,*,#795,.F.);
#3817 = B_SPLINE_SURFACE_WITH_KNOTS('',3,1,(
    (#3818,#3819)
    ,(#3820,#3821)
    ,(#3822,#3823)
    ,(#3824,#3825
    )),.UNSPECIFIED.,.F.,.F.,.F.,(4,4),(2,2),(1.,2.),(0.,1.),
  .PIECEWISE_BEZIER_KNOTS.);
#3818 = CARTESIAN_POINT('',(-0.487775582376,0.775832949377,0.7800001));
#3819 = CARTESIAN_POINT('',(-0.487775582376,0.775832949377,0.7700001));
#3820 = CARTESIAN_POINT('',(-0.481970267343,0.769663719073,0.7800001));
#3821 = CARTESIAN_POINT('',(-0.481970267343,0.769663719073,0.7700001));
#3822 = CARTESIAN_POINT('',(-0.474206741568,0.766579103922,0.7800001));
#3823 = CARTESIAN_POINT('',(-0.474206741568,0.766579103922,0.7700001));
#3824 = CARTESIAN_POINT('',(-0.46448500505,0.766579103922,0.7800001));
#3825 = CARTESIAN_POINT('',(-0.46448500505,0.766579103922,0.7700001));
#3826 = ADVANCED_FACE('',(#3827),#3843,.T.);
#3827 = FACE_BOUND('',#3828,.T.);
#3828 = EDGE_LOOP('',(#3829,#3830,#3831,#3832,#3833,#3834,#3835,#3836,
    #3837,#3838,#3839,#3840,#3841,#3842));
#3829 = ORIENTED_EDGE('',*,*,#3457,.T.);
#3830 = ORIENTED_EDGE('',*,*,#3492,.T.);
#3831 = ORIENTED_EDGE('',*,*,#3507,.T.);
#3832 = ORIENTED_EDGE('',*,*,#3535,.T.);
#3833 = ORIENTED_EDGE('',*,*,#3563,.T.);
#3834 = ORIENTED_EDGE('',*,*,#3591,.T.);
#3835 = ORIENTED_EDGE('',*,*,#3619,.T.);
#3836 = ORIENTED_EDGE('',*,*,#3647,.T.);
#3837 = ORIENTED_EDGE('',*,*,#3682,.T.);
#3838 = ORIENTED_EDGE('',*,*,#3697,.T.);
#3839 = ORIENTED_EDGE('',*,*,#3725,.T.);
#3840 = ORIENTED_EDGE('',*,*,#3753,.T.);
#3841 = ORIENTED_EDGE('',*,*,#3781,.T.);
#3842 = ORIENTED_EDGE('',*,*,#3809,.T.);
#3843 = B_SPLINE_SURFACE_WITH_KNOTS('',1,1,(
    (#3844,#3845)
    ,(#3846,#3847
    )),.UNSPECIFIED.,.F.,.F.,.F.,(2,2),(2,2),(-4.232247951881E-02,
    8.435036096212E-03),(-9.877700204728E-04,6.909191353937E-02),
  .PIECEWISE_BEZIER_KNOTS.);
#3844 = CARTESIAN_POINT('',(-0.496474890276,0.766579103922,0.7800001));
#3845 = CARTESIAN_POINT('',(-0.496474890276,0.836658787481,0.7800001));
#3846 = CARTESIAN_POINT('',(-0.44571737466,0.766579103922,0.7800001));
#3847 = CARTESIAN_POINT('',(-0.44571737466,0.836658787481,0.7800001));
#3848 = ADVANCED_FACE('',(#3849),#3871,.F.);
#3849 = FACE_BOUND('',#3850,.T.);
#3850 = EDGE_LOOP('',(#3851,#3852,#3859,#3866));
#3851 = ORIENTED_EDGE('',*,*,#910,.T.);
#3852 = ORIENTED_EDGE('',*,*,#3853,.F.);
#3853 = EDGE_CURVE('',#3854,#902,#3856,.T.);
#3854 = VERTEX_POINT('',#3855);
#3855 = CARTESIAN_POINT('',(-0.395687689587,0.775451704807,0.7800001));
#3856 = B_SPLINE_CURVE_WITH_KNOTS('',1,(#3857,#3858),.UNSPECIFIED.,.F.,
  .F.,(2,2),(-0.,1.E-02),.PIECEWISE_BEZIER_KNOTS.);
#3857 = CARTESIAN_POINT('',(-0.395687689587,0.775451704807,0.7800001));
#3858 = CARTESIAN_POINT('',(-0.395687689587,0.775451704807,0.7700001));
#3859 = ORIENTED_EDGE('',*,*,#3860,.F.);
#3860 = EDGE_CURVE('',#3861,#3854,#3863,.T.);
#3861 = VERTEX_POINT('',#3862);
#3862 = CARTESIAN_POINT('',(-0.395687689587,0.76772283763,0.7800001));
#3863 = B_SPLINE_CURVE_WITH_KNOTS('',1,(#3864,#3865),.UNSPECIFIED.,.F.,
  .F.,(2,2),(-7.728867177928E-03,0.),.PIECEWISE_BEZIER_KNOTS.);
#3864 = CARTESIAN_POINT('',(-0.395687689587,0.76772283763,0.7800001));
#3865 = CARTESIAN_POINT('',(-0.395687689587,0.775451704807,0.7800001));
#3866 = ORIENTED_EDGE('',*,*,#3867,.T.);
#3867 = EDGE_CURVE('',#3861,#911,#3868,.T.);
#3868 = B_SPLINE_CURVE_WITH_KNOTS('',1,(#3869,#3870),.UNSPECIFIED.,.F.,
  .F.,(2,2),(-0.,1.E-02),.PIECEWISE_BEZIER_KNOTS.);
#3869 = CARTESIAN_POINT('',(-0.395687689587,0.76772283763,0.7800001));
#3870 = CARTESIAN_POINT('',(-0.395687689587,0.76772283763,0.7700001));
#3871 = B_SPLINE_SURFACE_WITH_KNOTS('',1,1,(
    (#3872,#3873)
    ,(#3874,#3875)),.UNSPECIFIED.,.F.,.F.,.F.,(2,2),(2,2),(-1.E-02,0.),(
    -7.728867177928E-03,0.),.PIECEWISE_BEZIER_KNOTS.);
#3872 = CARTESIAN_POINT('',(-0.395687689587,0.76772283763,0.7700001));
#3873 = CARTESIAN_POINT('',(-0.395687689587,0.775451704807,0.7700001));
#3874 = CARTESIAN_POINT('',(-0.395687689587,0.76772283763,0.7800001));
#3875 = CARTESIAN_POINT('',(-0.395687689587,0.775451704807,0.7800001));
#3876 = ADVANCED_FACE('',(#3877),#3893,.F.);
#3877 = FACE_BOUND('',#3878,.T.);
#3878 = EDGE_LOOP('',(#3879,#3880,#3887,#3892));
#3879 = ORIENTED_EDGE('',*,*,#901,.T.);
#3880 = ORIENTED_EDGE('',*,*,#3881,.F.);
#3881 = EDGE_CURVE('',#3882,#904,#3884,.T.);
#3882 = VERTEX_POINT('',#3883);
#3883 = CARTESIAN_POINT('',(-0.423397238057,0.775451704807,0.7800001));
#3884 = B_SPLINE_CURVE_WITH_KNOTS('',1,(#3885,#3886),.UNSPECIFIED.,.F.,
  .F.,(2,2),(-0.,1.E-02),.PIECEWISE_BEZIER_KNOTS.);
#3885 = CARTESIAN_POINT('',(-0.423397238057,0.775451704807,0.7800001));
#3886 = CARTESIAN_POINT('',(-0.423397238057,0.775451704807,0.7700001));
#3887 = ORIENTED_EDGE('',*,*,#3888,.F.);
#3888 = EDGE_CURVE('',#3854,#3882,#3889,.T.);
#3889 = B_SPLINE_CURVE_WITH_KNOTS('',1,(#3890,#3891),.UNSPECIFIED.,.F.,
  .F.,(2,2),(-2.770954846969E-02,-0.),.PIECEWISE_BEZIER_KNOTS.);
#3890 = CARTESIAN_POINT('',(-0.395687689587,0.775451704807,0.7800001));
#3891 = CARTESIAN_POINT('',(-0.423397238057,0.775451704807,0.7800001));
#3892 = ORIENTED_EDGE('',*,*,#3853,.T.);
#3893 = B_SPLINE_SURFACE_WITH_KNOTS('',1,1,(
    (#3894,#3895)
    ,(#3896,#3897
    )),.UNSPECIFIED.,.F.,.F.,.F.,(2,2),(2,2),(0.,1.E-02),(0.,
    2.770954846969E-02),.PIECEWISE_BEZIER_KNOTS.);
#3894 = CARTESIAN_POINT('',(-0.423397238057,0.775451704807,0.7800001));
#3895 = CARTESIAN_POINT('',(-0.395687689587,0.775451704807,0.7800001));
#3896 = CARTESIAN_POINT('',(-0.423397238057,0.775451704807,0.7700001));
#3897 = CARTESIAN_POINT('',(-0.395687689587,0.775451704807,0.7700001));
#3898 = ADVANCED_FACE('',(#3899),#3915,.F.);
#3899 = FACE_BOUND('',#3900,.T.);
#3900 = EDGE_LOOP('',(#3901,#3902,#3909,#3914));
#3901 = ORIENTED_EDGE('',*,*,#980,.T.);
#3902 = ORIENTED_EDGE('',*,*,#3903,.F.);
#3903 = EDGE_CURVE('',#3904,#974,#3906,.T.);
#3904 = VERTEX_POINT('',#3905);
#3905 = CARTESIAN_POINT('',(-0.423397238057,0.798257061772,0.7800001));
#3906 = B_SPLINE_CURVE_WITH_KNOTS('',1,(#3907,#3908),.UNSPECIFIED.,.F.,
  .F.,(2,2),(-0.,1.E-02),.PIECEWISE_BEZIER_KNOTS.);
#3907 = CARTESIAN_POINT('',(-0.423397238057,0.798257061772,0.7800001));
#3908 = CARTESIAN_POINT('',(-0.423397238057,0.798257061772,0.7700001));
#3909 = ORIENTED_EDGE('',*,*,#3910,.F.);
#3910 = EDGE_CURVE('',#3882,#3904,#3911,.T.);
#3911 = B_SPLINE_CURVE_WITH_KNOTS('',1,(#3912,#3913),.UNSPECIFIED.,.F.,
  .F.,(2,2),(-2.280535696444E-02,0.),.PIECEWISE_BEZIER_KNOTS.);
#3912 = CARTESIAN_POINT('',(-0.423397238057,0.775451704807,0.7800001));
#3913 = CARTESIAN_POINT('',(-0.423397238057,0.798257061772,0.7800001));
#3914 = ORIENTED_EDGE('',*,*,#3881,.T.);
#3915 = B_SPLINE_SURFACE_WITH_KNOTS('',1,1,(
    (#3916,#3917)
    ,(#3918,#3919)),.UNSPECIFIED.,.F.,.F.,.F.,(2,2),(2,2),(-1.E-02,0.),(
    -2.280535696444E-02,0.),.PIECEWISE_BEZIER_KNOTS.);
#3916 = CARTESIAN_POINT('',(-0.423397238057,0.775451704807,0.7700001));
#3917 = CARTESIAN_POINT('',(-0.423397238057,0.798257061772,0.7700001));
#3918 = CARTESIAN_POINT('',(-0.423397238057,0.775451704807,0.7800001));
#3919 = CARTESIAN_POINT('',(-0.423397238057,0.798257061772,0.7800001));
#3920 = ADVANCED_FACE('',(#3921),#3937,.F.);
#3921 = FACE_BOUND('',#3922,.T.);
#3922 = EDGE_LOOP('',(#3923,#3924,#3931,#3936));
#3923 = ORIENTED_EDGE('',*,*,#973,.T.);
#3924 = ORIENTED_EDGE('',*,*,#3925,.F.);
#3925 = EDGE_CURVE('',#3926,#967,#3928,.T.);
#3926 = VERTEX_POINT('',#3927);
#3927 = CARTESIAN_POINT('',(-0.399153549308,0.798257061772,0.7800001));
#3928 = B_SPLINE_CURVE_WITH_KNOTS('',1,(#3929,#3930),.UNSPECIFIED.,.F.,
  .F.,(2,2),(-0.,1.E-02),.PIECEWISE_BEZIER_KNOTS.);
#3929 = CARTESIAN_POINT('',(-0.399153549308,0.798257061772,0.7800001));
#3930 = CARTESIAN_POINT('',(-0.399153549308,0.798257061772,0.7700001));
#3931 = ORIENTED_EDGE('',*,*,#3932,.F.);
#3932 = EDGE_CURVE('',#3904,#3926,#3933,.T.);
#3933 = B_SPLINE_CURVE_WITH_KNOTS('',1,(#3934,#3935),.UNSPECIFIED.,.F.,
  .F.,(2,2),(-2.424368874866E-02,0.),.PIECEWISE_BEZIER_KNOTS.);
#3934 = CARTESIAN_POINT('',(-0.423397238057,0.798257061772,0.7800001));
#3935 = CARTESIAN_POINT('',(-0.399153549308,0.798257061772,0.7800001));
#3936 = ORIENTED_EDGE('',*,*,#3903,.T.);
#3937 = B_SPLINE_SURFACE_WITH_KNOTS('',1,1,(
    (#3938,#3939)
    ,(#3940,#3941)),.UNSPECIFIED.,.F.,.F.,.F.,(2,2),(2,2),(-1.E-02,0.),(
    -2.424368874866E-02,0.),.PIECEWISE_BEZIER_KNOTS.);
#3938 = CARTESIAN_POINT('',(-0.423397238057,0.798257061772,0.7700001));
#3939 = CARTESIAN_POINT('',(-0.399153549308,0.798257061772,0.7700001));
#3940 = CARTESIAN_POINT('',(-0.423397238057,0.798257061772,0.7800001));
#3941 = CARTESIAN_POINT('',(-0.399153549308,0.798257061772,0.7800001));
#3942 = ADVANCED_FACE('',(#3943),#3959,.F.);
#3943 = FACE_BOUND('',#3944,.T.);
#3944 = EDGE_LOOP('',(#3945,#3946,#3953,#3958));
#3945 = ORIENTED_EDGE('',*,*,#966,.T.);
#3946 = ORIENTED_EDGE('',*,*,#3947,.F.);
#3947 = EDGE_CURVE('',#3948,#960,#3950,.T.);
#3948 = VERTEX_POINT('',#3949);
#3949 = CARTESIAN_POINT('',(-0.399153549308,0.806020587547,0.7800001));
#3950 = B_SPLINE_CURVE_WITH_KNOTS('',1,(#3951,#3952),.UNSPECIFIED.,.F.,
  .F.,(2,2),(-0.,1.E-02),.PIECEWISE_BEZIER_KNOTS.);
#3951 = CARTESIAN_POINT('',(-0.399153549308,0.806020587547,0.7800001));
#3952 = CARTESIAN_POINT('',(-0.399153549308,0.806020587547,0.7700001));
#3953 = ORIENTED_EDGE('',*,*,#3954,.F.);
#3954 = EDGE_CURVE('',#3926,#3948,#3955,.T.);
#3955 = B_SPLINE_CURVE_WITH_KNOTS('',1,(#3956,#3957),.UNSPECIFIED.,.F.,
  .F.,(2,2),(-7.763525775099E-03,0.),.PIECEWISE_BEZIER_KNOTS.);
#3956 = CARTESIAN_POINT('',(-0.399153549308,0.798257061772,0.7800001));
#3957 = CARTESIAN_POINT('',(-0.399153549308,0.806020587547,0.7800001));
#3958 = ORIENTED_EDGE('',*,*,#3925,.T.);
#3959 = B_SPLINE_SURFACE_WITH_KNOTS('',1,1,(
    (#3960,#3961)
    ,(#3962,#3963)),.UNSPECIFIED.,.F.,.F.,.F.,(2,2),(2,2),(-1.E-02,0.),(
    -7.763525775099E-03,0.),.PIECEWISE_BEZIER_KNOTS.);
#3960 = CARTESIAN_POINT('',(-0.399153549308,0.798257061772,0.7700001));
#3961 = CARTESIAN_POINT('',(-0.399153549308,0.806020587547,0.7700001));
#3962 = CARTESIAN_POINT('',(-0.399153549308,0.798257061772,0.7800001));
#3963 = CARTESIAN_POINT('',(-0.399153549308,0.806020587547,0.7800001));
#3964 = ADVANCED_FACE('',(#3965),#3981,.F.);
#3965 = FACE_BOUND('',#3966,.T.);
#3966 = EDGE_LOOP('',(#3967,#3968,#3975,#3980));
#3967 = ORIENTED_EDGE('',*,*,#959,.T.);
#3968 = ORIENTED_EDGE('',*,*,#3969,.F.);
#3969 = EDGE_CURVE('',#3970,#953,#3972,.T.);
#3970 = VERTEX_POINT('',#3971);
#3971 = CARTESIAN_POINT('',(-0.423397238057,0.806020587547,0.7800001));
#3972 = B_SPLINE_CURVE_WITH_KNOTS('',1,(#3973,#3974),.UNSPECIFIED.,.F.,
  .F.,(2,2),(-0.,1.E-02),.PIECEWISE_BEZIER_KNOTS.);
#3973 = CARTESIAN_POINT('',(-0.423397238057,0.806020587547,0.7800001));
#3974 = CARTESIAN_POINT('',(-0.423397238057,0.806020587547,0.7700001));
#3975 = ORIENTED_EDGE('',*,*,#3976,.F.);
#3976 = EDGE_CURVE('',#3948,#3970,#3977,.T.);
#3977 = B_SPLINE_CURVE_WITH_KNOTS('',1,(#3978,#3979),.UNSPECIFIED.,.F.,
  .F.,(2,2),(-2.424368874866E-02,-0.),.PIECEWISE_BEZIER_KNOTS.);
#3978 = CARTESIAN_POINT('',(-0.399153549308,0.806020587547,0.7800001));
#3979 = CARTESIAN_POINT('',(-0.423397238057,0.806020587547,0.7800001));
#3980 = ORIENTED_EDGE('',*,*,#3947,.T.);
#3981 = B_SPLINE_SURFACE_WITH_KNOTS('',1,1,(
    (#3982,#3983)
    ,(#3984,#3985
    )),.UNSPECIFIED.,.F.,.F.,.F.,(2,2),(2,2),(0.,1.E-02),(0.,
    2.424368874866E-02),.PIECEWISE_BEZIER_KNOTS.);
#3982 = CARTESIAN_POINT('',(-0.423397238057,0.806020587547,0.7800001));
#3983 = CARTESIAN_POINT('',(-0.399153549308,0.806020587547,0.7800001));
#3984 = CARTESIAN_POINT('',(-0.423397238057,0.806020587547,0.7700001));
#3985 = CARTESIAN_POINT('',(-0.399153549308,0.806020587547,0.7700001));
#3986 = ADVANCED_FACE('',(#3987),#4003,.F.);
#3987 = FACE_BOUND('',#3988,.T.);
#3988 = EDGE_LOOP('',(#3989,#3990,#3997,#4002));
#3989 = ORIENTED_EDGE('',*,*,#952,.T.);
#3990 = ORIENTED_EDGE('',*,*,#3991,.F.);
#3991 = EDGE_CURVE('',#3992,#946,#3994,.T.);
#3992 = VERTEX_POINT('',#3993);
#3993 = CARTESIAN_POINT('',(-0.423397238057,0.827716869401,0.7800001));
#3994 = B_SPLINE_CURVE_WITH_KNOTS('',1,(#3995,#3996),.UNSPECIFIED.,.F.,
  .F.,(2,2),(-0.,1.E-02),.PIECEWISE_BEZIER_KNOTS.);
#3995 = CARTESIAN_POINT('',(-0.423397238057,0.827716869401,0.7800001));
#3996 = CARTESIAN_POINT('',(-0.423397238057,0.827716869401,0.7700001));
#3997 = ORIENTED_EDGE('',*,*,#3998,.F.);
#3998 = EDGE_CURVE('',#3970,#3992,#3999,.T.);
#3999 = B_SPLINE_CURVE_WITH_KNOTS('',1,(#4000,#4001),.UNSPECIFIED.,.F.,
  .F.,(2,2),(-2.169628185404E-02,0.),.PIECEWISE_BEZIER_KNOTS.);
#4000 = CARTESIAN_POINT('',(-0.423397238057,0.806020587547,0.7800001));
#4001 = CARTESIAN_POINT('',(-0.423397238057,0.827716869401,0.7800001));
#4002 = ORIENTED_EDGE('',*,*,#3969,.T.);
#4003 = B_SPLINE_SURFACE_WITH_KNOTS('',1,1,(
    (#4004,#4005)
    ,(#4006,#4007)),.UNSPECIFIED.,.F.,.F.,.F.,(2,2),(2,2),(-1.E-02,0.),(
    -2.169628185404E-02,0.),.PIECEWISE_BEZIER_KNOTS.);
#4004 = CARTESIAN_POINT('',(-0.423397238057,0.806020587547,0.7700001));
#4005 = CARTESIAN_POINT('',(-0.423397238057,0.827716869401,0.7700001));
#4006 = CARTESIAN_POINT('',(-0.423397238057,0.806020587547,0.7800001));
#4007 = CARTESIAN_POINT('',(-0.423397238057,0.827716869401,0.7800001));
#4008 = ADVANCED_FACE('',(#4009),#4025,.F.);
#4009 = FACE_BOUND('',#4010,.T.);
#4010 = EDGE_LOOP('',(#4011,#4012,#4019,#4024));
#4011 = ORIENTED_EDGE('',*,*,#945,.T.);
#4012 = ORIENTED_EDGE('',*,*,#4013,.F.);
#4013 = EDGE_CURVE('',#4014,#939,#4016,.T.);
#4014 = VERTEX_POINT('',#4015);
#4015 = CARTESIAN_POINT('',(-0.397229997163,0.827716869401,0.7800001));
#4016 = B_SPLINE_CURVE_WITH_KNOTS('',1,(#4017,#4018),.UNSPECIFIED.,.F.,
  .F.,(2,2),(-0.,1.E-02),.PIECEWISE_BEZIER_KNOTS.);
#4017 = CARTESIAN_POINT('',(-0.397229997163,0.827716869401,0.7800001));
#4018 = CARTESIAN_POINT('',(-0.397229997163,0.827716869401,0.7700001));
#4019 = ORIENTED_EDGE('',*,*,#4020,.F.);
#4020 = EDGE_CURVE('',#3992,#4014,#4021,.T.);
#4021 = B_SPLINE_CURVE_WITH_KNOTS('',1,(#4022,#4023),.UNSPECIFIED.,.F.,
  .F.,(2,2),(-2.616724089396E-02,0.),.PIECEWISE_BEZIER_KNOTS.);
#4022 = CARTESIAN_POINT('',(-0.423397238057,0.827716869401,0.7800001));
#4023 = CARTESIAN_POINT('',(-0.397229997163,0.827716869401,0.7800001));
#4024 = ORIENTED_EDGE('',*,*,#3991,.T.);
#4025 = B_SPLINE_SURFACE_WITH_KNOTS('',1,1,(
    (#4026,#4027)
    ,(#4028,#4029)),.UNSPECIFIED.,.F.,.F.,.F.,(2,2),(2,2),(-1.E-02,0.),(
    -2.616724089396E-02,0.),.PIECEWISE_BEZIER_KNOTS.);
#4026 = CARTESIAN_POINT('',(-0.423397238057,0.827716869401,0.7700001));
#4027 = CARTESIAN_POINT('',(-0.397229997163,0.827716869401,0.7700001));
#4028 = CARTESIAN_POINT('',(-0.423397238057,0.827716869401,0.7800001));
#4029 = CARTESIAN_POINT('',(-0.397229997163,0.827716869401,0.7800001));
#4030 = ADVANCED_FACE('',(#4031),#4047,.F.);
#4031 = FACE_BOUND('',#4032,.T.);
#4032 = EDGE_LOOP('',(#4033,#4034,#4041,#4046));
#4033 = ORIENTED_EDGE('',*,*,#938,.T.);
#4034 = ORIENTED_EDGE('',*,*,#4035,.F.);
#4035 = EDGE_CURVE('',#4036,#932,#4038,.T.);
#4036 = VERTEX_POINT('',#4037);
#4037 = CARTESIAN_POINT('',(-0.397229997163,0.835515053773,0.7800001));
#4038 = B_SPLINE_CURVE_WITH_KNOTS('',1,(#4039,#4040),.UNSPECIFIED.,.F.,
  .F.,(2,2),(-0.,1.E-02),.PIECEWISE_BEZIER_KNOTS.);
#4039 = CARTESIAN_POINT('',(-0.397229997163,0.835515053773,0.7800001));
#4040 = CARTESIAN_POINT('',(-0.397229997163,0.835515053773,0.7700001));
#4041 = ORIENTED_EDGE('',*,*,#4042,.F.);
#4042 = EDGE_CURVE('',#4014,#4036,#4043,.T.);
#4043 = B_SPLINE_CURVE_WITH_KNOTS('',1,(#4044,#4045),.UNSPECIFIED.,.F.,
  .F.,(2,2),(-7.79818437227E-03,0.),.PIECEWISE_BEZIER_KNOTS.);
#4044 = CARTESIAN_POINT('',(-0.397229997163,0.827716869401,0.7800001));
#4045 = CARTESIAN_POINT('',(-0.397229997163,0.835515053773,0.7800001));
#4046 = ORIENTED_EDGE('',*,*,#4013,.T.);
#4047 = B_SPLINE_SURFACE_WITH_KNOTS('',1,1,(
    (#4048,#4049)
    ,(#4050,#4051)),.UNSPECIFIED.,.F.,.F.,.F.,(2,2),(2,2),(-1.E-02,0.),(
    -7.79818437227E-03,0.),.PIECEWISE_BEZIER_KNOTS.);
#4048 = CARTESIAN_POINT('',(-0.397229997163,0.827716869401,0.7700001));
#4049 = CARTESIAN_POINT('',(-0.397229997163,0.835515053773,0.7700001));
#4050 = CARTESIAN_POINT('',(-0.397229997163,0.827716869401,0.7800001));
#4051 = CARTESIAN_POINT('',(-0.397229997163,0.835515053773,0.7800001));
#4052 = ADVANCED_FACE('',(#4053),#4069,.F.);
#4053 = FACE_BOUND('',#4054,.T.);
#4054 = EDGE_LOOP('',(#4055,#4056,#4063,#4068));
#4055 = ORIENTED_EDGE('',*,*,#931,.T.);
#4056 = ORIENTED_EDGE('',*,*,#4057,.F.);
#4057 = EDGE_CURVE('',#4058,#925,#4060,.T.);
#4058 = VERTEX_POINT('',#4059);
#4059 = CARTESIAN_POINT('',(-0.432148533853,0.835515053773,0.7800001));
#4060 = B_SPLINE_CURVE_WITH_KNOTS('',1,(#4061,#4062),.UNSPECIFIED.,.F.,
  .F.,(2,2),(-0.,1.E-02),.PIECEWISE_BEZIER_KNOTS.);
#4061 = CARTESIAN_POINT('',(-0.432148533853,0.835515053773,0.7800001));
#4062 = CARTESIAN_POINT('',(-0.432148533853,0.835515053773,0.7700001));
#4063 = ORIENTED_EDGE('',*,*,#4064,.F.);
#4064 = EDGE_CURVE('',#4036,#4058,#4065,.T.);
#4065 = B_SPLINE_CURVE_WITH_KNOTS('',1,(#4066,#4067),.UNSPECIFIED.,.F.,
  .F.,(2,2),(-3.491853668959E-02,-0.),.PIECEWISE_BEZIER_KNOTS.);
#4066 = CARTESIAN_POINT('',(-0.397229997163,0.835515053773,0.7800001));
#4067 = CARTESIAN_POINT('',(-0.432148533853,0.835515053773,0.7800001));
#4068 = ORIENTED_EDGE('',*,*,#4035,.T.);
#4069 = B_SPLINE_SURFACE_WITH_KNOTS('',1,1,(
    (#4070,#4071)
    ,(#4072,#4073
    )),.UNSPECIFIED.,.F.,.F.,.F.,(2,2),(2,2),(0.,1.E-02),(0.,
    3.491853668959E-02),.PIECEWISE_BEZIER_KNOTS.);
#4070 = CARTESIAN_POINT('',(-0.432148533853,0.835515053773,0.7800001));
#4071 = CARTESIAN_POINT('',(-0.397229997163,0.835515053773,0.7800001));
#4072 = CARTESIAN_POINT('',(-0.432148533853,0.835515053773,0.7700001));
#4073 = CARTESIAN_POINT('',(-0.397229997163,0.835515053773,0.7700001));
#4074 = ADVANCED_FACE('',(#4075),#4091,.F.);
#4075 = FACE_BOUND('',#4076,.T.);
#4076 = EDGE_LOOP('',(#4077,#4078,#4085,#4090));
#4077 = ORIENTED_EDGE('',*,*,#924,.T.);
#4078 = ORIENTED_EDGE('',*,*,#4079,.F.);
#4079 = EDGE_CURVE('',#4080,#918,#4082,.T.);
#4080 = VERTEX_POINT('',#4081);
#4081 = CARTESIAN_POINT('',(-0.432148533853,0.76772283763,0.7800001));
#4082 = B_SPLINE_CURVE_WITH_KNOTS('',1,(#4083,#4084),.UNSPECIFIED.,.F.,
  .F.,(2,2),(-0.,1.E-02),.PIECEWISE_BEZIER_KNOTS.);
#4083 = CARTESIAN_POINT('',(-0.432148533853,0.76772283763,0.7800001));
#4084 = CARTESIAN_POINT('',(-0.432148533853,0.76772283763,0.7700001));
#4085 = ORIENTED_EDGE('',*,*,#4086,.F.);
#4086 = EDGE_CURVE('',#4058,#4080,#4087,.T.);
#4087 = B_SPLINE_CURVE_WITH_KNOTS('',1,(#4088,#4089),.UNSPECIFIED.,.F.,
  .F.,(2,2),(-6.779221614378E-02,-0.),.PIECEWISE_BEZIER_KNOTS.);
#4088 = CARTESIAN_POINT('',(-0.432148533853,0.835515053773,0.7800001));
#4089 = CARTESIAN_POINT('',(-0.432148533853,0.76772283763,0.7800001));
#4090 = ORIENTED_EDGE('',*,*,#4057,.T.);
#4091 = B_SPLINE_SURFACE_WITH_KNOTS('',1,1,(
    (#4092,#4093)
    ,(#4094,#4095
    )),.UNSPECIFIED.,.F.,.F.,.F.,(2,2),(2,2),(0.,1.E-02),(0.,
    6.779221614378E-02),.PIECEWISE_BEZIER_KNOTS.);
#4092 = CARTESIAN_POINT('',(-0.432148533853,0.76772283763,0.7800001));
#4093 = CARTESIAN_POINT('',(-0.432148533853,0.835515053773,0.7800001));
#4094 = CARTESIAN_POINT('',(-0.432148533853,0.76772283763,0.7700001));
#4095 = CARTESIAN_POINT('',(-0.432148533853,0.835515053773,0.7700001));
#4096 = ADVANCED_FACE('',(#4097),#4107,.F.);
#4097 = FACE_BOUND('',#4098,.T.);
#4098 = EDGE_LOOP('',(#4099,#4100,#4101,#4106));
#4099 = ORIENTED_EDGE('',*,*,#917,.T.);
#4100 = ORIENTED_EDGE('',*,*,#3867,.F.);
#4101 = ORIENTED_EDGE('',*,*,#4102,.F.);
#4102 = EDGE_CURVE('',#4080,#3861,#4103,.T.);
#4103 = B_SPLINE_CURVE_WITH_KNOTS('',1,(#4104,#4105),.UNSPECIFIED.,.F.,
  .F.,(2,2),(-3.646084426532E-02,0.),.PIECEWISE_BEZIER_KNOTS.);
#4104 = CARTESIAN_POINT('',(-0.432148533853,0.76772283763,0.7800001));
#4105 = CARTESIAN_POINT('',(-0.395687689587,0.76772283763,0.7800001));
#4106 = ORIENTED_EDGE('',*,*,#4079,.T.);
#4107 = B_SPLINE_SURFACE_WITH_KNOTS('',1,1,(
    (#4108,#4109)
    ,(#4110,#4111)),.UNSPECIFIED.,.F.,.F.,.F.,(2,2),(2,2),(-1.E-02,0.),(
    -3.646084426532E-02,0.),.PIECEWISE_BEZIER_KNOTS.);
#4108 = CARTESIAN_POINT('',(-0.432148533853,0.76772283763,0.7700001));
#4109 = CARTESIAN_POINT('',(-0.395687689587,0.76772283763,0.7700001));
#4110 = CARTESIAN_POINT('',(-0.432148533853,0.76772283763,0.7800001));
#4111 = CARTESIAN_POINT('',(-0.395687689587,0.76772283763,0.7800001));
#4112 = ADVANCED_FACE('',(#4113),#4127,.F.);
#4113 = FACE_BOUND('',#4114,.T.);
#4114 = EDGE_LOOP('',(#4115,#4116,#4117,#4118,#4119,#4120,#4121,#4122,
    #4123,#4124,#4125,#4126));
#4115 = ORIENTED_EDGE('',*,*,#3860,.T.);
#4116 = ORIENTED_EDGE('',*,*,#3888,.T.);
#4117 = ORIENTED_EDGE('',*,*,#3910,.T.);
#4118 = ORIENTED_EDGE('',*,*,#3932,.T.);
#4119 = ORIENTED_EDGE('',*,*,#3954,.T.);
#4120 = ORIENTED_EDGE('',*,*,#3976,.T.);
#4121 = ORIENTED_EDGE('',*,*,#3998,.T.);
#4122 = ORIENTED_EDGE('',*,*,#4020,.T.);
#4123 = ORIENTED_EDGE('',*,*,#4042,.T.);
#4124 = ORIENTED_EDGE('',*,*,#4064,.T.);
#4125 = ORIENTED_EDGE('',*,*,#4086,.T.);
#4126 = ORIENTED_EDGE('',*,*,#4102,.T.);
#4127 = B_SPLINE_SURFACE_WITH_KNOTS('',1,1,(
    (#4128,#4129)
    ,(#4130,#4131
    )),.UNSPECIFIED.,.F.,.F.,.F.,(2,2),(2,2),(0.395687689587,
    0.432148533853),(0.76772283763,0.835515053773),
  .PIECEWISE_BEZIER_KNOTS.);
#4128 = CARTESIAN_POINT('',(-0.395687689587,0.76772283763,0.7800001));
#4129 = CARTESIAN_POINT('',(-0.395687689587,0.835515053773,0.7800001));
#4130 = CARTESIAN_POINT('',(-0.432148533853,0.76772283763,0.7800001));
#4131 = CARTESIAN_POINT('',(-0.432148533853,0.835515053773,0.7800001));
#4132 = ADVANCED_FACE('',(#4133,#4192),#4251,.T.);
#4133 = FACE_BOUND('',#4134,.T.);
#4134 = EDGE_LOOP('',(#4135,#4144,#4153,#4162,#4171,#4180,#4187));
#4135 = ORIENTED_EDGE('',*,*,#4136,.T.);
#4136 = EDGE_CURVE('',#4137,#4139,#4141,.T.);
#4137 = VERTEX_POINT('',#4138);
#4138 = CARTESIAN_POINT('',(-0.382881337918,0.76772283763,0.7800001));
#4139 = VERTEX_POINT('',#4140);
#4140 = CARTESIAN_POINT('',(-0.364235012618,0.76772283763,0.7800001));
#4141 = B_SPLINE_CURVE_WITH_KNOTS('',1,(#4142,#4143),.UNSPECIFIED.,.F.,
  .F.,(2,2),(-1.864632529929E-02,0.),.PIECEWISE_BEZIER_KNOTS.);
#4142 = CARTESIAN_POINT('',(-0.382881337918,0.76772283763,0.7800001));
#4143 = CARTESIAN_POINT('',(-0.364235012618,0.76772283763,0.7800001));
#4144 = ORIENTED_EDGE('',*,*,#4145,.T.);
#4145 = EDGE_CURVE('',#4139,#4146,#4148,.T.);
#4146 = VERTEX_POINT('',#4147);
#4147 = CARTESIAN_POINT('',(-0.337911808037,0.777219293265,0.7800001));
#4148 = B_SPLINE_CURVE_WITH_KNOTS('',3,(#4149,#4150,#4151,#4152),
  .UNSPECIFIED.,.F.,.F.,(4,4),(5.,6.),.PIECEWISE_BEZIER_KNOTS.);
#4149 = CARTESIAN_POINT('',(-0.364235012618,0.76772283763,0.7800001));
#4150 = CARTESIAN_POINT('',(-0.353508176782,0.76772283763,0.7800001));
#4151 = CARTESIAN_POINT('',(-0.344722222389,0.770876769976,0.7800001));
#4152 = CARTESIAN_POINT('',(-0.337911808037,0.777219293265,0.7800001));
#4153 = ORIENTED_EDGE('',*,*,#4154,.T.);
#4154 = EDGE_CURVE('',#4146,#4155,#4157,.T.);
#4155 = VERTEX_POINT('',#4156);
#4156 = CARTESIAN_POINT('',(-0.32768752186,0.802485410632,0.7800001));
#4157 = B_SPLINE_CURVE_WITH_KNOTS('',3,(#4158,#4159,#4160,#4161),
  .UNSPECIFIED.,.F.,.F.,(4,4),(4.,5.),.PIECEWISE_BEZIER_KNOTS.);
#4158 = CARTESIAN_POINT('',(-0.337911808037,0.777219293265,0.7800001));
#4159 = CARTESIAN_POINT('',(-0.331101393685,0.783561816555,0.7800001));
#4160 = CARTESIAN_POINT('',(-0.32768752186,0.791983855677,0.7800001));
#4161 = CARTESIAN_POINT('',(-0.32768752186,0.802485410632,0.7800001));
#4162 = ORIENTED_EDGE('',*,*,#4163,.T.);
#4163 = EDGE_CURVE('',#4155,#4164,#4166,.T.);
#4164 = VERTEX_POINT('',#4165);
#4165 = CARTESIAN_POINT('',(-0.337911808037,0.826538477096,0.7800001));
#4166 = B_SPLINE_CURVE_WITH_KNOTS('',3,(#4167,#4168,#4169,#4170),
  .UNSPECIFIED.,.F.,.F.,(4,4),(3.,4.),.PIECEWISE_BEZIER_KNOTS.);
#4167 = CARTESIAN_POINT('',(-0.32768752186,0.802485410632,0.7800001));
#4168 = CARTESIAN_POINT('',(-0.32768752186,0.812536403823,0.7800001));
#4169 = CARTESIAN_POINT('',(-0.331101393685,0.820542539778,0.7800001));
#4170 = CARTESIAN_POINT('',(-0.337911808037,0.826538477096,0.7800001));
#4171 = ORIENTED_EDGE('',*,*,#4172,.T.);
#4172 = EDGE_CURVE('',#4164,#4173,#4175,.T.);
#4173 = VERTEX_POINT('',#4174);
#4174 = CARTESIAN_POINT('',(-0.363541840674,0.835515053773,0.7800001));
#4175 = B_SPLINE_CURVE_WITH_KNOTS('',3,(#4176,#4177,#4178,#4179),
  .UNSPECIFIED.,.F.,.F.,(4,4),(2.,3.),.PIECEWISE_BEZIER_KNOTS.);
#4176 = CARTESIAN_POINT('',(-0.337911808037,0.826538477096,0.7800001));
#4177 = CARTESIAN_POINT('',(-0.344722222389,0.832534414413,0.7800001));
#4178 = CARTESIAN_POINT('',(-0.353265566601,0.835515053773,0.7800001));
#4179 = CARTESIAN_POINT('',(-0.363541840674,0.835515053773,0.7800001));
#4180 = ORIENTED_EDGE('',*,*,#4181,.T.);
#4181 = EDGE_CURVE('',#4173,#4182,#4184,.T.);
#4182 = VERTEX_POINT('',#4183);
#4183 = CARTESIAN_POINT('',(-0.382881337918,0.835515053773,0.7800001));
#4184 = B_SPLINE_CURVE_WITH_KNOTS('',1,(#4185,#4186),.UNSPECIFIED.,.F.,
  .F.,(2,2),(-1.933949724364E-02,-0.),.PIECEWISE_BEZIER_KNOTS.);
#4185 = CARTESIAN_POINT('',(-0.363541840674,0.835515053773,0.7800001));
#4186 = CARTESIAN_POINT('',(-0.382881337918,0.835515053773,0.7800001));
#4187 = ORIENTED_EDGE('',*,*,#4188,.T.);
#4188 = EDGE_CURVE('',#4182,#4137,#4189,.T.);
#4189 = B_SPLINE_CURVE_WITH_KNOTS('',1,(#4190,#4191),.UNSPECIFIED.,.F.,
  .F.,(2,2),(-6.779221614378E-02,-0.),.PIECEWISE_BEZIER_KNOTS.);
#4190 = CARTESIAN_POINT('',(-0.382881337918,0.835515053773,0.7800001));
#4191 = CARTESIAN_POINT('',(-0.382881337918,0.76772283763,0.7800001));
#4192 = FACE_BOUND('',#4193,.T.);
#4193 = EDGE_LOOP('',(#4194,#4203,#4210,#4219,#4228,#4237,#4246));
#4194 = ORIENTED_EDGE('',*,*,#4195,.F.);
#4195 = EDGE_CURVE('',#4196,#4198,#4200,.T.);
#4196 = VERTEX_POINT('',#4197);
#4197 = CARTESIAN_POINT('',(-0.374130042122,0.827716869401,0.7800001));
#4198 = VERTEX_POINT('',#4199);
#4199 = CARTESIAN_POINT('',(-0.374130042122,0.775451704807,0.7800001));
#4200 = B_SPLINE_CURVE_WITH_KNOTS('',1,(#4201,#4202),.UNSPECIFIED.,.F.,
  .F.,(2,2),(0.,5.226516459358E-02),.PIECEWISE_BEZIER_KNOTS.);
#4201 = CARTESIAN_POINT('',(-0.374130042122,0.827716869401,0.7800001));
#4202 = CARTESIAN_POINT('',(-0.374130042122,0.775451704807,0.7800001));
#4203 = ORIENTED_EDGE('',*,*,#4204,.F.);
#4204 = EDGE_CURVE('',#4205,#4196,#4207,.T.);
#4205 = VERTEX_POINT('',#4206);
#4206 = CARTESIAN_POINT('',(-0.363888426647,0.827716869401,0.7800001));
#4207 = B_SPLINE_CURVE_WITH_KNOTS('',1,(#4208,#4209),.UNSPECIFIED.,.F.,
  .F.,(2,2),(0.,1.024161547514E-02),.PIECEWISE_BEZIER_KNOTS.);
#4208 = CARTESIAN_POINT('',(-0.363888426647,0.827716869401,0.7800001));
#4209 = CARTESIAN_POINT('',(-0.374130042122,0.827716869401,0.7800001));
#4210 = ORIENTED_EDGE('',*,*,#4211,.F.);
#4211 = EDGE_CURVE('',#4212,#4205,#4214,.T.);
#4212 = VERTEX_POINT('',#4213);
#4213 = CARTESIAN_POINT('',(-0.344323648521,0.821339687514,0.7800001));
#4214 = B_SPLINE_CURVE_WITH_KNOTS('',3,(#4215,#4216,#4217,#4218),
  .UNSPECIFIED.,.F.,.F.,(4,4),(5.,6.),.PIECEWISE_BEZIER_KNOTS.);
#4215 = CARTESIAN_POINT('',(-0.344323648521,0.821339687514,0.7800001));
#4216 = CARTESIAN_POINT('',(-0.349279827922,0.825602694971,0.7800001));
#4217 = CARTESIAN_POINT('',(-0.355812973497,0.827716869401,0.7800001));
#4218 = CARTESIAN_POINT('',(-0.363888426647,0.827716869401,0.7800001));
#4219 = ORIENTED_EDGE('',*,*,#4220,.F.);
#4220 = EDGE_CURVE('',#4221,#4212,#4223,.T.);
#4221 = VERTEX_POINT('',#4222);
#4222 = CARTESIAN_POINT('',(-0.336889379419,0.802242800451,0.7800001));
#4223 = B_SPLINE_CURVE_WITH_KNOTS('',3,(#4224,#4225,#4226,#4227),
  .UNSPECIFIED.,.F.,.F.,(4,4),(4.,5.),.PIECEWISE_BEZIER_KNOTS.);
#4224 = CARTESIAN_POINT('',(-0.336889379419,0.802242800451,0.7800001));
#4225 = CARTESIAN_POINT('',(-0.336889379419,0.810699498171,0.7800001));
#4226 = CARTESIAN_POINT('',(-0.33936746912,0.817076680058,0.7800001));
#4227 = CARTESIAN_POINT('',(-0.344323648521,0.821339687514,0.7800001));
#4228 = ORIENTED_EDGE('',*,*,#4229,.F.);
#4229 = EDGE_CURVE('',#4230,#4221,#4232,.T.);
#4230 = VERTEX_POINT('',#4231);
#4231 = CARTESIAN_POINT('',(-0.344133026236,0.782522058638,0.7800001));
#4232 = B_SPLINE_CURVE_WITH_KNOTS('',3,(#4233,#4234,#4235,#4236),
  .UNSPECIFIED.,.F.,.F.,(4,4),(3.,4.),.PIECEWISE_BEZIER_KNOTS.);
#4233 = CARTESIAN_POINT('',(-0.344133026236,0.782522058638,0.7800001));
#4234 = CARTESIAN_POINT('',(-0.339298151925,0.787200969262,0.7800001));
#4235 = CARTESIAN_POINT('',(-0.336889379419,0.793786102732,0.7800001));
#4236 = CARTESIAN_POINT('',(-0.336889379419,0.802242800451,0.7800001));
#4237 = ORIENTED_EDGE('',*,*,#4238,.F.);
#4238 = EDGE_CURVE('',#4239,#4230,#4241,.T.);
#4239 = VERTEX_POINT('',#4240);
#4240 = CARTESIAN_POINT('',(-0.364287000514,0.775451704807,0.7800001));
#4241 = B_SPLINE_CURVE_WITH_KNOTS('',3,(#4242,#4243,#4244,#4245),
  .UNSPECIFIED.,.F.,.F.,(4,4),(2.,3.),.PIECEWISE_BEZIER_KNOTS.);
#4242 = CARTESIAN_POINT('',(-0.364287000514,0.775451704807,0.7800001));
#4243 = CARTESIAN_POINT('',(-0.355674339107,0.775451704807,0.7800001));
#4244 = CARTESIAN_POINT('',(-0.348950571248,0.777808489418,0.7800001));
#4245 = CARTESIAN_POINT('',(-0.344133026236,0.782522058638,0.7800001));
#4246 = ORIENTED_EDGE('',*,*,#4247,.F.);
#4247 = EDGE_CURVE('',#4198,#4239,#4248,.T.);
#4248 = B_SPLINE_CURVE_WITH_KNOTS('',1,(#4249,#4250),.UNSPECIFIED.,.F.,
  .F.,(2,2),(0.,9.843041607672E-03),.PIECEWISE_BEZIER_KNOTS.);
#4249 = CARTESIAN_POINT('',(-0.374130042122,0.775451704807,0.7800001));
#4250 = CARTESIAN_POINT('',(-0.364287000514,0.775451704807,0.7800001));
#4251 = B_SPLINE_SURFACE_WITH_KNOTS('',1,1,(
    (#4252,#4253)
    ,(#4254,#4255
    )),.UNSPECIFIED.,.F.,.F.,.F.,(2,2),(2,2),(-3.34542109575E-02,
    2.173960510027E-02),(-6.555240429911E-02,2.239811844664E-03),
  .PIECEWISE_BEZIER_KNOTS.);
#4252 = CARTESIAN_POINT('',(-0.382881337918,0.76772283763,0.7800001));
#4253 = CARTESIAN_POINT('',(-0.382881337918,0.835515053773,0.7800001));
#4254 = CARTESIAN_POINT('',(-0.32768752186,0.76772283763,0.7800001));
#4255 = CARTESIAN_POINT('',(-0.32768752186,0.835515053773,0.7800001));
#4256 = ADVANCED_FACE('',(#4257),#4271,.F.);
#4257 = FACE_BOUND('',#4258,.T.);
#4258 = EDGE_LOOP('',(#4259,#4260,#4265,#4266));
#4259 = ORIENTED_EDGE('',*,*,#644,.T.);
#4260 = ORIENTED_EDGE('',*,*,#4261,.F.);
#4261 = EDGE_CURVE('',#4139,#634,#4262,.T.);
#4262 = B_SPLINE_CURVE_WITH_KNOTS('',1,(#4263,#4264),.UNSPECIFIED.,.F.,
  .F.,(2,2),(-0.,1.E-02),.PIECEWISE_BEZIER_KNOTS.);
#4263 = CARTESIAN_POINT('',(-0.364235012618,0.76772283763,0.7800001));
#4264 = CARTESIAN_POINT('',(-0.364235012618,0.76772283763,0.7700001));
#4265 = ORIENTED_EDGE('',*,*,#4136,.F.);
#4266 = ORIENTED_EDGE('',*,*,#4267,.T.);
#4267 = EDGE_CURVE('',#4137,#645,#4268,.T.);
#4268 = B_SPLINE_CURVE_WITH_KNOTS('',1,(#4269,#4270),.UNSPECIFIED.,.F.,
  .F.,(2,2),(-0.,1.E-02),.PIECEWISE_BEZIER_KNOTS.);
#4269 = CARTESIAN_POINT('',(-0.382881337918,0.76772283763,0.7800001));
#4270 = CARTESIAN_POINT('',(-0.382881337918,0.76772283763,0.7700001));
#4271 = B_SPLINE_SURFACE_WITH_KNOTS('',1,1,(
    (#4272,#4273)
    ,(#4274,#4275)),.UNSPECIFIED.,.F.,.F.,.F.,(2,2),(2,2),(-1.E-02,0.),(
    -1.864632529929E-02,0.),.PIECEWISE_BEZIER_KNOTS.);
#4272 = CARTESIAN_POINT('',(-0.382881337918,0.76772283763,0.7700001));
#4273 = CARTESIAN_POINT('',(-0.364235012618,0.76772283763,0.7700001));
#4274 = CARTESIAN_POINT('',(-0.382881337918,0.76772283763,0.7800001));
#4275 = CARTESIAN_POINT('',(-0.364235012618,0.76772283763,0.7800001));
#4276 = ADVANCED_FACE('',(#4277),#4287,.F.);
#4277 = FACE_BOUND('',#4278,.F.);
#4278 = EDGE_LOOP('',(#4279,#4280,#4281,#4286));
#4279 = ORIENTED_EDGE('',*,*,#4261,.F.);
#4280 = ORIENTED_EDGE('',*,*,#4145,.T.);
#4281 = ORIENTED_EDGE('',*,*,#4282,.T.);
#4282 = EDGE_CURVE('',#4146,#636,#4283,.T.);
#4283 = B_SPLINE_CURVE_WITH_KNOTS('',1,(#4284,#4285),.UNSPECIFIED.,.F.,
  .F.,(2,2),(-0.,1.E-02),.PIECEWISE_BEZIER_KNOTS.);
#4284 = CARTESIAN_POINT('',(-0.337911808037,0.777219293265,0.7800001));
#4285 = CARTESIAN_POINT('',(-0.337911808037,0.777219293265,0.7700001));
#4286 = ORIENTED_EDGE('',*,*,#633,.F.);
#4287 = B_SPLINE_SURFACE_WITH_KNOTS('',3,1,(
    (#4288,#4289)
    ,(#4290,#4291)
    ,(#4292,#4293)
    ,(#4294,#4295
    )),.UNSPECIFIED.,.F.,.F.,.F.,(4,4),(2,2),(5.,6.),(0.,1.),
  .PIECEWISE_BEZIER_KNOTS.);
#4288 = CARTESIAN_POINT('',(-0.364235012618,0.76772283763,0.7800001));
#4289 = CARTESIAN_POINT('',(-0.364235012618,0.76772283763,0.7700001));
#4290 = CARTESIAN_POINT('',(-0.353508176782,0.76772283763,0.7800001));
#4291 = CARTESIAN_POINT('',(-0.353508176782,0.76772283763,0.7700001));
#4292 = CARTESIAN_POINT('',(-0.344722222389,0.770876769976,0.7800001));
#4293 = CARTESIAN_POINT('',(-0.344722222389,0.770876769976,0.7700001));
#4294 = CARTESIAN_POINT('',(-0.337911808037,0.777219293265,0.7800001));
#4295 = CARTESIAN_POINT('',(-0.337911808037,0.777219293265,0.7700001));
#4296 = ADVANCED_FACE('',(#4297),#4307,.F.);
#4297 = FACE_BOUND('',#4298,.F.);
#4298 = EDGE_LOOP('',(#4299,#4300,#4301,#4306));
#4299 = ORIENTED_EDGE('',*,*,#4282,.F.);
#4300 = ORIENTED_EDGE('',*,*,#4154,.T.);
#4301 = ORIENTED_EDGE('',*,*,#4302,.T.);
#4302 = EDGE_CURVE('',#4155,#675,#4303,.T.);
#4303 = B_SPLINE_CURVE_WITH_KNOTS('',1,(#4304,#4305),.UNSPECIFIED.,.F.,
  .F.,(2,2),(-0.,1.E-02),.PIECEWISE_BEZIER_KNOTS.);
#4304 = CARTESIAN_POINT('',(-0.32768752186,0.802485410632,0.7800001));
#4305 = CARTESIAN_POINT('',(-0.32768752186,0.802485410632,0.7700001));
#4306 = ORIENTED_EDGE('',*,*,#683,.F.);
#4307 = B_SPLINE_SURFACE_WITH_KNOTS('',3,1,(
    (#4308,#4309)
    ,(#4310,#4311)
    ,(#4312,#4313)
    ,(#4314,#4315
    )),.UNSPECIFIED.,.F.,.F.,.F.,(4,4),(2,2),(4.,5.),(0.,1.),
  .PIECEWISE_BEZIER_KNOTS.);
#4308 = CARTESIAN_POINT('',(-0.337911808037,0.777219293265,0.7800001));
#4309 = CARTESIAN_POINT('',(-0.337911808037,0.777219293265,0.7700001));
#4310 = CARTESIAN_POINT('',(-0.331101393685,0.783561816555,0.7800001));
#4311 = CARTESIAN_POINT('',(-0.331101393685,0.783561816555,0.7700001));
#4312 = CARTESIAN_POINT('',(-0.32768752186,0.791983855677,0.7800001));
#4313 = CARTESIAN_POINT('',(-0.32768752186,0.791983855677,0.7700001));
#4314 = CARTESIAN_POINT('',(-0.32768752186,0.802485410632,0.7800001));
#4315 = CARTESIAN_POINT('',(-0.32768752186,0.802485410632,0.7700001));
#4316 = ADVANCED_FACE('',(#4317),#4327,.F.);
#4317 = FACE_BOUND('',#4318,.F.);
#4318 = EDGE_LOOP('',(#4319,#4320,#4321,#4326));
#4319 = ORIENTED_EDGE('',*,*,#4302,.F.);
#4320 = ORIENTED_EDGE('',*,*,#4163,.T.);
#4321 = ORIENTED_EDGE('',*,*,#4322,.T.);
#4322 = EDGE_CURVE('',#4164,#666,#4323,.T.);
#4323 = B_SPLINE_CURVE_WITH_KNOTS('',1,(#4324,#4325),.UNSPECIFIED.,.F.,
  .F.,(2,2),(-0.,1.E-02),.PIECEWISE_BEZIER_KNOTS.);
#4324 = CARTESIAN_POINT('',(-0.337911808037,0.826538477096,0.7800001));
#4325 = CARTESIAN_POINT('',(-0.337911808037,0.826538477096,0.7700001));
#4326 = ORIENTED_EDGE('',*,*,#674,.F.);
#4327 = B_SPLINE_SURFACE_WITH_KNOTS('',3,1,(
    (#4328,#4329)
    ,(#4330,#4331)
    ,(#4332,#4333)
    ,(#4334,#4335
    )),.UNSPECIFIED.,.F.,.F.,.F.,(4,4),(2,2),(3.,4.),(0.,1.),
  .PIECEWISE_BEZIER_KNOTS.);
#4328 = CARTESIAN_POINT('',(-0.32768752186,0.802485410632,0.7800001));
#4329 = CARTESIAN_POINT('',(-0.32768752186,0.802485410632,0.7700001));
#4330 = CARTESIAN_POINT('',(-0.32768752186,0.812536403823,0.7800001));
#4331 = CARTESIAN_POINT('',(-0.32768752186,0.812536403823,0.7700001));
#4332 = CARTESIAN_POINT('',(-0.331101393685,0.820542539778,0.7800001));
#4333 = CARTESIAN_POINT('',(-0.331101393685,0.820542539778,0.7700001));
#4334 = CARTESIAN_POINT('',(-0.337911808037,0.826538477096,0.7800001));
#4335 = CARTESIAN_POINT('',(-0.337911808037,0.826538477096,0.7700001));
#4336 = ADVANCED_FACE('',(#4337),#4347,.F.);
#4337 = FACE_BOUND('',#4338,.F.);
#4338 = EDGE_LOOP('',(#4339,#4340,#4341,#4346));
#4339 = ORIENTED_EDGE('',*,*,#4322,.F.);
#4340 = ORIENTED_EDGE('',*,*,#4172,.T.);
#4341 = ORIENTED_EDGE('',*,*,#4342,.T.);
#4342 = EDGE_CURVE('',#4173,#659,#4343,.T.);
#4343 = B_SPLINE_CURVE_WITH_KNOTS('',1,(#4344,#4345),.UNSPECIFIED.,.F.,
  .F.,(2,2),(-0.,1.E-02),.PIECEWISE_BEZIER_KNOTS.);
#4344 = CARTESIAN_POINT('',(-0.363541840674,0.835515053773,0.7800001));
#4345 = CARTESIAN_POINT('',(-0.363541840674,0.835515053773,0.7700001));
#4346 = ORIENTED_EDGE('',*,*,#665,.F.);
#4347 = B_SPLINE_SURFACE_WITH_KNOTS('',3,1,(
    (#4348,#4349)
    ,(#4350,#4351)
    ,(#4352,#4353)
    ,(#4354,#4355
    )),.UNSPECIFIED.,.F.,.F.,.F.,(4,4),(2,2),(2.,3.),(0.,1.),
  .PIECEWISE_BEZIER_KNOTS.);
#4348 = CARTESIAN_POINT('',(-0.337911808037,0.826538477096,0.7800001));
#4349 = CARTESIAN_POINT('',(-0.337911808037,0.826538477096,0.7700001));
#4350 = CARTESIAN_POINT('',(-0.344722222389,0.832534414413,0.7800001));
#4351 = CARTESIAN_POINT('',(-0.344722222389,0.832534414413,0.7700001));
#4352 = CARTESIAN_POINT('',(-0.353265566601,0.835515053773,0.7800001));
#4353 = CARTESIAN_POINT('',(-0.353265566601,0.835515053773,0.7700001));
#4354 = CARTESIAN_POINT('',(-0.363541840674,0.835515053773,0.7800001));
#4355 = CARTESIAN_POINT('',(-0.363541840674,0.835515053773,0.7700001));
#4356 = ADVANCED_FACE('',(#4357),#4367,.F.);
#4357 = FACE_BOUND('',#4358,.T.);
#4358 = EDGE_LOOP('',(#4359,#4360,#4365,#4366));
#4359 = ORIENTED_EDGE('',*,*,#658,.T.);
#4360 = ORIENTED_EDGE('',*,*,#4361,.F.);
#4361 = EDGE_CURVE('',#4182,#652,#4362,.T.);
#4362 = B_SPLINE_CURVE_WITH_KNOTS('',1,(#4363,#4364),.UNSPECIFIED.,.F.,
  .F.,(2,2),(-0.,1.E-02),.PIECEWISE_BEZIER_KNOTS.);
#4363 = CARTESIAN_POINT('',(-0.382881337918,0.835515053773,0.7800001));
#4364 = CARTESIAN_POINT('',(-0.382881337918,0.835515053773,0.7700001));
#4365 = ORIENTED_EDGE('',*,*,#4181,.F.);
#4366 = ORIENTED_EDGE('',*,*,#4342,.T.);
#4367 = B_SPLINE_SURFACE_WITH_KNOTS('',1,1,(
    (#4368,#4369)
    ,(#4370,#4371
    )),.UNSPECIFIED.,.F.,.F.,.F.,(2,2),(2,2),(0.,1.E-02),(0.,
    1.933949724364E-02),.PIECEWISE_BEZIER_KNOTS.);
#4368 = CARTESIAN_POINT('',(-0.382881337918,0.835515053773,0.7800001));
#4369 = CARTESIAN_POINT('',(-0.363541840674,0.835515053773,0.7800001));
#4370 = CARTESIAN_POINT('',(-0.382881337918,0.835515053773,0.7700001));
#4371 = CARTESIAN_POINT('',(-0.363541840674,0.835515053773,0.7700001));
#4372 = ADVANCED_FACE('',(#4373),#4379,.F.);
#4373 = FACE_BOUND('',#4374,.T.);
#4374 = EDGE_LOOP('',(#4375,#4376,#4377,#4378));
#4375 = ORIENTED_EDGE('',*,*,#651,.T.);
#4376 = ORIENTED_EDGE('',*,*,#4267,.F.);
#4377 = ORIENTED_EDGE('',*,*,#4188,.F.);
#4378 = ORIENTED_EDGE('',*,*,#4361,.T.);
#4379 = B_SPLINE_SURFACE_WITH_KNOTS('',1,1,(
    (#4380,#4381)
    ,(#4382,#4383
    )),.UNSPECIFIED.,.F.,.F.,.F.,(2,2),(2,2),(0.,1.E-02),(0.,
    6.779221614378E-02),.PIECEWISE_BEZIER_KNOTS.);
#4380 = CARTESIAN_POINT('',(-0.382881337918,0.76772283763,0.7800001));
#4381 = CARTESIAN_POINT('',(-0.382881337918,0.835515053773,0.7800001));
#4382 = CARTESIAN_POINT('',(-0.382881337918,0.76772283763,0.7700001));
#4383 = CARTESIAN_POINT('',(-0.382881337918,0.835515053773,0.7700001));
#4384 = ADVANCED_FACE('',(#4385),#4407,.T.);
#4385 = FACE_BOUND('',#4386,.T.);
#4386 = EDGE_LOOP('',(#4387,#4396,#4401,#4402));
#4387 = ORIENTED_EDGE('',*,*,#4388,.F.);
#4388 = EDGE_CURVE('',#4389,#4391,#4393,.T.);
#4389 = VERTEX_POINT('',#4390);
#4390 = CARTESIAN_POINT('',(-0.363888426647,0.827716869401,0.7700001));
#4391 = VERTEX_POINT('',#4392);
#4392 = CARTESIAN_POINT('',(-0.374130042122,0.827716869401,0.7700001));
#4393 = B_SPLINE_CURVE_WITH_KNOTS('',1,(#4394,#4395),.UNSPECIFIED.,.F.,
  .F.,(2,2),(0.,1.024161547514E-02),.PIECEWISE_BEZIER_KNOTS.);
#4394 = CARTESIAN_POINT('',(-0.363888426647,0.827716869401,0.7700001));
#4395 = CARTESIAN_POINT('',(-0.374130042122,0.827716869401,0.7700001));
#4396 = ORIENTED_EDGE('',*,*,#4397,.F.);
#4397 = EDGE_CURVE('',#4205,#4389,#4398,.T.);
#4398 = B_SPLINE_CURVE_WITH_KNOTS('',1,(#4399,#4400),.UNSPECIFIED.,.F.,
  .F.,(2,2),(-0.,1.E-02),.PIECEWISE_BEZIER_KNOTS.);
#4399 = CARTESIAN_POINT('',(-0.363888426647,0.827716869401,0.7800001));
#4400 = CARTESIAN_POINT('',(-0.363888426647,0.827716869401,0.7700001));
#4401 = ORIENTED_EDGE('',*,*,#4204,.T.);
#4402 = ORIENTED_EDGE('',*,*,#4403,.T.);
#4403 = EDGE_CURVE('',#4196,#4391,#4404,.T.);
#4404 = B_SPLINE_CURVE_WITH_KNOTS('',1,(#4405,#4406),.UNSPECIFIED.,.F.,
  .F.,(2,2),(-0.,1.E-02),.PIECEWISE_BEZIER_KNOTS.);
#4405 = CARTESIAN_POINT('',(-0.374130042122,0.827716869401,0.7800001));
#4406 = CARTESIAN_POINT('',(-0.374130042122,0.827716869401,0.7700001));
#4407 = B_SPLINE_SURFACE_WITH_KNOTS('',1,1,(
    (#4408,#4409)
    ,(#4410,#4411)),.UNSPECIFIED.,.F.,.F.,.F.,(2,2),(2,2),(0.,1.E-02),(
    -1.024161547514E-02,0.),.PIECEWISE_BEZIER_KNOTS.);
#4408 = CARTESIAN_POINT('',(-0.374130042122,0.827716869401,0.7800001));
#4409 = CARTESIAN_POINT('',(-0.363888426647,0.827716869401,0.7800001));
#4410 = CARTESIAN_POINT('',(-0.374130042122,0.827716869401,0.7700001));
#4411 = CARTESIAN_POINT('',(-0.363888426647,0.827716869401,0.7700001));
#4412 = ADVANCED_FACE('',(#4413),#4429,.T.);
#4413 = FACE_BOUND('',#4414,.T.);
#4414 = EDGE_LOOP('',(#4415,#4422,#4423,#4424));
#4415 = ORIENTED_EDGE('',*,*,#4416,.F.);
#4416 = EDGE_CURVE('',#4391,#4417,#4419,.T.);
#4417 = VERTEX_POINT('',#4418);
#4418 = CARTESIAN_POINT('',(-0.374130042122,0.775451704807,0.7700001));
#4419 = B_SPLINE_CURVE_WITH_KNOTS('',1,(#4420,#4421),.UNSPECIFIED.,.F.,
  .F.,(2,2),(0.,5.226516459358E-02),.PIECEWISE_BEZIER_KNOTS.);
#4420 = CARTESIAN_POINT('',(-0.374130042122,0.827716869401,0.7700001));
#4421 = CARTESIAN_POINT('',(-0.374130042122,0.775451704807,0.7700001));
#4422 = ORIENTED_EDGE('',*,*,#4403,.F.);
#4423 = ORIENTED_EDGE('',*,*,#4195,.T.);
#4424 = ORIENTED_EDGE('',*,*,#4425,.T.);
#4425 = EDGE_CURVE('',#4198,#4417,#4426,.T.);
#4426 = B_SPLINE_CURVE_WITH_KNOTS('',1,(#4427,#4428),.UNSPECIFIED.,.F.,
  .F.,(2,2),(-0.,1.E-02),.PIECEWISE_BEZIER_KNOTS.);
#4427 = CARTESIAN_POINT('',(-0.374130042122,0.775451704807,0.7800001));
#4428 = CARTESIAN_POINT('',(-0.374130042122,0.775451704807,0.7700001));
#4429 = B_SPLINE_SURFACE_WITH_KNOTS('',1,1,(
    (#4430,#4431)
    ,(#4432,#4433)),.UNSPECIFIED.,.F.,.F.,.F.,(2,2),(2,2),(0.,1.E-02),(
    -5.226516459358E-02,0.),.PIECEWISE_BEZIER_KNOTS.);
#4430 = CARTESIAN_POINT('',(-0.374130042122,0.775451704807,0.7800001));
#4431 = CARTESIAN_POINT('',(-0.374130042122,0.827716869401,0.7800001));
#4432 = CARTESIAN_POINT('',(-0.374130042122,0.775451704807,0.7700001));
#4433 = CARTESIAN_POINT('',(-0.374130042122,0.827716869401,0.7700001));
#4434 = ADVANCED_FACE('',(#4435),#4451,.T.);
#4435 = FACE_BOUND('',#4436,.T.);
#4436 = EDGE_LOOP('',(#4437,#4444,#4445,#4446));
#4437 = ORIENTED_EDGE('',*,*,#4438,.F.);
#4438 = EDGE_CURVE('',#4417,#4439,#4441,.T.);
#4439 = VERTEX_POINT('',#4440);
#4440 = CARTESIAN_POINT('',(-0.364287000514,0.775451704807,0.7700001));
#4441 = B_SPLINE_CURVE_WITH_KNOTS('',1,(#4442,#4443),.UNSPECIFIED.,.F.,
  .F.,(2,2),(0.,9.843041607672E-03),.PIECEWISE_BEZIER_KNOTS.);
#4442 = CARTESIAN_POINT('',(-0.374130042122,0.775451704807,0.7700001));
#4443 = CARTESIAN_POINT('',(-0.364287000514,0.775451704807,0.7700001));
#4444 = ORIENTED_EDGE('',*,*,#4425,.F.);
#4445 = ORIENTED_EDGE('',*,*,#4247,.T.);
#4446 = ORIENTED_EDGE('',*,*,#4447,.T.);
#4447 = EDGE_CURVE('',#4239,#4439,#4448,.T.);
#4448 = B_SPLINE_CURVE_WITH_KNOTS('',1,(#4449,#4450),.UNSPECIFIED.,.F.,
  .F.,(2,2),(-0.,1.E-02),.PIECEWISE_BEZIER_KNOTS.);
#4449 = CARTESIAN_POINT('',(-0.364287000514,0.775451704807,0.7800001));
#4450 = CARTESIAN_POINT('',(-0.364287000514,0.775451704807,0.7700001));
#4451 = B_SPLINE_SURFACE_WITH_KNOTS('',1,1,(
    (#4452,#4453)
    ,(#4454,#4455
    )),.UNSPECIFIED.,.F.,.F.,.F.,(2,2),(2,2),(-1.E-02,0.),(0.,
    9.843041607672E-03),.PIECEWISE_BEZIER_KNOTS.);
#4452 = CARTESIAN_POINT('',(-0.374130042122,0.775451704807,0.7700001));
#4453 = CARTESIAN_POINT('',(-0.364287000514,0.775451704807,0.7700001));
#4454 = CARTESIAN_POINT('',(-0.374130042122,0.775451704807,0.7800001));
#4455 = CARTESIAN_POINT('',(-0.364287000514,0.775451704807,0.7800001));
#4456 = ADVANCED_FACE('',(#4457),#4475,.T.);
#4457 = FACE_BOUND('',#4458,.T.);
#4458 = EDGE_LOOP('',(#4459,#4468,#4469,#4470));
#4459 = ORIENTED_EDGE('',*,*,#4460,.F.);
#4460 = EDGE_CURVE('',#4439,#4461,#4463,.T.);
#4461 = VERTEX_POINT('',#4462);
#4462 = CARTESIAN_POINT('',(-0.344133026236,0.782522058638,0.7700001));
#4463 = B_SPLINE_CURVE_WITH_KNOTS('',3,(#4464,#4465,#4466,#4467),
  .UNSPECIFIED.,.F.,.F.,(4,4),(2.,3.),.PIECEWISE_BEZIER_KNOTS.);
#4464 = CARTESIAN_POINT('',(-0.364287000514,0.775451704807,0.7700001));
#4465 = CARTESIAN_POINT('',(-0.355674339107,0.775451704807,0.7700001));
#4466 = CARTESIAN_POINT('',(-0.348950571248,0.777808489418,0.7700001));
#4467 = CARTESIAN_POINT('',(-0.344133026236,0.782522058638,0.7700001));
#4468 = ORIENTED_EDGE('',*,*,#4447,.F.);
#4469 = ORIENTED_EDGE('',*,*,#4238,.T.);
#4470 = ORIENTED_EDGE('',*,*,#4471,.T.);
#4471 = EDGE_CURVE('',#4230,#4461,#4472,.T.);
#4472 = B_SPLINE_CURVE_WITH_KNOTS('',1,(#4473,#4474),.UNSPECIFIED.,.F.,
  .F.,(2,2),(-0.,1.E-02),.PIECEWISE_BEZIER_KNOTS.);
#4473 = CARTESIAN_POINT('',(-0.344133026236,0.782522058638,0.7800001));
#4474 = CARTESIAN_POINT('',(-0.344133026236,0.782522058638,0.7700001));
#4475 = B_SPLINE_SURFACE_WITH_KNOTS('',3,1,(
    (#4476,#4477)
    ,(#4478,#4479)
    ,(#4480,#4481)
    ,(#4482,#4483
    )),.UNSPECIFIED.,.F.,.F.,.F.,(4,4),(2,2),(2.,3.),(0.,1.),
  .PIECEWISE_BEZIER_KNOTS.);
#4476 = CARTESIAN_POINT('',(-0.364287000514,0.775451704807,0.7800001));
#4477 = CARTESIAN_POINT('',(-0.364287000514,0.775451704807,0.7700001));
#4478 = CARTESIAN_POINT('',(-0.355674339107,0.775451704807,0.7800001));
#4479 = CARTESIAN_POINT('',(-0.355674339107,0.775451704807,0.7700001));
#4480 = CARTESIAN_POINT('',(-0.348950571248,0.777808489418,0.7800001));
#4481 = CARTESIAN_POINT('',(-0.348950571248,0.777808489418,0.7700001));
#4482 = CARTESIAN_POINT('',(-0.344133026236,0.782522058638,0.7800001));
#4483 = CARTESIAN_POINT('',(-0.344133026236,0.782522058638,0.7700001));
#4484 = ADVANCED_FACE('',(#4485),#4503,.T.);
#4485 = FACE_BOUND('',#4486,.T.);
#4486 = EDGE_LOOP('',(#4487,#4496,#4497,#4498));
#4487 = ORIENTED_EDGE('',*,*,#4488,.F.);
#4488 = EDGE_CURVE('',#4461,#4489,#4491,.T.);
#4489 = VERTEX_POINT('',#4490);
#4490 = CARTESIAN_POINT('',(-0.336889379419,0.802242800451,0.7700001));
#4491 = B_SPLINE_CURVE_WITH_KNOTS('',3,(#4492,#4493,#4494,#4495),
  .UNSPECIFIED.,.F.,.F.,(4,4),(3.,4.),.PIECEWISE_BEZIER_KNOTS.);
#4492 = CARTESIAN_POINT('',(-0.344133026236,0.782522058638,0.7700001));
#4493 = CARTESIAN_POINT('',(-0.339298151925,0.787200969262,0.7700001));
#4494 = CARTESIAN_POINT('',(-0.336889379419,0.793786102732,0.7700001));
#4495 = CARTESIAN_POINT('',(-0.336889379419,0.802242800451,0.7700001));
#4496 = ORIENTED_EDGE('',*,*,#4471,.F.);
#4497 = ORIENTED_EDGE('',*,*,#4229,.T.);
#4498 = ORIENTED_EDGE('',*,*,#4499,.T.);
#4499 = EDGE_CURVE('',#4221,#4489,#4500,.T.);
#4500 = B_SPLINE_CURVE_WITH_KNOTS('',1,(#4501,#4502),.UNSPECIFIED.,.F.,
  .F.,(2,2),(-0.,1.E-02),.PIECEWISE_BEZIER_KNOTS.);
#4501 = CARTESIAN_POINT('',(-0.336889379419,0.802242800451,0.7800001));
#4502 = CARTESIAN_POINT('',(-0.336889379419,0.802242800451,0.7700001));
#4503 = B_SPLINE_SURFACE_WITH_KNOTS('',3,1,(
    (#4504,#4505)
    ,(#4506,#4507)
    ,(#4508,#4509)
    ,(#4510,#4511
    )),.UNSPECIFIED.,.F.,.F.,.F.,(4,4),(2,2),(3.,4.),(0.,1.),
  .PIECEWISE_BEZIER_KNOTS.);
#4504 = CARTESIAN_POINT('',(-0.344133026236,0.782522058638,0.7800001));
#4505 = CARTESIAN_POINT('',(-0.344133026236,0.782522058638,0.7700001));
#4506 = CARTESIAN_POINT('',(-0.339298151925,0.787200969262,0.7800001));
#4507 = CARTESIAN_POINT('',(-0.339298151925,0.787200969262,0.7700001));
#4508 = CARTESIAN_POINT('',(-0.336889379419,0.793786102732,0.7800001));
#4509 = CARTESIAN_POINT('',(-0.336889379419,0.793786102732,0.7700001));
#4510 = CARTESIAN_POINT('',(-0.336889379419,0.802242800451,0.7800001));
#4511 = CARTESIAN_POINT('',(-0.336889379419,0.802242800451,0.7700001));
#4512 = ADVANCED_FACE('',(#4513),#4531,.T.);
#4513 = FACE_BOUND('',#4514,.T.);
#4514 = EDGE_LOOP('',(#4515,#4524,#4525,#4526));
#4515 = ORIENTED_EDGE('',*,*,#4516,.F.);
#4516 = EDGE_CURVE('',#4489,#4517,#4519,.T.);
#4517 = VERTEX_POINT('',#4518);
#4518 = CARTESIAN_POINT('',(-0.344323648521,0.821339687514,0.7700001));
#4519 = B_SPLINE_CURVE_WITH_KNOTS('',3,(#4520,#4521,#4522,#4523),
  .UNSPECIFIED.,.F.,.F.,(4,4),(4.,5.),.PIECEWISE_BEZIER_KNOTS.);
#4520 = CARTESIAN_POINT('',(-0.336889379419,0.802242800451,0.7700001));
#4521 = CARTESIAN_POINT('',(-0.336889379419,0.810699498171,0.7700001));
#4522 = CARTESIAN_POINT('',(-0.33936746912,0.817076680058,0.7700001));
#4523 = CARTESIAN_POINT('',(-0.344323648521,0.821339687514,0.7700001));
#4524 = ORIENTED_EDGE('',*,*,#4499,.F.);
#4525 = ORIENTED_EDGE('',*,*,#4220,.T.);
#4526 = ORIENTED_EDGE('',*,*,#4527,.T.);
#4527 = EDGE_CURVE('',#4212,#4517,#4528,.T.);
#4528 = B_SPLINE_CURVE_WITH_KNOTS('',1,(#4529,#4530),.UNSPECIFIED.,.F.,
  .F.,(2,2),(-0.,1.E-02),.PIECEWISE_BEZIER_KNOTS.);
#4529 = CARTESIAN_POINT('',(-0.344323648521,0.821339687514,0.7800001));
#4530 = CARTESIAN_POINT('',(-0.344323648521,0.821339687514,0.7700001));
#4531 = B_SPLINE_SURFACE_WITH_KNOTS('',3,1,(
    (#4532,#4533)
    ,(#4534,#4535)
    ,(#4536,#4537)
    ,(#4538,#4539
    )),.UNSPECIFIED.,.F.,.F.,.F.,(4,4),(2,2),(4.,5.),(0.,1.),
  .PIECEWISE_BEZIER_KNOTS.);
#4532 = CARTESIAN_POINT('',(-0.336889379419,0.802242800451,0.7800001));
#4533 = CARTESIAN_POINT('',(-0.336889379419,0.802242800451,0.7700001));
#4534 = CARTESIAN_POINT('',(-0.336889379419,0.810699498171,0.7800001));
#4535 = CARTESIAN_POINT('',(-0.336889379419,0.810699498171,0.7700001));
#4536 = CARTESIAN_POINT('',(-0.33936746912,0.817076680058,0.7800001));
#4537 = CARTESIAN_POINT('',(-0.33936746912,0.817076680058,0.7700001));
#4538 = CARTESIAN_POINT('',(-0.344323648521,0.821339687514,0.7800001));
#4539 = CARTESIAN_POINT('',(-0.344323648521,0.821339687514,0.7700001));
#4540 = ADVANCED_FACE('',(#4541),#4553,.T.);
#4541 = FACE_BOUND('',#4542,.T.);
#4542 = EDGE_LOOP('',(#4543,#4550,#4551,#4552));
#4543 = ORIENTED_EDGE('',*,*,#4544,.F.);
#4544 = EDGE_CURVE('',#4517,#4389,#4545,.T.);
#4545 = B_SPLINE_CURVE_WITH_KNOTS('',3,(#4546,#4547,#4548,#4549),
  .UNSPECIFIED.,.F.,.F.,(4,4),(5.,6.),.PIECEWISE_BEZIER_KNOTS.);
#4546 = CARTESIAN_POINT('',(-0.344323648521,0.821339687514,0.7700001));
#4547 = CARTESIAN_POINT('',(-0.349279827922,0.825602694971,0.7700001));
#4548 = CARTESIAN_POINT('',(-0.355812973497,0.827716869401,0.7700001));
#4549 = CARTESIAN_POINT('',(-0.363888426647,0.827716869401,0.7700001));
#4550 = ORIENTED_EDGE('',*,*,#4527,.F.);
#4551 = ORIENTED_EDGE('',*,*,#4211,.T.);
#4552 = ORIENTED_EDGE('',*,*,#4397,.T.);
#4553 = B_SPLINE_SURFACE_WITH_KNOTS('',3,1,(
    (#4554,#4555)
    ,(#4556,#4557)
    ,(#4558,#4559)
    ,(#4560,#4561
    )),.UNSPECIFIED.,.F.,.F.,.F.,(4,4),(2,2),(5.,6.),(0.,1.),
  .PIECEWISE_BEZIER_KNOTS.);
#4554 = CARTESIAN_POINT('',(-0.344323648521,0.821339687514,0.7800001));
#4555 = CARTESIAN_POINT('',(-0.344323648521,0.821339687514,0.7700001));
#4556 = CARTESIAN_POINT('',(-0.349279827922,0.825602694971,0.7800001));
#4557 = CARTESIAN_POINT('',(-0.349279827922,0.825602694971,0.7700001));
#4558 = CARTESIAN_POINT('',(-0.355812973497,0.827716869401,0.7800001));
#4559 = CARTESIAN_POINT('',(-0.355812973497,0.827716869401,0.7700001));
#4560 = CARTESIAN_POINT('',(-0.363888426647,0.827716869401,0.7800001));
#4561 = CARTESIAN_POINT('',(-0.363888426647,0.827716869401,0.7700001));
#4562 = ADVANCED_FACE('',(#4563),#4572,.T.);
#4563 = FACE_BOUND('',#4564,.T.);
#4564 = EDGE_LOOP('',(#4565,#4566,#4567,#4568,#4569,#4570,#4571));
#4565 = ORIENTED_EDGE('',*,*,#4388,.T.);
#4566 = ORIENTED_EDGE('',*,*,#4416,.T.);
#4567 = ORIENTED_EDGE('',*,*,#4438,.T.);
#4568 = ORIENTED_EDGE('',*,*,#4460,.T.);
#4569 = ORIENTED_EDGE('',*,*,#4488,.T.);
#4570 = ORIENTED_EDGE('',*,*,#4516,.T.);
#4571 = ORIENTED_EDGE('',*,*,#4544,.T.);
#4572 = B_SPLINE_SURFACE_WITH_KNOTS('',1,1,(
    (#4573,#4574)
    ,(#4575,#4576
    )),.UNSPECIFIED.,.F.,.F.,.F.,(2,2),(2,2),(-0.374130042122,
    -0.336889379419),(0.775451704807,0.827716869401),
  .PIECEWISE_BEZIER_KNOTS.);
#4573 = CARTESIAN_POINT('',(-0.374130042122,0.775451704807,0.7700001));
#4574 = CARTESIAN_POINT('',(-0.374130042122,0.827716869401,0.7700001));
#4575 = CARTESIAN_POINT('',(-0.336889379419,0.775451704807,0.7700001));
#4576 = CARTESIAN_POINT('',(-0.336889379419,0.827716869401,0.7700001));
#4577 = ADVANCED_FACE('',(#4578,#4636),#4684,.F.);
#4578 = FACE_BOUND('',#4579,.T.);
#4579 = EDGE_LOOP('',(#4580,#4589,#4596,#4603,#4610,#4617,#4624,#4631));
#4580 = ORIENTED_EDGE('',*,*,#4581,.T.);
#4581 = EDGE_CURVE('',#4582,#4584,#4586,.T.);
#4582 = VERTEX_POINT('',#4583);
#4583 = CARTESIAN_POINT('',(-0.262927932972,0.76772283763,0.7800001));
#4584 = VERTEX_POINT('',#4585);
#4585 = CARTESIAN_POINT('',(-0.288748587894,0.835515053773,0.7800001));
#4586 = B_SPLINE_CURVE_WITH_KNOTS('',1,(#4587,#4588),.UNSPECIFIED.,.F.,
  .F.,(2,2),(-7.254302716517E-02,0.),.PIECEWISE_BEZIER_KNOTS.);
#4587 = CARTESIAN_POINT('',(-0.262927932972,0.76772283763,0.7800001));
#4588 = CARTESIAN_POINT('',(-0.288748587894,0.835515053773,0.7800001));
#4589 = ORIENTED_EDGE('',*,*,#4590,.T.);
#4590 = EDGE_CURVE('',#4584,#4591,#4593,.T.);
#4591 = VERTEX_POINT('',#4592);
#4592 = CARTESIAN_POINT('',(-0.298106409141,0.835515053773,0.7800001));
#4593 = B_SPLINE_CURVE_WITH_KNOTS('',1,(#4594,#4595),.UNSPECIFIED.,.F.,
  .F.,(2,2),(-9.357821246817E-03,-0.),.PIECEWISE_BEZIER_KNOTS.);
#4594 = CARTESIAN_POINT('',(-0.288748587894,0.835515053773,0.7800001));
#4595 = CARTESIAN_POINT('',(-0.298106409141,0.835515053773,0.7800001));
#4596 = ORIENTED_EDGE('',*,*,#4597,.T.);
#4597 = EDGE_CURVE('',#4591,#4598,#4600,.T.);
#4598 = VERTEX_POINT('',#4599);
#4599 = CARTESIAN_POINT('',(-0.323927064062,0.76772283763,0.7800001));
#4600 = B_SPLINE_CURVE_WITH_KNOTS('',1,(#4601,#4602),.UNSPECIFIED.,.F.,
  .F.,(2,2),(-7.254302716501E-02,-0.),.PIECEWISE_BEZIER_KNOTS.);
#4601 = CARTESIAN_POINT('',(-0.298106409141,0.835515053773,0.7800001));
#4602 = CARTESIAN_POINT('',(-0.323927064062,0.76772283763,0.7800001));
#4603 = ORIENTED_EDGE('',*,*,#4604,.T.);
#4604 = EDGE_CURVE('',#4598,#4605,#4607,.T.);
#4605 = VERTEX_POINT('',#4606);
#4606 = CARTESIAN_POINT('',(-0.314257315441,0.76772283763,0.7800001));
#4607 = B_SPLINE_CURVE_WITH_KNOTS('',1,(#4608,#4609),.UNSPECIFIED.,.F.,
  .F.,(2,2),(-9.669748621356E-03,0.),.PIECEWISE_BEZIER_KNOTS.);
#4608 = CARTESIAN_POINT('',(-0.323927064062,0.76772283763,0.7800001));
#4609 = CARTESIAN_POINT('',(-0.314257315441,0.76772283763,0.7800001));
#4610 = ORIENTED_EDGE('',*,*,#4611,.T.);
#4611 = EDGE_CURVE('',#4605,#4612,#4614,.T.);
#4612 = VERTEX_POINT('',#4613);
#4613 = CARTESIAN_POINT('',(-0.307741499165,0.786265187137,0.7800001));
#4614 = B_SPLINE_CURVE_WITH_KNOTS('',1,(#4615,#4616),.UNSPECIFIED.,.F.,
  .F.,(2,2),(-1.965386951736E-02,0.),.PIECEWISE_BEZIER_KNOTS.);
#4615 = CARTESIAN_POINT('',(-0.314257315441,0.76772283763,0.7800001));
#4616 = CARTESIAN_POINT('',(-0.307741499165,0.786265187137,0.7800001));
#4617 = ORIENTED_EDGE('',*,*,#4618,.T.);
#4618 = EDGE_CURVE('',#4612,#4619,#4621,.T.);
#4619 = VERTEX_POINT('',#4620);
#4620 = CARTESIAN_POINT('',(-0.279512071737,0.786265187137,0.7800001));
#4621 = B_SPLINE_CURVE_WITH_KNOTS('',1,(#4622,#4623),.UNSPECIFIED.,.F.,
  .F.,(2,2),(-2.822942742818E-02,0.),.PIECEWISE_BEZIER_KNOTS.);
#4622 = CARTESIAN_POINT('',(-0.307741499165,0.786265187137,0.7800001));
#4623 = CARTESIAN_POINT('',(-0.279512071737,0.786265187137,0.7800001));
#4624 = ORIENTED_EDGE('',*,*,#4625,.T.);
#4625 = EDGE_CURVE('',#4619,#4626,#4628,.T.);
#4626 = VERTEX_POINT('',#4627);
#4627 = CARTESIAN_POINT('',(-0.272597681594,0.76772283763,0.7800001));
#4628 = B_SPLINE_CURVE_WITH_KNOTS('',1,(#4629,#4630),.UNSPECIFIED.,.F.,
  .F.,(2,2),(-1.978958100428E-02,0.),.PIECEWISE_BEZIER_KNOTS.);
#4629 = CARTESIAN_POINT('',(-0.279512071737,0.786265187137,0.7800001));
#4630 = CARTESIAN_POINT('',(-0.272597681594,0.76772283763,0.7800001));
#4631 = ORIENTED_EDGE('',*,*,#4632,.T.);
#4632 = EDGE_CURVE('',#4626,#4582,#4633,.T.);
#4633 = B_SPLINE_CURVE_WITH_KNOTS('',1,(#4634,#4635),.UNSPECIFIED.,.F.,
  .F.,(2,2),(-9.669748621818E-03,0.),.PIECEWISE_BEZIER_KNOTS.);
#4634 = CARTESIAN_POINT('',(-0.272597681594,0.76772283763,0.7800001));
#4635 = CARTESIAN_POINT('',(-0.262927932972,0.76772283763,0.7800001));
#4636 = FACE_BOUND('',#4637,.T.);
#4637 = EDGE_LOOP('',(#4638,#4647,#4654,#4663,#4670,#4679));
#4638 = ORIENTED_EDGE('',*,*,#4639,.F.);
#4639 = EDGE_CURVE('',#4640,#4642,#4644,.T.);
#4640 = VERTEX_POINT('',#4641);
#4641 = CARTESIAN_POINT('',(-0.304968811388,0.793924737121,0.7800001));
#4642 = VERTEX_POINT('',#4643);
#4643 = CARTESIAN_POINT('',(-0.28221544232,0.793924737121,0.7800001));
#4644 = B_SPLINE_CURVE_WITH_KNOTS('',1,(#4645,#4646),.UNSPECIFIED.,.F.,
  .F.,(2,2),(0.,2.275336906868E-02),.PIECEWISE_BEZIER_KNOTS.);
#4645 = CARTESIAN_POINT('',(-0.304968811388,0.793924737121,0.7800001));
#4646 = CARTESIAN_POINT('',(-0.28221544232,0.793924737121,0.7800001));
#4647 = ORIENTED_EDGE('',*,*,#4648,.F.);
#4648 = EDGE_CURVE('',#4649,#4640,#4651,.T.);
#4649 = VERTEX_POINT('',#4650);
#4650 = CARTESIAN_POINT('',(-0.294831171704,0.822102176653,0.7800001));
#4651 = B_SPLINE_CURVE_WITH_KNOTS('',1,(#4652,#4653),.UNSPECIFIED.,.F.,
  .F.,(2,2),(-2.277261815241E-16,2.994561465293E-02),
  .PIECEWISE_BEZIER_KNOTS.);
#4652 = CARTESIAN_POINT('',(-0.294831171704,0.822102176653,0.7800001));
#4653 = CARTESIAN_POINT('',(-0.304968811388,0.793924737121,0.7800001));
#4654 = ORIENTED_EDGE('',*,*,#4655,.F.);
#4655 = EDGE_CURVE('',#4656,#4649,#4658,.T.);
#4656 = VERTEX_POINT('',#4657);
#4657 = CARTESIAN_POINT('',(-0.293722096593,0.826850404471,0.7800001));
#4658 = B_SPLINE_CURVE_WITH_KNOTS('',3,(#4659,#4660,#4661,#4662),
  .UNSPECIFIED.,.F.,.F.,(4,4),(3.,4.),.PIECEWISE_BEZIER_KNOTS.);
#4659 = CARTESIAN_POINT('',(-0.293722096593,0.826850404471,0.7800001));
#4660 = CARTESIAN_POINT('',(-0.294051353267,0.824805547235,0.7800001));
#4661 = CARTESIAN_POINT('',(-0.294415268538,0.823211251764,0.7800001));
#4662 = CARTESIAN_POINT('',(-0.294831171704,0.822102176653,0.7800001));
#4663 = ORIENTED_EDGE('',*,*,#4664,.F.);
#4664 = EDGE_CURVE('',#4665,#4656,#4667,.T.);
#4665 = VERTEX_POINT('',#4666);
#4666 = CARTESIAN_POINT('',(-0.29351414501,0.826850404471,0.7800001));
#4667 = B_SPLINE_CURVE_WITH_KNOTS('',1,(#4668,#4669),.UNSPECIFIED.,.F.,
  .F.,(2,2),(0.,2.079515830263E-04),.PIECEWISE_BEZIER_KNOTS.);
#4668 = CARTESIAN_POINT('',(-0.29351414501,0.826850404471,0.7800001));
#4669 = CARTESIAN_POINT('',(-0.293722096593,0.826850404471,0.7800001));
#4670 = ORIENTED_EDGE('',*,*,#4671,.F.);
#4671 = EDGE_CURVE('',#4672,#4665,#4674,.T.);
#4672 = VERTEX_POINT('',#4673);
#4673 = CARTESIAN_POINT('',(-0.292457057795,0.822102176653,0.7800001));
#4674 = B_SPLINE_CURVE_WITH_KNOTS('',3,(#4675,#4676,#4677,#4678),
  .UNSPECIFIED.,.F.,.F.,(4,4),(1.,2.),.PIECEWISE_BEZIER_KNOTS.);
#4675 = CARTESIAN_POINT('',(-0.292457057795,0.822102176653,0.7800001));
#4676 = CARTESIAN_POINT('',(-0.292786314469,0.823037958777,0.7800001));
#4677 = CARTESIAN_POINT('',(-0.293132900441,0.824597595652,0.7800001));
#4678 = CARTESIAN_POINT('',(-0.29351414501,0.826850404471,0.7800001));
#4679 = ORIENTED_EDGE('',*,*,#4680,.F.);
#4680 = EDGE_CURVE('',#4642,#4672,#4681,.T.);
#4681 = B_SPLINE_CURVE_WITH_KNOTS('',1,(#4682,#4683),.UNSPECIFIED.,.F.,
  .F.,(2,2),(0.,2.998097373548E-02),.PIECEWISE_BEZIER_KNOTS.);
#4682 = CARTESIAN_POINT('',(-0.28221544232,0.793924737121,0.7800001));
#4683 = CARTESIAN_POINT('',(-0.292457057795,0.822102176653,0.7800001));
#4684 = B_SPLINE_SURFACE_WITH_KNOTS('',1,1,(
    (#4685,#4686)
    ,(#4687,#4688
    )),.UNSPECIFIED.,.F.,.F.,.F.,(2,2),(2,2),(0.262927932972,
    0.323927064062),(0.76772283763,0.835515053773),
  .PIECEWISE_BEZIER_KNOTS.);
#4685 = CARTESIAN_POINT('',(-0.262927932972,0.76772283763,0.7800001));
#4686 = CARTESIAN_POINT('',(-0.262927932972,0.835515053773,0.7800001));
#4687 = CARTESIAN_POINT('',(-0.323927064062,0.76772283763,0.7800001));
#4688 = CARTESIAN_POINT('',(-0.323927064062,0.835515053773,0.7800001));
#4689 = ADVANCED_FACE('',(#4690),#4704,.F.);
#4690 = FACE_BOUND('',#4691,.T.);
#4691 = EDGE_LOOP('',(#4692,#4693,#4698,#4699));
#4692 = ORIENTED_EDGE('',*,*,#996,.T.);
#4693 = ORIENTED_EDGE('',*,*,#4694,.F.);
#4694 = EDGE_CURVE('',#4584,#988,#4695,.T.);
#4695 = B_SPLINE_CURVE_WITH_KNOTS('',1,(#4696,#4697),.UNSPECIFIED.,.F.,
  .F.,(2,2),(-0.,1.E-02),.PIECEWISE_BEZIER_KNOTS.);
#4696 = CARTESIAN_POINT('',(-0.288748587894,0.835515053773,0.7800001));
#4697 = CARTESIAN_POINT('',(-0.288748587894,0.835515053773,0.7700001));
#4698 = ORIENTED_EDGE('',*,*,#4581,.F.);
#4699 = ORIENTED_EDGE('',*,*,#4700,.T.);
#4700 = EDGE_CURVE('',#4582,#997,#4701,.T.);
#4701 = B_SPLINE_CURVE_WITH_KNOTS('',1,(#4702,#4703),.UNSPECIFIED.,.F.,
  .F.,(2,2),(-0.,1.E-02),.PIECEWISE_BEZIER_KNOTS.);
#4702 = CARTESIAN_POINT('',(-0.262927932972,0.76772283763,0.7800001));
#4703 = CARTESIAN_POINT('',(-0.262927932972,0.76772283763,0.7700001));
#4704 = B_SPLINE_SURFACE_WITH_KNOTS('',1,1,(
    (#4705,#4706)
    ,(#4707,#4708
    )),.UNSPECIFIED.,.F.,.F.,.F.,(2,2),(2,2),(0.,7.254302716517E-02),(
    -1.E-02,0.),.PIECEWISE_BEZIER_KNOTS.);
#4705 = CARTESIAN_POINT('',(-0.288748587894,0.835515053773,0.7700001));
#4706 = CARTESIAN_POINT('',(-0.288748587894,0.835515053773,0.7800001));
#4707 = CARTESIAN_POINT('',(-0.262927932972,0.76772283763,0.7700001));
#4708 = CARTESIAN_POINT('',(-0.262927932972,0.76772283763,0.7800001));
#4709 = ADVANCED_FACE('',(#4710),#4720,.F.);
#4710 = FACE_BOUND('',#4711,.T.);
#4711 = EDGE_LOOP('',(#4712,#4713,#4718,#4719));
#4712 = ORIENTED_EDGE('',*,*,#987,.T.);
#4713 = ORIENTED_EDGE('',*,*,#4714,.F.);
#4714 = EDGE_CURVE('',#4591,#990,#4715,.T.);
#4715 = B_SPLINE_CURVE_WITH_KNOTS('',1,(#4716,#4717),.UNSPECIFIED.,.F.,
  .F.,(2,2),(-0.,1.E-02),.PIECEWISE_BEZIER_KNOTS.);
#4716 = CARTESIAN_POINT('',(-0.298106409141,0.835515053773,0.7800001));
#4717 = CARTESIAN_POINT('',(-0.298106409141,0.835515053773,0.7700001));
#4718 = ORIENTED_EDGE('',*,*,#4590,.F.);
#4719 = ORIENTED_EDGE('',*,*,#4694,.T.);
#4720 = B_SPLINE_SURFACE_WITH_KNOTS('',1,1,(
    (#4721,#4722)
    ,(#4723,#4724
    )),.UNSPECIFIED.,.F.,.F.,.F.,(2,2),(2,2),(0.,1.E-02),(0.,
    9.357821246817E-03),.PIECEWISE_BEZIER_KNOTS.);
#4721 = CARTESIAN_POINT('',(-0.298106409141,0.835515053773,0.7800001));
#4722 = CARTESIAN_POINT('',(-0.288748587894,0.835515053773,0.7800001));
#4723 = CARTESIAN_POINT('',(-0.298106409141,0.835515053773,0.7700001));
#4724 = CARTESIAN_POINT('',(-0.288748587894,0.835515053773,0.7700001));
#4725 = ADVANCED_FACE('',(#4726),#4736,.F.);
#4726 = FACE_BOUND('',#4727,.T.);
#4727 = EDGE_LOOP('',(#4728,#4729,#4734,#4735));
#4728 = ORIENTED_EDGE('',*,*,#1038,.T.);
#4729 = ORIENTED_EDGE('',*,*,#4730,.F.);
#4730 = EDGE_CURVE('',#4598,#1032,#4731,.T.);
#4731 = B_SPLINE_CURVE_WITH_KNOTS('',1,(#4732,#4733),.UNSPECIFIED.,.F.,
  .F.,(2,2),(-0.,1.E-02),.PIECEWISE_BEZIER_KNOTS.);
#4732 = CARTESIAN_POINT('',(-0.323927064062,0.76772283763,0.7800001));
#4733 = CARTESIAN_POINT('',(-0.323927064062,0.76772283763,0.7700001));
#4734 = ORIENTED_EDGE('',*,*,#4597,.F.);
#4735 = ORIENTED_EDGE('',*,*,#4714,.T.);
#4736 = B_SPLINE_SURFACE_WITH_KNOTS('',1,1,(
    (#4737,#4738)
    ,(#4739,#4740
    )),.UNSPECIFIED.,.F.,.F.,.F.,(2,2),(2,2),(0.,7.254302716501E-02),(
    -1.E-02,0.),.PIECEWISE_BEZIER_KNOTS.);
#4737 = CARTESIAN_POINT('',(-0.323927064062,0.76772283763,0.7700001));
#4738 = CARTESIAN_POINT('',(-0.323927064062,0.76772283763,0.7800001));
#4739 = CARTESIAN_POINT('',(-0.298106409141,0.835515053773,0.7700001));
#4740 = CARTESIAN_POINT('',(-0.298106409141,0.835515053773,0.7800001));
#4741 = ADVANCED_FACE('',(#4742),#4752,.F.);
#4742 = FACE_BOUND('',#4743,.T.);
#4743 = EDGE_LOOP('',(#4744,#4745,#4750,#4751));
#4744 = ORIENTED_EDGE('',*,*,#1031,.T.);
#4745 = ORIENTED_EDGE('',*,*,#4746,.F.);
#4746 = EDGE_CURVE('',#4605,#1025,#4747,.T.);
#4747 = B_SPLINE_CURVE_WITH_KNOTS('',1,(#4748,#4749),.UNSPECIFIED.,.F.,
  .F.,(2,2),(-0.,1.E-02),.PIECEWISE_BEZIER_KNOTS.);
#4748 = CARTESIAN_POINT('',(-0.314257315441,0.76772283763,0.7800001));
#4749 = CARTESIAN_POINT('',(-0.314257315441,0.76772283763,0.7700001));
#4750 = ORIENTED_EDGE('',*,*,#4604,.F.);
#4751 = ORIENTED_EDGE('',*,*,#4730,.T.);
#4752 = B_SPLINE_SURFACE_WITH_KNOTS('',1,1,(
    (#4753,#4754)
    ,(#4755,#4756)),.UNSPECIFIED.,.F.,.F.,.F.,(2,2),(2,2),(-1.E-02,0.),(
    -9.669748621356E-03,0.),.PIECEWISE_BEZIER_KNOTS.);
#4753 = CARTESIAN_POINT('',(-0.323927064062,0.76772283763,0.7700001));
#4754 = CARTESIAN_POINT('',(-0.314257315441,0.76772283763,0.7700001));
#4755 = CARTESIAN_POINT('',(-0.323927064062,0.76772283763,0.7800001));
#4756 = CARTESIAN_POINT('',(-0.314257315441,0.76772283763,0.7800001));
#4757 = ADVANCED_FACE('',(#4758),#4768,.F.);
#4758 = FACE_BOUND('',#4759,.T.);
#4759 = EDGE_LOOP('',(#4760,#4761,#4766,#4767));
#4760 = ORIENTED_EDGE('',*,*,#1024,.T.);
#4761 = ORIENTED_EDGE('',*,*,#4762,.F.);
#4762 = EDGE_CURVE('',#4612,#1018,#4763,.T.);
#4763 = B_SPLINE_CURVE_WITH_KNOTS('',1,(#4764,#4765),.UNSPECIFIED.,.F.,
  .F.,(2,2),(-0.,1.E-02),.PIECEWISE_BEZIER_KNOTS.);
#4764 = CARTESIAN_POINT('',(-0.307741499165,0.786265187137,0.7800001));
#4765 = CARTESIAN_POINT('',(-0.307741499165,0.786265187137,0.7700001));
#4766 = ORIENTED_EDGE('',*,*,#4611,.F.);
#4767 = ORIENTED_EDGE('',*,*,#4746,.T.);
#4768 = B_SPLINE_SURFACE_WITH_KNOTS('',1,1,(
    (#4769,#4770)
    ,(#4771,#4772
    )),.UNSPECIFIED.,.F.,.F.,.F.,(2,2),(2,2),(-0.,1.965386951736E-02),(
    -1.E-02,0.),.PIECEWISE_BEZIER_KNOTS.);
#4769 = CARTESIAN_POINT('',(-0.307741499165,0.786265187137,0.7700001));
#4770 = CARTESIAN_POINT('',(-0.307741499165,0.786265187137,0.7800001));
#4771 = CARTESIAN_POINT('',(-0.314257315441,0.76772283763,0.7700001));
#4772 = CARTESIAN_POINT('',(-0.314257315441,0.76772283763,0.7800001));
#4773 = ADVANCED_FACE('',(#4774),#4784,.F.);
#4774 = FACE_BOUND('',#4775,.T.);
#4775 = EDGE_LOOP('',(#4776,#4777,#4782,#4783));
#4776 = ORIENTED_EDGE('',*,*,#1017,.T.);
#4777 = ORIENTED_EDGE('',*,*,#4778,.F.);
#4778 = EDGE_CURVE('',#4619,#1011,#4779,.T.);
#4779 = B_SPLINE_CURVE_WITH_KNOTS('',1,(#4780,#4781),.UNSPECIFIED.,.F.,
  .F.,(2,2),(-0.,1.E-02),.PIECEWISE_BEZIER_KNOTS.);
#4780 = CARTESIAN_POINT('',(-0.279512071737,0.786265187137,0.7800001));
#4781 = CARTESIAN_POINT('',(-0.279512071737,0.786265187137,0.7700001));
#4782 = ORIENTED_EDGE('',*,*,#4618,.F.);
#4783 = ORIENTED_EDGE('',*,*,#4762,.T.);
#4784 = B_SPLINE_SURFACE_WITH_KNOTS('',1,1,(
    (#4785,#4786)
    ,(#4787,#4788)),.UNSPECIFIED.,.F.,.F.,.F.,(2,2),(2,2),(-1.E-02,0.),(
    -2.822942742818E-02,0.),.PIECEWISE_BEZIER_KNOTS.);
#4785 = CARTESIAN_POINT('',(-0.307741499165,0.786265187137,0.7700001));
#4786 = CARTESIAN_POINT('',(-0.279512071737,0.786265187137,0.7700001));
#4787 = CARTESIAN_POINT('',(-0.307741499165,0.786265187137,0.7800001));
#4788 = CARTESIAN_POINT('',(-0.279512071737,0.786265187137,0.7800001));
#4789 = ADVANCED_FACE('',(#4790),#4800,.F.);
#4790 = FACE_BOUND('',#4791,.T.);
#4791 = EDGE_LOOP('',(#4792,#4793,#4798,#4799));
#4792 = ORIENTED_EDGE('',*,*,#1010,.T.);
#4793 = ORIENTED_EDGE('',*,*,#4794,.F.);
#4794 = EDGE_CURVE('',#4626,#1004,#4795,.T.);
#4795 = B_SPLINE_CURVE_WITH_KNOTS('',1,(#4796,#4797),.UNSPECIFIED.,.F.,
  .F.,(2,2),(-0.,1.E-02),.PIECEWISE_BEZIER_KNOTS.);
#4796 = CARTESIAN_POINT('',(-0.272597681594,0.76772283763,0.7800001));
#4797 = CARTESIAN_POINT('',(-0.272597681594,0.76772283763,0.7700001));
#4798 = ORIENTED_EDGE('',*,*,#4625,.F.);
#4799 = ORIENTED_EDGE('',*,*,#4778,.T.);
#4800 = B_SPLINE_SURFACE_WITH_KNOTS('',1,1,(
    (#4801,#4802)
    ,(#4803,#4804
    )),.UNSPECIFIED.,.F.,.F.,.F.,(2,2),(2,2),(0.,1.978958100428E-02),(
    -1.E-02,0.),.PIECEWISE_BEZIER_KNOTS.);
#4801 = CARTESIAN_POINT('',(-0.272597681594,0.76772283763,0.7700001));
#4802 = CARTESIAN_POINT('',(-0.272597681594,0.76772283763,0.7800001));
#4803 = CARTESIAN_POINT('',(-0.279512071737,0.786265187137,0.7700001));
#4804 = CARTESIAN_POINT('',(-0.279512071737,0.786265187137,0.7800001));
#4805 = ADVANCED_FACE('',(#4806),#4812,.F.);
#4806 = FACE_BOUND('',#4807,.T.);
#4807 = EDGE_LOOP('',(#4808,#4809,#4810,#4811));
#4808 = ORIENTED_EDGE('',*,*,#1003,.T.);
#4809 = ORIENTED_EDGE('',*,*,#4700,.F.);
#4810 = ORIENTED_EDGE('',*,*,#4632,.F.);
#4811 = ORIENTED_EDGE('',*,*,#4794,.T.);
#4812 = B_SPLINE_SURFACE_WITH_KNOTS('',1,1,(
    (#4813,#4814)
    ,(#4815,#4816)),.UNSPECIFIED.,.F.,.F.,.F.,(2,2),(2,2),(-1.E-02,0.),(
    -9.669748621818E-03,0.),.PIECEWISE_BEZIER_KNOTS.);
#4813 = CARTESIAN_POINT('',(-0.272597681594,0.76772283763,0.7700001));
#4814 = CARTESIAN_POINT('',(-0.262927932972,0.76772283763,0.7700001));
#4815 = CARTESIAN_POINT('',(-0.272597681594,0.76772283763,0.7800001));
#4816 = CARTESIAN_POINT('',(-0.262927932972,0.76772283763,0.7800001));
#4817 = ADVANCED_FACE('',(#4818),#4840,.T.);
#4818 = FACE_BOUND('',#4819,.T.);
#4819 = EDGE_LOOP('',(#4820,#4829,#4834,#4835));
#4820 = ORIENTED_EDGE('',*,*,#4821,.F.);
#4821 = EDGE_CURVE('',#4822,#4824,#4826,.T.);
#4822 = VERTEX_POINT('',#4823);
#4823 = CARTESIAN_POINT('',(-0.304968811388,0.793924737121,0.7700001));
#4824 = VERTEX_POINT('',#4825);
#4825 = CARTESIAN_POINT('',(-0.28221544232,0.793924737121,0.7700001));
#4826 = B_SPLINE_CURVE_WITH_KNOTS('',1,(#4827,#4828),.UNSPECIFIED.,.F.,
  .F.,(2,2),(0.,2.275336906868E-02),.PIECEWISE_BEZIER_KNOTS.);
#4827 = CARTESIAN_POINT('',(-0.304968811388,0.793924737121,0.7700001));
#4828 = CARTESIAN_POINT('',(-0.28221544232,0.793924737121,0.7700001));
#4829 = ORIENTED_EDGE('',*,*,#4830,.F.);
#4830 = EDGE_CURVE('',#4640,#4822,#4831,.T.);
#4831 = B_SPLINE_CURVE_WITH_KNOTS('',1,(#4832,#4833),.UNSPECIFIED.,.F.,
  .F.,(2,2),(-0.,1.E-02),.PIECEWISE_BEZIER_KNOTS.);
#4832 = CARTESIAN_POINT('',(-0.304968811388,0.793924737121,0.7800001));
#4833 = CARTESIAN_POINT('',(-0.304968811388,0.793924737121,0.7700001));
#4834 = ORIENTED_EDGE('',*,*,#4639,.T.);
#4835 = ORIENTED_EDGE('',*,*,#4836,.T.);
#4836 = EDGE_CURVE('',#4642,#4824,#4837,.T.);
#4837 = B_SPLINE_CURVE_WITH_KNOTS('',1,(#4838,#4839),.UNSPECIFIED.,.F.,
  .F.,(2,2),(-0.,1.E-02),.PIECEWISE_BEZIER_KNOTS.);
#4838 = CARTESIAN_POINT('',(-0.28221544232,0.793924737121,0.7800001));
#4839 = CARTESIAN_POINT('',(-0.28221544232,0.793924737121,0.7700001));
#4840 = B_SPLINE_SURFACE_WITH_KNOTS('',1,1,(
    (#4841,#4842)
    ,(#4843,#4844
    )),.UNSPECIFIED.,.F.,.F.,.F.,(2,2),(2,2),(-1.E-02,0.),(0.,
    2.275336906868E-02),.PIECEWISE_BEZIER_KNOTS.);
#4841 = CARTESIAN_POINT('',(-0.304968811388,0.793924737121,0.7700001));
#4842 = CARTESIAN_POINT('',(-0.28221544232,0.793924737121,0.7700001));
#4843 = CARTESIAN_POINT('',(-0.304968811388,0.793924737121,0.7800001));
#4844 = CARTESIAN_POINT('',(-0.28221544232,0.793924737121,0.7800001));
#4845 = ADVANCED_FACE('',(#4846),#4862,.T.);
#4846 = FACE_BOUND('',#4847,.T.);
#4847 = EDGE_LOOP('',(#4848,#4855,#4856,#4857));
#4848 = ORIENTED_EDGE('',*,*,#4849,.F.);
#4849 = EDGE_CURVE('',#4824,#4850,#4852,.T.);
#4850 = VERTEX_POINT('',#4851);
#4851 = CARTESIAN_POINT('',(-0.292457057795,0.822102176653,0.7700001));
#4852 = B_SPLINE_CURVE_WITH_KNOTS('',1,(#4853,#4854),.UNSPECIFIED.,.F.,
  .F.,(2,2),(-1.896282190614E-17,2.998097373548E-02),
  .PIECEWISE_BEZIER_KNOTS.);
#4853 = CARTESIAN_POINT('',(-0.28221544232,0.793924737121,0.7700001));
#4854 = CARTESIAN_POINT('',(-0.292457057795,0.822102176653,0.7700001));
#4855 = ORIENTED_EDGE('',*,*,#4836,.F.);
#4856 = ORIENTED_EDGE('',*,*,#4680,.T.);
#4857 = ORIENTED_EDGE('',*,*,#4858,.T.);
#4858 = EDGE_CURVE('',#4672,#4850,#4859,.T.);
#4859 = B_SPLINE_CURVE_WITH_KNOTS('',1,(#4860,#4861),.UNSPECIFIED.,.F.,
  .F.,(2,2),(-0.,1.E-02),.PIECEWISE_BEZIER_KNOTS.);
#4860 = CARTESIAN_POINT('',(-0.292457057795,0.822102176653,0.7800001));
#4861 = CARTESIAN_POINT('',(-0.292457057795,0.822102176653,0.7700001));
#4862 = B_SPLINE_SURFACE_WITH_KNOTS('',1,1,(
    (#4863,#4864)
    ,(#4865,#4866
    )),.UNSPECIFIED.,.F.,.F.,.F.,(2,2),(2,2),(-2.998097373548E-02,
    1.896282190614E-17),(-1.E-02,0.),.PIECEWISE_BEZIER_KNOTS.);
#4863 = CARTESIAN_POINT('',(-0.292457057795,0.822102176653,0.7700001));
#4864 = CARTESIAN_POINT('',(-0.292457057795,0.822102176653,0.7800001));
#4865 = CARTESIAN_POINT('',(-0.28221544232,0.793924737121,0.7700001));
#4866 = CARTESIAN_POINT('',(-0.28221544232,0.793924737121,0.7800001));
#4867 = ADVANCED_FACE('',(#4868),#4886,.T.);
#4868 = FACE_BOUND('',#4869,.T.);
#4869 = EDGE_LOOP('',(#4870,#4879,#4880,#4881));
#4870 = ORIENTED_EDGE('',*,*,#4871,.F.);
#4871 = EDGE_CURVE('',#4850,#4872,#4874,.T.);
#4872 = VERTEX_POINT('',#4873);
#4873 = CARTESIAN_POINT('',(-0.29351414501,0.826850404471,0.7700001));
#4874 = B_SPLINE_CURVE_WITH_KNOTS('',3,(#4875,#4876,#4877,#4878),
  .UNSPECIFIED.,.F.,.F.,(4,4),(1.,2.),.PIECEWISE_BEZIER_KNOTS.);
#4875 = CARTESIAN_POINT('',(-0.292457057795,0.822102176653,0.7700001));
#4876 = CARTESIAN_POINT('',(-0.292786314469,0.823037958777,0.7700001));
#4877 = CARTESIAN_POINT('',(-0.293132900441,0.824597595652,0.7700001));
#4878 = CARTESIAN_POINT('',(-0.29351414501,0.826850404471,0.7700001));
#4879 = ORIENTED_EDGE('',*,*,#4858,.F.);
#4880 = ORIENTED_EDGE('',*,*,#4671,.T.);
#4881 = ORIENTED_EDGE('',*,*,#4882,.T.);
#4882 = EDGE_CURVE('',#4665,#4872,#4883,.T.);
#4883 = B_SPLINE_CURVE_WITH_KNOTS('',1,(#4884,#4885),.UNSPECIFIED.,.F.,
  .F.,(2,2),(-0.,1.E-02),.PIECEWISE_BEZIER_KNOTS.);
#4884 = CARTESIAN_POINT('',(-0.29351414501,0.826850404471,0.7800001));
#4885 = CARTESIAN_POINT('',(-0.29351414501,0.826850404471,0.7700001));
#4886 = B_SPLINE_SURFACE_WITH_KNOTS('',3,1,(
    (#4887,#4888)
    ,(#4889,#4890)
    ,(#4891,#4892)
    ,(#4893,#4894
    )),.UNSPECIFIED.,.F.,.F.,.F.,(4,4),(2,2),(1.,2.),(0.,1.),
  .PIECEWISE_BEZIER_KNOTS.);
#4887 = CARTESIAN_POINT('',(-0.292457057795,0.822102176653,0.7800001));
#4888 = CARTESIAN_POINT('',(-0.292457057795,0.822102176653,0.7700001));
#4889 = CARTESIAN_POINT('',(-0.292786314469,0.823037958777,0.7800001));
#4890 = CARTESIAN_POINT('',(-0.292786314469,0.823037958777,0.7700001));
#4891 = CARTESIAN_POINT('',(-0.293132900441,0.824597595652,0.7800001));
#4892 = CARTESIAN_POINT('',(-0.293132900441,0.824597595652,0.7700001));
#4893 = CARTESIAN_POINT('',(-0.29351414501,0.826850404471,0.7800001));
#4894 = CARTESIAN_POINT('',(-0.29351414501,0.826850404471,0.7700001));
#4895 = ADVANCED_FACE('',(#4896),#4912,.T.);
#4896 = FACE_BOUND('',#4897,.T.);
#4897 = EDGE_LOOP('',(#4898,#4905,#4906,#4907));
#4898 = ORIENTED_EDGE('',*,*,#4899,.F.);
#4899 = EDGE_CURVE('',#4872,#4900,#4902,.T.);
#4900 = VERTEX_POINT('',#4901);
#4901 = CARTESIAN_POINT('',(-0.293722096593,0.826850404471,0.7700001));
#4902 = B_SPLINE_CURVE_WITH_KNOTS('',1,(#4903,#4904),.UNSPECIFIED.,.F.,
  .F.,(2,2),(0.,2.079515830264E-04),.PIECEWISE_BEZIER_KNOTS.);
#4903 = CARTESIAN_POINT('',(-0.29351414501,0.826850404471,0.7700001));
#4904 = CARTESIAN_POINT('',(-0.293722096593,0.826850404471,0.7700001));
#4905 = ORIENTED_EDGE('',*,*,#4882,.F.);
#4906 = ORIENTED_EDGE('',*,*,#4664,.T.);
#4907 = ORIENTED_EDGE('',*,*,#4908,.T.);
#4908 = EDGE_CURVE('',#4656,#4900,#4909,.T.);
#4909 = B_SPLINE_CURVE_WITH_KNOTS('',1,(#4910,#4911),.UNSPECIFIED.,.F.,
  .F.,(2,2),(-0.,1.E-02),.PIECEWISE_BEZIER_KNOTS.);
#4910 = CARTESIAN_POINT('',(-0.293722096593,0.826850404471,0.7800001));
#4911 = CARTESIAN_POINT('',(-0.293722096593,0.826850404471,0.7700001));
#4912 = B_SPLINE_SURFACE_WITH_KNOTS('',1,1,(
    (#4913,#4914)
    ,(#4915,#4916)),.UNSPECIFIED.,.F.,.F.,.F.,(2,2),(2,2),(0.,1.E-02),(
    -2.079515830264E-04,0.),.PIECEWISE_BEZIER_KNOTS.);
#4913 = CARTESIAN_POINT('',(-0.293722096593,0.826850404471,0.7800001));
#4914 = CARTESIAN_POINT('',(-0.29351414501,0.826850404471,0.7800001));
#4915 = CARTESIAN_POINT('',(-0.293722096593,0.826850404471,0.7700001));
#4916 = CARTESIAN_POINT('',(-0.29351414501,0.826850404471,0.7700001));
#4917 = ADVANCED_FACE('',(#4918),#4936,.T.);
#4918 = FACE_BOUND('',#4919,.T.);
#4919 = EDGE_LOOP('',(#4920,#4929,#4930,#4931));
#4920 = ORIENTED_EDGE('',*,*,#4921,.F.);
#4921 = EDGE_CURVE('',#4900,#4922,#4924,.T.);
#4922 = VERTEX_POINT('',#4923);
#4923 = CARTESIAN_POINT('',(-0.294831171704,0.822102176653,0.7700001));
#4924 = B_SPLINE_CURVE_WITH_KNOTS('',3,(#4925,#4926,#4927,#4928),
  .UNSPECIFIED.,.F.,.F.,(4,4),(3.,4.),.PIECEWISE_BEZIER_KNOTS.);
#4925 = CARTESIAN_POINT('',(-0.293722096593,0.826850404471,0.7700001));
#4926 = CARTESIAN_POINT('',(-0.294051353267,0.824805547235,0.7700001));
#4927 = CARTESIAN_POINT('',(-0.294415268538,0.823211251764,0.7700001));
#4928 = CARTESIAN_POINT('',(-0.294831171704,0.822102176653,0.7700001));
#4929 = ORIENTED_EDGE('',*,*,#4908,.F.);
#4930 = ORIENTED_EDGE('',*,*,#4655,.T.);
#4931 = ORIENTED_EDGE('',*,*,#4932,.T.);
#4932 = EDGE_CURVE('',#4649,#4922,#4933,.T.);
#4933 = B_SPLINE_CURVE_WITH_KNOTS('',1,(#4934,#4935),.UNSPECIFIED.,.F.,
  .F.,(2,2),(2.22044604925E-16,1.E-02),.PIECEWISE_BEZIER_KNOTS.);
#4934 = CARTESIAN_POINT('',(-0.294831171704,0.822102176653,0.7800001));
#4935 = CARTESIAN_POINT('',(-0.294831171704,0.822102176653,0.7700001));
#4936 = B_SPLINE_SURFACE_WITH_KNOTS('',3,1,(
    (#4937,#4938)
    ,(#4939,#4940)
    ,(#4941,#4942)
    ,(#4943,#4944
    )),.UNSPECIFIED.,.F.,.F.,.F.,(4,4),(2,2),(3.,4.),(0.,1.),
  .PIECEWISE_BEZIER_KNOTS.);
#4937 = CARTESIAN_POINT('',(-0.293722096593,0.826850404471,0.7800001));
#4938 = CARTESIAN_POINT('',(-0.293722096593,0.826850404471,0.7700001));
#4939 = CARTESIAN_POINT('',(-0.294051353267,0.824805547235,0.7800001));
#4940 = CARTESIAN_POINT('',(-0.294051353267,0.824805547235,0.7700001));
#4941 = CARTESIAN_POINT('',(-0.294415268538,0.823211251764,0.7800001));
#4942 = CARTESIAN_POINT('',(-0.294415268538,0.823211251764,0.7700001));
#4943 = CARTESIAN_POINT('',(-0.294831171704,0.822102176653,0.7800001));
#4944 = CARTESIAN_POINT('',(-0.294831171704,0.822102176653,0.7700001));
#4945 = ADVANCED_FACE('',(#4946),#4956,.T.);
#4946 = FACE_BOUND('',#4947,.T.);
#4947 = EDGE_LOOP('',(#4948,#4953,#4954,#4955));
#4948 = ORIENTED_EDGE('',*,*,#4949,.F.);
#4949 = EDGE_CURVE('',#4922,#4822,#4950,.T.);
#4950 = B_SPLINE_CURVE_WITH_KNOTS('',1,(#4951,#4952),.UNSPECIFIED.,.F.,
  .F.,(2,2),(-1.044668560186E-16,2.994561465293E-02),
  .PIECEWISE_BEZIER_KNOTS.);
#4951 = CARTESIAN_POINT('',(-0.294831171704,0.822102176653,0.7700001));
#4952 = CARTESIAN_POINT('',(-0.304968811388,0.793924737121,0.7700001));
#4953 = ORIENTED_EDGE('',*,*,#4932,.F.);
#4954 = ORIENTED_EDGE('',*,*,#4648,.T.);
#4955 = ORIENTED_EDGE('',*,*,#4830,.T.);
#4956 = B_SPLINE_SURFACE_WITH_KNOTS('',1,1,(
    (#4957,#4958)
    ,(#4959,#4960
    )),.UNSPECIFIED.,.F.,.F.,.F.,(2,2),(2,2),(-2.994561465293E-02,
    2.277261815241E-16),(-1.E-02,0.),.PIECEWISE_BEZIER_KNOTS.);
#4957 = CARTESIAN_POINT('',(-0.304968811388,0.793924737121,0.7700001));
#4958 = CARTESIAN_POINT('',(-0.304968811388,0.793924737121,0.7800001));
#4959 = CARTESIAN_POINT('',(-0.294831171704,0.822102176653,0.7700001));
#4960 = CARTESIAN_POINT('',(-0.294831171704,0.822102176653,0.7800001));
#4961 = ADVANCED_FACE('',(#4962),#4970,.T.);
#4962 = FACE_BOUND('',#4963,.T.);
#4963 = EDGE_LOOP('',(#4964,#4965,#4966,#4967,#4968,#4969));
#4964 = ORIENTED_EDGE('',*,*,#4821,.T.);
#4965 = ORIENTED_EDGE('',*,*,#4849,.T.);
#4966 = ORIENTED_EDGE('',*,*,#4871,.T.);
#4967 = ORIENTED_EDGE('',*,*,#4899,.T.);
#4968 = ORIENTED_EDGE('',*,*,#4921,.T.);
#4969 = ORIENTED_EDGE('',*,*,#4949,.T.);
#4970 = B_SPLINE_SURFACE_WITH_KNOTS('',1,1,(
    (#4971,#4972)
    ,(#4973,#4974
    )),.UNSPECIFIED.,.F.,.F.,.F.,(2,2),(2,2),(-0.304968811388,
    -0.28221544232),(0.793924737121,0.826850404471),
  .PIECEWISE_BEZIER_KNOTS.);
#4971 = CARTESIAN_POINT('',(-0.304968811388,0.793924737121,0.7700001));
#4972 = CARTESIAN_POINT('',(-0.304968811388,0.826850404471,0.7700001));
#4973 = CARTESIAN_POINT('',(-0.28221544232,0.793924737121,0.7700001));
#4974 = CARTESIAN_POINT('',(-0.28221544232,0.826850404471,0.7700001));
#4975 = ADVANCED_FACE('',(#4976),#4998,.F.);
#4976 = FACE_BOUND('',#4977,.T.);
#4977 = EDGE_LOOP('',(#4978,#4979,#4986,#4993));
#4978 = ORIENTED_EDGE('',*,*,#1054,.T.);
#4979 = ORIENTED_EDGE('',*,*,#4980,.F.);
#4980 = EDGE_CURVE('',#4981,#1046,#4983,.T.);
#4981 = VERTEX_POINT('',#4982);
#4982 = CARTESIAN_POINT('',(-0.498537076809,0.667906077663,0.7800001));
#4983 = B_SPLINE_CURVE_WITH_KNOTS('',1,(#4984,#4985),.UNSPECIFIED.,.F.,
  .F.,(2,2),(-0.,1.E-02),.PIECEWISE_BEZIER_KNOTS.);
#4984 = CARTESIAN_POINT('',(-0.498537076809,0.667906077663,0.7800001));
#4985 = CARTESIAN_POINT('',(-0.498537076809,0.667906077663,0.7700001));
#4986 = ORIENTED_EDGE('',*,*,#4987,.F.);
#4987 = EDGE_CURVE('',#4988,#4981,#4990,.T.);
#4988 = VERTEX_POINT('',#4989);
#4989 = CARTESIAN_POINT('',(-0.498537076809,0.660177210485,0.7800001));
#4990 = B_SPLINE_CURVE_WITH_KNOTS('',1,(#4991,#4992),.UNSPECIFIED.,.F.,
  .F.,(2,2),(-7.728867177929E-03,0.),.PIECEWISE_BEZIER_KNOTS.);
#4991 = CARTESIAN_POINT('',(-0.498537076809,0.660177210485,0.7800001));
#4992 = CARTESIAN_POINT('',(-0.498537076809,0.667906077663,0.7800001));
#4993 = ORIENTED_EDGE('',*,*,#4994,.T.);
#4994 = EDGE_CURVE('',#4988,#1055,#4995,.T.);
#4995 = B_SPLINE_CURVE_WITH_KNOTS('',1,(#4996,#4997),.UNSPECIFIED.,.F.,
  .F.,(2,2),(-0.,1.E-02),.PIECEWISE_BEZIER_KNOTS.);
#4996 = CARTESIAN_POINT('',(-0.498537076809,0.660177210485,0.7800001));
#4997 = CARTESIAN_POINT('',(-0.498537076809,0.660177210485,0.7700001));
#4998 = B_SPLINE_SURFACE_WITH_KNOTS('',1,1,(
    (#4999,#5000)
    ,(#5001,#5002)),.UNSPECIFIED.,.F.,.F.,.F.,(2,2),(2,2),(-1.E-02,0.),(
    -7.728867177929E-03,0.),.PIECEWISE_BEZIER_KNOTS.);
#4999 = CARTESIAN_POINT('',(-0.498537076809,0.660177210485,0.7700001));
#5000 = CARTESIAN_POINT('',(-0.498537076809,0.667906077663,0.7700001));
#5001 = CARTESIAN_POINT('',(-0.498537076809,0.660177210485,0.7800001));
#5002 = CARTESIAN_POINT('',(-0.498537076809,0.667906077663,0.7800001));
#5003 = ADVANCED_FACE('',(#5004),#5020,.F.);
#5004 = FACE_BOUND('',#5005,.T.);
#5005 = EDGE_LOOP('',(#5006,#5007,#5014,#5019));
#5006 = ORIENTED_EDGE('',*,*,#1045,.T.);
#5007 = ORIENTED_EDGE('',*,*,#5008,.F.);
#5008 = EDGE_CURVE('',#5009,#1048,#5011,.T.);
#5009 = VERTEX_POINT('',#5010);
#5010 = CARTESIAN_POINT('',(-0.526246625279,0.667906077663,0.7800001));
#5011 = B_SPLINE_CURVE_WITH_KNOTS('',1,(#5012,#5013),.UNSPECIFIED.,.F.,
  .F.,(2,2),(-0.,1.E-02),.PIECEWISE_BEZIER_KNOTS.);
#5012 = CARTESIAN_POINT('',(-0.526246625279,0.667906077663,0.7800001));
#5013 = CARTESIAN_POINT('',(-0.526246625279,0.667906077663,0.7700001));
#5014 = ORIENTED_EDGE('',*,*,#5015,.F.);
#5015 = EDGE_CURVE('',#4981,#5009,#5016,.T.);
#5016 = B_SPLINE_CURVE_WITH_KNOTS('',1,(#5017,#5018),.UNSPECIFIED.,.F.,
  .F.,(2,2),(-2.770954846992E-02,-0.),.PIECEWISE_BEZIER_KNOTS.);
#5017 = CARTESIAN_POINT('',(-0.498537076809,0.667906077663,0.7800001));
#5018 = CARTESIAN_POINT('',(-0.526246625279,0.667906077663,0.7800001));
#5019 = ORIENTED_EDGE('',*,*,#4980,.T.);
#5020 = B_SPLINE_SURFACE_WITH_KNOTS('',1,1,(
    (#5021,#5022)
    ,(#5023,#5024
    )),.UNSPECIFIED.,.F.,.F.,.F.,(2,2),(2,2),(0.,1.E-02),(0.,
    2.770954846992E-02),.PIECEWISE_BEZIER_KNOTS.);
#5021 = CARTESIAN_POINT('',(-0.526246625279,0.667906077663,0.7800001));
#5022 = CARTESIAN_POINT('',(-0.498537076809,0.667906077663,0.7800001));
#5023 = CARTESIAN_POINT('',(-0.526246625279,0.667906077663,0.7700001));
#5024 = CARTESIAN_POINT('',(-0.498537076809,0.667906077663,0.7700001));
#5025 = ADVANCED_FACE('',(#5026),#5042,.F.);
#5026 = FACE_BOUND('',#5027,.T.);
#5027 = EDGE_LOOP('',(#5028,#5029,#5036,#5041));
#5028 = ORIENTED_EDGE('',*,*,#1124,.T.);
#5029 = ORIENTED_EDGE('',*,*,#5030,.F.);
#5030 = EDGE_CURVE('',#5031,#1118,#5033,.T.);
#5031 = VERTEX_POINT('',#5032);
#5032 = CARTESIAN_POINT('',(-0.526246625279,0.690711434628,0.7800001));
#5033 = B_SPLINE_CURVE_WITH_KNOTS('',1,(#5034,#5035),.UNSPECIFIED.,.F.,
  .F.,(2,2),(-0.,1.E-02),.PIECEWISE_BEZIER_KNOTS.);
#5034 = CARTESIAN_POINT('',(-0.526246625279,0.690711434628,0.7800001));
#5035 = CARTESIAN_POINT('',(-0.526246625279,0.690711434628,0.7700001));
#5036 = ORIENTED_EDGE('',*,*,#5037,.F.);
#5037 = EDGE_CURVE('',#5009,#5031,#5038,.T.);
#5038 = B_SPLINE_CURVE_WITH_KNOTS('',1,(#5039,#5040),.UNSPECIFIED.,.F.,
  .F.,(2,2),(-2.280535696444E-02,0.),.PIECEWISE_BEZIER_KNOTS.);
#5039 = CARTESIAN_POINT('',(-0.526246625279,0.667906077663,0.7800001));
#5040 = CARTESIAN_POINT('',(-0.526246625279,0.690711434628,0.7800001));
#5041 = ORIENTED_EDGE('',*,*,#5008,.T.);
#5042 = B_SPLINE_SURFACE_WITH_KNOTS('',1,1,(
    (#5043,#5044)
    ,(#5045,#5046)),.UNSPECIFIED.,.F.,.F.,.F.,(2,2),(2,2),(-1.E-02,0.),(
    -2.280535696444E-02,0.),.PIECEWISE_BEZIER_KNOTS.);
#5043 = CARTESIAN_POINT('',(-0.526246625279,0.667906077663,0.7700001));
#5044 = CARTESIAN_POINT('',(-0.526246625279,0.690711434628,0.7700001));
#5045 = CARTESIAN_POINT('',(-0.526246625279,0.667906077663,0.7800001));
#5046 = CARTESIAN_POINT('',(-0.526246625279,0.690711434628,0.7800001));
#5047 = ADVANCED_FACE('',(#5048),#5064,.F.);
#5048 = FACE_BOUND('',#5049,.T.);
#5049 = EDGE_LOOP('',(#5050,#5051,#5058,#5063));
#5050 = ORIENTED_EDGE('',*,*,#1117,.T.);
#5051 = ORIENTED_EDGE('',*,*,#5052,.F.);
#5052 = EDGE_CURVE('',#5053,#1111,#5055,.T.);
#5053 = VERTEX_POINT('',#5054);
#5054 = CARTESIAN_POINT('',(-0.502002936531,0.690711434628,0.7800001));
#5055 = B_SPLINE_CURVE_WITH_KNOTS('',1,(#5056,#5057),.UNSPECIFIED.,.F.,
  .F.,(2,2),(-0.,1.E-02),.PIECEWISE_BEZIER_KNOTS.);
#5056 = CARTESIAN_POINT('',(-0.502002936531,0.690711434628,0.7800001));
#5057 = CARTESIAN_POINT('',(-0.502002936531,0.690711434628,0.7700001));
#5058 = ORIENTED_EDGE('',*,*,#5059,.F.);
#5059 = EDGE_CURVE('',#5031,#5053,#5060,.T.);
#5060 = B_SPLINE_CURVE_WITH_KNOTS('',1,(#5061,#5062),.UNSPECIFIED.,.F.,
  .F.,(2,2),(-2.424368874889E-02,0.),.PIECEWISE_BEZIER_KNOTS.);
#5061 = CARTESIAN_POINT('',(-0.526246625279,0.690711434628,0.7800001));
#5062 = CARTESIAN_POINT('',(-0.502002936531,0.690711434628,0.7800001));
#5063 = ORIENTED_EDGE('',*,*,#5030,.T.);
#5064 = B_SPLINE_SURFACE_WITH_KNOTS('',1,1,(
    (#5065,#5066)
    ,(#5067,#5068)),.UNSPECIFIED.,.F.,.F.,.F.,(2,2),(2,2),(-1.E-02,0.),(
    -2.424368874889E-02,0.),.PIECEWISE_BEZIER_KNOTS.);
#5065 = CARTESIAN_POINT('',(-0.526246625279,0.690711434628,0.7700001));
#5066 = CARTESIAN_POINT('',(-0.502002936531,0.690711434628,0.7700001));
#5067 = CARTESIAN_POINT('',(-0.526246625279,0.690711434628,0.7800001));
#5068 = CARTESIAN_POINT('',(-0.502002936531,0.690711434628,0.7800001));
#5069 = ADVANCED_FACE('',(#5070),#5086,.F.);
#5070 = FACE_BOUND('',#5071,.T.);
#5071 = EDGE_LOOP('',(#5072,#5073,#5080,#5085));
#5072 = ORIENTED_EDGE('',*,*,#1110,.T.);
#5073 = ORIENTED_EDGE('',*,*,#5074,.F.);
#5074 = EDGE_CURVE('',#5075,#1104,#5077,.T.);
#5075 = VERTEX_POINT('',#5076);
#5076 = CARTESIAN_POINT('',(-0.502002936531,0.698474960403,0.7800001));
#5077 = B_SPLINE_CURVE_WITH_KNOTS('',1,(#5078,#5079),.UNSPECIFIED.,.F.,
  .F.,(2,2),(-0.,1.E-02),.PIECEWISE_BEZIER_KNOTS.);
#5078 = CARTESIAN_POINT('',(-0.502002936531,0.698474960403,0.7800001));
#5079 = CARTESIAN_POINT('',(-0.502002936531,0.698474960403,0.7700001));
#5080 = ORIENTED_EDGE('',*,*,#5081,.F.);
#5081 = EDGE_CURVE('',#5053,#5075,#5082,.T.);
#5082 = B_SPLINE_CURVE_WITH_KNOTS('',1,(#5083,#5084),.UNSPECIFIED.,.F.,
  .F.,(2,2),(-7.763525775099E-03,0.),.PIECEWISE_BEZIER_KNOTS.);
#5083 = CARTESIAN_POINT('',(-0.502002936531,0.690711434628,0.7800001));
#5084 = CARTESIAN_POINT('',(-0.502002936531,0.698474960403,0.7800001));
#5085 = ORIENTED_EDGE('',*,*,#5052,.T.);
#5086 = B_SPLINE_SURFACE_WITH_KNOTS('',1,1,(
    (#5087,#5088)
    ,(#5089,#5090)),.UNSPECIFIED.,.F.,.F.,.F.,(2,2),(2,2),(-1.E-02,0.),(
    -7.763525775099E-03,0.),.PIECEWISE_BEZIER_KNOTS.);
#5087 = CARTESIAN_POINT('',(-0.502002936531,0.690711434628,0.7700001));
#5088 = CARTESIAN_POINT('',(-0.502002936531,0.698474960403,0.7700001));
#5089 = CARTESIAN_POINT('',(-0.502002936531,0.690711434628,0.7800001));
#5090 = CARTESIAN_POINT('',(-0.502002936531,0.698474960403,0.7800001));
#5091 = ADVANCED_FACE('',(#5092),#5108,.F.);
#5092 = FACE_BOUND('',#5093,.T.);
#5093 = EDGE_LOOP('',(#5094,#5095,#5102,#5107));
#5094 = ORIENTED_EDGE('',*,*,#1103,.T.);
#5095 = ORIENTED_EDGE('',*,*,#5096,.F.);
#5096 = EDGE_CURVE('',#5097,#1097,#5099,.T.);
#5097 = VERTEX_POINT('',#5098);
#5098 = CARTESIAN_POINT('',(-0.526246625279,0.698474960403,0.7800001));
#5099 = B_SPLINE_CURVE_WITH_KNOTS('',1,(#5100,#5101),.UNSPECIFIED.,.F.,
  .F.,(2,2),(-0.,1.E-02),.PIECEWISE_BEZIER_KNOTS.);
#5100 = CARTESIAN_POINT('',(-0.526246625279,0.698474960403,0.7800001));
#5101 = CARTESIAN_POINT('',(-0.526246625279,0.698474960403,0.7700001));
#5102 = ORIENTED_EDGE('',*,*,#5103,.F.);
#5103 = EDGE_CURVE('',#5075,#5097,#5104,.T.);
#5104 = B_SPLINE_CURVE_WITH_KNOTS('',1,(#5105,#5106),.UNSPECIFIED.,.F.,
  .F.,(2,2),(-2.424368874889E-02,-0.),.PIECEWISE_BEZIER_KNOTS.);
#5105 = CARTESIAN_POINT('',(-0.502002936531,0.698474960403,0.7800001));
#5106 = CARTESIAN_POINT('',(-0.526246625279,0.698474960403,0.7800001));
#5107 = ORIENTED_EDGE('',*,*,#5074,.T.);
#5108 = B_SPLINE_SURFACE_WITH_KNOTS('',1,1,(
    (#5109,#5110)
    ,(#5111,#5112
    )),.UNSPECIFIED.,.F.,.F.,.F.,(2,2),(2,2),(0.,1.E-02),(0.,
    2.424368874889E-02),.PIECEWISE_BEZIER_KNOTS.);
#5109 = CARTESIAN_POINT('',(-0.526246625279,0.698474960403,0.7800001));
#5110 = CARTESIAN_POINT('',(-0.502002936531,0.698474960403,0.7800001));
#5111 = CARTESIAN_POINT('',(-0.526246625279,0.698474960403,0.7700001));
#5112 = CARTESIAN_POINT('',(-0.502002936531,0.698474960403,0.7700001));
#5113 = ADVANCED_FACE('',(#5114),#5130,.F.);
#5114 = FACE_BOUND('',#5115,.T.);
#5115 = EDGE_LOOP('',(#5116,#5117,#5124,#5129));
#5116 = ORIENTED_EDGE('',*,*,#1096,.T.);
#5117 = ORIENTED_EDGE('',*,*,#5118,.F.);
#5118 = EDGE_CURVE('',#5119,#1090,#5121,.T.);
#5119 = VERTEX_POINT('',#5120);
#5120 = CARTESIAN_POINT('',(-0.526246625279,0.720171242257,0.7800001));
#5121 = B_SPLINE_CURVE_WITH_KNOTS('',1,(#5122,#5123),.UNSPECIFIED.,.F.,
  .F.,(2,2),(-0.,1.E-02),.PIECEWISE_BEZIER_KNOTS.);
#5122 = CARTESIAN_POINT('',(-0.526246625279,0.720171242257,0.7800001));
#5123 = CARTESIAN_POINT('',(-0.526246625279,0.720171242257,0.7700001));
#5124 = ORIENTED_EDGE('',*,*,#5125,.F.);
#5125 = EDGE_CURVE('',#5097,#5119,#5126,.T.);
#5126 = B_SPLINE_CURVE_WITH_KNOTS('',1,(#5127,#5128),.UNSPECIFIED.,.F.,
  .F.,(2,2),(-2.169628185404E-02,0.),.PIECEWISE_BEZIER_KNOTS.);
#5127 = CARTESIAN_POINT('',(-0.526246625279,0.698474960403,0.7800001));
#5128 = CARTESIAN_POINT('',(-0.526246625279,0.720171242257,0.7800001));
#5129 = ORIENTED_EDGE('',*,*,#5096,.T.);
#5130 = B_SPLINE_SURFACE_WITH_KNOTS('',1,1,(
    (#5131,#5132)
    ,(#5133,#5134)),.UNSPECIFIED.,.F.,.F.,.F.,(2,2),(2,2),(-1.E-02,0.),(
    -2.169628185404E-02,0.),.PIECEWISE_BEZIER_KNOTS.);
#5131 = CARTESIAN_POINT('',(-0.526246625279,0.698474960403,0.7700001));
#5132 = CARTESIAN_POINT('',(-0.526246625279,0.720171242257,0.7700001));
#5133 = CARTESIAN_POINT('',(-0.526246625279,0.698474960403,0.7800001));
#5134 = CARTESIAN_POINT('',(-0.526246625279,0.720171242257,0.7800001));
#5135 = ADVANCED_FACE('',(#5136),#5152,.F.);
#5136 = FACE_BOUND('',#5137,.T.);
#5137 = EDGE_LOOP('',(#5138,#5139,#5146,#5151));
#5138 = ORIENTED_EDGE('',*,*,#1089,.T.);
#5139 = ORIENTED_EDGE('',*,*,#5140,.F.);
#5140 = EDGE_CURVE('',#5141,#1083,#5143,.T.);
#5141 = VERTEX_POINT('',#5142);
#5142 = CARTESIAN_POINT('',(-0.500079384385,0.720171242257,0.7800001));
#5143 = B_SPLINE_CURVE_WITH_KNOTS('',1,(#5144,#5145),.UNSPECIFIED.,.F.,
  .F.,(2,2),(-0.,1.E-02),.PIECEWISE_BEZIER_KNOTS.);
#5144 = CARTESIAN_POINT('',(-0.500079384385,0.720171242257,0.7800001));
#5145 = CARTESIAN_POINT('',(-0.500079384385,0.720171242257,0.7700001));
#5146 = ORIENTED_EDGE('',*,*,#5147,.F.);
#5147 = EDGE_CURVE('',#5119,#5141,#5148,.T.);
#5148 = B_SPLINE_CURVE_WITH_KNOTS('',1,(#5149,#5150),.UNSPECIFIED.,.F.,
  .F.,(2,2),(-2.616724089396E-02,0.),.PIECEWISE_BEZIER_KNOTS.);
#5149 = CARTESIAN_POINT('',(-0.526246625279,0.720171242257,0.7800001));
#5150 = CARTESIAN_POINT('',(-0.500079384385,0.720171242257,0.7800001));
#5151 = ORIENTED_EDGE('',*,*,#5118,.T.);
#5152 = B_SPLINE_SURFACE_WITH_KNOTS('',1,1,(
    (#5153,#5154)
    ,(#5155,#5156)),.UNSPECIFIED.,.F.,.F.,.F.,(2,2),(2,2),(-1.E-02,0.),(
    -2.616724089396E-02,0.),.PIECEWISE_BEZIER_KNOTS.);
#5153 = CARTESIAN_POINT('',(-0.526246625279,0.720171242257,0.7700001));
#5154 = CARTESIAN_POINT('',(-0.500079384385,0.720171242257,0.7700001));
#5155 = CARTESIAN_POINT('',(-0.526246625279,0.720171242257,0.7800001));
#5156 = CARTESIAN_POINT('',(-0.500079384385,0.720171242257,0.7800001));
#5157 = ADVANCED_FACE('',(#5158),#5174,.F.);
#5158 = FACE_BOUND('',#5159,.T.);
#5159 = EDGE_LOOP('',(#5160,#5161,#5168,#5173));
#5160 = ORIENTED_EDGE('',*,*,#1082,.T.);
#5161 = ORIENTED_EDGE('',*,*,#5162,.F.);
#5162 = EDGE_CURVE('',#5163,#1076,#5165,.T.);
#5163 = VERTEX_POINT('',#5164);
#5164 = CARTESIAN_POINT('',(-0.500079384385,0.727969426629,0.7800001));
#5165 = B_SPLINE_CURVE_WITH_KNOTS('',1,(#5166,#5167),.UNSPECIFIED.,.F.,
  .F.,(2,2),(-0.,1.E-02),.PIECEWISE_BEZIER_KNOTS.);
#5166 = CARTESIAN_POINT('',(-0.500079384385,0.727969426629,0.7800001));
#5167 = CARTESIAN_POINT('',(-0.500079384385,0.727969426629,0.7700001));
#5168 = ORIENTED_EDGE('',*,*,#5169,.F.);
#5169 = EDGE_CURVE('',#5141,#5163,#5170,.T.);
#5170 = B_SPLINE_CURVE_WITH_KNOTS('',1,(#5171,#5172),.UNSPECIFIED.,.F.,
  .F.,(2,2),(-7.79818437227E-03,0.),.PIECEWISE_BEZIER_KNOTS.);
#5171 = CARTESIAN_POINT('',(-0.500079384385,0.720171242257,0.7800001));
#5172 = CARTESIAN_POINT('',(-0.500079384385,0.727969426629,0.7800001));
#5173 = ORIENTED_EDGE('',*,*,#5140,.T.);
#5174 = B_SPLINE_SURFACE_WITH_KNOTS('',1,1,(
    (#5175,#5176)
    ,(#5177,#5178)),.UNSPECIFIED.,.F.,.F.,.F.,(2,2),(2,2),(-1.E-02,0.),(
    -7.79818437227E-03,0.),.PIECEWISE_BEZIER_KNOTS.);
#5175 = CARTESIAN_POINT('',(-0.500079384385,0.720171242257,0.7700001));
#5176 = CARTESIAN_POINT('',(-0.500079384385,0.727969426629,0.7700001));
#5177 = CARTESIAN_POINT('',(-0.500079384385,0.720171242257,0.7800001));
#5178 = CARTESIAN_POINT('',(-0.500079384385,0.727969426629,0.7800001));
#5179 = ADVANCED_FACE('',(#5180),#5196,.F.);
#5180 = FACE_BOUND('',#5181,.T.);
#5181 = EDGE_LOOP('',(#5182,#5183,#5190,#5195));
#5182 = ORIENTED_EDGE('',*,*,#1075,.T.);
#5183 = ORIENTED_EDGE('',*,*,#5184,.F.);
#5184 = EDGE_CURVE('',#5185,#1069,#5187,.T.);
#5185 = VERTEX_POINT('',#5186);
#5186 = CARTESIAN_POINT('',(-0.534997921075,0.727969426629,0.7800001));
#5187 = B_SPLINE_CURVE_WITH_KNOTS('',1,(#5188,#5189),.UNSPECIFIED.,.F.,
  .F.,(2,2),(-0.,1.E-02),.PIECEWISE_BEZIER_KNOTS.);
#5188 = CARTESIAN_POINT('',(-0.534997921075,0.727969426629,0.7800001));
#5189 = CARTESIAN_POINT('',(-0.534997921075,0.727969426629,0.7700001));
#5190 = ORIENTED_EDGE('',*,*,#5191,.F.);
#5191 = EDGE_CURVE('',#5163,#5185,#5192,.T.);
#5192 = B_SPLINE_CURVE_WITH_KNOTS('',1,(#5193,#5194),.UNSPECIFIED.,.F.,
  .F.,(2,2),(-3.491853668959E-02,-0.),.PIECEWISE_BEZIER_KNOTS.);
#5193 = CARTESIAN_POINT('',(-0.500079384385,0.727969426629,0.7800001));
#5194 = CARTESIAN_POINT('',(-0.534997921075,0.727969426629,0.7800001));
#5195 = ORIENTED_EDGE('',*,*,#5162,.T.);
#5196 = B_SPLINE_SURFACE_WITH_KNOTS('',1,1,(
    (#5197,#5198)
    ,(#5199,#5200
    )),.UNSPECIFIED.,.F.,.F.,.F.,(2,2),(2,2),(0.,1.E-02),(0.,
    3.491853668959E-02),.PIECEWISE_BEZIER_KNOTS.);
#5197 = CARTESIAN_POINT('',(-0.534997921075,0.727969426629,0.7800001));
#5198 = CARTESIAN_POINT('',(-0.500079384385,0.727969426629,0.7800001));
#5199 = CARTESIAN_POINT('',(-0.534997921075,0.727969426629,0.7700001));
#5200 = CARTESIAN_POINT('',(-0.500079384385,0.727969426629,0.7700001));
#5201 = ADVANCED_FACE('',(#5202),#5218,.F.);
#5202 = FACE_BOUND('',#5203,.T.);
#5203 = EDGE_LOOP('',(#5204,#5205,#5212,#5217));
#5204 = ORIENTED_EDGE('',*,*,#1068,.T.);
#5205 = ORIENTED_EDGE('',*,*,#5206,.F.);
#5206 = EDGE_CURVE('',#5207,#1062,#5209,.T.);
#5207 = VERTEX_POINT('',#5208);
#5208 = CARTESIAN_POINT('',(-0.534997921075,0.660177210485,0.7800001));
#5209 = B_SPLINE_CURVE_WITH_KNOTS('',1,(#5210,#5211),.UNSPECIFIED.,.F.,
  .F.,(2,2),(-0.,1.E-02),.PIECEWISE_BEZIER_KNOTS.);
#5210 = CARTESIAN_POINT('',(-0.534997921075,0.660177210485,0.7800001));
#5211 = CARTESIAN_POINT('',(-0.534997921075,0.660177210485,0.7700001));
#5212 = ORIENTED_EDGE('',*,*,#5213,.F.);
#5213 = EDGE_CURVE('',#5185,#5207,#5214,.T.);
#5214 = B_SPLINE_CURVE_WITH_KNOTS('',1,(#5215,#5216),.UNSPECIFIED.,.F.,
  .F.,(2,2),(-6.779221614378E-02,-0.),.PIECEWISE_BEZIER_KNOTS.);
#5215 = CARTESIAN_POINT('',(-0.534997921075,0.727969426629,0.7800001));
#5216 = CARTESIAN_POINT('',(-0.534997921075,0.660177210485,0.7800001));
#5217 = ORIENTED_EDGE('',*,*,#5184,.T.);
#5218 = B_SPLINE_SURFACE_WITH_KNOTS('',1,1,(
    (#5219,#5220)
    ,(#5221,#5222
    )),.UNSPECIFIED.,.F.,.F.,.F.,(2,2),(2,2),(0.,1.E-02),(0.,
    6.779221614378E-02),.PIECEWISE_BEZIER_KNOTS.);
#5219 = CARTESIAN_POINT('',(-0.534997921075,0.660177210485,0.7800001));
#5220 = CARTESIAN_POINT('',(-0.534997921075,0.727969426629,0.7800001));
#5221 = CARTESIAN_POINT('',(-0.534997921075,0.660177210485,0.7700001));
#5222 = CARTESIAN_POINT('',(-0.534997921075,0.727969426629,0.7700001));
#5223 = ADVANCED_FACE('',(#5224),#5234,.F.);
#5224 = FACE_BOUND('',#5225,.T.);
#5225 = EDGE_LOOP('',(#5226,#5227,#5228,#5233));
#5226 = ORIENTED_EDGE('',*,*,#1061,.T.);
#5227 = ORIENTED_EDGE('',*,*,#4994,.F.);
#5228 = ORIENTED_EDGE('',*,*,#5229,.F.);
#5229 = EDGE_CURVE('',#5207,#4988,#5230,.T.);
#5230 = B_SPLINE_CURVE_WITH_KNOTS('',1,(#5231,#5232),.UNSPECIFIED.,.F.,
  .F.,(2,2),(-3.646084426555E-02,0.),.PIECEWISE_BEZIER_KNOTS.);
#5231 = CARTESIAN_POINT('',(-0.534997921075,0.660177210485,0.7800001));
#5232 = CARTESIAN_POINT('',(-0.498537076809,0.660177210485,0.7800001));
#5233 = ORIENTED_EDGE('',*,*,#5206,.T.);
#5234 = B_SPLINE_SURFACE_WITH_KNOTS('',1,1,(
    (#5235,#5236)
    ,(#5237,#5238)),.UNSPECIFIED.,.F.,.F.,.F.,(2,2),(2,2),(-1.E-02,0.),(
    -3.646084426555E-02,0.),.PIECEWISE_BEZIER_KNOTS.);
#5235 = CARTESIAN_POINT('',(-0.534997921075,0.660177210485,0.7700001));
#5236 = CARTESIAN_POINT('',(-0.498537076809,0.660177210485,0.7700001));
#5237 = CARTESIAN_POINT('',(-0.534997921075,0.660177210485,0.7800001));
#5238 = CARTESIAN_POINT('',(-0.498537076809,0.660177210485,0.7800001));
#5239 = ADVANCED_FACE('',(#5240),#5254,.F.);
#5240 = FACE_BOUND('',#5241,.T.);
#5241 = EDGE_LOOP('',(#5242,#5243,#5244,#5245,#5246,#5247,#5248,#5249,
    #5250,#5251,#5252,#5253));
#5242 = ORIENTED_EDGE('',*,*,#4987,.T.);
#5243 = ORIENTED_EDGE('',*,*,#5015,.T.);
#5244 = ORIENTED_EDGE('',*,*,#5037,.T.);
#5245 = ORIENTED_EDGE('',*,*,#5059,.T.);
#5246 = ORIENTED_EDGE('',*,*,#5081,.T.);
#5247 = ORIENTED_EDGE('',*,*,#5103,.T.);
#5248 = ORIENTED_EDGE('',*,*,#5125,.T.);
#5249 = ORIENTED_EDGE('',*,*,#5147,.T.);
#5250 = ORIENTED_EDGE('',*,*,#5169,.T.);
#5251 = ORIENTED_EDGE('',*,*,#5191,.T.);
#5252 = ORIENTED_EDGE('',*,*,#5213,.T.);
#5253 = ORIENTED_EDGE('',*,*,#5229,.T.);
#5254 = B_SPLINE_SURFACE_WITH_KNOTS('',1,1,(
    (#5255,#5256)
    ,(#5257,#5258
    )),.UNSPECIFIED.,.F.,.F.,.F.,(2,2),(2,2),(0.498537076809,
    0.534997921075),(0.660177210485,0.727969426629),
  .PIECEWISE_BEZIER_KNOTS.);
#5255 = CARTESIAN_POINT('',(-0.498537076809,0.660177210485,0.7800001));
#5256 = CARTESIAN_POINT('',(-0.498537076809,0.727969426629,0.7800001));
#5257 = CARTESIAN_POINT('',(-0.534997921075,0.660177210485,0.7800001));
#5258 = CARTESIAN_POINT('',(-0.534997921075,0.727969426629,0.7800001));
#5259 = ADVANCED_FACE('',(#5260,#5376),#5446,.T.);
#5260 = FACE_BOUND('',#5261,.T.);
#5261 = EDGE_LOOP('',(#5262,#5273,#5280,#5289,#5298,#5305,#5314,#5323,
    #5332,#5341,#5348,#5355,#5362,#5369));
#5262 = ORIENTED_EDGE('',*,*,#5263,.T.);
#5263 = EDGE_CURVE('',#5264,#5266,#5268,.T.);
#5264 = VERTEX_POINT('',#5265);
#5265 = CARTESIAN_POINT('',(-0.469007951986,0.709704345899,0.7800001));
#5266 = VERTEX_POINT('',#5267);
#5267 = CARTESIAN_POINT('',(-0.485678737244,0.705198728262,0.7800001));
#5268 = B_SPLINE_CURVE_WITH_KNOTS('',3,(#5269,#5270,#5271,#5272),
  .UNSPECIFIED.,.F.,.F.,(4,4),(0.,1.),.PIECEWISE_BEZIER_KNOTS.);
#5269 = CARTESIAN_POINT('',(-0.469007951986,0.709704345899,0.7800001));
#5270 = CARTESIAN_POINT('',(-0.475315816678,0.709704345899,0.7800001));
#5271 = CARTESIAN_POINT('',(-0.480878521531,0.708214026219,0.7800001));
#5272 = CARTESIAN_POINT('',(-0.485678737244,0.705198728262,0.7800001));
#5273 = ORIENTED_EDGE('',*,*,#5274,.T.);
#5274 = EDGE_CURVE('',#5266,#5275,#5277,.T.);
#5275 = VERTEX_POINT('',#5276);
#5276 = CARTESIAN_POINT('',(-0.485678737244,0.696949982125,0.7800001));
#5277 = B_SPLINE_CURVE_WITH_KNOTS('',1,(#5278,#5279),.UNSPECIFIED.,.F.,
  .F.,(2,2),(-8.248746136419E-03,-0.),.PIECEWISE_BEZIER_KNOTS.);
#5278 = CARTESIAN_POINT('',(-0.485678737244,0.705198728262,0.7800001));
#5279 = CARTESIAN_POINT('',(-0.485678737244,0.696949982125,0.7800001));
#5280 = ORIENTED_EDGE('',*,*,#5281,.T.);
#5281 = EDGE_CURVE('',#5275,#5282,#5284,.T.);
#5282 = VERTEX_POINT('',#5283);
#5283 = CARTESIAN_POINT('',(-0.469805099722,0.702807285054,0.7800001));
#5284 = B_SPLINE_CURVE_WITH_KNOTS('',3,(#5285,#5286,#5287,#5288),
  .UNSPECIFIED.,.F.,.F.,(4,4),(12.,13.),.PIECEWISE_BEZIER_KNOTS.);
#5285 = CARTESIAN_POINT('',(-0.485678737244,0.696949982125,0.7800001));
#5286 = CARTESIAN_POINT('',(-0.480895850829,0.700831745013,0.7800001));
#5287 = CARTESIAN_POINT('',(-0.475610414755,0.702807285054,0.7800001));
#5288 = CARTESIAN_POINT('',(-0.469805099722,0.702807285054,0.7800001));
#5289 = ORIENTED_EDGE('',*,*,#5290,.T.);
#5290 = EDGE_CURVE('',#5282,#5291,#5293,.T.);
#5291 = VERTEX_POINT('',#5292);
#5292 = CARTESIAN_POINT('',(-0.459996716711,0.690954044808,0.7800001));
#5293 = B_SPLINE_CURVE_WITH_KNOTS('',3,(#5294,#5295,#5296,#5297),
  .UNSPECIFIED.,.F.,.F.,(4,4),(11.,12.),.PIECEWISE_BEZIER_KNOTS.);
#5294 = CARTESIAN_POINT('',(-0.469805099722,0.702807285054,0.7800001));
#5295 = CARTESIAN_POINT('',(-0.463271954148,0.702807285054,0.7800001));
#5296 = CARTESIAN_POINT('',(-0.459996716711,0.698856204972,0.7800001));
#5297 = CARTESIAN_POINT('',(-0.459996716711,0.690954044808,0.7800001));
#5298 = ORIENTED_EDGE('',*,*,#5299,.T.);
#5299 = EDGE_CURVE('',#5291,#5300,#5302,.T.);
#5300 = VERTEX_POINT('',#5301);
#5301 = CARTESIAN_POINT('',(-0.474345375957,0.68894384617,0.7800001));
#5302 = B_SPLINE_CURVE_WITH_KNOTS('',1,(#5303,#5304),.UNSPECIFIED.,.F.,
  .F.,(2,2),(-1.448878603268E-02,-0.),.PIECEWISE_BEZIER_KNOTS.);
#5303 = CARTESIAN_POINT('',(-0.459996716711,0.690954044808,0.7800001));
#5304 = CARTESIAN_POINT('',(-0.474345375957,0.68894384617,0.7800001));
#5305 = ORIENTED_EDGE('',*,*,#5306,.T.);
#5306 = EDGE_CURVE('',#5300,#5307,#5309,.T.);
#5307 = VERTEX_POINT('',#5308);
#5308 = CARTESIAN_POINT('',(-0.490409635764,0.673139525842,0.7800001));
#5309 = B_SPLINE_CURVE_WITH_KNOTS('',3,(#5310,#5311,#5312,#5313),
  .UNSPECIFIED.,.F.,.F.,(4,4),(9.,10.),.PIECEWISE_BEZIER_KNOTS.);
#5310 = CARTESIAN_POINT('',(-0.474345375957,0.68894384617,0.7800001));
#5311 = CARTESIAN_POINT('',(-0.485054882494,0.68745352649,0.7800001));
#5312 = CARTESIAN_POINT('',(-0.490409635764,0.682185419714,0.7800001));
#5313 = CARTESIAN_POINT('',(-0.490409635764,0.673139525842,0.7800001));
#5314 = ORIENTED_EDGE('',*,*,#5315,.T.);
#5315 = EDGE_CURVE('',#5307,#5316,#5318,.T.);
#5316 = VERTEX_POINT('',#5317);
#5317 = CARTESIAN_POINT('',(-0.486250604098,0.66284592247,0.7800001));
#5318 = B_SPLINE_CURVE_WITH_KNOTS('',3,(#5319,#5320,#5321,#5322),
  .UNSPECIFIED.,.F.,.F.,(4,4),(8.,9.),.PIECEWISE_BEZIER_KNOTS.);
#5319 = CARTESIAN_POINT('',(-0.490409635764,0.673139525842,0.7800001));
#5320 = CARTESIAN_POINT('',(-0.490409635764,0.668807201191,0.7800001));
#5321 = CARTESIAN_POINT('',(-0.489023291875,0.665376000066,0.7800001));
#5322 = CARTESIAN_POINT('',(-0.486250604098,0.66284592247,0.7800001));
#5323 = ORIENTED_EDGE('',*,*,#5324,.T.);
#5324 = EDGE_CURVE('',#5316,#5325,#5327,.T.);
#5325 = VERTEX_POINT('',#5326);
#5326 = CARTESIAN_POINT('',(-0.475055877199,0.659033476777,0.7800001));
#5327 = B_SPLINE_CURVE_WITH_KNOTS('',3,(#5328,#5329,#5330,#5331),
  .UNSPECIFIED.,.F.,.F.,(4,4),(7.,8.),.PIECEWISE_BEZIER_KNOTS.);
#5328 = CARTESIAN_POINT('',(-0.486250604098,0.66284592247,0.7800001));
#5329 = CARTESIAN_POINT('',(-0.483477916322,0.660315844874,0.7800001));
#5330 = CARTESIAN_POINT('',(-0.479752117121,0.659033476777,0.7800001));
#5331 = CARTESIAN_POINT('',(-0.475055877199,0.659033476777,0.7800001));
#5332 = ORIENTED_EDGE('',*,*,#5333,.T.);
#5333 = EDGE_CURVE('',#5325,#5334,#5336,.T.);
#5334 = VERTEX_POINT('',#5335);
#5335 = CARTESIAN_POINT('',(-0.460221997593,0.667663467483,0.7800001));
#5336 = B_SPLINE_CURVE_WITH_KNOTS('',3,(#5337,#5338,#5339,#5340),
  .UNSPECIFIED.,.F.,.F.,(4,4),(6.,7.),.PIECEWISE_BEZIER_KNOTS.);
#5337 = CARTESIAN_POINT('',(-0.475055877199,0.659033476777,0.7800001));
#5338 = CARTESIAN_POINT('',(-0.468522731625,0.659033476777,0.7800001));
#5339 = CARTESIAN_POINT('',(-0.463566552224,0.661910140346,0.7800001));
#5340 = CARTESIAN_POINT('',(-0.460221997593,0.667663467483,0.7800001));
#5341 = ORIENTED_EDGE('',*,*,#5342,.T.);
#5342 = EDGE_CURVE('',#5334,#5343,#5345,.T.);
#5343 = VERTEX_POINT('',#5344);
#5344 = CARTESIAN_POINT('',(-0.459996716711,0.667663467483,0.7800001));
#5345 = B_SPLINE_CURVE_WITH_KNOTS('',1,(#5346,#5347),.UNSPECIFIED.,.F.,
  .F.,(2,2),(-2.252808818425E-04,0.),.PIECEWISE_BEZIER_KNOTS.);
#5346 = CARTESIAN_POINT('',(-0.460221997593,0.667663467483,0.7800001));
#5347 = CARTESIAN_POINT('',(-0.459996716711,0.667663467483,0.7800001));
#5348 = ORIENTED_EDGE('',*,*,#5349,.T.);
#5349 = EDGE_CURVE('',#5343,#5350,#5352,.T.);
#5350 = VERTEX_POINT('',#5351);
#5351 = CARTESIAN_POINT('',(-0.459996716711,0.660177210485,0.7800001));
#5352 = B_SPLINE_CURVE_WITH_KNOTS('',1,(#5353,#5354),.UNSPECIFIED.,.F.,
  .F.,(2,2),(-7.486256997268E-03,-0.),.PIECEWISE_BEZIER_KNOTS.);
#5353 = CARTESIAN_POINT('',(-0.459996716711,0.667663467483,0.7800001));
#5354 = CARTESIAN_POINT('',(-0.459996716711,0.660177210485,0.7800001));
#5355 = ORIENTED_EDGE('',*,*,#5356,.T.);
#5356 = EDGE_CURVE('',#5350,#5357,#5359,.T.);
#5357 = VERTEX_POINT('',#5358);
#5358 = CARTESIAN_POINT('',(-0.451505360395,0.660177210485,0.7800001));
#5359 = B_SPLINE_CURVE_WITH_KNOTS('',1,(#5360,#5361),.UNSPECIFIED.,.F.,
  .F.,(2,2),(-8.491356316616E-03,0.),.PIECEWISE_BEZIER_KNOTS.);
#5360 = CARTESIAN_POINT('',(-0.459996716711,0.660177210485,0.7800001));
#5361 = CARTESIAN_POINT('',(-0.451505360395,0.660177210485,0.7800001));
#5362 = ORIENTED_EDGE('',*,*,#5363,.T.);
#5363 = EDGE_CURVE('',#5357,#5364,#5366,.T.);
#5364 = VERTEX_POINT('',#5365);
#5365 = CARTESIAN_POINT('',(-0.451505360395,0.691335289377,0.7800001));
#5366 = B_SPLINE_CURVE_WITH_KNOTS('',1,(#5367,#5368),.UNSPECIFIED.,.F.,
  .F.,(2,2),(-3.115807889191E-02,0.),.PIECEWISE_BEZIER_KNOTS.);
#5367 = CARTESIAN_POINT('',(-0.451505360395,0.660177210485,0.7800001));
#5368 = CARTESIAN_POINT('',(-0.451505360395,0.691335289377,0.7800001));
#5369 = ORIENTED_EDGE('',*,*,#5370,.T.);
#5370 = EDGE_CURVE('',#5364,#5264,#5371,.T.);
#5371 = B_SPLINE_CURVE_WITH_KNOTS('',3,(#5372,#5373,#5374,#5375),
  .UNSPECIFIED.,.F.,.F.,(4,4),(1.,2.),.PIECEWISE_BEZIER_KNOTS.);
#5372 = CARTESIAN_POINT('',(-0.451505360395,0.691335289377,0.7800001));
#5373 = CARTESIAN_POINT('',(-0.451505360395,0.70360443279,0.7800001));
#5374 = CARTESIAN_POINT('',(-0.457345334025,0.709704345899,0.7800001));
#5375 = CARTESIAN_POINT('',(-0.469007951986,0.709704345899,0.7800001));
#5376 = FACE_BOUND('',#5377,.T.);
#5377 = EDGE_LOOP('',(#5378,#5389,#5398,#5405,#5412,#5421,#5430,#5439));
#5378 = ORIENTED_EDGE('',*,*,#5379,.F.);
#5379 = EDGE_CURVE('',#5380,#5382,#5384,.T.);
#5380 = VERTEX_POINT('',#5381);
#5381 = CARTESIAN_POINT('',(-0.479544165538,0.679967269492,0.7800001));
#5382 = VERTEX_POINT('',#5383);
#5383 = CARTESIAN_POINT('',(-0.481796974357,0.673832697786,0.7800001));
#5384 = B_SPLINE_CURVE_WITH_KNOTS('',3,(#5385,#5386,#5387,#5388),
  .UNSPECIFIED.,.F.,.F.,(4,4),(1.,2.),.PIECEWISE_BEZIER_KNOTS.);
#5385 = CARTESIAN_POINT('',(-0.479544165538,0.679967269492,0.7800001));
#5386 = CARTESIAN_POINT('',(-0.481034485218,0.67851160841,0.7800001));
#5387 = CARTESIAN_POINT('',(-0.481796974357,0.676466751174,0.7800001));
#5388 = CARTESIAN_POINT('',(-0.481796974357,0.673832697786,0.7800001));
#5389 = ORIENTED_EDGE('',*,*,#5390,.F.);
#5390 = EDGE_CURVE('',#5391,#5380,#5393,.T.);
#5391 = VERTEX_POINT('',#5392);
#5392 = CARTESIAN_POINT('',(-0.471330077999,0.682947908853,0.7800001));
#5393 = B_SPLINE_CURVE_WITH_KNOTS('',3,(#5394,#5395,#5396,#5397),
  .UNSPECIFIED.,.F.,.F.,(4,4),(0.,1.),.PIECEWISE_BEZIER_KNOTS.);
#5394 = CARTESIAN_POINT('',(-0.471330077999,0.682947908853,0.7800001));
#5395 = CARTESIAN_POINT('',(-0.47529848738,0.682393371297,0.7800001));
#5396 = CARTESIAN_POINT('',(-0.478036516559,0.681422930575,0.7800001));
#5397 = CARTESIAN_POINT('',(-0.479544165538,0.679967269492,0.7800001));
#5398 = ORIENTED_EDGE('',*,*,#5399,.F.);
#5399 = EDGE_CURVE('',#5400,#5391,#5402,.T.);
#5400 = VERTEX_POINT('',#5401);
#5401 = CARTESIAN_POINT('',(-0.459996716711,0.68447288713,0.7800001));
#5402 = B_SPLINE_CURVE_WITH_KNOTS('',1,(#5403,#5404),.UNSPECIFIED.,.F.,
  .F.,(2,2),(0.,1.143549897591E-02),.PIECEWISE_BEZIER_KNOTS.);
#5403 = CARTESIAN_POINT('',(-0.459996716711,0.68447288713,0.7800001));
#5404 = CARTESIAN_POINT('',(-0.471330077999,0.682947908853,0.7800001));
#5405 = ORIENTED_EDGE('',*,*,#5406,.F.);
#5406 = EDGE_CURVE('',#5407,#5400,#5409,.T.);
#5407 = VERTEX_POINT('',#5408);
#5408 = CARTESIAN_POINT('',(-0.459996716711,0.679828635103,0.7800001));
#5409 = B_SPLINE_CURVE_WITH_KNOTS('',1,(#5410,#5411),.UNSPECIFIED.,.F.,
  .F.,(2,2),(0.,4.644252026466E-03),.PIECEWISE_BEZIER_KNOTS.);
#5410 = CARTESIAN_POINT('',(-0.459996716711,0.679828635103,0.7800001));
#5411 = CARTESIAN_POINT('',(-0.459996716711,0.68447288713,0.7800001));
#5412 = ORIENTED_EDGE('',*,*,#5413,.F.);
#5413 = EDGE_CURVE('',#5414,#5407,#5416,.T.);
#5414 = VERTEX_POINT('',#5415);
#5415 = CARTESIAN_POINT('',(-0.463635869418,0.669950934899,0.7800001));
#5416 = B_SPLINE_CURVE_WITH_KNOTS('',3,(#5417,#5418,#5419,#5420),
  .UNSPECIFIED.,.F.,.F.,(4,4),(5.,6.),.PIECEWISE_BEZIER_KNOTS.);
#5417 = CARTESIAN_POINT('',(-0.463635869418,0.669950934899,0.7800001));
#5418 = CARTESIAN_POINT('',(-0.461209767614,0.672550329689,0.7800001));
#5419 = CARTESIAN_POINT('',(-0.459996716711,0.675842896424,0.7800001));
#5420 = CARTESIAN_POINT('',(-0.459996716711,0.679828635103,0.7800001));
#5421 = ORIENTED_EDGE('',*,*,#5422,.F.);
#5422 = EDGE_CURVE('',#5423,#5414,#5425,.T.);
#5423 = VERTEX_POINT('',#5424);
#5424 = CARTESIAN_POINT('',(-0.472855056276,0.665999854816,0.7800001));
#5425 = B_SPLINE_CURVE_WITH_KNOTS('',3,(#5426,#5427,#5428,#5429),
  .UNSPECIFIED.,.F.,.F.,(4,4),(4.,5.),.PIECEWISE_BEZIER_KNOTS.);
#5426 = CARTESIAN_POINT('',(-0.472855056276,0.665999854816,0.7800001));
#5427 = CARTESIAN_POINT('',(-0.469129257076,0.665999854816,0.7800001));
#5428 = CARTESIAN_POINT('',(-0.466044641925,0.66731688151,0.7800001));
#5429 = CARTESIAN_POINT('',(-0.463635869418,0.669950934899,0.7800001));
#5430 = ORIENTED_EDGE('',*,*,#5431,.F.);
#5431 = EDGE_CURVE('',#5432,#5423,#5434,.T.);
#5432 = VERTEX_POINT('',#5433);
#5433 = CARTESIAN_POINT('',(-0.479336213955,0.668183346441,0.7800001));
#5434 = B_SPLINE_CURVE_WITH_KNOTS('',3,(#5435,#5436,#5437,#5438),
  .UNSPECIFIED.,.F.,.F.,(4,4),(3.,4.),.PIECEWISE_BEZIER_KNOTS.);
#5435 = CARTESIAN_POINT('',(-0.479336213955,0.668183346441,0.7800001));
#5436 = CARTESIAN_POINT('',(-0.477707259886,0.666727685358,0.7800001));
#5437 = CARTESIAN_POINT('',(-0.47554109756,0.665999854816,0.7800001));
#5438 = CARTESIAN_POINT('',(-0.472855056276,0.665999854816,0.7800001));
#5439 = ORIENTED_EDGE('',*,*,#5440,.F.);
#5440 = EDGE_CURVE('',#5382,#5432,#5441,.T.);
#5441 = B_SPLINE_CURVE_WITH_KNOTS('',3,(#5442,#5443,#5444,#5445),
  .UNSPECIFIED.,.F.,.F.,(4,4),(2.,3.),.PIECEWISE_BEZIER_KNOTS.);
#5442 = CARTESIAN_POINT('',(-0.481796974357,0.673832697786,0.7800001));
#5443 = CARTESIAN_POINT('',(-0.481796974357,0.671510571773,0.7800001));
#5444 = CARTESIAN_POINT('',(-0.480982497322,0.669639007524,0.7800001));
#5445 = CARTESIAN_POINT('',(-0.479336213955,0.668183346441,0.7800001));
#5446 = B_SPLINE_SURFACE_WITH_KNOTS('',1,1,(
    (#5447,#5448)
    ,(#5449,#5450
    )),.UNSPECIFIED.,.F.,.F.,.F.,(2,2),(2,2),(-1.250092278144E-02,
    2.640335258745E-02),(-4.954879703712E-02,1.122072084742E-03),
  .PIECEWISE_BEZIER_KNOTS.);
#5447 = CARTESIAN_POINT('',(-0.490409635764,0.659033476777,0.7800001));
#5448 = CARTESIAN_POINT('',(-0.490409635764,0.709704345899,0.7800001));
#5449 = CARTESIAN_POINT('',(-0.451505360395,0.659033476777,0.7800001));
#5450 = CARTESIAN_POINT('',(-0.451505360395,0.709704345899,0.7800001));
#5451 = ADVANCED_FACE('',(#5452),#5466,.F.);
#5452 = FACE_BOUND('',#5453,.F.);
#5453 = EDGE_LOOP('',(#5454,#5459,#5460,#5465));
#5454 = ORIENTED_EDGE('',*,*,#5455,.F.);
#5455 = EDGE_CURVE('',#5264,#527,#5456,.T.);
#5456 = B_SPLINE_CURVE_WITH_KNOTS('',1,(#5457,#5458),.UNSPECIFIED.,.F.,
  .F.,(2,2),(-0.,1.E-02),.PIECEWISE_BEZIER_KNOTS.);
#5457 = CARTESIAN_POINT('',(-0.469007951986,0.709704345899,0.7800001));
#5458 = CARTESIAN_POINT('',(-0.469007951986,0.709704345899,0.7700001));
#5459 = ORIENTED_EDGE('',*,*,#5263,.T.);
#5460 = ORIENTED_EDGE('',*,*,#5461,.T.);
#5461 = EDGE_CURVE('',#5266,#518,#5462,.T.);
#5462 = B_SPLINE_CURVE_WITH_KNOTS('',1,(#5463,#5464),.UNSPECIFIED.,.F.,
  .F.,(2,2),(-0.,1.E-02),.PIECEWISE_BEZIER_KNOTS.);
#5463 = CARTESIAN_POINT('',(-0.485678737244,0.705198728262,0.7800001));
#5464 = CARTESIAN_POINT('',(-0.485678737244,0.705198728262,0.7700001));
#5465 = ORIENTED_EDGE('',*,*,#526,.F.);
#5466 = B_SPLINE_SURFACE_WITH_KNOTS('',3,1,(
    (#5467,#5468)
    ,(#5469,#5470)
    ,(#5471,#5472)
    ,(#5473,#5474
    )),.UNSPECIFIED.,.F.,.F.,.F.,(4,4),(2,2),(0.,1.),(0.,1.),
  .PIECEWISE_BEZIER_KNOTS.);
#5467 = CARTESIAN_POINT('',(-0.469007951986,0.709704345899,0.7800001));
#5468 = CARTESIAN_POINT('',(-0.469007951986,0.709704345899,0.7700001));
#5469 = CARTESIAN_POINT('',(-0.475315816678,0.709704345899,0.7800001));
#5470 = CARTESIAN_POINT('',(-0.475315816678,0.709704345899,0.7700001));
#5471 = CARTESIAN_POINT('',(-0.480878521531,0.708214026219,0.7800001));
#5472 = CARTESIAN_POINT('',(-0.480878521531,0.708214026219,0.7700001));
#5473 = CARTESIAN_POINT('',(-0.485678737244,0.705198728262,0.7800001));
#5474 = CARTESIAN_POINT('',(-0.485678737244,0.705198728262,0.7700001));
#5475 = ADVANCED_FACE('',(#5476),#5486,.F.);
#5476 = FACE_BOUND('',#5477,.T.);
#5477 = EDGE_LOOP('',(#5478,#5479,#5484,#5485));
#5478 = ORIENTED_EDGE('',*,*,#517,.T.);
#5479 = ORIENTED_EDGE('',*,*,#5480,.F.);
#5480 = EDGE_CURVE('',#5275,#520,#5481,.T.);
#5481 = B_SPLINE_CURVE_WITH_KNOTS('',1,(#5482,#5483),.UNSPECIFIED.,.F.,
  .F.,(2,2),(-0.,1.E-02),.PIECEWISE_BEZIER_KNOTS.);
#5482 = CARTESIAN_POINT('',(-0.485678737244,0.696949982125,0.7800001));
#5483 = CARTESIAN_POINT('',(-0.485678737244,0.696949982125,0.7700001));
#5484 = ORIENTED_EDGE('',*,*,#5274,.F.);
#5485 = ORIENTED_EDGE('',*,*,#5461,.T.);
#5486 = B_SPLINE_SURFACE_WITH_KNOTS('',1,1,(
    (#5487,#5488)
    ,(#5489,#5490
    )),.UNSPECIFIED.,.F.,.F.,.F.,(2,2),(2,2),(0.,1.E-02),(0.,
    8.248746136419E-03),.PIECEWISE_BEZIER_KNOTS.);
#5487 = CARTESIAN_POINT('',(-0.485678737244,0.696949982125,0.7800001));
#5488 = CARTESIAN_POINT('',(-0.485678737244,0.705198728262,0.7800001));
#5489 = CARTESIAN_POINT('',(-0.485678737244,0.696949982125,0.7700001));
#5490 = CARTESIAN_POINT('',(-0.485678737244,0.705198728262,0.7700001));
#5491 = ADVANCED_FACE('',(#5492),#5502,.F.);
#5492 = FACE_BOUND('',#5493,.F.);
#5493 = EDGE_LOOP('',(#5494,#5495,#5496,#5501));
#5494 = ORIENTED_EDGE('',*,*,#5480,.F.);
#5495 = ORIENTED_EDGE('',*,*,#5281,.T.);
#5496 = ORIENTED_EDGE('',*,*,#5497,.T.);
#5497 = EDGE_CURVE('',#5282,#616,#5498,.T.);
#5498 = B_SPLINE_CURVE_WITH_KNOTS('',1,(#5499,#5500),.UNSPECIFIED.,.F.,
  .F.,(2,2),(-0.,1.E-02),.PIECEWISE_BEZIER_KNOTS.);
#5499 = CARTESIAN_POINT('',(-0.469805099722,0.702807285054,0.7800001));
#5500 = CARTESIAN_POINT('',(-0.469805099722,0.702807285054,0.7700001));
#5501 = ORIENTED_EDGE('',*,*,#624,.F.);
#5502 = B_SPLINE_SURFACE_WITH_KNOTS('',3,1,(
    (#5503,#5504)
    ,(#5505,#5506)
    ,(#5507,#5508)
    ,(#5509,#5510
    )),.UNSPECIFIED.,.F.,.F.,.F.,(4,4),(2,2),(12.,13.),(0.,1.),
  .PIECEWISE_BEZIER_KNOTS.);
#5503 = CARTESIAN_POINT('',(-0.485678737244,0.696949982125,0.7800001));
#5504 = CARTESIAN_POINT('',(-0.485678737244,0.696949982125,0.7700001));
#5505 = CARTESIAN_POINT('',(-0.480895850829,0.700831745013,0.7800001));
#5506 = CARTESIAN_POINT('',(-0.480895850829,0.700831745013,0.7700001));
#5507 = CARTESIAN_POINT('',(-0.475610414755,0.702807285054,0.7800001));
#5508 = CARTESIAN_POINT('',(-0.475610414755,0.702807285054,0.7700001));
#5509 = CARTESIAN_POINT('',(-0.469805099722,0.702807285054,0.7800001));
#5510 = CARTESIAN_POINT('',(-0.469805099722,0.702807285054,0.7700001));
#5511 = ADVANCED_FACE('',(#5512),#5522,.F.);
#5512 = FACE_BOUND('',#5513,.F.);
#5513 = EDGE_LOOP('',(#5514,#5515,#5516,#5521));
#5514 = ORIENTED_EDGE('',*,*,#5497,.F.);
#5515 = ORIENTED_EDGE('',*,*,#5290,.T.);
#5516 = ORIENTED_EDGE('',*,*,#5517,.T.);
#5517 = EDGE_CURVE('',#5291,#609,#5518,.T.);
#5518 = B_SPLINE_CURVE_WITH_KNOTS('',1,(#5519,#5520),.UNSPECIFIED.,.F.,
  .F.,(2,2),(-0.,1.E-02),.PIECEWISE_BEZIER_KNOTS.);
#5519 = CARTESIAN_POINT('',(-0.459996716711,0.690954044808,0.7800001));
#5520 = CARTESIAN_POINT('',(-0.459996716711,0.690954044808,0.7700001));
#5521 = ORIENTED_EDGE('',*,*,#615,.F.);
#5522 = B_SPLINE_SURFACE_WITH_KNOTS('',3,1,(
    (#5523,#5524)
    ,(#5525,#5526)
    ,(#5527,#5528)
    ,(#5529,#5530
    )),.UNSPECIFIED.,.F.,.F.,.F.,(4,4),(2,2),(11.,12.),(0.,1.),
  .PIECEWISE_BEZIER_KNOTS.);
#5523 = CARTESIAN_POINT('',(-0.469805099722,0.702807285054,0.7800001));
#5524 = CARTESIAN_POINT('',(-0.469805099722,0.702807285054,0.7700001));
#5525 = CARTESIAN_POINT('',(-0.463271954148,0.702807285054,0.7800001));
#5526 = CARTESIAN_POINT('',(-0.463271954148,0.702807285054,0.7700001));
#5527 = CARTESIAN_POINT('',(-0.459996716711,0.698856204972,0.7800001));
#5528 = CARTESIAN_POINT('',(-0.459996716711,0.698856204972,0.7700001));
#5529 = CARTESIAN_POINT('',(-0.459996716711,0.690954044808,0.7800001));
#5530 = CARTESIAN_POINT('',(-0.459996716711,0.690954044808,0.7700001));
#5531 = ADVANCED_FACE('',(#5532),#5542,.F.);
#5532 = FACE_BOUND('',#5533,.T.);
#5533 = EDGE_LOOP('',(#5534,#5535,#5540,#5541));
#5534 = ORIENTED_EDGE('',*,*,#608,.T.);
#5535 = ORIENTED_EDGE('',*,*,#5536,.F.);
#5536 = EDGE_CURVE('',#5300,#600,#5537,.T.);
#5537 = B_SPLINE_CURVE_WITH_KNOTS('',1,(#5538,#5539),.UNSPECIFIED.,.F.,
  .F.,(2,2),(-0.,1.E-02),.PIECEWISE_BEZIER_KNOTS.);
#5538 = CARTESIAN_POINT('',(-0.474345375957,0.68894384617,0.7800001));
#5539 = CARTESIAN_POINT('',(-0.474345375957,0.68894384617,0.7700001));
#5540 = ORIENTED_EDGE('',*,*,#5299,.F.);
#5541 = ORIENTED_EDGE('',*,*,#5517,.T.);
#5542 = B_SPLINE_SURFACE_WITH_KNOTS('',1,1,(
    (#5543,#5544)
    ,(#5545,#5546
    )),.UNSPECIFIED.,.F.,.F.,.F.,(2,2),(2,2),(0.,1.448878603268E-02),(
    -1.E-02,0.),.PIECEWISE_BEZIER_KNOTS.);
#5543 = CARTESIAN_POINT('',(-0.474345375957,0.68894384617,0.7700001));
#5544 = CARTESIAN_POINT('',(-0.474345375957,0.68894384617,0.7800001));
#5545 = CARTESIAN_POINT('',(-0.459996716711,0.690954044808,0.7700001));
#5546 = CARTESIAN_POINT('',(-0.459996716711,0.690954044808,0.7800001));
#5547 = ADVANCED_FACE('',(#5548),#5558,.F.);
#5548 = FACE_BOUND('',#5549,.F.);
#5549 = EDGE_LOOP('',(#5550,#5551,#5552,#5557));
#5550 = ORIENTED_EDGE('',*,*,#5536,.F.);
#5551 = ORIENTED_EDGE('',*,*,#5306,.T.);
#5552 = ORIENTED_EDGE('',*,*,#5553,.T.);
#5553 = EDGE_CURVE('',#5307,#591,#5554,.T.);
#5554 = B_SPLINE_CURVE_WITH_KNOTS('',1,(#5555,#5556),.UNSPECIFIED.,.F.,
  .F.,(2,2),(-0.,1.E-02),.PIECEWISE_BEZIER_KNOTS.);
#5555 = CARTESIAN_POINT('',(-0.490409635764,0.673139525842,0.7800001));
#5556 = CARTESIAN_POINT('',(-0.490409635764,0.673139525842,0.7700001));
#5557 = ORIENTED_EDGE('',*,*,#599,.F.);
#5558 = B_SPLINE_SURFACE_WITH_KNOTS('',3,1,(
    (#5559,#5560)
    ,(#5561,#5562)
    ,(#5563,#5564)
    ,(#5565,#5566
    )),.UNSPECIFIED.,.F.,.F.,.F.,(4,4),(2,2),(9.,10.),(0.,1.),
  .PIECEWISE_BEZIER_KNOTS.);
#5559 = CARTESIAN_POINT('',(-0.474345375957,0.68894384617,0.7800001));
#5560 = CARTESIAN_POINT('',(-0.474345375957,0.68894384617,0.7700001));
#5561 = CARTESIAN_POINT('',(-0.485054882494,0.68745352649,0.7800001));
#5562 = CARTESIAN_POINT('',(-0.485054882494,0.68745352649,0.7700001));
#5563 = CARTESIAN_POINT('',(-0.490409635764,0.682185419714,0.7800001));
#5564 = CARTESIAN_POINT('',(-0.490409635764,0.682185419714,0.7700001));
#5565 = CARTESIAN_POINT('',(-0.490409635764,0.673139525842,0.7800001));
#5566 = CARTESIAN_POINT('',(-0.490409635764,0.673139525842,0.7700001));
#5567 = ADVANCED_FACE('',(#5568),#5578,.F.);
#5568 = FACE_BOUND('',#5569,.F.);
#5569 = EDGE_LOOP('',(#5570,#5571,#5572,#5577));
#5570 = ORIENTED_EDGE('',*,*,#5553,.F.);
#5571 = ORIENTED_EDGE('',*,*,#5315,.T.);
#5572 = ORIENTED_EDGE('',*,*,#5573,.T.);
#5573 = EDGE_CURVE('',#5316,#582,#5574,.T.);
#5574 = B_SPLINE_CURVE_WITH_KNOTS('',1,(#5575,#5576),.UNSPECIFIED.,.F.,
  .F.,(2,2),(-0.,1.E-02),.PIECEWISE_BEZIER_KNOTS.);
#5575 = CARTESIAN_POINT('',(-0.486250604098,0.66284592247,0.7800001));
#5576 = CARTESIAN_POINT('',(-0.486250604098,0.66284592247,0.7700001));
#5577 = ORIENTED_EDGE('',*,*,#590,.F.);
#5578 = B_SPLINE_SURFACE_WITH_KNOTS('',3,1,(
    (#5579,#5580)
    ,(#5581,#5582)
    ,(#5583,#5584)
    ,(#5585,#5586
    )),.UNSPECIFIED.,.F.,.F.,.F.,(4,4),(2,2),(8.,9.),(0.,1.),
  .PIECEWISE_BEZIER_KNOTS.);
#5579 = CARTESIAN_POINT('',(-0.490409635764,0.673139525842,0.7800001));
#5580 = CARTESIAN_POINT('',(-0.490409635764,0.673139525842,0.7700001));
#5581 = CARTESIAN_POINT('',(-0.490409635764,0.668807201191,0.7800001));
#5582 = CARTESIAN_POINT('',(-0.490409635764,0.668807201191,0.7700001));
#5583 = CARTESIAN_POINT('',(-0.489023291875,0.665376000066,0.7800001));
#5584 = CARTESIAN_POINT('',(-0.489023291875,0.665376000066,0.7700001));
#5585 = CARTESIAN_POINT('',(-0.486250604098,0.66284592247,0.7800001));
#5586 = CARTESIAN_POINT('',(-0.486250604098,0.66284592247,0.7700001));
#5587 = ADVANCED_FACE('',(#5588),#5598,.F.);
#5588 = FACE_BOUND('',#5589,.F.);
#5589 = EDGE_LOOP('',(#5590,#5591,#5592,#5597));
#5590 = ORIENTED_EDGE('',*,*,#5573,.F.);
#5591 = ORIENTED_EDGE('',*,*,#5324,.T.);
#5592 = ORIENTED_EDGE('',*,*,#5593,.T.);
#5593 = EDGE_CURVE('',#5325,#573,#5594,.T.);
#5594 = B_SPLINE_CURVE_WITH_KNOTS('',1,(#5595,#5596),.UNSPECIFIED.,.F.,
  .F.,(2,2),(-0.,1.E-02),.PIECEWISE_BEZIER_KNOTS.);
#5595 = CARTESIAN_POINT('',(-0.475055877199,0.659033476777,0.7800001));
#5596 = CARTESIAN_POINT('',(-0.475055877199,0.659033476777,0.7700001));
#5597 = ORIENTED_EDGE('',*,*,#581,.F.);
#5598 = B_SPLINE_SURFACE_WITH_KNOTS('',3,1,(
    (#5599,#5600)
    ,(#5601,#5602)
    ,(#5603,#5604)
    ,(#5605,#5606
    )),.UNSPECIFIED.,.F.,.F.,.F.,(4,4),(2,2),(7.,8.),(0.,1.),
  .PIECEWISE_BEZIER_KNOTS.);
#5599 = CARTESIAN_POINT('',(-0.486250604098,0.66284592247,0.7800001));
#5600 = CARTESIAN_POINT('',(-0.486250604098,0.66284592247,0.7700001));
#5601 = CARTESIAN_POINT('',(-0.483477916322,0.660315844874,0.7800001));
#5602 = CARTESIAN_POINT('',(-0.483477916322,0.660315844874,0.7700001));
#5603 = CARTESIAN_POINT('',(-0.479752117121,0.659033476777,0.7800001));
#5604 = CARTESIAN_POINT('',(-0.479752117121,0.659033476777,0.7700001));
#5605 = CARTESIAN_POINT('',(-0.475055877199,0.659033476777,0.7800001));
#5606 = CARTESIAN_POINT('',(-0.475055877199,0.659033476777,0.7700001));
#5607 = ADVANCED_FACE('',(#5608),#5618,.F.);
#5608 = FACE_BOUND('',#5609,.F.);
#5609 = EDGE_LOOP('',(#5610,#5611,#5612,#5617));
#5610 = ORIENTED_EDGE('',*,*,#5593,.F.);
#5611 = ORIENTED_EDGE('',*,*,#5333,.T.);
#5612 = ORIENTED_EDGE('',*,*,#5613,.T.);
#5613 = EDGE_CURVE('',#5334,#566,#5614,.T.);
#5614 = B_SPLINE_CURVE_WITH_KNOTS('',1,(#5615,#5616),.UNSPECIFIED.,.F.,
  .F.,(2,2),(-0.,1.E-02),.PIECEWISE_BEZIER_KNOTS.);
#5615 = CARTESIAN_POINT('',(-0.460221997593,0.667663467483,0.7800001));
#5616 = CARTESIAN_POINT('',(-0.460221997593,0.667663467483,0.7700001));
#5617 = ORIENTED_EDGE('',*,*,#572,.F.);
#5618 = B_SPLINE_SURFACE_WITH_KNOTS('',3,1,(
    (#5619,#5620)
    ,(#5621,#5622)
    ,(#5623,#5624)
    ,(#5625,#5626
    )),.UNSPECIFIED.,.F.,.F.,.F.,(4,4),(2,2),(6.,7.),(0.,1.),
  .PIECEWISE_BEZIER_KNOTS.);
#5619 = CARTESIAN_POINT('',(-0.475055877199,0.659033476777,0.7800001));
#5620 = CARTESIAN_POINT('',(-0.475055877199,0.659033476777,0.7700001));
#5621 = CARTESIAN_POINT('',(-0.468522731625,0.659033476777,0.7800001));
#5622 = CARTESIAN_POINT('',(-0.468522731625,0.659033476777,0.7700001));
#5623 = CARTESIAN_POINT('',(-0.463566552224,0.661910140346,0.7800001));
#5624 = CARTESIAN_POINT('',(-0.463566552224,0.661910140346,0.7700001));
#5625 = CARTESIAN_POINT('',(-0.460221997593,0.667663467483,0.7800001));
#5626 = CARTESIAN_POINT('',(-0.460221997593,0.667663467483,0.7700001));
#5627 = ADVANCED_FACE('',(#5628),#5638,.F.);
#5628 = FACE_BOUND('',#5629,.T.);
#5629 = EDGE_LOOP('',(#5630,#5631,#5636,#5637));
#5630 = ORIENTED_EDGE('',*,*,#565,.T.);
#5631 = ORIENTED_EDGE('',*,*,#5632,.F.);
#5632 = EDGE_CURVE('',#5343,#559,#5633,.T.);
#5633 = B_SPLINE_CURVE_WITH_KNOTS('',1,(#5634,#5635),.UNSPECIFIED.,.F.,
  .F.,(2,2),(-0.,1.E-02),.PIECEWISE_BEZIER_KNOTS.);
#5634 = CARTESIAN_POINT('',(-0.459996716711,0.667663467483,0.7800001));
#5635 = CARTESIAN_POINT('',(-0.459996716711,0.667663467483,0.7700001));
#5636 = ORIENTED_EDGE('',*,*,#5342,.F.);
#5637 = ORIENTED_EDGE('',*,*,#5613,.T.);
#5638 = B_SPLINE_SURFACE_WITH_KNOTS('',1,1,(
    (#5639,#5640)
    ,(#5641,#5642)),.UNSPECIFIED.,.F.,.F.,.F.,(2,2),(2,2),(-1.E-02,0.),(
    -2.252808818425E-04,0.),.PIECEWISE_BEZIER_KNOTS.);
#5639 = CARTESIAN_POINT('',(-0.460221997593,0.667663467483,0.7700001));
#5640 = CARTESIAN_POINT('',(-0.459996716711,0.667663467483,0.7700001));
#5641 = CARTESIAN_POINT('',(-0.460221997593,0.667663467483,0.7800001));
#5642 = CARTESIAN_POINT('',(-0.459996716711,0.667663467483,0.7800001));
#5643 = ADVANCED_FACE('',(#5644),#5654,.F.);
#5644 = FACE_BOUND('',#5645,.T.);
#5645 = EDGE_LOOP('',(#5646,#5647,#5652,#5653));
#5646 = ORIENTED_EDGE('',*,*,#558,.T.);
#5647 = ORIENTED_EDGE('',*,*,#5648,.F.);
#5648 = EDGE_CURVE('',#5350,#552,#5649,.T.);
#5649 = B_SPLINE_CURVE_WITH_KNOTS('',1,(#5650,#5651),.UNSPECIFIED.,.F.,
  .F.,(2,2),(-0.,1.E-02),.PIECEWISE_BEZIER_KNOTS.);
#5650 = CARTESIAN_POINT('',(-0.459996716711,0.660177210485,0.7800001));
#5651 = CARTESIAN_POINT('',(-0.459996716711,0.660177210485,0.7700001));
#5652 = ORIENTED_EDGE('',*,*,#5349,.F.);
#5653 = ORIENTED_EDGE('',*,*,#5632,.T.);
#5654 = B_SPLINE_SURFACE_WITH_KNOTS('',1,1,(
    (#5655,#5656)
    ,(#5657,#5658
    )),.UNSPECIFIED.,.F.,.F.,.F.,(2,2),(2,2),(0.,1.E-02),(0.,
    7.486256997268E-03),.PIECEWISE_BEZIER_KNOTS.);
#5655 = CARTESIAN_POINT('',(-0.459996716711,0.660177210485,0.7800001));
#5656 = CARTESIAN_POINT('',(-0.459996716711,0.667663467483,0.7800001));
#5657 = CARTESIAN_POINT('',(-0.459996716711,0.660177210485,0.7700001));
#5658 = CARTESIAN_POINT('',(-0.459996716711,0.667663467483,0.7700001));
#5659 = ADVANCED_FACE('',(#5660),#5670,.F.);
#5660 = FACE_BOUND('',#5661,.T.);
#5661 = EDGE_LOOP('',(#5662,#5663,#5668,#5669));
#5662 = ORIENTED_EDGE('',*,*,#551,.T.);
#5663 = ORIENTED_EDGE('',*,*,#5664,.F.);
#5664 = EDGE_CURVE('',#5357,#545,#5665,.T.);
#5665 = B_SPLINE_CURVE_WITH_KNOTS('',1,(#5666,#5667),.UNSPECIFIED.,.F.,
  .F.,(2,2),(-0.,1.E-02),.PIECEWISE_BEZIER_KNOTS.);
#5666 = CARTESIAN_POINT('',(-0.451505360395,0.660177210485,0.7800001));
#5667 = CARTESIAN_POINT('',(-0.451505360395,0.660177210485,0.7700001));
#5668 = ORIENTED_EDGE('',*,*,#5356,.F.);
#5669 = ORIENTED_EDGE('',*,*,#5648,.T.);
#5670 = B_SPLINE_SURFACE_WITH_KNOTS('',1,1,(
    (#5671,#5672)
    ,(#5673,#5674)),.UNSPECIFIED.,.F.,.F.,.F.,(2,2),(2,2),(-1.E-02,0.),(
    -8.491356316616E-03,0.),.PIECEWISE_BEZIER_KNOTS.);
#5671 = CARTESIAN_POINT('',(-0.459996716711,0.660177210485,0.7700001));
#5672 = CARTESIAN_POINT('',(-0.451505360395,0.660177210485,0.7700001));
#5673 = CARTESIAN_POINT('',(-0.459996716711,0.660177210485,0.7800001));
#5674 = CARTESIAN_POINT('',(-0.451505360395,0.660177210485,0.7800001));
#5675 = ADVANCED_FACE('',(#5676),#5686,.F.);
#5676 = FACE_BOUND('',#5677,.T.);
#5677 = EDGE_LOOP('',(#5678,#5679,#5684,#5685));
#5678 = ORIENTED_EDGE('',*,*,#544,.T.);
#5679 = ORIENTED_EDGE('',*,*,#5680,.F.);
#5680 = EDGE_CURVE('',#5364,#536,#5681,.T.);
#5681 = B_SPLINE_CURVE_WITH_KNOTS('',1,(#5682,#5683),.UNSPECIFIED.,.F.,
  .F.,(2,2),(-0.,1.E-02),.PIECEWISE_BEZIER_KNOTS.);
#5682 = CARTESIAN_POINT('',(-0.451505360395,0.691335289377,0.7800001));
#5683 = CARTESIAN_POINT('',(-0.451505360395,0.691335289377,0.7700001));
#5684 = ORIENTED_EDGE('',*,*,#5363,.F.);
#5685 = ORIENTED_EDGE('',*,*,#5664,.T.);
#5686 = B_SPLINE_SURFACE_WITH_KNOTS('',1,1,(
    (#5687,#5688)
    ,(#5689,#5690)),.UNSPECIFIED.,.F.,.F.,.F.,(2,2),(2,2),(-1.E-02,0.),(
    -3.115807889191E-02,1.110223024625E-16),.PIECEWISE_BEZIER_KNOTS.);
#5687 = CARTESIAN_POINT('',(-0.451505360395,0.660177210485,0.7700001));
#5688 = CARTESIAN_POINT('',(-0.451505360395,0.691335289377,0.7700001));
#5689 = CARTESIAN_POINT('',(-0.451505360395,0.660177210485,0.7800001));
#5690 = CARTESIAN_POINT('',(-0.451505360395,0.691335289377,0.7800001));
#5691 = ADVANCED_FACE('',(#5692),#5698,.F.);
#5692 = FACE_BOUND('',#5693,.F.);
#5693 = EDGE_LOOP('',(#5694,#5695,#5696,#5697));
#5694 = ORIENTED_EDGE('',*,*,#5680,.F.);
#5695 = ORIENTED_EDGE('',*,*,#5370,.T.);
#5696 = ORIENTED_EDGE('',*,*,#5455,.T.);
#5697 = ORIENTED_EDGE('',*,*,#535,.F.);
#5698 = B_SPLINE_SURFACE_WITH_KNOTS('',3,1,(
    (#5699,#5700)
    ,(#5701,#5702)
    ,(#5703,#5704)
    ,(#5705,#5706
    )),.UNSPECIFIED.,.F.,.F.,.F.,(4,4),(2,2),(1.,2.),(0.,1.),
  .PIECEWISE_BEZIER_KNOTS.);
#5699 = CARTESIAN_POINT('',(-0.451505360395,0.691335289377,0.7800001));
#5700 = CARTESIAN_POINT('',(-0.451505360395,0.691335289377,0.7700001));
#5701 = CARTESIAN_POINT('',(-0.451505360395,0.70360443279,0.7800001));
#5702 = CARTESIAN_POINT('',(-0.451505360395,0.70360443279,0.7700001));
#5703 = CARTESIAN_POINT('',(-0.457345334025,0.709704345899,0.7800001));
#5704 = CARTESIAN_POINT('',(-0.457345334025,0.709704345899,0.7700001));
#5705 = CARTESIAN_POINT('',(-0.469007951986,0.709704345899,0.7800001));
#5706 = CARTESIAN_POINT('',(-0.469007951986,0.709704345899,0.7700001));
#5707 = ADVANCED_FACE('',(#5708),#5732,.T.);
#5708 = FACE_BOUND('',#5709,.T.);
#5709 = EDGE_LOOP('',(#5710,#5721,#5726,#5727));
#5710 = ORIENTED_EDGE('',*,*,#5711,.F.);
#5711 = EDGE_CURVE('',#5712,#5714,#5716,.T.);
#5712 = VERTEX_POINT('',#5713);
#5713 = CARTESIAN_POINT('',(-0.471330077999,0.682947908853,0.7700001));
#5714 = VERTEX_POINT('',#5715);
#5715 = CARTESIAN_POINT('',(-0.479544165538,0.679967269492,0.7700001));
#5716 = B_SPLINE_CURVE_WITH_KNOTS('',3,(#5717,#5718,#5719,#5720),
  .UNSPECIFIED.,.F.,.F.,(4,4),(0.,1.),.PIECEWISE_BEZIER_KNOTS.);
#5717 = CARTESIAN_POINT('',(-0.471330077999,0.682947908853,0.7700001));
#5718 = CARTESIAN_POINT('',(-0.47529848738,0.682393371297,0.7700001));
#5719 = CARTESIAN_POINT('',(-0.478036516559,0.681422930575,0.7700001));
#5720 = CARTESIAN_POINT('',(-0.479544165538,0.679967269492,0.7700001));
#5721 = ORIENTED_EDGE('',*,*,#5722,.F.);
#5722 = EDGE_CURVE('',#5391,#5712,#5723,.T.);
#5723 = B_SPLINE_CURVE_WITH_KNOTS('',1,(#5724,#5725),.UNSPECIFIED.,.F.,
  .F.,(2,2),(-0.,1.E-02),.PIECEWISE_BEZIER_KNOTS.);
#5724 = CARTESIAN_POINT('',(-0.471330077999,0.682947908853,0.7800001));
#5725 = CARTESIAN_POINT('',(-0.471330077999,0.682947908853,0.7700001));
#5726 = ORIENTED_EDGE('',*,*,#5390,.T.);
#5727 = ORIENTED_EDGE('',*,*,#5728,.T.);
#5728 = EDGE_CURVE('',#5380,#5714,#5729,.T.);
#5729 = B_SPLINE_CURVE_WITH_KNOTS('',1,(#5730,#5731),.UNSPECIFIED.,.F.,
  .F.,(2,2),(-0.,1.E-02),.PIECEWISE_BEZIER_KNOTS.);
#5730 = CARTESIAN_POINT('',(-0.479544165538,0.679967269492,0.7800001));
#5731 = CARTESIAN_POINT('',(-0.479544165538,0.679967269492,0.7700001));
#5732 = B_SPLINE_SURFACE_WITH_KNOTS('',3,1,(
    (#5733,#5734)
    ,(#5735,#5736)
    ,(#5737,#5738)
    ,(#5739,#5740
    )),.UNSPECIFIED.,.F.,.F.,.F.,(4,4),(2,2),(0.,1.),(0.,1.),
  .PIECEWISE_BEZIER_KNOTS.);
#5733 = CARTESIAN_POINT('',(-0.471330077999,0.682947908853,0.7800001));
#5734 = CARTESIAN_POINT('',(-0.471330077999,0.682947908853,0.7700001));
#5735 = CARTESIAN_POINT('',(-0.47529848738,0.682393371297,0.7800001));
#5736 = CARTESIAN_POINT('',(-0.47529848738,0.682393371297,0.7700001));
#5737 = CARTESIAN_POINT('',(-0.478036516559,0.681422930575,0.7800001));
#5738 = CARTESIAN_POINT('',(-0.478036516559,0.681422930575,0.7700001));
#5739 = CARTESIAN_POINT('',(-0.479544165538,0.679967269492,0.7800001));
#5740 = CARTESIAN_POINT('',(-0.479544165538,0.679967269492,0.7700001));
#5741 = ADVANCED_FACE('',(#5742),#5760,.T.);
#5742 = FACE_BOUND('',#5743,.T.);
#5743 = EDGE_LOOP('',(#5744,#5753,#5754,#5755));
#5744 = ORIENTED_EDGE('',*,*,#5745,.F.);
#5745 = EDGE_CURVE('',#5714,#5746,#5748,.T.);
#5746 = VERTEX_POINT('',#5747);
#5747 = CARTESIAN_POINT('',(-0.481796974357,0.673832697786,0.7700001));
#5748 = B_SPLINE_CURVE_WITH_KNOTS('',3,(#5749,#5750,#5751,#5752),
  .UNSPECIFIED.,.F.,.F.,(4,4),(1.,2.),.PIECEWISE_BEZIER_KNOTS.);
#5749 = CARTESIAN_POINT('',(-0.479544165538,0.679967269492,0.7700001));
#5750 = CARTESIAN_POINT('',(-0.481034485218,0.67851160841,0.7700001));
#5751 = CARTESIAN_POINT('',(-0.481796974357,0.676466751174,0.7700001));
#5752 = CARTESIAN_POINT('',(-0.481796974357,0.673832697786,0.7700001));
#5753 = ORIENTED_EDGE('',*,*,#5728,.F.);
#5754 = ORIENTED_EDGE('',*,*,#5379,.T.);
#5755 = ORIENTED_EDGE('',*,*,#5756,.T.);
#5756 = EDGE_CURVE('',#5382,#5746,#5757,.T.);
#5757 = B_SPLINE_CURVE_WITH_KNOTS('',1,(#5758,#5759),.UNSPECIFIED.,.F.,
  .F.,(2,2),(-0.,1.E-02),.PIECEWISE_BEZIER_KNOTS.);
#5758 = CARTESIAN_POINT('',(-0.481796974357,0.673832697786,0.7800001));
#5759 = CARTESIAN_POINT('',(-0.481796974357,0.673832697786,0.7700001));
#5760 = B_SPLINE_SURFACE_WITH_KNOTS('',3,1,(
    (#5761,#5762)
    ,(#5763,#5764)
    ,(#5765,#5766)
    ,(#5767,#5768
    )),.UNSPECIFIED.,.F.,.F.,.F.,(4,4),(2,2),(1.,2.),(0.,1.),
  .PIECEWISE_BEZIER_KNOTS.);
#5761 = CARTESIAN_POINT('',(-0.479544165538,0.679967269492,0.7800001));
#5762 = CARTESIAN_POINT('',(-0.479544165538,0.679967269492,0.7700001));
#5763 = CARTESIAN_POINT('',(-0.481034485218,0.67851160841,0.7800001));
#5764 = CARTESIAN_POINT('',(-0.481034485218,0.67851160841,0.7700001));
#5765 = CARTESIAN_POINT('',(-0.481796974357,0.676466751174,0.7800001));
#5766 = CARTESIAN_POINT('',(-0.481796974357,0.676466751174,0.7700001));
#5767 = CARTESIAN_POINT('',(-0.481796974357,0.673832697786,0.7800001));
#5768 = CARTESIAN_POINT('',(-0.481796974357,0.673832697786,0.7700001));
#5769 = ADVANCED_FACE('',(#5770),#5788,.T.);
#5770 = FACE_BOUND('',#5771,.T.);
#5771 = EDGE_LOOP('',(#5772,#5781,#5782,#5783));
#5772 = ORIENTED_EDGE('',*,*,#5773,.F.);
#5773 = EDGE_CURVE('',#5746,#5774,#5776,.T.);
#5774 = VERTEX_POINT('',#5775);
#5775 = CARTESIAN_POINT('',(-0.479336213955,0.668183346441,0.7700001));
#5776 = B_SPLINE_CURVE_WITH_KNOTS('',3,(#5777,#5778,#5779,#5780),
  .UNSPECIFIED.,.F.,.F.,(4,4),(2.,3.),.PIECEWISE_BEZIER_KNOTS.);
#5777 = CARTESIAN_POINT('',(-0.481796974357,0.673832697786,0.7700001));
#5778 = CARTESIAN_POINT('',(-0.481796974357,0.671510571773,0.7700001));
#5779 = CARTESIAN_POINT('',(-0.480982497322,0.669639007524,0.7700001));
#5780 = CARTESIAN_POINT('',(-0.479336213955,0.668183346441,0.7700001));
#5781 = ORIENTED_EDGE('',*,*,#5756,.F.);
#5782 = ORIENTED_EDGE('',*,*,#5440,.T.);
#5783 = ORIENTED_EDGE('',*,*,#5784,.T.);
#5784 = EDGE_CURVE('',#5432,#5774,#5785,.T.);
#5785 = B_SPLINE_CURVE_WITH_KNOTS('',1,(#5786,#5787),.UNSPECIFIED.,.F.,
  .F.,(2,2),(-0.,1.E-02),.PIECEWISE_BEZIER_KNOTS.);
#5786 = CARTESIAN_POINT('',(-0.479336213955,0.668183346441,0.7800001));
#5787 = CARTESIAN_POINT('',(-0.479336213955,0.668183346441,0.7700001));
#5788 = B_SPLINE_SURFACE_WITH_KNOTS('',3,1,(
    (#5789,#5790)
    ,(#5791,#5792)
    ,(#5793,#5794)
    ,(#5795,#5796
    )),.UNSPECIFIED.,.F.,.F.,.F.,(4,4),(2,2),(2.,3.),(0.,1.),
  .PIECEWISE_BEZIER_KNOTS.);
#5789 = CARTESIAN_POINT('',(-0.481796974357,0.673832697786,0.7800001));
#5790 = CARTESIAN_POINT('',(-0.481796974357,0.673832697786,0.7700001));
#5791 = CARTESIAN_POINT('',(-0.481796974357,0.671510571773,0.7800001));
#5792 = CARTESIAN_POINT('',(-0.481796974357,0.671510571773,0.7700001));
#5793 = CARTESIAN_POINT('',(-0.480982497322,0.669639007524,0.7800001));
#5794 = CARTESIAN_POINT('',(-0.480982497322,0.669639007524,0.7700001));
#5795 = CARTESIAN_POINT('',(-0.479336213955,0.668183346441,0.7800001));
#5796 = CARTESIAN_POINT('',(-0.479336213955,0.668183346441,0.7700001));
#5797 = ADVANCED_FACE('',(#5798),#5816,.T.);
#5798 = FACE_BOUND('',#5799,.T.);
#5799 = EDGE_LOOP('',(#5800,#5809,#5810,#5811));
#5800 = ORIENTED_EDGE('',*,*,#5801,.F.);
#5801 = EDGE_CURVE('',#5774,#5802,#5804,.T.);
#5802 = VERTEX_POINT('',#5803);
#5803 = CARTESIAN_POINT('',(-0.472855056276,0.665999854816,0.7700001));
#5804 = B_SPLINE_CURVE_WITH_KNOTS('',3,(#5805,#5806,#5807,#5808),
  .UNSPECIFIED.,.F.,.F.,(4,4),(3.,4.),.PIECEWISE_BEZIER_KNOTS.);
#5805 = CARTESIAN_POINT('',(-0.479336213955,0.668183346441,0.7700001));
#5806 = CARTESIAN_POINT('',(-0.477707259886,0.666727685358,0.7700001));
#5807 = CARTESIAN_POINT('',(-0.47554109756,0.665999854816,0.7700001));
#5808 = CARTESIAN_POINT('',(-0.472855056276,0.665999854816,0.7700001));
#5809 = ORIENTED_EDGE('',*,*,#5784,.F.);
#5810 = ORIENTED_EDGE('',*,*,#5431,.T.);
#5811 = ORIENTED_EDGE('',*,*,#5812,.T.);
#5812 = EDGE_CURVE('',#5423,#5802,#5813,.T.);
#5813 = B_SPLINE_CURVE_WITH_KNOTS('',1,(#5814,#5815),.UNSPECIFIED.,.F.,
  .F.,(2,2),(-0.,1.E-02),.PIECEWISE_BEZIER_KNOTS.);
#5814 = CARTESIAN_POINT('',(-0.472855056276,0.665999854816,0.7800001));
#5815 = CARTESIAN_POINT('',(-0.472855056276,0.665999854816,0.7700001));
#5816 = B_SPLINE_SURFACE_WITH_KNOTS('',3,1,(
    (#5817,#5818)
    ,(#5819,#5820)
    ,(#5821,#5822)
    ,(#5823,#5824
    )),.UNSPECIFIED.,.F.,.F.,.F.,(4,4),(2,2),(3.,4.),(0.,1.),
  .PIECEWISE_BEZIER_KNOTS.);
#5817 = CARTESIAN_POINT('',(-0.479336213955,0.668183346441,0.7800001));
#5818 = CARTESIAN_POINT('',(-0.479336213955,0.668183346441,0.7700001));
#5819 = CARTESIAN_POINT('',(-0.477707259886,0.666727685358,0.7800001));
#5820 = CARTESIAN_POINT('',(-0.477707259886,0.666727685358,0.7700001));
#5821 = CARTESIAN_POINT('',(-0.47554109756,0.665999854816,0.7800001));
#5822 = CARTESIAN_POINT('',(-0.47554109756,0.665999854816,0.7700001));
#5823 = CARTESIAN_POINT('',(-0.472855056276,0.665999854816,0.7800001));
#5824 = CARTESIAN_POINT('',(-0.472855056276,0.665999854816,0.7700001));
#5825 = ADVANCED_FACE('',(#5826),#5844,.T.);
#5826 = FACE_BOUND('',#5827,.T.);
#5827 = EDGE_LOOP('',(#5828,#5837,#5838,#5839));
#5828 = ORIENTED_EDGE('',*,*,#5829,.F.);
#5829 = EDGE_CURVE('',#5802,#5830,#5832,.T.);
#5830 = VERTEX_POINT('',#5831);
#5831 = CARTESIAN_POINT('',(-0.463635869418,0.669950934899,0.7700001));
#5832 = B_SPLINE_CURVE_WITH_KNOTS('',3,(#5833,#5834,#5835,#5836),
  .UNSPECIFIED.,.F.,.F.,(4,4),(4.,5.),.PIECEWISE_BEZIER_KNOTS.);
#5833 = CARTESIAN_POINT('',(-0.472855056276,0.665999854816,0.7700001));
#5834 = CARTESIAN_POINT('',(-0.469129257076,0.665999854816,0.7700001));
#5835 = CARTESIAN_POINT('',(-0.466044641925,0.66731688151,0.7700001));
#5836 = CARTESIAN_POINT('',(-0.463635869418,0.669950934899,0.7700001));
#5837 = ORIENTED_EDGE('',*,*,#5812,.F.);
#5838 = ORIENTED_EDGE('',*,*,#5422,.T.);
#5839 = ORIENTED_EDGE('',*,*,#5840,.T.);
#5840 = EDGE_CURVE('',#5414,#5830,#5841,.T.);
#5841 = B_SPLINE_CURVE_WITH_KNOTS('',1,(#5842,#5843),.UNSPECIFIED.,.F.,
  .F.,(2,2),(-0.,1.E-02),.PIECEWISE_BEZIER_KNOTS.);
#5842 = CARTESIAN_POINT('',(-0.463635869418,0.669950934899,0.7800001));
#5843 = CARTESIAN_POINT('',(-0.463635869418,0.669950934899,0.7700001));
#5844 = B_SPLINE_SURFACE_WITH_KNOTS('',3,1,(
    (#5845,#5846)
    ,(#5847,#5848)
    ,(#5849,#5850)
    ,(#5851,#5852
    )),.UNSPECIFIED.,.F.,.F.,.F.,(4,4),(2,2),(4.,5.),(0.,1.),
  .PIECEWISE_BEZIER_KNOTS.);
#5845 = CARTESIAN_POINT('',(-0.472855056276,0.665999854816,0.7800001));
#5846 = CARTESIAN_POINT('',(-0.472855056276,0.665999854816,0.7700001));
#5847 = CARTESIAN_POINT('',(-0.469129257076,0.665999854816,0.7800001));
#5848 = CARTESIAN_POINT('',(-0.469129257076,0.665999854816,0.7700001));
#5849 = CARTESIAN_POINT('',(-0.466044641925,0.66731688151,0.7800001));
#5850 = CARTESIAN_POINT('',(-0.466044641925,0.66731688151,0.7700001));
#5851 = CARTESIAN_POINT('',(-0.463635869418,0.669950934899,0.7800001));
#5852 = CARTESIAN_POINT('',(-0.463635869418,0.669950934899,0.7700001));
#5853 = ADVANCED_FACE('',(#5854),#5872,.T.);
#5854 = FACE_BOUND('',#5855,.T.);
#5855 = EDGE_LOOP('',(#5856,#5865,#5866,#5867));
#5856 = ORIENTED_EDGE('',*,*,#5857,.F.);
#5857 = EDGE_CURVE('',#5830,#5858,#5860,.T.);
#5858 = VERTEX_POINT('',#5859);
#5859 = CARTESIAN_POINT('',(-0.459996716711,0.679828635103,0.7700001));
#5860 = B_SPLINE_CURVE_WITH_KNOTS('',3,(#5861,#5862,#5863,#5864),
  .UNSPECIFIED.,.F.,.F.,(4,4),(5.,6.),.PIECEWISE_BEZIER_KNOTS.);
#5861 = CARTESIAN_POINT('',(-0.463635869418,0.669950934899,0.7700001));
#5862 = CARTESIAN_POINT('',(-0.461209767614,0.672550329689,0.7700001));
#5863 = CARTESIAN_POINT('',(-0.459996716711,0.675842896424,0.7700001));
#5864 = CARTESIAN_POINT('',(-0.459996716711,0.679828635103,0.7700001));
#5865 = ORIENTED_EDGE('',*,*,#5840,.F.);
#5866 = ORIENTED_EDGE('',*,*,#5413,.T.);
#5867 = ORIENTED_EDGE('',*,*,#5868,.T.);
#5868 = EDGE_CURVE('',#5407,#5858,#5869,.T.);
#5869 = B_SPLINE_CURVE_WITH_KNOTS('',1,(#5870,#5871),.UNSPECIFIED.,.F.,
  .F.,(2,2),(-0.,1.E-02),.PIECEWISE_BEZIER_KNOTS.);
#5870 = CARTESIAN_POINT('',(-0.459996716711,0.679828635103,0.7800001));
#5871 = CARTESIAN_POINT('',(-0.459996716711,0.679828635103,0.7700001));
#5872 = B_SPLINE_SURFACE_WITH_KNOTS('',3,1,(
    (#5873,#5874)
    ,(#5875,#5876)
    ,(#5877,#5878)
    ,(#5879,#5880
    )),.UNSPECIFIED.,.F.,.F.,.F.,(4,4),(2,2),(5.,6.),(0.,1.),
  .PIECEWISE_BEZIER_KNOTS.);
#5873 = CARTESIAN_POINT('',(-0.463635869418,0.669950934899,0.7800001));
#5874 = CARTESIAN_POINT('',(-0.463635869418,0.669950934899,0.7700001));
#5875 = CARTESIAN_POINT('',(-0.461209767614,0.672550329689,0.7800001));
#5876 = CARTESIAN_POINT('',(-0.461209767614,0.672550329689,0.7700001));
#5877 = CARTESIAN_POINT('',(-0.459996716711,0.675842896424,0.7800001));
#5878 = CARTESIAN_POINT('',(-0.459996716711,0.675842896424,0.7700001));
#5879 = CARTESIAN_POINT('',(-0.459996716711,0.679828635103,0.7800001));
#5880 = CARTESIAN_POINT('',(-0.459996716711,0.679828635103,0.7700001));
#5881 = ADVANCED_FACE('',(#5882),#5898,.T.);
#5882 = FACE_BOUND('',#5883,.T.);
#5883 = EDGE_LOOP('',(#5884,#5891,#5892,#5893));
#5884 = ORIENTED_EDGE('',*,*,#5885,.F.);
#5885 = EDGE_CURVE('',#5858,#5886,#5888,.T.);
#5886 = VERTEX_POINT('',#5887);
#5887 = CARTESIAN_POINT('',(-0.459996716711,0.68447288713,0.7700001));
#5888 = B_SPLINE_CURVE_WITH_KNOTS('',1,(#5889,#5890),.UNSPECIFIED.,.F.,
  .F.,(2,2),(0.,4.644252026466E-03),.PIECEWISE_BEZIER_KNOTS.);
#5889 = CARTESIAN_POINT('',(-0.459996716711,0.679828635103,0.7700001));
#5890 = CARTESIAN_POINT('',(-0.459996716711,0.68447288713,0.7700001));
#5891 = ORIENTED_EDGE('',*,*,#5868,.F.);
#5892 = ORIENTED_EDGE('',*,*,#5406,.T.);
#5893 = ORIENTED_EDGE('',*,*,#5894,.T.);
#5894 = EDGE_CURVE('',#5400,#5886,#5895,.T.);
#5895 = B_SPLINE_CURVE_WITH_KNOTS('',1,(#5896,#5897),.UNSPECIFIED.,.F.,
  .F.,(2,2),(-0.,1.E-02),.PIECEWISE_BEZIER_KNOTS.);
#5896 = CARTESIAN_POINT('',(-0.459996716711,0.68447288713,0.7800001));
#5897 = CARTESIAN_POINT('',(-0.459996716711,0.68447288713,0.7700001));
#5898 = B_SPLINE_SURFACE_WITH_KNOTS('',1,1,(
    (#5899,#5900)
    ,(#5901,#5902
    )),.UNSPECIFIED.,.F.,.F.,.F.,(2,2),(2,2),(-1.E-02,0.),(0.,
    4.644252026466E-03),.PIECEWISE_BEZIER_KNOTS.);
#5899 = CARTESIAN_POINT('',(-0.459996716711,0.679828635103,0.7700001));
#5900 = CARTESIAN_POINT('',(-0.459996716711,0.68447288713,0.7700001));
#5901 = CARTESIAN_POINT('',(-0.459996716711,0.679828635103,0.7800001));
#5902 = CARTESIAN_POINT('',(-0.459996716711,0.68447288713,0.7800001));
#5903 = ADVANCED_FACE('',(#5904),#5914,.T.);
#5904 = FACE_BOUND('',#5905,.T.);
#5905 = EDGE_LOOP('',(#5906,#5911,#5912,#5913));
#5906 = ORIENTED_EDGE('',*,*,#5907,.F.);
#5907 = EDGE_CURVE('',#5886,#5712,#5908,.T.);
#5908 = B_SPLINE_CURVE_WITH_KNOTS('',1,(#5909,#5910),.UNSPECIFIED.,.F.,
  .F.,(2,2),(0.,1.143549897591E-02),.PIECEWISE_BEZIER_KNOTS.);
#5909 = CARTESIAN_POINT('',(-0.459996716711,0.68447288713,0.7700001));
#5910 = CARTESIAN_POINT('',(-0.471330077999,0.682947908853,0.7700001));
#5911 = ORIENTED_EDGE('',*,*,#5894,.F.);
#5912 = ORIENTED_EDGE('',*,*,#5399,.T.);
#5913 = ORIENTED_EDGE('',*,*,#5722,.T.);
#5914 = B_SPLINE_SURFACE_WITH_KNOTS('',1,1,(
    (#5915,#5916)
    ,(#5917,#5918
    )),.UNSPECIFIED.,.F.,.F.,.F.,(2,2),(2,2),(-1.143549897591E-02,0.),(
    -1.E-02,0.),.PIECEWISE_BEZIER_KNOTS.);
#5915 = CARTESIAN_POINT('',(-0.471330077999,0.682947908853,0.7700001));
#5916 = CARTESIAN_POINT('',(-0.471330077999,0.682947908853,0.7800001));
#5917 = CARTESIAN_POINT('',(-0.459996716711,0.68447288713,0.7700001));
#5918 = CARTESIAN_POINT('',(-0.459996716711,0.68447288713,0.7800001));
#5919 = ADVANCED_FACE('',(#5920),#5930,.T.);
#5920 = FACE_BOUND('',#5921,.T.);
#5921 = EDGE_LOOP('',(#5922,#5923,#5924,#5925,#5926,#5927,#5928,#5929));
#5922 = ORIENTED_EDGE('',*,*,#5711,.T.);
#5923 = ORIENTED_EDGE('',*,*,#5745,.T.);
#5924 = ORIENTED_EDGE('',*,*,#5773,.T.);
#5925 = ORIENTED_EDGE('',*,*,#5801,.T.);
#5926 = ORIENTED_EDGE('',*,*,#5829,.T.);
#5927 = ORIENTED_EDGE('',*,*,#5857,.T.);
#5928 = ORIENTED_EDGE('',*,*,#5885,.T.);
#5929 = ORIENTED_EDGE('',*,*,#5907,.T.);
#5930 = B_SPLINE_SURFACE_WITH_KNOTS('',1,1,(
    (#5931,#5932)
    ,(#5933,#5934
    )),.UNSPECIFIED.,.F.,.F.,.F.,(2,2),(2,2),(-0.481796974357,
    -0.459996716711),(0.665999854816,0.68447288713),
  .PIECEWISE_BEZIER_KNOTS.);
#5931 = CARTESIAN_POINT('',(-0.481796974357,0.665999854816,0.7700001));
#5932 = CARTESIAN_POINT('',(-0.481796974357,0.68447288713,0.7700001));
#5933 = CARTESIAN_POINT('',(-0.459996716711,0.665999854816,0.7700001));
#5934 = CARTESIAN_POINT('',(-0.459996716711,0.68447288713,0.7700001));
#5935 = ADVANCED_FACE('',(#5936),#5960,.F.);
#5936 = FACE_BOUND('',#5937,.F.);
#5937 = EDGE_LOOP('',(#5938,#5945,#5954,#5959));
#5938 = ORIENTED_EDGE('',*,*,#5939,.F.);
#5939 = EDGE_CURVE('',#5940,#340,#5942,.T.);
#5940 = VERTEX_POINT('',#5941);
#5941 = CARTESIAN_POINT('',(-0.426031291445,0.665965196219,0.7800001));
#5942 = B_SPLINE_CURVE_WITH_KNOTS('',1,(#5943,#5944),.UNSPECIFIED.,.F.,
  .F.,(2,2),(-0.,1.E-02),.PIECEWISE_BEZIER_KNOTS.);
#5943 = CARTESIAN_POINT('',(-0.426031291445,0.665965196219,0.7800001));
#5944 = CARTESIAN_POINT('',(-0.426031291445,0.665965196219,0.7700001));
#5945 = ORIENTED_EDGE('',*,*,#5946,.T.);
#5946 = EDGE_CURVE('',#5940,#5947,#5949,.T.);
#5947 = VERTEX_POINT('',#5948);
#5948 = CARTESIAN_POINT('',(-0.439998706121,0.670644106842,0.7800001));
#5949 = B_SPLINE_CURVE_WITH_KNOTS('',3,(#5950,#5951,#5952,#5953),
  .UNSPECIFIED.,.F.,.F.,(4,4),(0.,1.),.PIECEWISE_BEZIER_KNOTS.);
#5950 = CARTESIAN_POINT('',(-0.426031291445,0.665965196219,0.7800001));
#5951 = CARTESIAN_POINT('',(-0.431022129443,0.665965196219,0.7800001));
#5952 = CARTESIAN_POINT('',(-0.43566638147,0.667524833094,0.7800001));
#5953 = CARTESIAN_POINT('',(-0.439998706121,0.670644106842,0.7800001));
#5954 = ORIENTED_EDGE('',*,*,#5955,.T.);
#5955 = EDGE_CURVE('',#5947,#331,#5956,.T.);
#5956 = B_SPLINE_CURVE_WITH_KNOTS('',1,(#5957,#5958),.UNSPECIFIED.,.F.,
  .F.,(2,2),(-0.,1.E-02),.PIECEWISE_BEZIER_KNOTS.);
#5957 = CARTESIAN_POINT('',(-0.439998706121,0.670644106842,0.7800001));
#5958 = CARTESIAN_POINT('',(-0.439998706121,0.670644106842,0.7700001));
#5959 = ORIENTED_EDGE('',*,*,#339,.F.);
#5960 = B_SPLINE_SURFACE_WITH_KNOTS('',3,1,(
    (#5961,#5962)
    ,(#5963,#5964)
    ,(#5965,#5966)
    ,(#5967,#5968
    )),.UNSPECIFIED.,.F.,.F.,.F.,(4,4),(2,2),(0.,1.),(0.,1.),
  .PIECEWISE_BEZIER_KNOTS.);
#5961 = CARTESIAN_POINT('',(-0.426031291445,0.665965196219,0.7800001));
#5962 = CARTESIAN_POINT('',(-0.426031291445,0.665965196219,0.7700001));
#5963 = CARTESIAN_POINT('',(-0.431022129443,0.665965196219,0.7800001));
#5964 = CARTESIAN_POINT('',(-0.431022129443,0.665965196219,0.7700001));
#5965 = CARTESIAN_POINT('',(-0.43566638147,0.667524833094,0.7800001));
#5966 = CARTESIAN_POINT('',(-0.43566638147,0.667524833094,0.7700001));
#5967 = CARTESIAN_POINT('',(-0.439998706121,0.670644106842,0.7800001));
#5968 = CARTESIAN_POINT('',(-0.439998706121,0.670644106842,0.7700001));
#5969 = ADVANCED_FACE('',(#5970),#5986,.F.);
#5970 = FACE_BOUND('',#5971,.T.);
#5971 = EDGE_LOOP('',(#5972,#5973,#5980,#5985));
#5972 = ORIENTED_EDGE('',*,*,#330,.T.);
#5973 = ORIENTED_EDGE('',*,*,#5974,.F.);
#5974 = EDGE_CURVE('',#5975,#333,#5977,.T.);
#5975 = VERTEX_POINT('',#5976);
#5976 = CARTESIAN_POINT('',(-0.439998706121,0.661875481749,0.7800001));
#5977 = B_SPLINE_CURVE_WITH_KNOTS('',1,(#5978,#5979),.UNSPECIFIED.,.F.,
  .F.,(2,2),(-0.,1.E-02),.PIECEWISE_BEZIER_KNOTS.);
#5978 = CARTESIAN_POINT('',(-0.439998706121,0.661875481749,0.7800001));
#5979 = CARTESIAN_POINT('',(-0.439998706121,0.661875481749,0.7700001));
#5980 = ORIENTED_EDGE('',*,*,#5981,.F.);
#5981 = EDGE_CURVE('',#5947,#5975,#5982,.T.);
#5982 = B_SPLINE_CURVE_WITH_KNOTS('',1,(#5983,#5984),.UNSPECIFIED.,.F.,
  .F.,(2,2),(-8.768625093982E-03,-0.),.PIECEWISE_BEZIER_KNOTS.);
#5983 = CARTESIAN_POINT('',(-0.439998706121,0.670644106842,0.7800001));
#5984 = CARTESIAN_POINT('',(-0.439998706121,0.661875481749,0.7800001));
#5985 = ORIENTED_EDGE('',*,*,#5955,.T.);
#5986 = B_SPLINE_SURFACE_WITH_KNOTS('',1,1,(
    (#5987,#5988)
    ,(#5989,#5990
    )),.UNSPECIFIED.,.F.,.F.,.F.,(2,2),(2,2),(0.,1.E-02),(0.,
    8.768625093982E-03),.PIECEWISE_BEZIER_KNOTS.);
#5987 = CARTESIAN_POINT('',(-0.439998706121,0.661875481749,0.7800001));
#5988 = CARTESIAN_POINT('',(-0.439998706121,0.670644106842,0.7800001));
#5989 = CARTESIAN_POINT('',(-0.439998706121,0.661875481749,0.7700001));
#5990 = CARTESIAN_POINT('',(-0.439998706121,0.670644106842,0.7700001));
#5991 = ADVANCED_FACE('',(#5992),#6010,.F.);
#5992 = FACE_BOUND('',#5993,.F.);
#5993 = EDGE_LOOP('',(#5994,#5995,#6004,#6009));
#5994 = ORIENTED_EDGE('',*,*,#5974,.F.);
#5995 = ORIENTED_EDGE('',*,*,#5996,.T.);
#5996 = EDGE_CURVE('',#5975,#5997,#5999,.T.);
#5997 = VERTEX_POINT('',#5998);
#5998 = CARTESIAN_POINT('',(-0.426863097778,0.659033476777,0.7800001));
#5999 = B_SPLINE_CURVE_WITH_KNOTS('',3,(#6000,#6001,#6002,#6003),
  .UNSPECIFIED.,.F.,.F.,(4,4),(19.,20.),.PIECEWISE_BEZIER_KNOTS.);
#6000 = CARTESIAN_POINT('',(-0.439998706121,0.661875481749,0.7800001));
#6001 = CARTESIAN_POINT('',(-0.436255577622,0.660003917499,0.7800001));
#6002 = CARTESIAN_POINT('',(-0.431888594374,0.659033476777,0.7800001));
#6003 = CARTESIAN_POINT('',(-0.426863097778,0.659033476777,0.7800001));
#6004 = ORIENTED_EDGE('',*,*,#6005,.T.);
#6005 = EDGE_CURVE('',#5997,#500,#6006,.T.);
#6006 = B_SPLINE_CURVE_WITH_KNOTS('',1,(#6007,#6008),.UNSPECIFIED.,.F.,
  .F.,(2,2),(-0.,1.E-02),.PIECEWISE_BEZIER_KNOTS.);
#6007 = CARTESIAN_POINT('',(-0.426863097778,0.659033476777,0.7800001));
#6008 = CARTESIAN_POINT('',(-0.426863097778,0.659033476777,0.7700001));
#6009 = ORIENTED_EDGE('',*,*,#508,.F.);
#6010 = B_SPLINE_SURFACE_WITH_KNOTS('',3,1,(
    (#6011,#6012)
    ,(#6013,#6014)
    ,(#6015,#6016)
    ,(#6017,#6018
    )),.UNSPECIFIED.,.F.,.F.,.F.,(4,4),(2,2),(19.,20.),(0.,1.),
  .PIECEWISE_BEZIER_KNOTS.);
#6011 = CARTESIAN_POINT('',(-0.439998706121,0.661875481749,0.7800001));
#6012 = CARTESIAN_POINT('',(-0.439998706121,0.661875481749,0.7700001));
#6013 = CARTESIAN_POINT('',(-0.436255577622,0.660003917499,0.7800001));
#6014 = CARTESIAN_POINT('',(-0.436255577622,0.660003917499,0.7700001));
#6015 = CARTESIAN_POINT('',(-0.431888594374,0.659033476777,0.7800001));
#6016 = CARTESIAN_POINT('',(-0.431888594374,0.659033476777,0.7700001));
#6017 = CARTESIAN_POINT('',(-0.426863097778,0.659033476777,0.7800001));
#6018 = CARTESIAN_POINT('',(-0.426863097778,0.659033476777,0.7700001));
#6019 = ADVANCED_FACE('',(#6020),#6038,.F.);
#6020 = FACE_BOUND('',#6021,.F.);
#6021 = EDGE_LOOP('',(#6022,#6023,#6032,#6037));
#6022 = ORIENTED_EDGE('',*,*,#6005,.F.);
#6023 = ORIENTED_EDGE('',*,*,#6024,.T.);
#6024 = EDGE_CURVE('',#5997,#6025,#6027,.T.);
#6025 = VERTEX_POINT('',#6026);
#6026 = CARTESIAN_POINT('',(-0.412757048713,0.662880581067,0.7800001));
#6027 = B_SPLINE_CURVE_WITH_KNOTS('',3,(#6028,#6029,#6030,#6031),
  .UNSPECIFIED.,.F.,.F.,(4,4),(18.,19.),.PIECEWISE_BEZIER_KNOTS.);
#6028 = CARTESIAN_POINT('',(-0.426863097778,0.659033476777,0.7800001));
#6029 = CARTESIAN_POINT('',(-0.421092441342,0.659033476777,0.7800001));
#6030 = CARTESIAN_POINT('',(-0.416378872122,0.660315844874,0.7800001));
#6031 = CARTESIAN_POINT('',(-0.412757048713,0.662880581067,0.7800001));
#6032 = ORIENTED_EDGE('',*,*,#6033,.T.);
#6033 = EDGE_CURVE('',#6025,#491,#6034,.T.);
#6034 = B_SPLINE_CURVE_WITH_KNOTS('',1,(#6035,#6036),.UNSPECIFIED.,.F.,
  .F.,(2,2),(-0.,1.E-02),.PIECEWISE_BEZIER_KNOTS.);
#6035 = CARTESIAN_POINT('',(-0.412757048713,0.662880581067,0.7800001));
#6036 = CARTESIAN_POINT('',(-0.412757048713,0.662880581067,0.7700001));
#6037 = ORIENTED_EDGE('',*,*,#499,.F.);
#6038 = B_SPLINE_SURFACE_WITH_KNOTS('',3,1,(
    (#6039,#6040)
    ,(#6041,#6042)
    ,(#6043,#6044)
    ,(#6045,#6046
    )),.UNSPECIFIED.,.F.,.F.,.F.,(4,4),(2,2),(18.,19.),(0.,1.),
  .PIECEWISE_BEZIER_KNOTS.);
#6039 = CARTESIAN_POINT('',(-0.426863097778,0.659033476777,0.7800001));
#6040 = CARTESIAN_POINT('',(-0.426863097778,0.659033476777,0.7700001));
#6041 = CARTESIAN_POINT('',(-0.421092441342,0.659033476777,0.7800001));
#6042 = CARTESIAN_POINT('',(-0.421092441342,0.659033476777,0.7700001));
#6043 = CARTESIAN_POINT('',(-0.416378872122,0.660315844874,0.7800001));
#6044 = CARTESIAN_POINT('',(-0.416378872122,0.660315844874,0.7700001));
#6045 = CARTESIAN_POINT('',(-0.412757048713,0.662880581067,0.7800001));
#6046 = CARTESIAN_POINT('',(-0.412757048713,0.662880581067,0.7700001));
#6047 = ADVANCED_FACE('',(#6048),#6066,.F.);
#6048 = FACE_BOUND('',#6049,.F.);
#6049 = EDGE_LOOP('',(#6050,#6051,#6060,#6065));
#6050 = ORIENTED_EDGE('',*,*,#6033,.F.);
#6051 = ORIENTED_EDGE('',*,*,#6052,.T.);
#6052 = EDGE_CURVE('',#6025,#6053,#6055,.T.);
#6053 = VERTEX_POINT('',#6054);
#6054 = CARTESIAN_POINT('',(-0.407298319653,0.673347477425,0.7800001));
#6055 = B_SPLINE_CURVE_WITH_KNOTS('',3,(#6056,#6057,#6058,#6059),
  .UNSPECIFIED.,.F.,.F.,(4,4),(17.,18.),.PIECEWISE_BEZIER_KNOTS.);
#6056 = CARTESIAN_POINT('',(-0.412757048713,0.662880581067,0.7800001));
#6057 = CARTESIAN_POINT('',(-0.409117896006,0.665410658664,0.7800001));
#6058 = CARTESIAN_POINT('',(-0.407298319653,0.668911176982,0.7800001));
#6059 = CARTESIAN_POINT('',(-0.407298319653,0.673347477425,0.7800001));
#6060 = ORIENTED_EDGE('',*,*,#6061,.T.);
#6061 = EDGE_CURVE('',#6053,#482,#6062,.T.);
#6062 = B_SPLINE_CURVE_WITH_KNOTS('',1,(#6063,#6064),.UNSPECIFIED.,.F.,
  .F.,(2,2),(-0.,1.E-02),.PIECEWISE_BEZIER_KNOTS.);
#6063 = CARTESIAN_POINT('',(-0.407298319653,0.673347477425,0.7800001));
#6064 = CARTESIAN_POINT('',(-0.407298319653,0.673347477425,0.7700001));
#6065 = ORIENTED_EDGE('',*,*,#490,.F.);
#6066 = B_SPLINE_SURFACE_WITH_KNOTS('',3,1,(
    (#6067,#6068)
    ,(#6069,#6070)
    ,(#6071,#6072)
    ,(#6073,#6074
    )),.UNSPECIFIED.,.F.,.F.,.F.,(4,4),(2,2),(17.,18.),(0.,1.),
  .PIECEWISE_BEZIER_KNOTS.);
#6067 = CARTESIAN_POINT('',(-0.412757048713,0.662880581067,0.7800001));
#6068 = CARTESIAN_POINT('',(-0.412757048713,0.662880581067,0.7700001));
#6069 = CARTESIAN_POINT('',(-0.409117896006,0.665410658664,0.7800001));
#6070 = CARTESIAN_POINT('',(-0.409117896006,0.665410658664,0.7700001));
#6071 = CARTESIAN_POINT('',(-0.407298319653,0.668911176982,0.7800001));
#6072 = CARTESIAN_POINT('',(-0.407298319653,0.668911176982,0.7700001));
#6073 = CARTESIAN_POINT('',(-0.407298319653,0.673347477425,0.7800001));
#6074 = CARTESIAN_POINT('',(-0.407298319653,0.673347477425,0.7700001));
#6075 = ADVANCED_FACE('',(#6076),#6094,.F.);
#6076 = FACE_BOUND('',#6077,.F.);
#6077 = EDGE_LOOP('',(#6078,#6079,#6088,#6093));
#6078 = ORIENTED_EDGE('',*,*,#6061,.F.);
#6079 = ORIENTED_EDGE('',*,*,#6080,.T.);
#6080 = EDGE_CURVE('',#6053,#6081,#6083,.T.);
#6081 = VERTEX_POINT('',#6082);
#6082 = CARTESIAN_POINT('',(-0.410140324624,0.681353613381,0.7800001));
#6083 = B_SPLINE_CURVE_WITH_KNOTS('',3,(#6084,#6085,#6086,#6087),
  .UNSPECIFIED.,.F.,.F.,(4,4),(16.,17.),.PIECEWISE_BEZIER_KNOTS.);
#6084 = CARTESIAN_POINT('',(-0.407298319653,0.673347477425,0.7800001));
#6085 = CARTESIAN_POINT('',(-0.407298319653,0.676536068369,0.7800001));
#6086 = CARTESIAN_POINT('',(-0.408251431076,0.679204780354,0.7800001));
#6087 = CARTESIAN_POINT('',(-0.410140324624,0.681353613381,0.7800001));
#6088 = ORIENTED_EDGE('',*,*,#6089,.T.);
#6089 = EDGE_CURVE('',#6081,#473,#6090,.T.);
#6090 = B_SPLINE_CURVE_WITH_KNOTS('',1,(#6091,#6092),.UNSPECIFIED.,.F.,
  .F.,(2,2),(-0.,1.E-02),.PIECEWISE_BEZIER_KNOTS.);
#6091 = CARTESIAN_POINT('',(-0.410140324624,0.681353613381,0.7800001));
#6092 = CARTESIAN_POINT('',(-0.410140324624,0.681353613381,0.7700001));
#6093 = ORIENTED_EDGE('',*,*,#481,.F.);
#6094 = B_SPLINE_SURFACE_WITH_KNOTS('',3,1,(
    (#6095,#6096)
    ,(#6097,#6098)
    ,(#6099,#6100)
    ,(#6101,#6102
    )),.UNSPECIFIED.,.F.,.F.,.F.,(4,4),(2,2),(16.,17.),(0.,1.),
  .PIECEWISE_BEZIER_KNOTS.);
#6095 = CARTESIAN_POINT('',(-0.407298319653,0.673347477425,0.7800001));
#6096 = CARTESIAN_POINT('',(-0.407298319653,0.673347477425,0.7700001));
#6097 = CARTESIAN_POINT('',(-0.407298319653,0.676536068369,0.7800001));
#6098 = CARTESIAN_POINT('',(-0.407298319653,0.676536068369,0.7700001));
#6099 = CARTESIAN_POINT('',(-0.408251431076,0.679204780354,0.7800001));
#6100 = CARTESIAN_POINT('',(-0.408251431076,0.679204780354,0.7700001));
#6101 = CARTESIAN_POINT('',(-0.410140324624,0.681353613381,0.7800001));
#6102 = CARTESIAN_POINT('',(-0.410140324624,0.681353613381,0.7700001));
#6103 = ADVANCED_FACE('',(#6104),#6122,.F.);
#6104 = FACE_BOUND('',#6105,.F.);
#6105 = EDGE_LOOP('',(#6106,#6107,#6116,#6121));
#6106 = ORIENTED_EDGE('',*,*,#6089,.F.);
#6107 = ORIENTED_EDGE('',*,*,#6108,.T.);
#6108 = EDGE_CURVE('',#6081,#6109,#6111,.T.);
#6109 = VERTEX_POINT('',#6110);
#6110 = CARTESIAN_POINT('',(-0.421092441342,0.687626819476,0.7800001));
#6111 = B_SPLINE_CURVE_WITH_KNOTS('',3,(#6112,#6113,#6114,#6115),
  .UNSPECIFIED.,.F.,.F.,(4,4),(15.,16.),.PIECEWISE_BEZIER_KNOTS.);
#6112 = CARTESIAN_POINT('',(-0.410140324624,0.681353613381,0.7800001));
#6113 = CARTESIAN_POINT('',(-0.41204654747,0.683502446408,0.7800001));
#6114 = CARTESIAN_POINT('',(-0.415685700178,0.685616620837,0.7800001));
#6115 = CARTESIAN_POINT('',(-0.421092441342,0.687626819476,0.7800001));
#6116 = ORIENTED_EDGE('',*,*,#6117,.T.);
#6117 = EDGE_CURVE('',#6109,#464,#6118,.T.);
#6118 = B_SPLINE_CURVE_WITH_KNOTS('',1,(#6119,#6120),.UNSPECIFIED.,.F.,
  .F.,(2,2),(-0.,1.E-02),.PIECEWISE_BEZIER_KNOTS.);
#6119 = CARTESIAN_POINT('',(-0.421092441342,0.687626819476,0.7800001));
#6120 = CARTESIAN_POINT('',(-0.421092441342,0.687626819476,0.7700001));
#6121 = ORIENTED_EDGE('',*,*,#472,.F.);
#6122 = B_SPLINE_SURFACE_WITH_KNOTS('',3,1,(
    (#6123,#6124)
    ,(#6125,#6126)
    ,(#6127,#6128)
    ,(#6129,#6130
    )),.UNSPECIFIED.,.F.,.F.,.F.,(4,4),(2,2),(15.,16.),(0.,1.),
  .PIECEWISE_BEZIER_KNOTS.);
#6123 = CARTESIAN_POINT('',(-0.410140324624,0.681353613381,0.7800001));
#6124 = CARTESIAN_POINT('',(-0.410140324624,0.681353613381,0.7700001));
#6125 = CARTESIAN_POINT('',(-0.41204654747,0.683502446408,0.7800001));
#6126 = CARTESIAN_POINT('',(-0.41204654747,0.683502446408,0.7700001));
#6127 = CARTESIAN_POINT('',(-0.415685700178,0.685616620837,0.7800001));
#6128 = CARTESIAN_POINT('',(-0.415685700178,0.685616620837,0.7700001));
#6129 = CARTESIAN_POINT('',(-0.421092441342,0.687626819476,0.7800001));
#6130 = CARTESIAN_POINT('',(-0.421092441342,0.687626819476,0.7700001));
#6131 = ADVANCED_FACE('',(#6132),#6150,.F.);
#6132 = FACE_BOUND('',#6133,.F.);
#6133 = EDGE_LOOP('',(#6134,#6135,#6144,#6149));
#6134 = ORIENTED_EDGE('',*,*,#6117,.F.);
#6135 = ORIENTED_EDGE('',*,*,#6136,.T.);
#6136 = EDGE_CURVE('',#6109,#6137,#6139,.T.);
#6137 = VERTEX_POINT('',#6138);
#6138 = CARTESIAN_POINT('',(-0.429341187479,0.691785851141,0.7800001));
#6139 = B_SPLINE_CURVE_WITH_KNOTS('',3,(#6140,#6141,#6142,#6143),
  .UNSPECIFIED.,.F.,.F.,(4,4),(14.,15.),.PIECEWISE_BEZIER_KNOTS.);
#6140 = CARTESIAN_POINT('',(-0.421092441342,0.687626819476,0.7800001));
#6141 = CARTESIAN_POINT('',(-0.425355448799,0.689290432142,0.7800001));
#6142 = CARTESIAN_POINT('',(-0.428093477979,0.69067677603,0.7800001));
#6143 = CARTESIAN_POINT('',(-0.429341187479,0.691785851141,0.7800001));
#6144 = ORIENTED_EDGE('',*,*,#6145,.T.);
#6145 = EDGE_CURVE('',#6137,#455,#6146,.T.);
#6146 = B_SPLINE_CURVE_WITH_KNOTS('',1,(#6147,#6148),.UNSPECIFIED.,.F.,
  .F.,(2,2),(-0.,1.E-02),.PIECEWISE_BEZIER_KNOTS.);
#6147 = CARTESIAN_POINT('',(-0.429341187479,0.691785851141,0.7800001));
#6148 = CARTESIAN_POINT('',(-0.429341187479,0.691785851141,0.7700001));
#6149 = ORIENTED_EDGE('',*,*,#463,.F.);
#6150 = B_SPLINE_SURFACE_WITH_KNOTS('',3,1,(
    (#6151,#6152)
    ,(#6153,#6154)
    ,(#6155,#6156)
    ,(#6157,#6158
    )),.UNSPECIFIED.,.F.,.F.,.F.,(4,4),(2,2),(14.,15.),(0.,1.),
  .PIECEWISE_BEZIER_KNOTS.);
#6151 = CARTESIAN_POINT('',(-0.421092441342,0.687626819476,0.7800001));
#6152 = CARTESIAN_POINT('',(-0.421092441342,0.687626819476,0.7700001));
#6153 = CARTESIAN_POINT('',(-0.425355448799,0.689290432142,0.7800001));
#6154 = CARTESIAN_POINT('',(-0.425355448799,0.689290432142,0.7700001));
#6155 = CARTESIAN_POINT('',(-0.428093477979,0.69067677603,0.7800001));
#6156 = CARTESIAN_POINT('',(-0.428093477979,0.69067677603,0.7700001));
#6157 = CARTESIAN_POINT('',(-0.429341187479,0.691785851141,0.7800001));
#6158 = CARTESIAN_POINT('',(-0.429341187479,0.691785851141,0.7700001));
#6159 = ADVANCED_FACE('',(#6160),#6178,.F.);
#6160 = FACE_BOUND('',#6161,.F.);
#6161 = EDGE_LOOP('',(#6162,#6163,#6172,#6177));
#6162 = ORIENTED_EDGE('',*,*,#6145,.F.);
#6163 = ORIENTED_EDGE('',*,*,#6164,.T.);
#6164 = EDGE_CURVE('',#6137,#6165,#6167,.T.);
#6165 = VERTEX_POINT('',#6166);
#6166 = CARTESIAN_POINT('',(-0.431195422429,0.696291468779,0.7800001));
#6167 = B_SPLINE_CURVE_WITH_KNOTS('',3,(#6168,#6169,#6170,#6171),
  .UNSPECIFIED.,.F.,.F.,(4,4),(13.,14.),.PIECEWISE_BEZIER_KNOTS.);
#6168 = CARTESIAN_POINT('',(-0.429341187479,0.691785851141,0.7800001));
#6169 = CARTESIAN_POINT('',(-0.43057156768,0.692860267655,0.7800001));
#6170 = CARTESIAN_POINT('',(-0.431195422429,0.694350587335,0.7800001));
#6171 = CARTESIAN_POINT('',(-0.431195422429,0.696291468779,0.7800001));
#6172 = ORIENTED_EDGE('',*,*,#6173,.T.);
#6173 = EDGE_CURVE('',#6165,#446,#6174,.T.);
#6174 = B_SPLINE_CURVE_WITH_KNOTS('',1,(#6175,#6176),.UNSPECIFIED.,.F.,
  .F.,(2,2),(-0.,1.E-02),.PIECEWISE_BEZIER_KNOTS.);
#6175 = CARTESIAN_POINT('',(-0.431195422429,0.696291468779,0.7800001));
#6176 = CARTESIAN_POINT('',(-0.431195422429,0.696291468779,0.7700001));
#6177 = ORIENTED_EDGE('',*,*,#454,.F.);
#6178 = B_SPLINE_SURFACE_WITH_KNOTS('',3,1,(
    (#6179,#6180)
    ,(#6181,#6182)
    ,(#6183,#6184)
    ,(#6185,#6186
    )),.UNSPECIFIED.,.F.,.F.,.F.,(4,4),(2,2),(13.,14.),(0.,1.),
  .PIECEWISE_BEZIER_KNOTS.);
#6179 = CARTESIAN_POINT('',(-0.429341187479,0.691785851141,0.7800001));
#6180 = CARTESIAN_POINT('',(-0.429341187479,0.691785851141,0.7700001));
#6181 = CARTESIAN_POINT('',(-0.43057156768,0.692860267655,0.7800001));
#6182 = CARTESIAN_POINT('',(-0.43057156768,0.692860267655,0.7700001));
#6183 = CARTESIAN_POINT('',(-0.431195422429,0.694350587335,0.7800001));
#6184 = CARTESIAN_POINT('',(-0.431195422429,0.694350587335,0.7700001));
#6185 = CARTESIAN_POINT('',(-0.431195422429,0.696291468779,0.7800001));
#6186 = CARTESIAN_POINT('',(-0.431195422429,0.696291468779,0.7700001));
#6187 = ADVANCED_FACE('',(#6188),#6206,.F.);
#6188 = FACE_BOUND('',#6189,.F.);
#6189 = EDGE_LOOP('',(#6190,#6191,#6200,#6205));
#6190 = ORIENTED_EDGE('',*,*,#6173,.F.);
#6191 = ORIENTED_EDGE('',*,*,#6192,.T.);
#6192 = EDGE_CURVE('',#6165,#6193,#6195,.T.);
#6193 = VERTEX_POINT('',#6194);
#6194 = CARTESIAN_POINT('',(-0.428613356937,0.701005037999,0.7800001));
#6195 = B_SPLINE_CURVE_WITH_KNOTS('',3,(#6196,#6197,#6198,#6199),
  .UNSPECIFIED.,.F.,.F.,(4,4),(12.,13.),.PIECEWISE_BEZIER_KNOTS.);
#6196 = CARTESIAN_POINT('',(-0.431195422429,0.696291468779,0.7800001));
#6197 = CARTESIAN_POINT('',(-0.431195422429,0.698232350222,0.7800001));
#6198 = CARTESIAN_POINT('',(-0.430328957499,0.699826645694,0.7800001));
#6199 = CARTESIAN_POINT('',(-0.428613356937,0.701005037999,0.7800001));
#6200 = ORIENTED_EDGE('',*,*,#6201,.T.);
#6201 = EDGE_CURVE('',#6193,#437,#6202,.T.);
#6202 = B_SPLINE_CURVE_WITH_KNOTS('',1,(#6203,#6204),.UNSPECIFIED.,.F.,
  .F.,(2,2),(-0.,1.E-02),.PIECEWISE_BEZIER_KNOTS.);
#6203 = CARTESIAN_POINT('',(-0.428613356937,0.701005037999,0.7800001));
#6204 = CARTESIAN_POINT('',(-0.428613356937,0.701005037999,0.7700001));
#6205 = ORIENTED_EDGE('',*,*,#445,.F.);
#6206 = B_SPLINE_SURFACE_WITH_KNOTS('',3,1,(
    (#6207,#6208)
    ,(#6209,#6210)
    ,(#6211,#6212)
    ,(#6213,#6214
    )),.UNSPECIFIED.,.F.,.F.,.F.,(4,4),(2,2),(12.,13.),(0.,1.),
  .PIECEWISE_BEZIER_KNOTS.);
#6207 = CARTESIAN_POINT('',(-0.431195422429,0.696291468779,0.7800001));
#6208 = CARTESIAN_POINT('',(-0.431195422429,0.696291468779,0.7700001));
#6209 = CARTESIAN_POINT('',(-0.431195422429,0.698232350222,0.7800001));
#6210 = CARTESIAN_POINT('',(-0.431195422429,0.698232350222,0.7700001));
#6211 = CARTESIAN_POINT('',(-0.430328957499,0.699826645694,0.7800001));
#6212 = CARTESIAN_POINT('',(-0.430328957499,0.699826645694,0.7700001));
#6213 = CARTESIAN_POINT('',(-0.428613356937,0.701005037999,0.7800001));
#6214 = CARTESIAN_POINT('',(-0.428613356937,0.701005037999,0.7700001));
#6215 = ADVANCED_FACE('',(#6216),#6234,.F.);
#6216 = FACE_BOUND('',#6217,.F.);
#6217 = EDGE_LOOP('',(#6218,#6219,#6228,#6233));
#6218 = ORIENTED_EDGE('',*,*,#6201,.F.);
#6219 = ORIENTED_EDGE('',*,*,#6220,.T.);
#6220 = EDGE_CURVE('',#6193,#6221,#6223,.T.);
#6221 = VERTEX_POINT('',#6222);
#6222 = CARTESIAN_POINT('',(-0.421924247676,0.702807285054,0.7800001));
#6223 = B_SPLINE_CURVE_WITH_KNOTS('',3,(#6224,#6225,#6226,#6227),
  .UNSPECIFIED.,.F.,.F.,(4,4),(11.,12.),.PIECEWISE_BEZIER_KNOTS.);
#6224 = CARTESIAN_POINT('',(-0.428613356937,0.701005037999,0.7800001));
#6225 = CARTESIAN_POINT('',(-0.426897756375,0.702218088901,0.7800001));
#6226 = CARTESIAN_POINT('',(-0.424662276855,0.702807285054,0.7800001));
#6227 = CARTESIAN_POINT('',(-0.421924247676,0.702807285054,0.7800001));
#6228 = ORIENTED_EDGE('',*,*,#6229,.T.);
#6229 = EDGE_CURVE('',#6221,#428,#6230,.T.);
#6230 = B_SPLINE_CURVE_WITH_KNOTS('',1,(#6231,#6232),.UNSPECIFIED.,.F.,
  .F.,(2,2),(-0.,1.E-02),.PIECEWISE_BEZIER_KNOTS.);
#6231 = CARTESIAN_POINT('',(-0.421924247676,0.702807285054,0.7800001));
#6232 = CARTESIAN_POINT('',(-0.421924247676,0.702807285054,0.7700001));
#6233 = ORIENTED_EDGE('',*,*,#436,.F.);
#6234 = B_SPLINE_SURFACE_WITH_KNOTS('',3,1,(
    (#6235,#6236)
    ,(#6237,#6238)
    ,(#6239,#6240)
    ,(#6241,#6242
    )),.UNSPECIFIED.,.F.,.F.,.F.,(4,4),(2,2),(11.,12.),(0.,1.),
  .PIECEWISE_BEZIER_KNOTS.);
#6235 = CARTESIAN_POINT('',(-0.428613356937,0.701005037999,0.7800001));
#6236 = CARTESIAN_POINT('',(-0.428613356937,0.701005037999,0.7700001));
#6237 = CARTESIAN_POINT('',(-0.426897756375,0.702218088901,0.7800001));
#6238 = CARTESIAN_POINT('',(-0.426897756375,0.702218088901,0.7700001));
#6239 = CARTESIAN_POINT('',(-0.424662276855,0.702807285054,0.7800001));
#6240 = CARTESIAN_POINT('',(-0.424662276855,0.702807285054,0.7700001));
#6241 = CARTESIAN_POINT('',(-0.421924247676,0.702807285054,0.7800001));
#6242 = CARTESIAN_POINT('',(-0.421924247676,0.702807285054,0.7700001));
#6243 = ADVANCED_FACE('',(#6244),#6262,.F.);
#6244 = FACE_BOUND('',#6245,.F.);
#6245 = EDGE_LOOP('',(#6246,#6247,#6256,#6261));
#6246 = ORIENTED_EDGE('',*,*,#6229,.F.);
#6247 = ORIENTED_EDGE('',*,*,#6248,.T.);
#6248 = EDGE_CURVE('',#6221,#6249,#6251,.T.);
#6249 = VERTEX_POINT('',#6250);
#6250 = CARTESIAN_POINT('',(-0.409620445666,0.699306766736,0.7800001));
#6251 = B_SPLINE_CURVE_WITH_KNOTS('',3,(#6252,#6253,#6254,#6255),
  .UNSPECIFIED.,.F.,.F.,(4,4),(10.,11.),.PIECEWISE_BEZIER_KNOTS.);
#6252 = CARTESIAN_POINT('',(-0.421924247676,0.702807285054,0.7800001));
#6253 = CARTESIAN_POINT('',(-0.417331983545,0.702807285054,0.7800001));
#6254 = CARTESIAN_POINT('',(-0.413242269074,0.701628892749,0.7800001));
#6255 = CARTESIAN_POINT('',(-0.409620445666,0.699306766736,0.7800001));
#6256 = ORIENTED_EDGE('',*,*,#6257,.T.);
#6257 = EDGE_CURVE('',#6249,#421,#6258,.T.);
#6258 = B_SPLINE_CURVE_WITH_KNOTS('',1,(#6259,#6260),.UNSPECIFIED.,.F.,
  .F.,(2,2),(-0.,1.E-02),.PIECEWISE_BEZIER_KNOTS.);
#6259 = CARTESIAN_POINT('',(-0.409620445666,0.699306766736,0.7800001));
#6260 = CARTESIAN_POINT('',(-0.409620445666,0.699306766736,0.7700001));
#6261 = ORIENTED_EDGE('',*,*,#427,.F.);
#6262 = B_SPLINE_SURFACE_WITH_KNOTS('',3,1,(
    (#6263,#6264)
    ,(#6265,#6266)
    ,(#6267,#6268)
    ,(#6269,#6270
    )),.UNSPECIFIED.,.F.,.F.,.F.,(4,4),(2,2),(10.,11.),(0.,1.),
  .PIECEWISE_BEZIER_KNOTS.);
#6263 = CARTESIAN_POINT('',(-0.421924247676,0.702807285054,0.7800001));
#6264 = CARTESIAN_POINT('',(-0.421924247676,0.702807285054,0.7700001));
#6265 = CARTESIAN_POINT('',(-0.417331983545,0.702807285054,0.7800001));
#6266 = CARTESIAN_POINT('',(-0.417331983545,0.702807285054,0.7700001));
#6267 = CARTESIAN_POINT('',(-0.413242269074,0.701628892749,0.7800001));
#6268 = CARTESIAN_POINT('',(-0.413242269074,0.701628892749,0.7700001));
#6269 = CARTESIAN_POINT('',(-0.409620445666,0.699306766736,0.7800001));
#6270 = CARTESIAN_POINT('',(-0.409620445666,0.699306766736,0.7700001));
#6271 = ADVANCED_FACE('',(#6272),#6288,.F.);
#6272 = FACE_BOUND('',#6273,.T.);
#6273 = EDGE_LOOP('',(#6274,#6275,#6282,#6287));
#6274 = ORIENTED_EDGE('',*,*,#420,.T.);
#6275 = ORIENTED_EDGE('',*,*,#6276,.F.);
#6276 = EDGE_CURVE('',#6277,#412,#6279,.T.);
#6277 = VERTEX_POINT('',#6278);
#6278 = CARTESIAN_POINT('',(-0.409620445666,0.707555512872,0.7800001));
#6279 = B_SPLINE_CURVE_WITH_KNOTS('',1,(#6280,#6281),.UNSPECIFIED.,.F.,
  .F.,(2,2),(-0.,1.E-02),.PIECEWISE_BEZIER_KNOTS.);
#6280 = CARTESIAN_POINT('',(-0.409620445666,0.707555512872,0.7800001));
#6281 = CARTESIAN_POINT('',(-0.409620445666,0.707555512872,0.7700001));
#6282 = ORIENTED_EDGE('',*,*,#6283,.F.);
#6283 = EDGE_CURVE('',#6249,#6277,#6284,.T.);
#6284 = B_SPLINE_CURVE_WITH_KNOTS('',1,(#6285,#6286),.UNSPECIFIED.,.F.,
  .F.,(2,2),(-8.248746135954E-03,0.),.PIECEWISE_BEZIER_KNOTS.);
#6285 = CARTESIAN_POINT('',(-0.409620445666,0.699306766736,0.7800001));
#6286 = CARTESIAN_POINT('',(-0.409620445666,0.707555512872,0.7800001));
#6287 = ORIENTED_EDGE('',*,*,#6257,.T.);
#6288 = B_SPLINE_SURFACE_WITH_KNOTS('',1,1,(
    (#6289,#6290)
    ,(#6291,#6292)),.UNSPECIFIED.,.F.,.F.,.F.,(2,2),(2,2),(-1.E-02,0.),(
    -8.248746135954E-03,0.),.PIECEWISE_BEZIER_KNOTS.);
#6289 = CARTESIAN_POINT('',(-0.409620445666,0.699306766736,0.7700001));
#6290 = CARTESIAN_POINT('',(-0.409620445666,0.707555512872,0.7700001));
#6291 = CARTESIAN_POINT('',(-0.409620445666,0.699306766736,0.7800001));
#6292 = CARTESIAN_POINT('',(-0.409620445666,0.707555512872,0.7800001));
#6293 = ADVANCED_FACE('',(#6294),#6312,.F.);
#6294 = FACE_BOUND('',#6295,.F.);
#6295 = EDGE_LOOP('',(#6296,#6297,#6306,#6311));
#6296 = ORIENTED_EDGE('',*,*,#6276,.F.);
#6297 = ORIENTED_EDGE('',*,*,#6298,.T.);
#6298 = EDGE_CURVE('',#6277,#6299,#6301,.T.);
#6299 = VERTEX_POINT('',#6300);
#6300 = CARTESIAN_POINT('',(-0.421092441342,0.709704345899,0.7800001));
#6301 = B_SPLINE_CURVE_WITH_KNOTS('',3,(#6302,#6303,#6304,#6305),
  .UNSPECIFIED.,.F.,.F.,(4,4),(8.,9.),.PIECEWISE_BEZIER_KNOTS.);
#6302 = CARTESIAN_POINT('',(-0.409620445666,0.707555512872,0.7800001));
#6303 = CARTESIAN_POINT('',(-0.413155622581,0.709011173955,0.7800001));
#6304 = CARTESIAN_POINT('',(-0.416968068275,0.709704345899,0.7800001));
#6305 = CARTESIAN_POINT('',(-0.421092441342,0.709704345899,0.7800001));
#6306 = ORIENTED_EDGE('',*,*,#6307,.T.);
#6307 = EDGE_CURVE('',#6299,#403,#6308,.T.);
#6308 = B_SPLINE_CURVE_WITH_KNOTS('',1,(#6309,#6310),.UNSPECIFIED.,.F.,
  .F.,(2,2),(-0.,1.E-02),.PIECEWISE_BEZIER_KNOTS.);
#6309 = CARTESIAN_POINT('',(-0.421092441342,0.709704345899,0.7800001));
#6310 = CARTESIAN_POINT('',(-0.421092441342,0.709704345899,0.7700001));
#6311 = ORIENTED_EDGE('',*,*,#411,.F.);
#6312 = B_SPLINE_SURFACE_WITH_KNOTS('',3,1,(
    (#6313,#6314)
    ,(#6315,#6316)
    ,(#6317,#6318)
    ,(#6319,#6320
    )),.UNSPECIFIED.,.F.,.F.,.F.,(4,4),(2,2),(8.,9.),(0.,1.),
  .PIECEWISE_BEZIER_KNOTS.);
#6313 = CARTESIAN_POINT('',(-0.409620445666,0.707555512872,0.7800001));
#6314 = CARTESIAN_POINT('',(-0.409620445666,0.707555512872,0.7700001));
#6315 = CARTESIAN_POINT('',(-0.413155622581,0.709011173955,0.7800001));
#6316 = CARTESIAN_POINT('',(-0.413155622581,0.709011173955,0.7700001));
#6317 = CARTESIAN_POINT('',(-0.416968068275,0.709704345899,0.7800001));
#6318 = CARTESIAN_POINT('',(-0.416968068275,0.709704345899,0.7700001));
#6319 = CARTESIAN_POINT('',(-0.421092441342,0.709704345899,0.7800001));
#6320 = CARTESIAN_POINT('',(-0.421092441342,0.709704345899,0.7700001));
#6321 = ADVANCED_FACE('',(#6322),#6340,.F.);
#6322 = FACE_BOUND('',#6323,.F.);
#6323 = EDGE_LOOP('',(#6324,#6325,#6334,#6339));
#6324 = ORIENTED_EDGE('',*,*,#6307,.F.);
#6325 = ORIENTED_EDGE('',*,*,#6326,.T.);
#6326 = EDGE_CURVE('',#6299,#6327,#6329,.T.);
#6327 = VERTEX_POINT('',#6328);
#6328 = CARTESIAN_POINT('',(-0.434505318463,0.705857241609,0.7800001));
#6329 = B_SPLINE_CURVE_WITH_KNOTS('',3,(#6330,#6331,#6332,#6333),
  .UNSPECIFIED.,.F.,.F.,(4,4),(7.,8.),.PIECEWISE_BEZIER_KNOTS.);
#6330 = CARTESIAN_POINT('',(-0.421092441342,0.709704345899,0.7800001));
#6331 = CARTESIAN_POINT('',(-0.426395206716,0.709704345899,0.7800001));
#6332 = CARTESIAN_POINT('',(-0.430866165756,0.708421977802,0.7800001));
#6333 = CARTESIAN_POINT('',(-0.434505318463,0.705857241609,0.7800001));
#6334 = ORIENTED_EDGE('',*,*,#6335,.T.);
#6335 = EDGE_CURVE('',#6327,#394,#6336,.T.);
#6336 = B_SPLINE_CURVE_WITH_KNOTS('',1,(#6337,#6338),.UNSPECIFIED.,.F.,
  .F.,(2,2),(-0.,1.E-02),.PIECEWISE_BEZIER_KNOTS.);
#6337 = CARTESIAN_POINT('',(-0.434505318463,0.705857241609,0.7800001));
#6338 = CARTESIAN_POINT('',(-0.434505318463,0.705857241609,0.7700001));
#6339 = ORIENTED_EDGE('',*,*,#402,.F.);
#6340 = B_SPLINE_SURFACE_WITH_KNOTS('',3,1,(
    (#6341,#6342)
    ,(#6343,#6344)
    ,(#6345,#6346)
    ,(#6347,#6348
    )),.UNSPECIFIED.,.F.,.F.,.F.,(4,4),(2,2),(7.,8.),(0.,1.),
  .PIECEWISE_BEZIER_KNOTS.);
#6341 = CARTESIAN_POINT('',(-0.421092441342,0.709704345899,0.7800001));
#6342 = CARTESIAN_POINT('',(-0.421092441342,0.709704345899,0.7700001));
#6343 = CARTESIAN_POINT('',(-0.426395206716,0.709704345899,0.7800001));
#6344 = CARTESIAN_POINT('',(-0.426395206716,0.709704345899,0.7700001));
#6345 = CARTESIAN_POINT('',(-0.430866165756,0.708421977802,0.7800001));
#6346 = CARTESIAN_POINT('',(-0.430866165756,0.708421977802,0.7700001));
#6347 = CARTESIAN_POINT('',(-0.434505318463,0.705857241609,0.7800001));
#6348 = CARTESIAN_POINT('',(-0.434505318463,0.705857241609,0.7700001));
#6349 = ADVANCED_FACE('',(#6350),#6368,.F.);
#6350 = FACE_BOUND('',#6351,.F.);
#6351 = EDGE_LOOP('',(#6352,#6353,#6362,#6367));
#6352 = ORIENTED_EDGE('',*,*,#6335,.F.);
#6353 = ORIENTED_EDGE('',*,*,#6354,.T.);
#6354 = EDGE_CURVE('',#6327,#6355,#6357,.T.);
#6355 = VERTEX_POINT('',#6356);
#6356 = CARTESIAN_POINT('',(-0.439946718225,0.69552897964,0.7800001));
#6357 = B_SPLINE_CURVE_WITH_KNOTS('',3,(#6358,#6359,#6360,#6361),
  .UNSPECIFIED.,.F.,.F.,(4,4),(6.,7.),.PIECEWISE_BEZIER_KNOTS.);
#6358 = CARTESIAN_POINT('',(-0.434505318463,0.705857241609,0.7800001));
#6359 = CARTESIAN_POINT('',(-0.438127141871,0.703257846818,0.7800001));
#6360 = CARTESIAN_POINT('',(-0.439946718225,0.699826645694,0.7800001));
#6361 = CARTESIAN_POINT('',(-0.439946718225,0.69552897964,0.7800001));
#6362 = ORIENTED_EDGE('',*,*,#6363,.T.);
#6363 = EDGE_CURVE('',#6355,#385,#6364,.T.);
#6364 = B_SPLINE_CURVE_WITH_KNOTS('',1,(#6365,#6366),.UNSPECIFIED.,.F.,
  .F.,(2,2),(-0.,1.E-02),.PIECEWISE_BEZIER_KNOTS.);
#6365 = CARTESIAN_POINT('',(-0.439946718225,0.69552897964,0.7800001));
#6366 = CARTESIAN_POINT('',(-0.439946718225,0.69552897964,0.7700001));
#6367 = ORIENTED_EDGE('',*,*,#393,.F.);
#6368 = B_SPLINE_SURFACE_WITH_KNOTS('',3,1,(
    (#6369,#6370)
    ,(#6371,#6372)
    ,(#6373,#6374)
    ,(#6375,#6376
    )),.UNSPECIFIED.,.F.,.F.,.F.,(4,4),(2,2),(6.,7.),(0.,1.),
  .PIECEWISE_BEZIER_KNOTS.);
#6369 = CARTESIAN_POINT('',(-0.434505318463,0.705857241609,0.7800001));
#6370 = CARTESIAN_POINT('',(-0.434505318463,0.705857241609,0.7700001));
#6371 = CARTESIAN_POINT('',(-0.438127141871,0.703257846818,0.7800001));
#6372 = CARTESIAN_POINT('',(-0.438127141871,0.703257846818,0.7700001));
#6373 = CARTESIAN_POINT('',(-0.439946718225,0.699826645694,0.7800001));
#6374 = CARTESIAN_POINT('',(-0.439946718225,0.699826645694,0.7700001));
#6375 = CARTESIAN_POINT('',(-0.439946718225,0.69552897964,0.7800001));
#6376 = CARTESIAN_POINT('',(-0.439946718225,0.69552897964,0.7700001));
#6377 = ADVANCED_FACE('',(#6378),#6396,.F.);
#6378 = FACE_BOUND('',#6379,.F.);
#6379 = EDGE_LOOP('',(#6380,#6381,#6390,#6395));
#6380 = ORIENTED_EDGE('',*,*,#6363,.F.);
#6381 = ORIENTED_EDGE('',*,*,#6382,.T.);
#6382 = EDGE_CURVE('',#6355,#6383,#6385,.T.);
#6383 = VERTEX_POINT('',#6384);
#6384 = CARTESIAN_POINT('',(-0.437537945719,0.687869429656,0.7800001));
#6385 = B_SPLINE_CURVE_WITH_KNOTS('',3,(#6386,#6387,#6388,#6389),
  .UNSPECIFIED.,.F.,.F.,(4,4),(5.,6.),.PIECEWISE_BEZIER_KNOTS.);
#6386 = CARTESIAN_POINT('',(-0.439946718225,0.69552897964,0.7800001));
#6387 = CARTESIAN_POINT('',(-0.439946718225,0.69254834028,0.7800001));
#6388 = CARTESIAN_POINT('',(-0.439149570489,0.689983604086,0.7800001));
#6389 = CARTESIAN_POINT('',(-0.437537945719,0.687869429656,0.7800001));
#6390 = ORIENTED_EDGE('',*,*,#6391,.T.);
#6391 = EDGE_CURVE('',#6383,#376,#6392,.T.);
#6392 = B_SPLINE_CURVE_WITH_KNOTS('',1,(#6393,#6394),.UNSPECIFIED.,.F.,
  .F.,(2,2),(-0.,1.E-02),.PIECEWISE_BEZIER_KNOTS.);
#6393 = CARTESIAN_POINT('',(-0.437537945719,0.687869429656,0.7800001));
#6394 = CARTESIAN_POINT('',(-0.437537945719,0.687869429656,0.7700001));
#6395 = ORIENTED_EDGE('',*,*,#384,.F.);
#6396 = B_SPLINE_SURFACE_WITH_KNOTS('',3,1,(
    (#6397,#6398)
    ,(#6399,#6400)
    ,(#6401,#6402)
    ,(#6403,#6404
    )),.UNSPECIFIED.,.F.,.F.,.F.,(4,4),(2,2),(5.,6.),(0.,1.),
  .PIECEWISE_BEZIER_KNOTS.);
#6397 = CARTESIAN_POINT('',(-0.439946718225,0.69552897964,0.7800001));
#6398 = CARTESIAN_POINT('',(-0.439946718225,0.69552897964,0.7700001));
#6399 = CARTESIAN_POINT('',(-0.439946718225,0.69254834028,0.7800001));
#6400 = CARTESIAN_POINT('',(-0.439946718225,0.69254834028,0.7700001));
#6401 = CARTESIAN_POINT('',(-0.439149570489,0.689983604086,0.7800001));
#6402 = CARTESIAN_POINT('',(-0.439149570489,0.689983604086,0.7700001));
#6403 = CARTESIAN_POINT('',(-0.437537945719,0.687869429656,0.7800001));
#6404 = CARTESIAN_POINT('',(-0.437537945719,0.687869429656,0.7700001));
#6405 = ADVANCED_FACE('',(#6406),#6424,.F.);
#6406 = FACE_BOUND('',#6407,.F.);
#6407 = EDGE_LOOP('',(#6408,#6409,#6418,#6423));
#6408 = ORIENTED_EDGE('',*,*,#6391,.F.);
#6409 = ORIENTED_EDGE('',*,*,#6410,.T.);
#6410 = EDGE_CURVE('',#6383,#6411,#6413,.T.);
#6411 = VERTEX_POINT('',#6412);
#6412 = CARTESIAN_POINT('',(-0.42708837866,0.681457589172,0.7800001));
#6413 = B_SPLINE_CURVE_WITH_KNOTS('',3,(#6414,#6415,#6416,#6417),
  .UNSPECIFIED.,.F.,.F.,(4,4),(4.,5.),.PIECEWISE_BEZIER_KNOTS.);
#6414 = CARTESIAN_POINT('',(-0.437537945719,0.687869429656,0.7800001));
#6415 = CARTESIAN_POINT('',(-0.435943650247,0.685755255227,0.7800001));
#6416 = CARTESIAN_POINT('',(-0.432443131929,0.683606422199,0.7800001));
#6417 = CARTESIAN_POINT('',(-0.42708837866,0.681457589172,0.7800001));
#6418 = ORIENTED_EDGE('',*,*,#6419,.T.);
#6419 = EDGE_CURVE('',#6411,#367,#6420,.T.);
#6420 = B_SPLINE_CURVE_WITH_KNOTS('',1,(#6421,#6422),.UNSPECIFIED.,.F.,
  .F.,(2,2),(-0.,1.E-02),.PIECEWISE_BEZIER_KNOTS.);
#6421 = CARTESIAN_POINT('',(-0.42708837866,0.681457589172,0.7800001));
#6422 = CARTESIAN_POINT('',(-0.42708837866,0.681457589172,0.7700001));
#6423 = ORIENTED_EDGE('',*,*,#375,.F.);
#6424 = B_SPLINE_SURFACE_WITH_KNOTS('',3,1,(
    (#6425,#6426)
    ,(#6427,#6428)
    ,(#6429,#6430)
    ,(#6431,#6432
    )),.UNSPECIFIED.,.F.,.F.,.F.,(4,4),(2,2),(4.,5.),(0.,1.),
  .PIECEWISE_BEZIER_KNOTS.);
#6425 = CARTESIAN_POINT('',(-0.437537945719,0.687869429656,0.7800001));
#6426 = CARTESIAN_POINT('',(-0.437537945719,0.687869429656,0.7700001));
#6427 = CARTESIAN_POINT('',(-0.435943650247,0.685755255227,0.7800001));
#6428 = CARTESIAN_POINT('',(-0.435943650247,0.685755255227,0.7700001));
#6429 = CARTESIAN_POINT('',(-0.432443131929,0.683606422199,0.7800001));
#6430 = CARTESIAN_POINT('',(-0.432443131929,0.683606422199,0.7700001));
#6431 = CARTESIAN_POINT('',(-0.42708837866,0.681457589172,0.7800001));
#6432 = CARTESIAN_POINT('',(-0.42708837866,0.681457589172,0.7700001));
#6433 = ADVANCED_FACE('',(#6434),#6452,.F.);
#6434 = FACE_BOUND('',#6435,.F.);
#6435 = EDGE_LOOP('',(#6436,#6437,#6446,#6451));
#6436 = ORIENTED_EDGE('',*,*,#6419,.F.);
#6437 = ORIENTED_EDGE('',*,*,#6438,.T.);
#6438 = EDGE_CURVE('',#6411,#6439,#6441,.T.);
#6439 = VERTEX_POINT('',#6440);
#6440 = CARTESIAN_POINT('',(-0.418198448475,0.677125264521,0.7800001));
#6441 = B_SPLINE_CURVE_WITH_KNOTS('',3,(#6442,#6443,#6444,#6445),
  .UNSPECIFIED.,.F.,.F.,(4,4),(3.,4.),.PIECEWISE_BEZIER_KNOTS.);
#6442 = CARTESIAN_POINT('',(-0.42708837866,0.681457589172,0.7800001));
#6443 = CARTESIAN_POINT('',(-0.42261741962,0.679793976506,0.7800001));
#6444 = CARTESIAN_POINT('',(-0.419654109558,0.678338315423,0.7800001));
#6445 = CARTESIAN_POINT('',(-0.418198448475,0.677125264521,0.7800001));
#6446 = ORIENTED_EDGE('',*,*,#6447,.T.);
#6447 = EDGE_CURVE('',#6439,#358,#6448,.T.);
#6448 = B_SPLINE_CURVE_WITH_KNOTS('',1,(#6449,#6450),.UNSPECIFIED.,.F.,
  .F.,(2,2),(-0.,1.E-02),.PIECEWISE_BEZIER_KNOTS.);
#6449 = CARTESIAN_POINT('',(-0.418198448475,0.677125264521,0.7800001));
#6450 = CARTESIAN_POINT('',(-0.418198448475,0.677125264521,0.7700001));
#6451 = ORIENTED_EDGE('',*,*,#366,.F.);
#6452 = B_SPLINE_SURFACE_WITH_KNOTS('',3,1,(
    (#6453,#6454)
    ,(#6455,#6456)
    ,(#6457,#6458)
    ,(#6459,#6460
    )),.UNSPECIFIED.,.F.,.F.,.F.,(4,4),(2,2),(3.,4.),(0.,1.),
  .PIECEWISE_BEZIER_KNOTS.);
#6453 = CARTESIAN_POINT('',(-0.42708837866,0.681457589172,0.7800001));
#6454 = CARTESIAN_POINT('',(-0.42708837866,0.681457589172,0.7700001));
#6455 = CARTESIAN_POINT('',(-0.42261741962,0.679793976506,0.7800001));
#6456 = CARTESIAN_POINT('',(-0.42261741962,0.679793976506,0.7700001));
#6457 = CARTESIAN_POINT('',(-0.419654109558,0.678338315423,0.7800001));
#6458 = CARTESIAN_POINT('',(-0.419654109558,0.678338315423,0.7700001));
#6459 = CARTESIAN_POINT('',(-0.418198448475,0.677125264521,0.7800001));
#6460 = CARTESIAN_POINT('',(-0.418198448475,0.677125264521,0.7700001));
#6461 = ADVANCED_FACE('',(#6462),#6480,.F.);
#6462 = FACE_BOUND('',#6463,.F.);
#6463 = EDGE_LOOP('',(#6464,#6465,#6474,#6479));
#6464 = ORIENTED_EDGE('',*,*,#6447,.F.);
#6465 = ORIENTED_EDGE('',*,*,#6466,.T.);
#6466 = EDGE_CURVE('',#6439,#6467,#6469,.T.);
#6467 = VERTEX_POINT('',#6468);
#6468 = CARTESIAN_POINT('',(-0.416014956851,0.672515671092,0.7800001));
#6469 = B_SPLINE_CURVE_WITH_KNOTS('',3,(#6470,#6471,#6472,#6473),
  .UNSPECIFIED.,.F.,.F.,(4,4),(2.,3.),.PIECEWISE_BEZIER_KNOTS.);
#6470 = CARTESIAN_POINT('',(-0.418198448475,0.677125264521,0.7800001));
#6471 = CARTESIAN_POINT('',(-0.416742787392,0.675912213619,0.7800001));
#6472 = CARTESIAN_POINT('',(-0.416014956851,0.674387235342,0.7800001));
#6473 = CARTESIAN_POINT('',(-0.416014956851,0.672515671092,0.7800001));
#6474 = ORIENTED_EDGE('',*,*,#6475,.T.);
#6475 = EDGE_CURVE('',#6467,#349,#6476,.T.);
#6476 = B_SPLINE_CURVE_WITH_KNOTS('',1,(#6477,#6478),.UNSPECIFIED.,.F.,
  .F.,(2,2),(-0.,1.E-02),.PIECEWISE_BEZIER_KNOTS.);
#6477 = CARTESIAN_POINT('',(-0.416014956851,0.672515671092,0.7800001));
#6478 = CARTESIAN_POINT('',(-0.416014956851,0.672515671092,0.7700001));
#6479 = ORIENTED_EDGE('',*,*,#357,.F.);
#6480 = B_SPLINE_SURFACE_WITH_KNOTS('',3,1,(
    (#6481,#6482)
    ,(#6483,#6484)
    ,(#6485,#6486)
    ,(#6487,#6488
    )),.UNSPECIFIED.,.F.,.F.,.F.,(4,4),(2,2),(2.,3.),(0.,1.),
  .PIECEWISE_BEZIER_KNOTS.);
#6481 = CARTESIAN_POINT('',(-0.418198448475,0.677125264521,0.7800001));
#6482 = CARTESIAN_POINT('',(-0.418198448475,0.677125264521,0.7700001));
#6483 = CARTESIAN_POINT('',(-0.416742787392,0.675912213619,0.7800001));
#6484 = CARTESIAN_POINT('',(-0.416742787392,0.675912213619,0.7700001));
#6485 = CARTESIAN_POINT('',(-0.416014956851,0.674387235342,0.7800001));
#6486 = CARTESIAN_POINT('',(-0.416014956851,0.674387235342,0.7700001));
#6487 = CARTESIAN_POINT('',(-0.416014956851,0.672515671092,0.7800001));
#6488 = CARTESIAN_POINT('',(-0.416014956851,0.672515671092,0.7700001));
#6489 = ADVANCED_FACE('',(#6490),#6502,.F.);
#6490 = FACE_BOUND('',#6491,.F.);
#6491 = EDGE_LOOP('',(#6492,#6493,#6500,#6501));
#6492 = ORIENTED_EDGE('',*,*,#6475,.F.);
#6493 = ORIENTED_EDGE('',*,*,#6494,.T.);
#6494 = EDGE_CURVE('',#6467,#5940,#6495,.T.);
#6495 = B_SPLINE_CURVE_WITH_KNOTS('',3,(#6496,#6497,#6498,#6499),
  .UNSPECIFIED.,.F.,.F.,(4,4),(1.,2.),.PIECEWISE_BEZIER_KNOTS.);
#6496 = CARTESIAN_POINT('',(-0.416014956851,0.672515671092,0.7800001));
#6497 = CARTESIAN_POINT('',(-0.416014956851,0.668148687843,0.7800001));
#6498 = CARTESIAN_POINT('',(-0.419359511482,0.665965196219,0.7800001));
#6499 = CARTESIAN_POINT('',(-0.426031291445,0.665965196219,0.7800001));
#6500 = ORIENTED_EDGE('',*,*,#5939,.T.);
#6501 = ORIENTED_EDGE('',*,*,#348,.F.);
#6502 = B_SPLINE_SURFACE_WITH_KNOTS('',3,1,(
    (#6503,#6504)
    ,(#6505,#6506)
    ,(#6507,#6508)
    ,(#6509,#6510
    )),.UNSPECIFIED.,.F.,.F.,.F.,(4,4),(2,2),(1.,2.),(0.,1.),
  .PIECEWISE_BEZIER_KNOTS.);
#6503 = CARTESIAN_POINT('',(-0.416014956851,0.672515671092,0.7800001));
#6504 = CARTESIAN_POINT('',(-0.416014956851,0.672515671092,0.7700001));
#6505 = CARTESIAN_POINT('',(-0.416014956851,0.668148687843,0.7800001));
#6506 = CARTESIAN_POINT('',(-0.416014956851,0.668148687843,0.7700001));
#6507 = CARTESIAN_POINT('',(-0.419359511482,0.665965196219,0.7800001));
#6508 = CARTESIAN_POINT('',(-0.419359511482,0.665965196219,0.7700001));
#6509 = CARTESIAN_POINT('',(-0.426031291445,0.665965196219,0.7800001));
#6510 = CARTESIAN_POINT('',(-0.426031291445,0.665965196219,0.7700001));
#6511 = ADVANCED_FACE('',(#6512),#6535,.F.);
#6512 = FACE_BOUND('',#6513,.T.);
#6513 = EDGE_LOOP('',(#6514,#6515,#6516,#6517,#6518,#6519,#6520,#6521,
    #6522,#6523,#6524,#6525,#6526,#6527,#6528,#6529,#6530,#6531,#6532,
    #6533,#6534));
#6514 = ORIENTED_EDGE('',*,*,#5946,.T.);
#6515 = ORIENTED_EDGE('',*,*,#5981,.T.);
#6516 = ORIENTED_EDGE('',*,*,#5996,.T.);
#6517 = ORIENTED_EDGE('',*,*,#6024,.T.);
#6518 = ORIENTED_EDGE('',*,*,#6052,.T.);
#6519 = ORIENTED_EDGE('',*,*,#6080,.T.);
#6520 = ORIENTED_EDGE('',*,*,#6108,.T.);
#6521 = ORIENTED_EDGE('',*,*,#6136,.T.);
#6522 = ORIENTED_EDGE('',*,*,#6164,.T.);
#6523 = ORIENTED_EDGE('',*,*,#6192,.T.);
#6524 = ORIENTED_EDGE('',*,*,#6220,.T.);
#6525 = ORIENTED_EDGE('',*,*,#6248,.T.);
#6526 = ORIENTED_EDGE('',*,*,#6283,.T.);
#6527 = ORIENTED_EDGE('',*,*,#6298,.T.);
#6528 = ORIENTED_EDGE('',*,*,#6326,.T.);
#6529 = ORIENTED_EDGE('',*,*,#6354,.T.);
#6530 = ORIENTED_EDGE('',*,*,#6382,.T.);
#6531 = ORIENTED_EDGE('',*,*,#6410,.T.);
#6532 = ORIENTED_EDGE('',*,*,#6438,.T.);
#6533 = ORIENTED_EDGE('',*,*,#6466,.T.);
#6534 = ORIENTED_EDGE('',*,*,#6494,.T.);
#6535 = B_SPLINE_SURFACE_WITH_KNOTS('',1,1,(
    (#6536,#6537)
    ,(#6538,#6539
    )),.UNSPECIFIED.,.F.,.F.,.F.,(2,2),(2,2),(-2.596362163535E-02,
    6.736764832751E-03),(-8.101447097922E-03,4.256942202394E-02),
  .PIECEWISE_BEZIER_KNOTS.);
#6536 = CARTESIAN_POINT('',(-0.407298319653,0.659033476777,0.7800001));
#6537 = CARTESIAN_POINT('',(-0.407298319653,0.709704345899,0.7800001));
#6538 = CARTESIAN_POINT('',(-0.439998706121,0.659033476777,0.7800001));
#6539 = CARTESIAN_POINT('',(-0.439998706121,0.709704345899,0.7800001));
#6540 = ADVANCED_FACE('',(#6541),#6563,.F.);
#6541 = FACE_BOUND('',#6542,.T.);
#6542 = EDGE_LOOP('',(#6543,#6544,#6551,#6558));
#6543 = ORIENTED_EDGE('',*,*,#222,.T.);
#6544 = ORIENTED_EDGE('',*,*,#6545,.F.);
#6545 = EDGE_CURVE('',#6546,#214,#6548,.T.);
#6546 = VERTEX_POINT('',#6547);
#6547 = CARTESIAN_POINT('',(-0.36520545334,0.708595270788,0.7800001));
#6548 = B_SPLINE_CURVE_WITH_KNOTS('',1,(#6549,#6550),.UNSPECIFIED.,.F.,
  .F.,(2,2),(-0.,1.E-02),.PIECEWISE_BEZIER_KNOTS.);
#6549 = CARTESIAN_POINT('',(-0.36520545334,0.708595270788,0.7800001));
#6550 = CARTESIAN_POINT('',(-0.36520545334,0.708595270788,0.7700001));
#6551 = ORIENTED_EDGE('',*,*,#6552,.F.);
#6552 = EDGE_CURVE('',#6553,#6546,#6555,.T.);
#6553 = VERTEX_POINT('',#6554);
#6554 = CARTESIAN_POINT('',(-0.356402169649,0.708595270788,0.7800001));
#6555 = B_SPLINE_CURVE_WITH_KNOTS('',1,(#6556,#6557),.UNSPECIFIED.,.F.,
  .F.,(2,2),(-8.803283691157E-03,-0.),.PIECEWISE_BEZIER_KNOTS.);
#6556 = CARTESIAN_POINT('',(-0.356402169649,0.708595270788,0.7800001));
#6557 = CARTESIAN_POINT('',(-0.36520545334,0.708595270788,0.7800001));
#6558 = ORIENTED_EDGE('',*,*,#6559,.T.);
#6559 = EDGE_CURVE('',#6553,#223,#6560,.T.);
#6560 = B_SPLINE_CURVE_WITH_KNOTS('',1,(#6561,#6562),.UNSPECIFIED.,.F.,
  .F.,(2,2),(-0.,1.E-02),.PIECEWISE_BEZIER_KNOTS.);
#6561 = CARTESIAN_POINT('',(-0.356402169649,0.708595270788,0.7800001));
#6562 = CARTESIAN_POINT('',(-0.356402169649,0.708595270788,0.7700001));
#6563 = B_SPLINE_SURFACE_WITH_KNOTS('',1,1,(
    (#6564,#6565)
    ,(#6566,#6567
    )),.UNSPECIFIED.,.F.,.F.,.F.,(2,2),(2,2),(0.,1.E-02),(0.,
    8.803283691157E-03),.PIECEWISE_BEZIER_KNOTS.);
#6564 = CARTESIAN_POINT('',(-0.36520545334,0.708595270788,0.7800001));
#6565 = CARTESIAN_POINT('',(-0.356402169649,0.708595270788,0.7800001));
#6566 = CARTESIAN_POINT('',(-0.36520545334,0.708595270788,0.7700001));
#6567 = CARTESIAN_POINT('',(-0.356402169649,0.708595270788,0.7700001));
#6568 = ADVANCED_FACE('',(#6569),#6585,.F.);
#6569 = FACE_BOUND('',#6570,.T.);
#6570 = EDGE_LOOP('',(#6571,#6572,#6579,#6584));
#6571 = ORIENTED_EDGE('',*,*,#213,.T.);
#6572 = ORIENTED_EDGE('',*,*,#6573,.F.);
#6573 = EDGE_CURVE('',#6574,#216,#6576,.T.);
#6574 = VERTEX_POINT('',#6575);
#6575 = CARTESIAN_POINT('',(-0.378427708176,0.672134426523,0.7800001));
#6576 = B_SPLINE_CURVE_WITH_KNOTS('',1,(#6577,#6578),.UNSPECIFIED.,.F.,
  .F.,(2,2),(-0.,1.E-02),.PIECEWISE_BEZIER_KNOTS.);
#6577 = CARTESIAN_POINT('',(-0.378427708176,0.672134426523,0.7800001));
#6578 = CARTESIAN_POINT('',(-0.378427708176,0.672134426523,0.7700001));
#6579 = ORIENTED_EDGE('',*,*,#6580,.F.);
#6580 = EDGE_CURVE('',#6546,#6574,#6581,.T.);
#6581 = B_SPLINE_CURVE_WITH_KNOTS('',1,(#6582,#6583),.UNSPECIFIED.,.F.,
  .F.,(2,2),(-3.878429047314E-02,-0.),.PIECEWISE_BEZIER_KNOTS.);
#6582 = CARTESIAN_POINT('',(-0.36520545334,0.708595270788,0.7800001));
#6583 = CARTESIAN_POINT('',(-0.378427708176,0.672134426523,0.7800001));
#6584 = ORIENTED_EDGE('',*,*,#6545,.T.);
#6585 = B_SPLINE_SURFACE_WITH_KNOTS('',1,1,(
    (#6586,#6587)
    ,(#6588,#6589
    )),.UNSPECIFIED.,.F.,.F.,.F.,(2,2),(2,2),(0.,3.878429047314E-02),(
    -1.E-02,0.),.PIECEWISE_BEZIER_KNOTS.);
#6586 = CARTESIAN_POINT('',(-0.378427708176,0.672134426523,0.7700001));
#6587 = CARTESIAN_POINT('',(-0.378427708176,0.672134426523,0.7800001));
#6588 = CARTESIAN_POINT('',(-0.36520545334,0.708595270788,0.7700001));
#6589 = CARTESIAN_POINT('',(-0.36520545334,0.708595270788,0.7800001));
#6590 = ADVANCED_FACE('',(#6591),#6609,.F.);
#6591 = FACE_BOUND('',#6592,.F.);
#6592 = EDGE_LOOP('',(#6593,#6594,#6603,#6608));
#6593 = ORIENTED_EDGE('',*,*,#6573,.F.);
#6594 = ORIENTED_EDGE('',*,*,#6595,.T.);
#6595 = EDGE_CURVE('',#6574,#6596,#6598,.T.);
#6596 = VERTEX_POINT('',#6597);
#6597 = CARTESIAN_POINT('',(-0.379467466093,0.668218005038,0.7800001));
#6598 = B_SPLINE_CURVE_WITH_KNOTS('',3,(#6599,#6600,#6601,#6602),
  .UNSPECIFIED.,.F.,.F.,(4,4),(12.,13.),.PIECEWISE_BEZIER_KNOTS.);
#6599 = CARTESIAN_POINT('',(-0.378427708176,0.672134426523,0.7800001));
#6600 = CARTESIAN_POINT('',(-0.378947587134,0.670436155259,0.7800001));
#6601 = CARTESIAN_POINT('',(-0.379294173107,0.669119128566,0.7800001));
#6602 = CARTESIAN_POINT('',(-0.379467466093,0.668218005038,0.7800001));
#6603 = ORIENTED_EDGE('',*,*,#6604,.T.);
#6604 = EDGE_CURVE('',#6596,#315,#6605,.T.);
#6605 = B_SPLINE_CURVE_WITH_KNOTS('',1,(#6606,#6607),.UNSPECIFIED.,.F.,
  .F.,(2,2),(-0.,1.E-02),.PIECEWISE_BEZIER_KNOTS.);
#6606 = CARTESIAN_POINT('',(-0.379467466093,0.668218005038,0.7800001));
#6607 = CARTESIAN_POINT('',(-0.379467466093,0.668218005038,0.7700001));
#6608 = ORIENTED_EDGE('',*,*,#321,.F.);
#6609 = B_SPLINE_SURFACE_WITH_KNOTS('',3,1,(
    (#6610,#6611)
    ,(#6612,#6613)
    ,(#6614,#6615)
    ,(#6616,#6617
    )),.UNSPECIFIED.,.F.,.F.,.F.,(4,4),(2,2),(12.,13.),(0.,1.),
  .PIECEWISE_BEZIER_KNOTS.);
#6610 = CARTESIAN_POINT('',(-0.378427708176,0.672134426523,0.7800001));
#6611 = CARTESIAN_POINT('',(-0.378427708176,0.672134426523,0.7700001));
#6612 = CARTESIAN_POINT('',(-0.378947587134,0.670436155259,0.7800001));
#6613 = CARTESIAN_POINT('',(-0.378947587134,0.670436155259,0.7700001));
#6614 = CARTESIAN_POINT('',(-0.379294173107,0.669119128566,0.7800001));
#6615 = CARTESIAN_POINT('',(-0.379294173107,0.669119128566,0.7700001));
#6616 = CARTESIAN_POINT('',(-0.379467466093,0.668218005038,0.7800001));
#6617 = CARTESIAN_POINT('',(-0.379467466093,0.668218005038,0.7700001));
#6618 = ADVANCED_FACE('',(#6619),#6635,.F.);
#6619 = FACE_BOUND('',#6620,.T.);
#6620 = EDGE_LOOP('',(#6621,#6622,#6629,#6634));
#6621 = ORIENTED_EDGE('',*,*,#314,.T.);
#6622 = ORIENTED_EDGE('',*,*,#6623,.F.);
#6623 = EDGE_CURVE('',#6624,#308,#6626,.T.);
#6624 = VERTEX_POINT('',#6625);
#6625 = CARTESIAN_POINT('',(-0.379692746974,0.668218005038,0.7800001));
#6626 = B_SPLINE_CURVE_WITH_KNOTS('',1,(#6627,#6628),.UNSPECIFIED.,.F.,
  .F.,(2,2),(-0.,1.E-02),.PIECEWISE_BEZIER_KNOTS.);
#6627 = CARTESIAN_POINT('',(-0.379692746974,0.668218005038,0.7800001));
#6628 = CARTESIAN_POINT('',(-0.379692746974,0.668218005038,0.7700001));
#6629 = ORIENTED_EDGE('',*,*,#6630,.F.);
#6630 = EDGE_CURVE('',#6596,#6624,#6631,.T.);
#6631 = B_SPLINE_CURVE_WITH_KNOTS('',1,(#6632,#6633),.UNSPECIFIED.,.F.,
  .F.,(2,2),(-2.252808816116E-04,-0.),.PIECEWISE_BEZIER_KNOTS.);
#6632 = CARTESIAN_POINT('',(-0.379467466093,0.668218005038,0.7800001));
#6633 = CARTESIAN_POINT('',(-0.379692746974,0.668218005038,0.7800001));
#6634 = ORIENTED_EDGE('',*,*,#6604,.T.);
#6635 = B_SPLINE_SURFACE_WITH_KNOTS('',1,1,(
    (#6636,#6637)
    ,(#6638,#6639
    )),.UNSPECIFIED.,.F.,.F.,.F.,(2,2),(2,2),(0.,1.E-02),(0.,
    2.252808816116E-04),.PIECEWISE_BEZIER_KNOTS.);
#6636 = CARTESIAN_POINT('',(-0.379692746974,0.668218005038,0.7800001));
#6637 = CARTESIAN_POINT('',(-0.379467466093,0.668218005038,0.7800001));
#6638 = CARTESIAN_POINT('',(-0.379692746974,0.668218005038,0.7700001));
#6639 = CARTESIAN_POINT('',(-0.379467466093,0.668218005038,0.7700001));
#6640 = ADVANCED_FACE('',(#6641),#6657,.F.);
#6641 = FACE_BOUND('',#6642,.T.);
#6642 = EDGE_LOOP('',(#6643,#6644,#6651,#6656));
#6643 = ORIENTED_EDGE('',*,*,#307,.T.);
#6644 = ORIENTED_EDGE('',*,*,#6645,.F.);
#6645 = EDGE_CURVE('',#6646,#301,#6648,.T.);
#6646 = VERTEX_POINT('',#6647);
#6647 = CARTESIAN_POINT('',(-0.380732504891,0.672203743717,0.7800001));
#6648 = B_SPLINE_CURVE_WITH_KNOTS('',1,(#6649,#6650),.UNSPECIFIED.,.F.,
  .F.,(2,2),(-0.,1.E-02),.PIECEWISE_BEZIER_KNOTS.);
#6649 = CARTESIAN_POINT('',(-0.380732504891,0.672203743717,0.7800001));
#6650 = CARTESIAN_POINT('',(-0.380732504891,0.672203743717,0.7700001));
#6651 = ORIENTED_EDGE('',*,*,#6652,.F.);
#6652 = EDGE_CURVE('',#6624,#6646,#6653,.T.);
#6653 = B_SPLINE_CURVE_WITH_KNOTS('',1,(#6654,#6655),.UNSPECIFIED.,.F.,
  .F.,(2,2),(-4.119127255206E-03,0.),.PIECEWISE_BEZIER_KNOTS.);
#6654 = CARTESIAN_POINT('',(-0.379692746974,0.668218005038,0.7800001));
#6655 = CARTESIAN_POINT('',(-0.380732504891,0.672203743717,0.7800001));
#6656 = ORIENTED_EDGE('',*,*,#6623,.T.);
#6657 = B_SPLINE_SURFACE_WITH_KNOTS('',1,1,(
    (#6658,#6659)
    ,(#6660,#6661
    )),.UNSPECIFIED.,.F.,.F.,.F.,(2,2),(2,2),(0.,4.119127255206E-03),(
    -1.E-02,0.),.PIECEWISE_BEZIER_KNOTS.);
#6658 = CARTESIAN_POINT('',(-0.380732504891,0.672203743717,0.7700001));
#6659 = CARTESIAN_POINT('',(-0.380732504891,0.672203743717,0.7800001));
#6660 = CARTESIAN_POINT('',(-0.379692746974,0.668218005038,0.7700001));
#6661 = CARTESIAN_POINT('',(-0.379692746974,0.668218005038,0.7800001));
#6662 = ADVANCED_FACE('',(#6663),#6679,.F.);
#6663 = FACE_BOUND('',#6664,.T.);
#6664 = EDGE_LOOP('',(#6665,#6666,#6673,#6678));
#6665 = ORIENTED_EDGE('',*,*,#300,.T.);
#6666 = ORIENTED_EDGE('',*,*,#6667,.F.);
#6667 = EDGE_CURVE('',#6668,#294,#6670,.T.);
#6668 = VERTEX_POINT('',#6669);
#6669 = CARTESIAN_POINT('',(-0.393382892873,0.708595270788,0.7800001));
#6670 = B_SPLINE_CURVE_WITH_KNOTS('',1,(#6671,#6672),.UNSPECIFIED.,.F.,
  .F.,(2,2),(-0.,1.E-02),.PIECEWISE_BEZIER_KNOTS.);
#6671 = CARTESIAN_POINT('',(-0.393382892873,0.708595270788,0.7800001));
#6672 = CARTESIAN_POINT('',(-0.393382892873,0.708595270788,0.7700001));
#6673 = ORIENTED_EDGE('',*,*,#6674,.F.);
#6674 = EDGE_CURVE('',#6646,#6668,#6675,.T.);
#6675 = B_SPLINE_CURVE_WITH_KNOTS('',1,(#6676,#6677),.UNSPECIFIED.,.F.,
  .F.,(2,2),(-3.852759476873E-02,0.),.PIECEWISE_BEZIER_KNOTS.);
#6676 = CARTESIAN_POINT('',(-0.380732504891,0.672203743717,0.7800001));
#6677 = CARTESIAN_POINT('',(-0.393382892873,0.708595270788,0.7800001));
#6678 = ORIENTED_EDGE('',*,*,#6645,.T.);
#6679 = B_SPLINE_SURFACE_WITH_KNOTS('',1,1,(
    (#6680,#6681)
    ,(#6682,#6683
    )),.UNSPECIFIED.,.F.,.F.,.F.,(2,2),(2,2),(0.,3.852759476873E-02),(
    -1.E-02,0.),.PIECEWISE_BEZIER_KNOTS.);
#6680 = CARTESIAN_POINT('',(-0.393382892873,0.708595270788,0.7700001));
#6681 = CARTESIAN_POINT('',(-0.393382892873,0.708595270788,0.7800001));
#6682 = CARTESIAN_POINT('',(-0.380732504891,0.672203743717,0.7700001));
#6683 = CARTESIAN_POINT('',(-0.380732504891,0.672203743717,0.7800001));
#6684 = ADVANCED_FACE('',(#6685),#6701,.F.);
#6685 = FACE_BOUND('',#6686,.T.);
#6686 = EDGE_LOOP('',(#6687,#6688,#6695,#6700));
#6687 = ORIENTED_EDGE('',*,*,#293,.T.);
#6688 = ORIENTED_EDGE('',*,*,#6689,.F.);
#6689 = EDGE_CURVE('',#6690,#287,#6692,.T.);
#6690 = VERTEX_POINT('',#6691);
#6691 = CARTESIAN_POINT('',(-0.402879348508,0.708595270788,0.7800001));
#6692 = B_SPLINE_CURVE_WITH_KNOTS('',1,(#6693,#6694),.UNSPECIFIED.,.F.,
  .F.,(2,2),(-0.,1.E-02),.PIECEWISE_BEZIER_KNOTS.);
#6693 = CARTESIAN_POINT('',(-0.402879348508,0.708595270788,0.7800001));
#6694 = CARTESIAN_POINT('',(-0.402879348508,0.708595270788,0.7700001));
#6695 = ORIENTED_EDGE('',*,*,#6696,.F.);
#6696 = EDGE_CURVE('',#6668,#6690,#6697,.T.);
#6697 = B_SPLINE_CURVE_WITH_KNOTS('',1,(#6698,#6699),.UNSPECIFIED.,.F.,
  .F.,(2,2),(-9.496455635733E-03,-0.),.PIECEWISE_BEZIER_KNOTS.);
#6698 = CARTESIAN_POINT('',(-0.393382892873,0.708595270788,0.7800001));
#6699 = CARTESIAN_POINT('',(-0.402879348508,0.708595270788,0.7800001));
#6700 = ORIENTED_EDGE('',*,*,#6667,.T.);
#6701 = B_SPLINE_SURFACE_WITH_KNOTS('',1,1,(
    (#6702,#6703)
    ,(#6704,#6705
    )),.UNSPECIFIED.,.F.,.F.,.F.,(2,2),(2,2),(0.,1.E-02),(0.,
    9.496455635733E-03),.PIECEWISE_BEZIER_KNOTS.);
#6702 = CARTESIAN_POINT('',(-0.402879348508,0.708595270788,0.7800001));
#6703 = CARTESIAN_POINT('',(-0.393382892873,0.708595270788,0.7800001));
#6704 = CARTESIAN_POINT('',(-0.402879348508,0.708595270788,0.7700001));
#6705 = CARTESIAN_POINT('',(-0.393382892873,0.708595270788,0.7700001));
#6706 = ADVANCED_FACE('',(#6707),#6723,.F.);
#6707 = FACE_BOUND('',#6708,.T.);
#6708 = EDGE_LOOP('',(#6709,#6710,#6717,#6722));
#6709 = ORIENTED_EDGE('',*,*,#286,.T.);
#6710 = ORIENTED_EDGE('',*,*,#6711,.F.);
#6711 = EDGE_CURVE('',#6712,#280,#6714,.T.);
#6712 = VERTEX_POINT('',#6713);
#6713 = CARTESIAN_POINT('',(-0.383886437237,0.660281186277,0.7800001));
#6714 = B_SPLINE_CURVE_WITH_KNOTS('',1,(#6715,#6716),.UNSPECIFIED.,.F.,
  .F.,(2,2),(-0.,1.E-02),.PIECEWISE_BEZIER_KNOTS.);
#6715 = CARTESIAN_POINT('',(-0.383886437237,0.660281186277,0.7800001));
#6716 = CARTESIAN_POINT('',(-0.383886437237,0.660281186277,0.7700001));
#6717 = ORIENTED_EDGE('',*,*,#6718,.F.);
#6718 = EDGE_CURVE('',#6690,#6712,#6719,.T.);
#6719 = B_SPLINE_CURVE_WITH_KNOTS('',1,(#6720,#6721),.UNSPECIFIED.,.F.,
  .F.,(2,2),(-5.191321065727E-02,0.),.PIECEWISE_BEZIER_KNOTS.);
#6720 = CARTESIAN_POINT('',(-0.402879348508,0.708595270788,0.7800001));
#6721 = CARTESIAN_POINT('',(-0.383886437237,0.660281186277,0.7800001));
#6722 = ORIENTED_EDGE('',*,*,#6689,.T.);
#6723 = B_SPLINE_SURFACE_WITH_KNOTS('',1,1,(
    (#6724,#6725)
    ,(#6726,#6727
    )),.UNSPECIFIED.,.F.,.F.,.F.,(2,2),(2,2),(0.,5.191321065727E-02),(
    -1.E-02,0.),.PIECEWISE_BEZIER_KNOTS.);
#6724 = CARTESIAN_POINT('',(-0.383886437237,0.660281186277,0.7700001));
#6725 = CARTESIAN_POINT('',(-0.383886437237,0.660281186277,0.7800001));
#6726 = CARTESIAN_POINT('',(-0.402879348508,0.708595270788,0.7700001));
#6727 = CARTESIAN_POINT('',(-0.402879348508,0.708595270788,0.7800001));
#6728 = ADVANCED_FACE('',(#6729),#6745,.F.);
#6729 = FACE_BOUND('',#6730,.T.);
#6730 = EDGE_LOOP('',(#6731,#6732,#6739,#6744));
#6731 = ORIENTED_EDGE('',*,*,#279,.T.);
#6732 = ORIENTED_EDGE('',*,*,#6733,.F.);
#6733 = EDGE_CURVE('',#6734,#271,#6736,.T.);
#6734 = VERTEX_POINT('',#6735);
#6735 = CARTESIAN_POINT('',(-0.387612236437,0.651477902585,0.7800001));
#6736 = B_SPLINE_CURVE_WITH_KNOTS('',1,(#6737,#6738),.UNSPECIFIED.,.F.,
  .F.,(2,2),(-0.,1.E-02),.PIECEWISE_BEZIER_KNOTS.);
#6737 = CARTESIAN_POINT('',(-0.387612236437,0.651477902585,0.7800001));
#6738 = CARTESIAN_POINT('',(-0.387612236437,0.651477902585,0.7700001));
#6739 = ORIENTED_EDGE('',*,*,#6740,.F.);
#6740 = EDGE_CURVE('',#6712,#6734,#6741,.T.);
#6741 = B_SPLINE_CURVE_WITH_KNOTS('',1,(#6742,#6743),.UNSPECIFIED.,.F.,
  .F.,(2,2),(-9.559256426937E-03,-1.23878278252E-16),
  .PIECEWISE_BEZIER_KNOTS.);
#6742 = CARTESIAN_POINT('',(-0.383886437237,0.660281186277,0.7800001));
#6743 = CARTESIAN_POINT('',(-0.387612236437,0.651477902585,0.7800001));
#6744 = ORIENTED_EDGE('',*,*,#6711,.T.);
#6745 = B_SPLINE_SURFACE_WITH_KNOTS('',1,1,(
    (#6746,#6747)
    ,(#6748,#6749
    )),.UNSPECIFIED.,.F.,.F.,.F.,(2,2),(2,2),(1.23878278252E-16,
    9.559256426937E-03),(-1.E-02,0.),.PIECEWISE_BEZIER_KNOTS.);
#6746 = CARTESIAN_POINT('',(-0.387612236437,0.651477902585,0.7700001));
#6747 = CARTESIAN_POINT('',(-0.387612236437,0.651477902585,0.7800001));
#6748 = CARTESIAN_POINT('',(-0.383886437237,0.660281186277,0.7700001));
#6749 = CARTESIAN_POINT('',(-0.383886437237,0.660281186277,0.7800001));
#6750 = ADVANCED_FACE('',(#6751),#6769,.F.);
#6751 = FACE_BOUND('',#6752,.F.);
#6752 = EDGE_LOOP('',(#6753,#6754,#6763,#6768));
#6753 = ORIENTED_EDGE('',*,*,#6733,.F.);
#6754 = ORIENTED_EDGE('',*,*,#6755,.T.);
#6755 = EDGE_CURVE('',#6734,#6756,#6758,.T.);
#6756 = VERTEX_POINT('',#6757);
#6757 = CARTESIAN_POINT('',(-0.396311544337,0.644650158935,0.7800001));
#6758 = B_SPLINE_CURVE_WITH_KNOTS('',3,(#6759,#6760,#6761,#6762),
  .UNSPECIFIED.,.F.,.F.,(4,4),(5.,6.),.PIECEWISE_BEZIER_KNOTS.);
#6759 = CARTESIAN_POINT('',(-0.387612236437,0.651477902585,0.7800001));
#6760 = CARTESIAN_POINT('',(-0.389535788582,0.646902967754,0.7800001));
#6761 = CARTESIAN_POINT('',(-0.392429781449,0.644650158935,0.7800001));
#6762 = CARTESIAN_POINT('',(-0.396311544337,0.644650158935,0.7800001));
#6763 = ORIENTED_EDGE('',*,*,#6764,.T.);
#6764 = EDGE_CURVE('',#6756,#262,#6765,.T.);
#6765 = B_SPLINE_CURVE_WITH_KNOTS('',1,(#6766,#6767),.UNSPECIFIED.,.F.,
  .F.,(2,2),(-0.,1.E-02),.PIECEWISE_BEZIER_KNOTS.);
#6766 = CARTESIAN_POINT('',(-0.396311544337,0.644650158935,0.7800001));
#6767 = CARTESIAN_POINT('',(-0.396311544337,0.644650158935,0.7700001));
#6768 = ORIENTED_EDGE('',*,*,#270,.F.);
#6769 = B_SPLINE_SURFACE_WITH_KNOTS('',3,1,(
    (#6770,#6771)
    ,(#6772,#6773)
    ,(#6774,#6775)
    ,(#6776,#6777
    )),.UNSPECIFIED.,.F.,.F.,.F.,(4,4),(2,2),(5.,6.),(0.,1.),
  .PIECEWISE_BEZIER_KNOTS.);
#6770 = CARTESIAN_POINT('',(-0.387612236437,0.651477902585,0.7800001));
#6771 = CARTESIAN_POINT('',(-0.387612236437,0.651477902585,0.7700001));
#6772 = CARTESIAN_POINT('',(-0.389535788582,0.646902967754,0.7800001));
#6773 = CARTESIAN_POINT('',(-0.389535788582,0.646902967754,0.7700001));
#6774 = CARTESIAN_POINT('',(-0.392429781449,0.644650158935,0.7800001));
#6775 = CARTESIAN_POINT('',(-0.392429781449,0.644650158935,0.7700001));
#6776 = CARTESIAN_POINT('',(-0.396311544337,0.644650158935,0.7800001));
#6777 = CARTESIAN_POINT('',(-0.396311544337,0.644650158935,0.7700001));
#6778 = ADVANCED_FACE('',(#6779),#6797,.F.);
#6779 = FACE_BOUND('',#6780,.F.);
#6780 = EDGE_LOOP('',(#6781,#6782,#6791,#6796));
#6781 = ORIENTED_EDGE('',*,*,#6764,.F.);
#6782 = ORIENTED_EDGE('',*,*,#6783,.T.);
#6783 = EDGE_CURVE('',#6756,#6784,#6786,.T.);
#6784 = VERTEX_POINT('',#6785);
#6785 = CARTESIAN_POINT('',(-0.401129089349,0.645620599657,0.7800001));
#6786 = B_SPLINE_CURVE_WITH_KNOTS('',3,(#6787,#6788,#6789,#6790),
  .UNSPECIFIED.,.F.,.F.,(4,4),(4.,5.),.PIECEWISE_BEZIER_KNOTS.);
#6787 = CARTESIAN_POINT('',(-0.396311544337,0.644650158935,0.7800001));
#6788 = CARTESIAN_POINT('',(-0.397871181211,0.644650158935,0.7800001));
#6789 = CARTESIAN_POINT('',(-0.399465476683,0.64496208631,0.7800001));
#6790 = CARTESIAN_POINT('',(-0.401129089349,0.645620599657,0.7800001));
#6791 = ORIENTED_EDGE('',*,*,#6792,.T.);
#6792 = EDGE_CURVE('',#6784,#255,#6793,.T.);
#6793 = B_SPLINE_CURVE_WITH_KNOTS('',1,(#6794,#6795),.UNSPECIFIED.,.F.,
  .F.,(2,2),(-0.,1.E-02),.PIECEWISE_BEZIER_KNOTS.);
#6794 = CARTESIAN_POINT('',(-0.401129089349,0.645620599657,0.7800001));
#6795 = CARTESIAN_POINT('',(-0.401129089349,0.645620599657,0.7700001));
#6796 = ORIENTED_EDGE('',*,*,#261,.F.);
#6797 = B_SPLINE_SURFACE_WITH_KNOTS('',3,1,(
    (#6798,#6799)
    ,(#6800,#6801)
    ,(#6802,#6803)
    ,(#6804,#6805
    )),.UNSPECIFIED.,.F.,.F.,.F.,(4,4),(2,2),(4.,5.),(0.,1.),
  .PIECEWISE_BEZIER_KNOTS.);
#6798 = CARTESIAN_POINT('',(-0.396311544337,0.644650158935,0.7800001));
#6799 = CARTESIAN_POINT('',(-0.396311544337,0.644650158935,0.7700001));
#6800 = CARTESIAN_POINT('',(-0.397871181211,0.644650158935,0.7800001));
#6801 = CARTESIAN_POINT('',(-0.397871181211,0.644650158935,0.7700001));
#6802 = CARTESIAN_POINT('',(-0.399465476683,0.64496208631,0.7800001));
#6803 = CARTESIAN_POINT('',(-0.399465476683,0.64496208631,0.7700001));
#6804 = CARTESIAN_POINT('',(-0.401129089349,0.645620599657,0.7800001));
#6805 = CARTESIAN_POINT('',(-0.401129089349,0.645620599657,0.7700001));
#6806 = ADVANCED_FACE('',(#6807),#6823,.F.);
#6807 = FACE_BOUND('',#6808,.T.);
#6808 = EDGE_LOOP('',(#6809,#6810,#6817,#6822));
#6809 = ORIENTED_EDGE('',*,*,#254,.T.);
#6810 = ORIENTED_EDGE('',*,*,#6811,.F.);
#6811 = EDGE_CURVE('',#6812,#246,#6814,.T.);
#6812 = VERTEX_POINT('',#6813);
#6813 = CARTESIAN_POINT('',(-0.401129089349,0.638065025465,0.7800001));
#6814 = B_SPLINE_CURVE_WITH_KNOTS('',1,(#6815,#6816),.UNSPECIFIED.,.F.,
  .F.,(2,2),(-0.,1.E-02),.PIECEWISE_BEZIER_KNOTS.);
#6815 = CARTESIAN_POINT('',(-0.401129089349,0.638065025465,0.7800001));
#6816 = CARTESIAN_POINT('',(-0.401129089349,0.638065025465,0.7700001));
#6817 = ORIENTED_EDGE('',*,*,#6818,.F.);
#6818 = EDGE_CURVE('',#6784,#6812,#6819,.T.);
#6819 = B_SPLINE_CURVE_WITH_KNOTS('',1,(#6820,#6821),.UNSPECIFIED.,.F.,
  .F.,(2,2),(-7.555574192073E-03,1.110223024625E-16),
  .PIECEWISE_BEZIER_KNOTS.);
#6820 = CARTESIAN_POINT('',(-0.401129089349,0.645620599657,0.7800001));
#6821 = CARTESIAN_POINT('',(-0.401129089349,0.638065025465,0.7800001));
#6822 = ORIENTED_EDGE('',*,*,#6792,.T.);
#6823 = B_SPLINE_SURFACE_WITH_KNOTS('',1,1,(
    (#6824,#6825)
    ,(#6826,#6827)),.UNSPECIFIED.,.F.,.F.,.F.,(2,2),(2,2),(0.,1.E-02),(
    -1.110223024625E-16,7.555574192073E-03),.PIECEWISE_BEZIER_KNOTS.);
#6824 = CARTESIAN_POINT('',(-0.401129089349,0.638065025465,0.7800001));
#6825 = CARTESIAN_POINT('',(-0.401129089349,0.645620599657,0.7800001));
#6826 = CARTESIAN_POINT('',(-0.401129089349,0.638065025465,0.7700001));
#6827 = CARTESIAN_POINT('',(-0.401129089349,0.645620599657,0.7700001));
#6828 = ADVANCED_FACE('',(#6829),#6847,.F.);
#6829 = FACE_BOUND('',#6830,.F.);
#6830 = EDGE_LOOP('',(#6831,#6832,#6841,#6846));
#6831 = ORIENTED_EDGE('',*,*,#6811,.F.);
#6832 = ORIENTED_EDGE('',*,*,#6833,.T.);
#6833 = EDGE_CURVE('',#6812,#6834,#6836,.T.);
#6834 = VERTEX_POINT('',#6835);
#6835 = CARTESIAN_POINT('',(-0.39565303099,0.63737185352,0.7800001));
#6836 = B_SPLINE_CURVE_WITH_KNOTS('',3,(#6837,#6838,#6839,#6840),
  .UNSPECIFIED.,.F.,.F.,(4,4),(2.,3.),.PIECEWISE_BEZIER_KNOTS.);
#6837 = CARTESIAN_POINT('',(-0.401129089349,0.638065025465,0.7800001));
#6838 = CARTESIAN_POINT('',(-0.399621440371,0.637614463701,0.7800001));
#6839 = CARTESIAN_POINT('',(-0.397784534718,0.63737185352,0.7800001));
#6840 = CARTESIAN_POINT('',(-0.39565303099,0.63737185352,0.7800001));
#6841 = ORIENTED_EDGE('',*,*,#6842,.T.);
#6842 = EDGE_CURVE('',#6834,#237,#6843,.T.);
#6843 = B_SPLINE_CURVE_WITH_KNOTS('',1,(#6844,#6845),.UNSPECIFIED.,.F.,
  .F.,(2,2),(-0.,1.E-02),.PIECEWISE_BEZIER_KNOTS.);
#6844 = CARTESIAN_POINT('',(-0.39565303099,0.63737185352,0.7800001));
#6845 = CARTESIAN_POINT('',(-0.39565303099,0.63737185352,0.7700001));
#6846 = ORIENTED_EDGE('',*,*,#245,.F.);
#6847 = B_SPLINE_SURFACE_WITH_KNOTS('',3,1,(
    (#6848,#6849)
    ,(#6850,#6851)
    ,(#6852,#6853)
    ,(#6854,#6855
    )),.UNSPECIFIED.,.F.,.F.,.F.,(4,4),(2,2),(2.,3.),(0.,1.),
  .PIECEWISE_BEZIER_KNOTS.);
#6848 = CARTESIAN_POINT('',(-0.401129089349,0.638065025465,0.7800001));
#6849 = CARTESIAN_POINT('',(-0.401129089349,0.638065025465,0.7700001));
#6850 = CARTESIAN_POINT('',(-0.399621440371,0.637614463701,0.7800001));
#6851 = CARTESIAN_POINT('',(-0.399621440371,0.637614463701,0.7700001));
#6852 = CARTESIAN_POINT('',(-0.397784534718,0.63737185352,0.7800001));
#6853 = CARTESIAN_POINT('',(-0.397784534718,0.63737185352,0.7700001));
#6854 = CARTESIAN_POINT('',(-0.39565303099,0.63737185352,0.7800001));
#6855 = CARTESIAN_POINT('',(-0.39565303099,0.63737185352,0.7700001));
#6856 = ADVANCED_FACE('',(#6857),#6875,.F.);
#6857 = FACE_BOUND('',#6858,.F.);
#6858 = EDGE_LOOP('',(#6859,#6860,#6869,#6874));
#6859 = ORIENTED_EDGE('',*,*,#6842,.F.);
#6860 = ORIENTED_EDGE('',*,*,#6861,.T.);
#6861 = EDGE_CURVE('',#6834,#6862,#6864,.T.);
#6862 = VERTEX_POINT('',#6863);
#6863 = CARTESIAN_POINT('',(-0.37837572028,0.652864246474,0.7800001));
#6864 = B_SPLINE_CURVE_WITH_KNOTS('',3,(#6865,#6866,#6867,#6868),
  .UNSPECIFIED.,.F.,.F.,(4,4),(1.,2.),.PIECEWISE_BEZIER_KNOTS.);
#6865 = CARTESIAN_POINT('',(-0.39565303099,0.63737185352,0.7800001));
#6866 = CARTESIAN_POINT('',(-0.388218761888,0.63737185352,0.7800001));
#6867 = CARTESIAN_POINT('',(-0.382465434751,0.642535984505,0.7800001));
#6868 = CARTESIAN_POINT('',(-0.37837572028,0.652864246474,0.7800001));
#6869 = ORIENTED_EDGE('',*,*,#6870,.T.);
#6870 = EDGE_CURVE('',#6862,#230,#6871,.T.);
#6871 = B_SPLINE_CURVE_WITH_KNOTS('',1,(#6872,#6873),.UNSPECIFIED.,.F.,
  .F.,(2,2),(-0.,1.E-02),.PIECEWISE_BEZIER_KNOTS.);
#6872 = CARTESIAN_POINT('',(-0.37837572028,0.652864246474,0.7800001));
#6873 = CARTESIAN_POINT('',(-0.37837572028,0.652864246474,0.7700001));
#6874 = ORIENTED_EDGE('',*,*,#236,.F.);
#6875 = B_SPLINE_SURFACE_WITH_KNOTS('',3,1,(
    (#6876,#6877)
    ,(#6878,#6879)
    ,(#6880,#6881)
    ,(#6882,#6883
    )),.UNSPECIFIED.,.F.,.F.,.F.,(4,4),(2,2),(1.,2.),(0.,1.),
  .PIECEWISE_BEZIER_KNOTS.);
#6876 = CARTESIAN_POINT('',(-0.39565303099,0.63737185352,0.7800001));
#6877 = CARTESIAN_POINT('',(-0.39565303099,0.63737185352,0.7700001));
#6878 = CARTESIAN_POINT('',(-0.388218761888,0.63737185352,0.7800001));
#6879 = CARTESIAN_POINT('',(-0.388218761888,0.63737185352,0.7700001));
#6880 = CARTESIAN_POINT('',(-0.382465434751,0.642535984505,0.7800001));
#6881 = CARTESIAN_POINT('',(-0.382465434751,0.642535984505,0.7700001));
#6882 = CARTESIAN_POINT('',(-0.37837572028,0.652864246474,0.7800001));
#6883 = CARTESIAN_POINT('',(-0.37837572028,0.652864246474,0.7700001));
#6884 = ADVANCED_FACE('',(#6885),#6895,.F.);
#6885 = FACE_BOUND('',#6886,.T.);
#6886 = EDGE_LOOP('',(#6887,#6888,#6889,#6894));
#6887 = ORIENTED_EDGE('',*,*,#229,.T.);
#6888 = ORIENTED_EDGE('',*,*,#6559,.F.);
#6889 = ORIENTED_EDGE('',*,*,#6890,.F.);
#6890 = EDGE_CURVE('',#6862,#6553,#6891,.T.);
#6891 = B_SPLINE_CURVE_WITH_KNOTS('',1,(#6892,#6893),.UNSPECIFIED.,.F.,
  .F.,(2,2),(-5.990646040689E-02,0.),.PIECEWISE_BEZIER_KNOTS.);
#6892 = CARTESIAN_POINT('',(-0.37837572028,0.652864246474,0.7800001));
#6893 = CARTESIAN_POINT('',(-0.356402169649,0.708595270788,0.7800001));
#6894 = ORIENTED_EDGE('',*,*,#6870,.T.);
#6895 = B_SPLINE_SURFACE_WITH_KNOTS('',1,1,(
    (#6896,#6897)
    ,(#6898,#6899
    )),.UNSPECIFIED.,.F.,.F.,.F.,(2,2),(2,2),(-0.,5.990646040689E-02),(
    -1.E-02,0.),.PIECEWISE_BEZIER_KNOTS.);
#6896 = CARTESIAN_POINT('',(-0.356402169649,0.708595270788,0.7700001));
#6897 = CARTESIAN_POINT('',(-0.356402169649,0.708595270788,0.7800001));
#6898 = CARTESIAN_POINT('',(-0.37837572028,0.652864246474,0.7700001));
#6899 = CARTESIAN_POINT('',(-0.37837572028,0.652864246474,0.7800001));
#6900 = ADVANCED_FACE('',(#6901),#6918,.T.);
#6901 = FACE_BOUND('',#6902,.T.);
#6902 = EDGE_LOOP('',(#6903,#6904,#6905,#6906,#6907,#6908,#6909,#6910,
    #6911,#6912,#6913,#6914,#6915,#6916,#6917));
#6903 = ORIENTED_EDGE('',*,*,#6552,.T.);
#6904 = ORIENTED_EDGE('',*,*,#6580,.T.);
#6905 = ORIENTED_EDGE('',*,*,#6595,.T.);
#6906 = ORIENTED_EDGE('',*,*,#6630,.T.);
#6907 = ORIENTED_EDGE('',*,*,#6652,.T.);
#6908 = ORIENTED_EDGE('',*,*,#6674,.T.);
#6909 = ORIENTED_EDGE('',*,*,#6696,.T.);
#6910 = ORIENTED_EDGE('',*,*,#6718,.T.);
#6911 = ORIENTED_EDGE('',*,*,#6740,.T.);
#6912 = ORIENTED_EDGE('',*,*,#6755,.T.);
#6913 = ORIENTED_EDGE('',*,*,#6783,.T.);
#6914 = ORIENTED_EDGE('',*,*,#6818,.T.);
#6915 = ORIENTED_EDGE('',*,*,#6833,.T.);
#6916 = ORIENTED_EDGE('',*,*,#6861,.T.);
#6917 = ORIENTED_EDGE('',*,*,#6890,.T.);
#6918 = B_SPLINE_SURFACE_WITH_KNOTS('',1,1,(
    (#6919,#6920)
    ,(#6921,#6922
    )),.UNSPECIFIED.,.F.,.F.,.F.,(2,2),(2,2),(-1.711918085971E-02,
    2.93579979996E-02),(-3.873098238372E-03,6.73503190295E-02),
  .PIECEWISE_BEZIER_KNOTS.);
#6919 = CARTESIAN_POINT('',(-0.402879348508,0.63737185352,0.7800001));
#6920 = CARTESIAN_POINT('',(-0.402879348508,0.708595270788,0.7800001));
#6921 = CARTESIAN_POINT('',(-0.356402169649,0.63737185352,0.7800001));
#6922 = CARTESIAN_POINT('',(-0.356402169649,0.708595270788,0.7800001));
#6923 = ADVANCED_FACE('',(#6924),#6946,.F.);
#6924 = FACE_BOUND('',#6925,.T.);
#6925 = EDGE_LOOP('',(#6926,#6927,#6934,#6941));
#6926 = ORIENTED_EDGE('',*,*,#136,.T.);
#6927 = ORIENTED_EDGE('',*,*,#6928,.F.);
#6928 = EDGE_CURVE('',#6929,#128,#6931,.T.);
#6929 = VERTEX_POINT('',#6930);
#6930 = CARTESIAN_POINT('',(-0.31079145572,0.667906077663,0.7800001));
#6931 = B_SPLINE_CURVE_WITH_KNOTS('',1,(#6932,#6933),.UNSPECIFIED.,.F.,
  .F.,(2,2),(-0.,1.E-02),.PIECEWISE_BEZIER_KNOTS.);
#6932 = CARTESIAN_POINT('',(-0.31079145572,0.667906077663,0.7800001));
#6933 = CARTESIAN_POINT('',(-0.31079145572,0.667906077663,0.7700001));
#6934 = ORIENTED_EDGE('',*,*,#6935,.F.);
#6935 = EDGE_CURVE('',#6936,#6929,#6938,.T.);
#6936 = VERTEX_POINT('',#6937);
#6937 = CARTESIAN_POINT('',(-0.31079145572,0.660177210485,0.7800001));
#6938 = B_SPLINE_CURVE_WITH_KNOTS('',1,(#6939,#6940),.UNSPECIFIED.,.F.,
  .F.,(2,2),(-7.728867177929E-03,0.),.PIECEWISE_BEZIER_KNOTS.);
#6939 = CARTESIAN_POINT('',(-0.31079145572,0.660177210485,0.7800001));
#6940 = CARTESIAN_POINT('',(-0.31079145572,0.667906077663,0.7800001));
#6941 = ORIENTED_EDGE('',*,*,#6942,.T.);
#6942 = EDGE_CURVE('',#6936,#137,#6943,.T.);
#6943 = B_SPLINE_CURVE_WITH_KNOTS('',1,(#6944,#6945),.UNSPECIFIED.,.F.,
  .F.,(2,2),(-0.,1.E-02),.PIECEWISE_BEZIER_KNOTS.);
#6944 = CARTESIAN_POINT('',(-0.31079145572,0.660177210485,0.7800001));
#6945 = CARTESIAN_POINT('',(-0.31079145572,0.660177210485,0.7700001));
#6946 = B_SPLINE_SURFACE_WITH_KNOTS('',1,1,(
    (#6947,#6948)
    ,(#6949,#6950)),.UNSPECIFIED.,.F.,.F.,.F.,(2,2),(2,2),(-1.E-02,0.),(
    -7.728867177929E-03,0.),.PIECEWISE_BEZIER_KNOTS.);
#6947 = CARTESIAN_POINT('',(-0.31079145572,0.660177210485,0.7700001));
#6948 = CARTESIAN_POINT('',(-0.31079145572,0.667906077663,0.7700001));
#6949 = CARTESIAN_POINT('',(-0.31079145572,0.660177210485,0.7800001));
#6950 = CARTESIAN_POINT('',(-0.31079145572,0.667906077663,0.7800001));
#6951 = ADVANCED_FACE('',(#6952),#6968,.F.);
#6952 = FACE_BOUND('',#6953,.T.);
#6953 = EDGE_LOOP('',(#6954,#6955,#6962,#6967));
#6954 = ORIENTED_EDGE('',*,*,#127,.T.);
#6955 = ORIENTED_EDGE('',*,*,#6956,.F.);
#6956 = EDGE_CURVE('',#6957,#130,#6959,.T.);
#6957 = VERTEX_POINT('',#6958);
#6958 = CARTESIAN_POINT('',(-0.338501004189,0.667906077663,0.7800001));
#6959 = B_SPLINE_CURVE_WITH_KNOTS('',1,(#6960,#6961),.UNSPECIFIED.,.F.,
  .F.,(2,2),(-0.,1.E-02),.PIECEWISE_BEZIER_KNOTS.);
#6960 = CARTESIAN_POINT('',(-0.338501004189,0.667906077663,0.7800001));
#6961 = CARTESIAN_POINT('',(-0.338501004189,0.667906077663,0.7700001));
#6962 = ORIENTED_EDGE('',*,*,#6963,.F.);
#6963 = EDGE_CURVE('',#6929,#6957,#6964,.T.);
#6964 = B_SPLINE_CURVE_WITH_KNOTS('',1,(#6965,#6966),.UNSPECIFIED.,.F.,
  .F.,(2,2),(-2.770954846969E-02,-0.),.PIECEWISE_BEZIER_KNOTS.);
#6965 = CARTESIAN_POINT('',(-0.31079145572,0.667906077663,0.7800001));
#6966 = CARTESIAN_POINT('',(-0.338501004189,0.667906077663,0.7800001));
#6967 = ORIENTED_EDGE('',*,*,#6928,.T.);
#6968 = B_SPLINE_SURFACE_WITH_KNOTS('',1,1,(
    (#6969,#6970)
    ,(#6971,#6972
    )),.UNSPECIFIED.,.F.,.F.,.F.,(2,2),(2,2),(0.,1.E-02),(0.,
    2.770954846969E-02),.PIECEWISE_BEZIER_KNOTS.);
#6969 = CARTESIAN_POINT('',(-0.338501004189,0.667906077663,0.7800001));
#6970 = CARTESIAN_POINT('',(-0.31079145572,0.667906077663,0.7800001));
#6971 = CARTESIAN_POINT('',(-0.338501004189,0.667906077663,0.7700001));
#6972 = CARTESIAN_POINT('',(-0.31079145572,0.667906077663,0.7700001));
#6973 = ADVANCED_FACE('',(#6974),#6990,.F.);
#6974 = FACE_BOUND('',#6975,.T.);
#6975 = EDGE_LOOP('',(#6976,#6977,#6984,#6989));
#6976 = ORIENTED_EDGE('',*,*,#206,.T.);
#6977 = ORIENTED_EDGE('',*,*,#6978,.F.);
#6978 = EDGE_CURVE('',#6979,#200,#6981,.T.);
#6979 = VERTEX_POINT('',#6980);
#6980 = CARTESIAN_POINT('',(-0.338501004189,0.690711434628,0.7800001));
#6981 = B_SPLINE_CURVE_WITH_KNOTS('',1,(#6982,#6983),.UNSPECIFIED.,.F.,
  .F.,(2,2),(-0.,1.E-02),.PIECEWISE_BEZIER_KNOTS.);
#6982 = CARTESIAN_POINT('',(-0.338501004189,0.690711434628,0.7800001));
#6983 = CARTESIAN_POINT('',(-0.338501004189,0.690711434628,0.7700001));
#6984 = ORIENTED_EDGE('',*,*,#6985,.F.);
#6985 = EDGE_CURVE('',#6957,#6979,#6986,.T.);
#6986 = B_SPLINE_CURVE_WITH_KNOTS('',1,(#6987,#6988),.UNSPECIFIED.,.F.,
  .F.,(2,2),(-2.280535696444E-02,0.),.PIECEWISE_BEZIER_KNOTS.);
#6987 = CARTESIAN_POINT('',(-0.338501004189,0.667906077663,0.7800001));
#6988 = CARTESIAN_POINT('',(-0.338501004189,0.690711434628,0.7800001));
#6989 = ORIENTED_EDGE('',*,*,#6956,.T.);
#6990 = B_SPLINE_SURFACE_WITH_KNOTS('',1,1,(
    (#6991,#6992)
    ,(#6993,#6994)),.UNSPECIFIED.,.F.,.F.,.F.,(2,2),(2,2),(-1.E-02,0.),(
    -2.280535696444E-02,0.),.PIECEWISE_BEZIER_KNOTS.);
#6991 = CARTESIAN_POINT('',(-0.338501004189,0.667906077663,0.7700001));
#6992 = CARTESIAN_POINT('',(-0.338501004189,0.690711434628,0.7700001));
#6993 = CARTESIAN_POINT('',(-0.338501004189,0.667906077663,0.7800001));
#6994 = CARTESIAN_POINT('',(-0.338501004189,0.690711434628,0.7800001));
#6995 = ADVANCED_FACE('',(#6996),#7012,.F.);
#6996 = FACE_BOUND('',#6997,.T.);
#6997 = EDGE_LOOP('',(#6998,#6999,#7006,#7011));
#6998 = ORIENTED_EDGE('',*,*,#199,.T.);
#6999 = ORIENTED_EDGE('',*,*,#7000,.F.);
#7000 = EDGE_CURVE('',#7001,#193,#7003,.T.);
#7001 = VERTEX_POINT('',#7002);
#7002 = CARTESIAN_POINT('',(-0.314257315441,0.690711434628,0.7800001));
#7003 = B_SPLINE_CURVE_WITH_KNOTS('',1,(#7004,#7005),.UNSPECIFIED.,.F.,
  .F.,(2,2),(-0.,1.E-02),.PIECEWISE_BEZIER_KNOTS.);
#7004 = CARTESIAN_POINT('',(-0.314257315441,0.690711434628,0.7800001));
#7005 = CARTESIAN_POINT('',(-0.314257315441,0.690711434628,0.7700001));
#7006 = ORIENTED_EDGE('',*,*,#7007,.F.);
#7007 = EDGE_CURVE('',#6979,#7001,#7008,.T.);
#7008 = B_SPLINE_CURVE_WITH_KNOTS('',1,(#7009,#7010),.UNSPECIFIED.,.F.,
  .F.,(2,2),(-2.424368874843E-02,0.),.PIECEWISE_BEZIER_KNOTS.);
#7009 = CARTESIAN_POINT('',(-0.338501004189,0.690711434628,0.7800001));
#7010 = CARTESIAN_POINT('',(-0.314257315441,0.690711434628,0.7800001));
#7011 = ORIENTED_EDGE('',*,*,#6978,.T.);
#7012 = B_SPLINE_SURFACE_WITH_KNOTS('',1,1,(
    (#7013,#7014)
    ,(#7015,#7016)),.UNSPECIFIED.,.F.,.F.,.F.,(2,2),(2,2),(-1.E-02,0.),(
    -2.424368874843E-02,0.),.PIECEWISE_BEZIER_KNOTS.);
#7013 = CARTESIAN_POINT('',(-0.338501004189,0.690711434628,0.7700001));
#7014 = CARTESIAN_POINT('',(-0.314257315441,0.690711434628,0.7700001));
#7015 = CARTESIAN_POINT('',(-0.338501004189,0.690711434628,0.7800001));
#7016 = CARTESIAN_POINT('',(-0.314257315441,0.690711434628,0.7800001));
#7017 = ADVANCED_FACE('',(#7018),#7034,.F.);
#7018 = FACE_BOUND('',#7019,.T.);
#7019 = EDGE_LOOP('',(#7020,#7021,#7028,#7033));
#7020 = ORIENTED_EDGE('',*,*,#192,.T.);
#7021 = ORIENTED_EDGE('',*,*,#7022,.F.);
#7022 = EDGE_CURVE('',#7023,#186,#7025,.T.);
#7023 = VERTEX_POINT('',#7024);
#7024 = CARTESIAN_POINT('',(-0.314257315441,0.698474960403,0.7800001));
#7025 = B_SPLINE_CURVE_WITH_KNOTS('',1,(#7026,#7027),.UNSPECIFIED.,.F.,
  .F.,(2,2),(-0.,1.E-02),.PIECEWISE_BEZIER_KNOTS.);
#7026 = CARTESIAN_POINT('',(-0.314257315441,0.698474960403,0.7800001));
#7027 = CARTESIAN_POINT('',(-0.314257315441,0.698474960403,0.7700001));
#7028 = ORIENTED_EDGE('',*,*,#7029,.F.);
#7029 = EDGE_CURVE('',#7001,#7023,#7030,.T.);
#7030 = B_SPLINE_CURVE_WITH_KNOTS('',1,(#7031,#7032),.UNSPECIFIED.,.F.,
  .F.,(2,2),(-7.763525775099E-03,0.),.PIECEWISE_BEZIER_KNOTS.);
#7031 = CARTESIAN_POINT('',(-0.314257315441,0.690711434628,0.7800001));
#7032 = CARTESIAN_POINT('',(-0.314257315441,0.698474960403,0.7800001));
#7033 = ORIENTED_EDGE('',*,*,#7000,.T.);
#7034 = B_SPLINE_SURFACE_WITH_KNOTS('',1,1,(
    (#7035,#7036)
    ,(#7037,#7038)),.UNSPECIFIED.,.F.,.F.,.F.,(2,2),(2,2),(-1.E-02,0.),(
    -7.763525775099E-03,0.),.PIECEWISE_BEZIER_KNOTS.);
#7035 = CARTESIAN_POINT('',(-0.314257315441,0.690711434628,0.7700001));
#7036 = CARTESIAN_POINT('',(-0.314257315441,0.698474960403,0.7700001));
#7037 = CARTESIAN_POINT('',(-0.314257315441,0.690711434628,0.7800001));
#7038 = CARTESIAN_POINT('',(-0.314257315441,0.698474960403,0.7800001));
#7039 = ADVANCED_FACE('',(#7040),#7056,.F.);
#7040 = FACE_BOUND('',#7041,.T.);
#7041 = EDGE_LOOP('',(#7042,#7043,#7050,#7055));
#7042 = ORIENTED_EDGE('',*,*,#185,.T.);
#7043 = ORIENTED_EDGE('',*,*,#7044,.F.);
#7044 = EDGE_CURVE('',#7045,#179,#7047,.T.);
#7045 = VERTEX_POINT('',#7046);
#7046 = CARTESIAN_POINT('',(-0.338501004189,0.698474960403,0.7800001));
#7047 = B_SPLINE_CURVE_WITH_KNOTS('',1,(#7048,#7049),.UNSPECIFIED.,.F.,
  .F.,(2,2),(-0.,1.E-02),.PIECEWISE_BEZIER_KNOTS.);
#7048 = CARTESIAN_POINT('',(-0.338501004189,0.698474960403,0.7800001));
#7049 = CARTESIAN_POINT('',(-0.338501004189,0.698474960403,0.7700001));
#7050 = ORIENTED_EDGE('',*,*,#7051,.F.);
#7051 = EDGE_CURVE('',#7023,#7045,#7052,.T.);
#7052 = B_SPLINE_CURVE_WITH_KNOTS('',1,(#7053,#7054),.UNSPECIFIED.,.F.,
  .F.,(2,2),(-2.424368874843E-02,-0.),.PIECEWISE_BEZIER_KNOTS.);
#7053 = CARTESIAN_POINT('',(-0.314257315441,0.698474960403,0.7800001));
#7054 = CARTESIAN_POINT('',(-0.338501004189,0.698474960403,0.7800001));
#7055 = ORIENTED_EDGE('',*,*,#7022,.T.);
#7056 = B_SPLINE_SURFACE_WITH_KNOTS('',1,1,(
    (#7057,#7058)
    ,(#7059,#7060
    )),.UNSPECIFIED.,.F.,.F.,.F.,(2,2),(2,2),(0.,1.E-02),(0.,
    2.424368874843E-02),.PIECEWISE_BEZIER_KNOTS.);
#7057 = CARTESIAN_POINT('',(-0.338501004189,0.698474960403,0.7800001));
#7058 = CARTESIAN_POINT('',(-0.314257315441,0.698474960403,0.7800001));
#7059 = CARTESIAN_POINT('',(-0.338501004189,0.698474960403,0.7700001));
#7060 = CARTESIAN_POINT('',(-0.314257315441,0.698474960403,0.7700001));
#7061 = ADVANCED_FACE('',(#7062),#7078,.F.);
#7062 = FACE_BOUND('',#7063,.T.);
#7063 = EDGE_LOOP('',(#7064,#7065,#7072,#7077));
#7064 = ORIENTED_EDGE('',*,*,#178,.T.);
#7065 = ORIENTED_EDGE('',*,*,#7066,.F.);
#7066 = EDGE_CURVE('',#7067,#172,#7069,.T.);
#7067 = VERTEX_POINT('',#7068);
#7068 = CARTESIAN_POINT('',(-0.338501004189,0.720171242257,0.7800001));
#7069 = B_SPLINE_CURVE_WITH_KNOTS('',1,(#7070,#7071),.UNSPECIFIED.,.F.,
  .F.,(2,2),(-0.,1.E-02),.PIECEWISE_BEZIER_KNOTS.);
#7070 = CARTESIAN_POINT('',(-0.338501004189,0.720171242257,0.7800001));
#7071 = CARTESIAN_POINT('',(-0.338501004189,0.720171242257,0.7700001));
#7072 = ORIENTED_EDGE('',*,*,#7073,.F.);
#7073 = EDGE_CURVE('',#7045,#7067,#7074,.T.);
#7074 = B_SPLINE_CURVE_WITH_KNOTS('',1,(#7075,#7076),.UNSPECIFIED.,.F.,
  .F.,(2,2),(-2.169628185404E-02,0.),.PIECEWISE_BEZIER_KNOTS.);
#7075 = CARTESIAN_POINT('',(-0.338501004189,0.698474960403,0.7800001));
#7076 = CARTESIAN_POINT('',(-0.338501004189,0.720171242257,0.7800001));
#7077 = ORIENTED_EDGE('',*,*,#7044,.T.);
#7078 = B_SPLINE_SURFACE_WITH_KNOTS('',1,1,(
    (#7079,#7080)
    ,(#7081,#7082)),.UNSPECIFIED.,.F.,.F.,.F.,(2,2),(2,2),(-1.E-02,0.),(
    -2.169628185404E-02,0.),.PIECEWISE_BEZIER_KNOTS.);
#7079 = CARTESIAN_POINT('',(-0.338501004189,0.698474960403,0.7700001));
#7080 = CARTESIAN_POINT('',(-0.338501004189,0.720171242257,0.7700001));
#7081 = CARTESIAN_POINT('',(-0.338501004189,0.698474960403,0.7800001));
#7082 = CARTESIAN_POINT('',(-0.338501004189,0.720171242257,0.7800001));
#7083 = ADVANCED_FACE('',(#7084),#7100,.F.);
#7084 = FACE_BOUND('',#7085,.T.);
#7085 = EDGE_LOOP('',(#7086,#7087,#7094,#7099));
#7086 = ORIENTED_EDGE('',*,*,#171,.T.);
#7087 = ORIENTED_EDGE('',*,*,#7088,.F.);
#7088 = EDGE_CURVE('',#7089,#165,#7091,.T.);
#7089 = VERTEX_POINT('',#7090);
#7090 = CARTESIAN_POINT('',(-0.312333763296,0.720171242257,0.7800001));
#7091 = B_SPLINE_CURVE_WITH_KNOTS('',1,(#7092,#7093),.UNSPECIFIED.,.F.,
  .F.,(2,2),(-0.,1.E-02),.PIECEWISE_BEZIER_KNOTS.);
#7092 = CARTESIAN_POINT('',(-0.312333763296,0.720171242257,0.7800001));
#7093 = CARTESIAN_POINT('',(-0.312333763296,0.720171242257,0.7700001));
#7094 = ORIENTED_EDGE('',*,*,#7095,.F.);
#7095 = EDGE_CURVE('',#7067,#7089,#7096,.T.);
#7096 = B_SPLINE_CURVE_WITH_KNOTS('',1,(#7097,#7098),.UNSPECIFIED.,.F.,
  .F.,(2,2),(-2.616724089373E-02,0.),.PIECEWISE_BEZIER_KNOTS.);
#7097 = CARTESIAN_POINT('',(-0.338501004189,0.720171242257,0.7800001));
#7098 = CARTESIAN_POINT('',(-0.312333763296,0.720171242257,0.7800001));
#7099 = ORIENTED_EDGE('',*,*,#7066,.T.);
#7100 = B_SPLINE_SURFACE_WITH_KNOTS('',1,1,(
    (#7101,#7102)
    ,(#7103,#7104)),.UNSPECIFIED.,.F.,.F.,.F.,(2,2),(2,2),(-1.E-02,0.),(
    -2.616724089373E-02,0.),.PIECEWISE_BEZIER_KNOTS.);
#7101 = CARTESIAN_POINT('',(-0.338501004189,0.720171242257,0.7700001));
#7102 = CARTESIAN_POINT('',(-0.312333763296,0.720171242257,0.7700001));
#7103 = CARTESIAN_POINT('',(-0.338501004189,0.720171242257,0.7800001));
#7104 = CARTESIAN_POINT('',(-0.312333763296,0.720171242257,0.7800001));
#7105 = ADVANCED_FACE('',(#7106),#7122,.F.);
#7106 = FACE_BOUND('',#7107,.T.);
#7107 = EDGE_LOOP('',(#7108,#7109,#7116,#7121));
#7108 = ORIENTED_EDGE('',*,*,#164,.T.);
#7109 = ORIENTED_EDGE('',*,*,#7110,.F.);
#7110 = EDGE_CURVE('',#7111,#158,#7113,.T.);
#7111 = VERTEX_POINT('',#7112);
#7112 = CARTESIAN_POINT('',(-0.312333763296,0.727969426629,0.7800001));
#7113 = B_SPLINE_CURVE_WITH_KNOTS('',1,(#7114,#7115),.UNSPECIFIED.,.F.,
  .F.,(2,2),(-0.,1.E-02),.PIECEWISE_BEZIER_KNOTS.);
#7114 = CARTESIAN_POINT('',(-0.312333763296,0.727969426629,0.7800001));
#7115 = CARTESIAN_POINT('',(-0.312333763296,0.727969426629,0.7700001));
#7116 = ORIENTED_EDGE('',*,*,#7117,.F.);
#7117 = EDGE_CURVE('',#7089,#7111,#7118,.T.);
#7118 = B_SPLINE_CURVE_WITH_KNOTS('',1,(#7119,#7120),.UNSPECIFIED.,.F.,
  .F.,(2,2),(-7.79818437227E-03,0.),.PIECEWISE_BEZIER_KNOTS.);
#7119 = CARTESIAN_POINT('',(-0.312333763296,0.720171242257,0.7800001));
#7120 = CARTESIAN_POINT('',(-0.312333763296,0.727969426629,0.7800001));
#7121 = ORIENTED_EDGE('',*,*,#7088,.T.);
#7122 = B_SPLINE_SURFACE_WITH_KNOTS('',1,1,(
    (#7123,#7124)
    ,(#7125,#7126)),.UNSPECIFIED.,.F.,.F.,.F.,(2,2),(2,2),(-1.E-02,0.),(
    -7.79818437227E-03,0.),.PIECEWISE_BEZIER_KNOTS.);
#7123 = CARTESIAN_POINT('',(-0.312333763296,0.720171242257,0.7700001));
#7124 = CARTESIAN_POINT('',(-0.312333763296,0.727969426629,0.7700001));
#7125 = CARTESIAN_POINT('',(-0.312333763296,0.720171242257,0.7800001));
#7126 = CARTESIAN_POINT('',(-0.312333763296,0.727969426629,0.7800001));
#7127 = ADVANCED_FACE('',(#7128),#7144,.F.);
#7128 = FACE_BOUND('',#7129,.T.);
#7129 = EDGE_LOOP('',(#7130,#7131,#7138,#7143));
#7130 = ORIENTED_EDGE('',*,*,#157,.T.);
#7131 = ORIENTED_EDGE('',*,*,#7132,.F.);
#7132 = EDGE_CURVE('',#7133,#151,#7135,.T.);
#7133 = VERTEX_POINT('',#7134);
#7134 = CARTESIAN_POINT('',(-0.347252299985,0.727969426629,0.7800001));
#7135 = B_SPLINE_CURVE_WITH_KNOTS('',1,(#7136,#7137),.UNSPECIFIED.,.F.,
  .F.,(2,2),(-0.,1.E-02),.PIECEWISE_BEZIER_KNOTS.);
#7136 = CARTESIAN_POINT('',(-0.347252299985,0.727969426629,0.7800001));
#7137 = CARTESIAN_POINT('',(-0.347252299985,0.727969426629,0.7700001));
#7138 = ORIENTED_EDGE('',*,*,#7139,.F.);
#7139 = EDGE_CURVE('',#7111,#7133,#7140,.T.);
#7140 = B_SPLINE_CURVE_WITH_KNOTS('',1,(#7141,#7142),.UNSPECIFIED.,.F.,
  .F.,(2,2),(-3.491853668959E-02,-0.),.PIECEWISE_BEZIER_KNOTS.);
#7141 = CARTESIAN_POINT('',(-0.312333763296,0.727969426629,0.7800001));
#7142 = CARTESIAN_POINT('',(-0.347252299985,0.727969426629,0.7800001));
#7143 = ORIENTED_EDGE('',*,*,#7110,.T.);
#7144 = B_SPLINE_SURFACE_WITH_KNOTS('',1,1,(
    (#7145,#7146)
    ,(#7147,#7148
    )),.UNSPECIFIED.,.F.,.F.,.F.,(2,2),(2,2),(0.,1.E-02),(0.,
    3.491853668959E-02),.PIECEWISE_BEZIER_KNOTS.);
#7145 = CARTESIAN_POINT('',(-0.347252299985,0.727969426629,0.7800001));
#7146 = CARTESIAN_POINT('',(-0.312333763296,0.727969426629,0.7800001));
#7147 = CARTESIAN_POINT('',(-0.347252299985,0.727969426629,0.7700001));
#7148 = CARTESIAN_POINT('',(-0.312333763296,0.727969426629,0.7700001));
#7149 = ADVANCED_FACE('',(#7150),#7166,.F.);
#7150 = FACE_BOUND('',#7151,.T.);
#7151 = EDGE_LOOP('',(#7152,#7153,#7160,#7165));
#7152 = ORIENTED_EDGE('',*,*,#150,.T.);
#7153 = ORIENTED_EDGE('',*,*,#7154,.F.);
#7154 = EDGE_CURVE('',#7155,#144,#7157,.T.);
#7155 = VERTEX_POINT('',#7156);
#7156 = CARTESIAN_POINT('',(-0.347252299985,0.660177210485,0.7800001));
#7157 = B_SPLINE_CURVE_WITH_KNOTS('',1,(#7158,#7159),.UNSPECIFIED.,.F.,
  .F.,(2,2),(-0.,1.E-02),.PIECEWISE_BEZIER_KNOTS.);
#7158 = CARTESIAN_POINT('',(-0.347252299985,0.660177210485,0.7800001));
#7159 = CARTESIAN_POINT('',(-0.347252299985,0.660177210485,0.7700001));
#7160 = ORIENTED_EDGE('',*,*,#7161,.F.);
#7161 = EDGE_CURVE('',#7133,#7155,#7162,.T.);
#7162 = B_SPLINE_CURVE_WITH_KNOTS('',1,(#7163,#7164),.UNSPECIFIED.,.F.,
  .F.,(2,2),(-6.779221614378E-02,-0.),.PIECEWISE_BEZIER_KNOTS.);
#7163 = CARTESIAN_POINT('',(-0.347252299985,0.727969426629,0.7800001));
#7164 = CARTESIAN_POINT('',(-0.347252299985,0.660177210485,0.7800001));
#7165 = ORIENTED_EDGE('',*,*,#7132,.T.);
#7166 = B_SPLINE_SURFACE_WITH_KNOTS('',1,1,(
    (#7167,#7168)
    ,(#7169,#7170
    )),.UNSPECIFIED.,.F.,.F.,.F.,(2,2),(2,2),(0.,1.E-02),(0.,
    6.779221614378E-02),.PIECEWISE_BEZIER_KNOTS.);
#7167 = CARTESIAN_POINT('',(-0.347252299985,0.660177210485,0.7800001));
#7168 = CARTESIAN_POINT('',(-0.347252299985,0.727969426629,0.7800001));
#7169 = CARTESIAN_POINT('',(-0.347252299985,0.660177210485,0.7700001));
#7170 = CARTESIAN_POINT('',(-0.347252299985,0.727969426629,0.7700001));
#7171 = ADVANCED_FACE('',(#7172),#7182,.F.);
#7172 = FACE_BOUND('',#7173,.T.);
#7173 = EDGE_LOOP('',(#7174,#7175,#7176,#7181));
#7174 = ORIENTED_EDGE('',*,*,#143,.T.);
#7175 = ORIENTED_EDGE('',*,*,#6942,.F.);
#7176 = ORIENTED_EDGE('',*,*,#7177,.F.);
#7177 = EDGE_CURVE('',#7155,#6936,#7178,.T.);
#7178 = B_SPLINE_CURVE_WITH_KNOTS('',1,(#7179,#7180),.UNSPECIFIED.,.F.,
  .F.,(2,2),(-3.646084426555E-02,0.),.PIECEWISE_BEZIER_KNOTS.);
#7179 = CARTESIAN_POINT('',(-0.347252299985,0.660177210485,0.7800001));
#7180 = CARTESIAN_POINT('',(-0.31079145572,0.660177210485,0.7800001));
#7181 = ORIENTED_EDGE('',*,*,#7154,.T.);
#7182 = B_SPLINE_SURFACE_WITH_KNOTS('',1,1,(
    (#7183,#7184)
    ,(#7185,#7186)),.UNSPECIFIED.,.F.,.F.,.F.,(2,2),(2,2),(-1.E-02,0.),(
    -3.646084426555E-02,0.),.PIECEWISE_BEZIER_KNOTS.);
#7183 = CARTESIAN_POINT('',(-0.347252299985,0.660177210485,0.7700001));
#7184 = CARTESIAN_POINT('',(-0.31079145572,0.660177210485,0.7700001));
#7185 = CARTESIAN_POINT('',(-0.347252299985,0.660177210485,0.7800001));
#7186 = CARTESIAN_POINT('',(-0.31079145572,0.660177210485,0.7800001));
#7187 = ADVANCED_FACE('',(#7188),#7202,.F.);
#7188 = FACE_BOUND('',#7189,.T.);
#7189 = EDGE_LOOP('',(#7190,#7191,#7192,#7193,#7194,#7195,#7196,#7197,
    #7198,#7199,#7200,#7201));
#7190 = ORIENTED_EDGE('',*,*,#6935,.T.);
#7191 = ORIENTED_EDGE('',*,*,#6963,.T.);
#7192 = ORIENTED_EDGE('',*,*,#6985,.T.);
#7193 = ORIENTED_EDGE('',*,*,#7007,.T.);
#7194 = ORIENTED_EDGE('',*,*,#7029,.T.);
#7195 = ORIENTED_EDGE('',*,*,#7051,.T.);
#7196 = ORIENTED_EDGE('',*,*,#7073,.T.);
#7197 = ORIENTED_EDGE('',*,*,#7095,.T.);
#7198 = ORIENTED_EDGE('',*,*,#7117,.T.);
#7199 = ORIENTED_EDGE('',*,*,#7139,.T.);
#7200 = ORIENTED_EDGE('',*,*,#7161,.T.);
#7201 = ORIENTED_EDGE('',*,*,#7177,.T.);
#7202 = B_SPLINE_SURFACE_WITH_KNOTS('',1,1,(
    (#7203,#7204)
    ,(#7205,#7206
    )),.UNSPECIFIED.,.F.,.F.,.F.,(2,2),(2,2),(0.31079145572,
    0.347252299985),(0.660177210485,0.727969426629),
  .PIECEWISE_BEZIER_KNOTS.);
#7203 = CARTESIAN_POINT('',(-0.31079145572,0.660177210485,0.7800001));
#7204 = CARTESIAN_POINT('',(-0.31079145572,0.727969426629,0.7800001));
#7205 = CARTESIAN_POINT('',(-0.347252299985,0.660177210485,0.7800001));
#7206 = CARTESIAN_POINT('',(-0.347252299985,0.727969426629,0.7800001));
#7207 = ADVANCED_FACE('',(#7208,#7267),#7326,.T.);
#7208 = FACE_BOUND('',#7209,.T.);
#7209 = EDGE_LOOP('',(#7210,#7219,#7228,#7237,#7246,#7255,#7262));
#7210 = ORIENTED_EDGE('',*,*,#7211,.T.);
#7211 = EDGE_CURVE('',#7212,#7214,#7216,.T.);
#7212 = VERTEX_POINT('',#7213);
#7213 = CARTESIAN_POINT('',(-0.29798510405,0.660177210485,0.7800001));
#7214 = VERTEX_POINT('',#7215);
#7215 = CARTESIAN_POINT('',(-0.279338778751,0.660177210485,0.7800001));
#7216 = B_SPLINE_CURVE_WITH_KNOTS('',1,(#7217,#7218),.UNSPECIFIED.,.F.,
  .F.,(2,2),(-1.864632529929E-02,-5.551115123126E-17),
  .PIECEWISE_BEZIER_KNOTS.);
#7217 = CARTESIAN_POINT('',(-0.29798510405,0.660177210485,0.7800001));
#7218 = CARTESIAN_POINT('',(-0.279338778751,0.660177210485,0.7800001));
#7219 = ORIENTED_EDGE('',*,*,#7220,.T.);
#7220 = EDGE_CURVE('',#7214,#7221,#7223,.T.);
#7221 = VERTEX_POINT('',#7222);
#7222 = CARTESIAN_POINT('',(-0.25301557417,0.669673666121,0.7800001));
#7223 = B_SPLINE_CURVE_WITH_KNOTS('',3,(#7224,#7225,#7226,#7227),
  .UNSPECIFIED.,.F.,.F.,(4,4),(5.,6.),.PIECEWISE_BEZIER_KNOTS.);
#7224 = CARTESIAN_POINT('',(-0.279338778751,0.660177210485,0.7800001));
#7225 = CARTESIAN_POINT('',(-0.268611942914,0.660177210485,0.7800001));
#7226 = CARTESIAN_POINT('',(-0.259825988521,0.663331142831,0.7800001));
#7227 = CARTESIAN_POINT('',(-0.25301557417,0.669673666121,0.7800001));
#7228 = ORIENTED_EDGE('',*,*,#7229,.T.);
#7229 = EDGE_CURVE('',#7221,#7230,#7232,.T.);
#7230 = VERTEX_POINT('',#7231);
#7231 = CARTESIAN_POINT('',(-0.242791287992,0.694939783487,0.7800001));
#7232 = B_SPLINE_CURVE_WITH_KNOTS('',3,(#7233,#7234,#7235,#7236),
  .UNSPECIFIED.,.F.,.F.,(4,4),(4.,5.),.PIECEWISE_BEZIER_KNOTS.);
#7233 = CARTESIAN_POINT('',(-0.25301557417,0.669673666121,0.7800001));
#7234 = CARTESIAN_POINT('',(-0.246205159818,0.67601618941,0.7800001));
#7235 = CARTESIAN_POINT('',(-0.242791287992,0.684438228532,0.7800001));
#7236 = CARTESIAN_POINT('',(-0.242791287992,0.694939783487,0.7800001));
#7237 = ORIENTED_EDGE('',*,*,#7238,.T.);
#7238 = EDGE_CURVE('',#7230,#7239,#7241,.T.);
#7239 = VERTEX_POINT('',#7240);
#7240 = CARTESIAN_POINT('',(-0.25301557417,0.718992849952,0.7800001));
#7241 = B_SPLINE_CURVE_WITH_KNOTS('',3,(#7242,#7243,#7244,#7245),
  .UNSPECIFIED.,.F.,.F.,(4,4),(3.,4.),.PIECEWISE_BEZIER_KNOTS.);
#7242 = CARTESIAN_POINT('',(-0.242791287992,0.694939783487,0.7800001));
#7243 = CARTESIAN_POINT('',(-0.242791287992,0.704990776678,0.7800001));
#7244 = CARTESIAN_POINT('',(-0.246205159818,0.712996912634,0.7800001));
#7245 = CARTESIAN_POINT('',(-0.25301557417,0.718992849952,0.7800001));
#7246 = ORIENTED_EDGE('',*,*,#7247,.T.);
#7247 = EDGE_CURVE('',#7239,#7248,#7250,.T.);
#7248 = VERTEX_POINT('',#7249);
#7249 = CARTESIAN_POINT('',(-0.278645606807,0.727969426629,0.7800001));
#7250 = B_SPLINE_CURVE_WITH_KNOTS('',3,(#7251,#7252,#7253,#7254),
  .UNSPECIFIED.,.F.,.F.,(4,4),(2.,3.),.PIECEWISE_BEZIER_KNOTS.);
#7251 = CARTESIAN_POINT('',(-0.25301557417,0.718992849952,0.7800001));
#7252 = CARTESIAN_POINT('',(-0.259825988521,0.724988787269,0.7800001));
#7253 = CARTESIAN_POINT('',(-0.268369332734,0.727969426629,0.7800001));
#7254 = CARTESIAN_POINT('',(-0.278645606807,0.727969426629,0.7800001));
#7255 = ORIENTED_EDGE('',*,*,#7256,.T.);
#7256 = EDGE_CURVE('',#7248,#7257,#7259,.T.);
#7257 = VERTEX_POINT('',#7258);
#7258 = CARTESIAN_POINT('',(-0.29798510405,0.727969426629,0.7800001));
#7259 = B_SPLINE_CURVE_WITH_KNOTS('',1,(#7260,#7261),.UNSPECIFIED.,.F.,
  .F.,(2,2),(-1.933949724317E-02,-0.),.PIECEWISE_BEZIER_KNOTS.);
#7260 = CARTESIAN_POINT('',(-0.278645606807,0.727969426629,0.7800001));
#7261 = CARTESIAN_POINT('',(-0.29798510405,0.727969426629,0.7800001));
#7262 = ORIENTED_EDGE('',*,*,#7263,.T.);
#7263 = EDGE_CURVE('',#7257,#7212,#7264,.T.);
#7264 = B_SPLINE_CURVE_WITH_KNOTS('',1,(#7265,#7266),.UNSPECIFIED.,.F.,
  .F.,(2,2),(-6.779221614378E-02,-0.),.PIECEWISE_BEZIER_KNOTS.);
#7265 = CARTESIAN_POINT('',(-0.29798510405,0.727969426629,0.7800001));
#7266 = CARTESIAN_POINT('',(-0.29798510405,0.660177210485,0.7800001));
#7267 = FACE_BOUND('',#7268,.T.);
#7268 = EDGE_LOOP('',(#7269,#7278,#7285,#7294,#7303,#7312,#7321));
#7269 = ORIENTED_EDGE('',*,*,#7270,.F.);
#7270 = EDGE_CURVE('',#7271,#7273,#7275,.T.);
#7271 = VERTEX_POINT('',#7272);
#7272 = CARTESIAN_POINT('',(-0.289233808255,0.720171242257,0.7800001));
#7273 = VERTEX_POINT('',#7274);
#7274 = CARTESIAN_POINT('',(-0.289233808255,0.667906077663,0.7800001));
#7275 = B_SPLINE_CURVE_WITH_KNOTS('',1,(#7276,#7277),.UNSPECIFIED.,.F.,
  .F.,(2,2),(0.,5.226516459358E-02),.PIECEWISE_BEZIER_KNOTS.);
#7276 = CARTESIAN_POINT('',(-0.289233808255,0.720171242257,0.7800001));
#7277 = CARTESIAN_POINT('',(-0.289233808255,0.667906077663,0.7800001));
#7278 = ORIENTED_EDGE('',*,*,#7279,.F.);
#7279 = EDGE_CURVE('',#7280,#7271,#7282,.T.);
#7280 = VERTEX_POINT('',#7281);
#7281 = CARTESIAN_POINT('',(-0.278992192779,0.720171242257,0.7800001));
#7282 = B_SPLINE_CURVE_WITH_KNOTS('',1,(#7283,#7284),.UNSPECIFIED.,.F.,
  .F.,(2,2),(0.,1.02416154756E-02),.PIECEWISE_BEZIER_KNOTS.);
#7283 = CARTESIAN_POINT('',(-0.278992192779,0.720171242257,0.7800001));
#7284 = CARTESIAN_POINT('',(-0.289233808255,0.720171242257,0.7800001));
#7285 = ORIENTED_EDGE('',*,*,#7286,.F.);
#7286 = EDGE_CURVE('',#7287,#7280,#7289,.T.);
#7287 = VERTEX_POINT('',#7288);
#7288 = CARTESIAN_POINT('',(-0.259427414654,0.71379406037,0.7800001));
#7289 = B_SPLINE_CURVE_WITH_KNOTS('',3,(#7290,#7291,#7292,#7293),
  .UNSPECIFIED.,.F.,.F.,(4,4),(5.,6.),.PIECEWISE_BEZIER_KNOTS.);
#7290 = CARTESIAN_POINT('',(-0.259427414654,0.71379406037,0.7800001));
#7291 = CARTESIAN_POINT('',(-0.264383594055,0.718057067827,0.7800001));
#7292 = CARTESIAN_POINT('',(-0.270916739629,0.720171242257,0.7800001));
#7293 = CARTESIAN_POINT('',(-0.278992192779,0.720171242257,0.7800001));
#7294 = ORIENTED_EDGE('',*,*,#7295,.F.);
#7295 = EDGE_CURVE('',#7296,#7287,#7298,.T.);
#7296 = VERTEX_POINT('',#7297);
#7297 = CARTESIAN_POINT('',(-0.251993145552,0.694697173307,0.7800001));
#7298 = B_SPLINE_CURVE_WITH_KNOTS('',3,(#7299,#7300,#7301,#7302),
  .UNSPECIFIED.,.F.,.F.,(4,4),(4.,5.),.PIECEWISE_BEZIER_KNOTS.);
#7299 = CARTESIAN_POINT('',(-0.251993145552,0.694697173307,0.7800001));
#7300 = CARTESIAN_POINT('',(-0.251993145552,0.703153871026,0.7800001));
#7301 = CARTESIAN_POINT('',(-0.254471235253,0.709531052913,0.7800001));
#7302 = CARTESIAN_POINT('',(-0.259427414654,0.71379406037,0.7800001));
#7303 = ORIENTED_EDGE('',*,*,#7304,.F.);
#7304 = EDGE_CURVE('',#7305,#7296,#7307,.T.);
#7305 = VERTEX_POINT('',#7306);
#7306 = CARTESIAN_POINT('',(-0.259236792369,0.674976431494,0.7800001));
#7307 = B_SPLINE_CURVE_WITH_KNOTS('',3,(#7308,#7309,#7310,#7311),
  .UNSPECIFIED.,.F.,.F.,(4,4),(3.,4.),.PIECEWISE_BEZIER_KNOTS.);
#7308 = CARTESIAN_POINT('',(-0.259236792369,0.674976431494,0.7800001));
#7309 = CARTESIAN_POINT('',(-0.254401918058,0.679655342118,0.7800001));
#7310 = CARTESIAN_POINT('',(-0.251993145552,0.686240475587,0.7800001));
#7311 = CARTESIAN_POINT('',(-0.251993145552,0.694697173307,0.7800001));
#7312 = ORIENTED_EDGE('',*,*,#7313,.F.);
#7313 = EDGE_CURVE('',#7314,#7305,#7316,.T.);
#7314 = VERTEX_POINT('',#7315);
#7315 = CARTESIAN_POINT('',(-0.279390766647,0.667906077663,0.7800001));
#7316 = B_SPLINE_CURVE_WITH_KNOTS('',3,(#7317,#7318,#7319,#7320),
  .UNSPECIFIED.,.F.,.F.,(4,4),(2.,3.),.PIECEWISE_BEZIER_KNOTS.);
#7317 = CARTESIAN_POINT('',(-0.279390766647,0.667906077663,0.7800001));
#7318 = CARTESIAN_POINT('',(-0.27077810524,0.667906077663,0.7800001));
#7319 = CARTESIAN_POINT('',(-0.264054337381,0.670262862273,0.7800001));
#7320 = CARTESIAN_POINT('',(-0.259236792369,0.674976431494,0.7800001));
#7321 = ORIENTED_EDGE('',*,*,#7322,.F.);
#7322 = EDGE_CURVE('',#7273,#7314,#7323,.T.);
#7323 = B_SPLINE_CURVE_WITH_KNOTS('',1,(#7324,#7325),.UNSPECIFIED.,.F.,
  .F.,(2,2),(0.,9.843041607674E-03),.PIECEWISE_BEZIER_KNOTS.);
#7324 = CARTESIAN_POINT('',(-0.289233808255,0.667906077663,0.7800001));
#7325 = CARTESIAN_POINT('',(-0.279390766647,0.667906077663,0.7800001));
#7326 = B_SPLINE_SURFACE_WITH_KNOTS('',1,1,(
    (#7327,#7328)
    ,(#7329,#7330
    )),.UNSPECIFIED.,.F.,.F.,.F.,(2,2),(2,2),(-3.345421095721E-02,
    2.173960510056E-02),(-6.555240429894E-02,2.239811844837E-03),
  .PIECEWISE_BEZIER_KNOTS.);
#7327 = CARTESIAN_POINT('',(-0.29798510405,0.660177210485,0.7800001));
#7328 = CARTESIAN_POINT('',(-0.29798510405,0.727969426629,0.7800001));
#7329 = CARTESIAN_POINT('',(-0.242791287992,0.660177210485,0.7800001));
#7330 = CARTESIAN_POINT('',(-0.242791287992,0.727969426629,0.7800001));
#7331 = ADVANCED_FACE('',(#7332),#7346,.F.);
#7332 = FACE_BOUND('',#7333,.T.);
#7333 = EDGE_LOOP('',(#7334,#7335,#7340,#7341));
#7334 = ORIENTED_EDGE('',*,*,#1142,.T.);
#7335 = ORIENTED_EDGE('',*,*,#7336,.F.);
#7336 = EDGE_CURVE('',#7214,#1132,#7337,.T.);
#7337 = B_SPLINE_CURVE_WITH_KNOTS('',1,(#7338,#7339),.UNSPECIFIED.,.F.,
  .F.,(2,2),(-0.,1.E-02),.PIECEWISE_BEZIER_KNOTS.);
#7338 = CARTESIAN_POINT('',(-0.279338778751,0.660177210485,0.7800001));
#7339 = CARTESIAN_POINT('',(-0.279338778751,0.660177210485,0.7700001));
#7340 = ORIENTED_EDGE('',*,*,#7211,.F.);
#7341 = ORIENTED_EDGE('',*,*,#7342,.T.);
#7342 = EDGE_CURVE('',#7212,#1143,#7343,.T.);
#7343 = B_SPLINE_CURVE_WITH_KNOTS('',1,(#7344,#7345),.UNSPECIFIED.,.F.,
  .F.,(2,2),(-0.,1.E-02),.PIECEWISE_BEZIER_KNOTS.);
#7344 = CARTESIAN_POINT('',(-0.29798510405,0.660177210485,0.7800001));
#7345 = CARTESIAN_POINT('',(-0.29798510405,0.660177210485,0.7700001));
#7346 = B_SPLINE_SURFACE_WITH_KNOTS('',1,1,(
    (#7347,#7348)
    ,(#7349,#7350)),.UNSPECIFIED.,.F.,.F.,.F.,(2,2),(2,2),(-1.E-02,0.),(
    -1.864632529929E-02,-5.551115123126E-17),.PIECEWISE_BEZIER_KNOTS.);
#7347 = CARTESIAN_POINT('',(-0.29798510405,0.660177210485,0.7700001));
#7348 = CARTESIAN_POINT('',(-0.279338778751,0.660177210485,0.7700001));
#7349 = CARTESIAN_POINT('',(-0.29798510405,0.660177210485,0.7800001));
#7350 = CARTESIAN_POINT('',(-0.279338778751,0.660177210485,0.7800001));
#7351 = ADVANCED_FACE('',(#7352),#7362,.F.);
#7352 = FACE_BOUND('',#7353,.F.);
#7353 = EDGE_LOOP('',(#7354,#7355,#7356,#7361));
#7354 = ORIENTED_EDGE('',*,*,#7336,.F.);
#7355 = ORIENTED_EDGE('',*,*,#7220,.T.);
#7356 = ORIENTED_EDGE('',*,*,#7357,.T.);
#7357 = EDGE_CURVE('',#7221,#1134,#7358,.T.);
#7358 = B_SPLINE_CURVE_WITH_KNOTS('',1,(#7359,#7360),.UNSPECIFIED.,.F.,
  .F.,(2,2),(-0.,1.E-02),.PIECEWISE_BEZIER_KNOTS.);
#7359 = CARTESIAN_POINT('',(-0.25301557417,0.669673666121,0.7800001));
#7360 = CARTESIAN_POINT('',(-0.25301557417,0.669673666121,0.7700001));
#7361 = ORIENTED_EDGE('',*,*,#1131,.F.);
#7362 = B_SPLINE_SURFACE_WITH_KNOTS('',3,1,(
    (#7363,#7364)
    ,(#7365,#7366)
    ,(#7367,#7368)
    ,(#7369,#7370
    )),.UNSPECIFIED.,.F.,.F.,.F.,(4,4),(2,2),(5.,6.),(0.,1.),
  .PIECEWISE_BEZIER_KNOTS.);
#7363 = CARTESIAN_POINT('',(-0.279338778751,0.660177210485,0.7800001));
#7364 = CARTESIAN_POINT('',(-0.279338778751,0.660177210485,0.7700001));
#7365 = CARTESIAN_POINT('',(-0.268611942914,0.660177210485,0.7800001));
#7366 = CARTESIAN_POINT('',(-0.268611942914,0.660177210485,0.7700001));
#7367 = CARTESIAN_POINT('',(-0.259825988521,0.663331142831,0.7800001));
#7368 = CARTESIAN_POINT('',(-0.259825988521,0.663331142831,0.7700001));
#7369 = CARTESIAN_POINT('',(-0.25301557417,0.669673666121,0.7800001));
#7370 = CARTESIAN_POINT('',(-0.25301557417,0.669673666121,0.7700001));
#7371 = ADVANCED_FACE('',(#7372),#7382,.F.);
#7372 = FACE_BOUND('',#7373,.F.);
#7373 = EDGE_LOOP('',(#7374,#7375,#7376,#7381));
#7374 = ORIENTED_EDGE('',*,*,#7357,.F.);
#7375 = ORIENTED_EDGE('',*,*,#7229,.T.);
#7376 = ORIENTED_EDGE('',*,*,#7377,.T.);
#7377 = EDGE_CURVE('',#7230,#1173,#7378,.T.);
#7378 = B_SPLINE_CURVE_WITH_KNOTS('',1,(#7379,#7380),.UNSPECIFIED.,.F.,
  .F.,(2,2),(-0.,1.E-02),.PIECEWISE_BEZIER_KNOTS.);
#7379 = CARTESIAN_POINT('',(-0.242791287992,0.694939783487,0.7800001));
#7380 = CARTESIAN_POINT('',(-0.242791287992,0.694939783487,0.7700001));
#7381 = ORIENTED_EDGE('',*,*,#1181,.F.);
#7382 = B_SPLINE_SURFACE_WITH_KNOTS('',3,1,(
    (#7383,#7384)
    ,(#7385,#7386)
    ,(#7387,#7388)
    ,(#7389,#7390
    )),.UNSPECIFIED.,.F.,.F.,.F.,(4,4),(2,2),(4.,5.),(0.,1.),
  .PIECEWISE_BEZIER_KNOTS.);
#7383 = CARTESIAN_POINT('',(-0.25301557417,0.669673666121,0.7800001));
#7384 = CARTESIAN_POINT('',(-0.25301557417,0.669673666121,0.7700001));
#7385 = CARTESIAN_POINT('',(-0.246205159818,0.67601618941,0.7800001));
#7386 = CARTESIAN_POINT('',(-0.246205159818,0.67601618941,0.7700001));
#7387 = CARTESIAN_POINT('',(-0.242791287992,0.684438228532,0.7800001));
#7388 = CARTESIAN_POINT('',(-0.242791287992,0.684438228532,0.7700001));
#7389 = CARTESIAN_POINT('',(-0.242791287992,0.694939783487,0.7800001));
#7390 = CARTESIAN_POINT('',(-0.242791287992,0.694939783487,0.7700001));
#7391 = ADVANCED_FACE('',(#7392),#7402,.F.);
#7392 = FACE_BOUND('',#7393,.F.);
#7393 = EDGE_LOOP('',(#7394,#7395,#7396,#7401));
#7394 = ORIENTED_EDGE('',*,*,#7377,.F.);
#7395 = ORIENTED_EDGE('',*,*,#7238,.T.);
#7396 = ORIENTED_EDGE('',*,*,#7397,.T.);
#7397 = EDGE_CURVE('',#7239,#1164,#7398,.T.);
#7398 = B_SPLINE_CURVE_WITH_KNOTS('',1,(#7399,#7400),.UNSPECIFIED.,.F.,
  .F.,(2,2),(-0.,1.E-02),.PIECEWISE_BEZIER_KNOTS.);
#7399 = CARTESIAN_POINT('',(-0.25301557417,0.718992849952,0.7800001));
#7400 = CARTESIAN_POINT('',(-0.25301557417,0.718992849952,0.7700001));
#7401 = ORIENTED_EDGE('',*,*,#1172,.F.);
#7402 = B_SPLINE_SURFACE_WITH_KNOTS('',3,1,(
    (#7403,#7404)
    ,(#7405,#7406)
    ,(#7407,#7408)
    ,(#7409,#7410
    )),.UNSPECIFIED.,.F.,.F.,.F.,(4,4),(2,2),(3.,4.),(0.,1.),
  .PIECEWISE_BEZIER_KNOTS.);
#7403 = CARTESIAN_POINT('',(-0.242791287992,0.694939783487,0.7800001));
#7404 = CARTESIAN_POINT('',(-0.242791287992,0.694939783487,0.7700001));
#7405 = CARTESIAN_POINT('',(-0.242791287992,0.704990776678,0.7800001));
#7406 = CARTESIAN_POINT('',(-0.242791287992,0.704990776678,0.7700001));
#7407 = CARTESIAN_POINT('',(-0.246205159818,0.712996912634,0.7800001));
#7408 = CARTESIAN_POINT('',(-0.246205159818,0.712996912634,0.7700001));
#7409 = CARTESIAN_POINT('',(-0.25301557417,0.718992849952,0.7800001));
#7410 = CARTESIAN_POINT('',(-0.25301557417,0.718992849952,0.7700001));
#7411 = ADVANCED_FACE('',(#7412),#7422,.F.);
#7412 = FACE_BOUND('',#7413,.F.);
#7413 = EDGE_LOOP('',(#7414,#7415,#7416,#7421));
#7414 = ORIENTED_EDGE('',*,*,#7397,.F.);
#7415 = ORIENTED_EDGE('',*,*,#7247,.T.);
#7416 = ORIENTED_EDGE('',*,*,#7417,.T.);
#7417 = EDGE_CURVE('',#7248,#1157,#7418,.T.);
#7418 = B_SPLINE_CURVE_WITH_KNOTS('',1,(#7419,#7420),.UNSPECIFIED.,.F.,
  .F.,(2,2),(-0.,1.E-02),.PIECEWISE_BEZIER_KNOTS.);
#7419 = CARTESIAN_POINT('',(-0.278645606807,0.727969426629,0.7800001));
#7420 = CARTESIAN_POINT('',(-0.278645606807,0.727969426629,0.7700001));
#7421 = ORIENTED_EDGE('',*,*,#1163,.F.);
#7422 = B_SPLINE_SURFACE_WITH_KNOTS('',3,1,(
    (#7423,#7424)
    ,(#7425,#7426)
    ,(#7427,#7428)
    ,(#7429,#7430
    )),.UNSPECIFIED.,.F.,.F.,.F.,(4,4),(2,2),(2.,3.),(0.,1.),
  .PIECEWISE_BEZIER_KNOTS.);
#7423 = CARTESIAN_POINT('',(-0.25301557417,0.718992849952,0.7800001));
#7424 = CARTESIAN_POINT('',(-0.25301557417,0.718992849952,0.7700001));
#7425 = CARTESIAN_POINT('',(-0.259825988521,0.724988787269,0.7800001));
#7426 = CARTESIAN_POINT('',(-0.259825988521,0.724988787269,0.7700001));
#7427 = CARTESIAN_POINT('',(-0.268369332734,0.727969426629,0.7800001));
#7428 = CARTESIAN_POINT('',(-0.268369332734,0.727969426629,0.7700001));
#7429 = CARTESIAN_POINT('',(-0.278645606807,0.727969426629,0.7800001));
#7430 = CARTESIAN_POINT('',(-0.278645606807,0.727969426629,0.7700001));
#7431 = ADVANCED_FACE('',(#7432),#7442,.F.);
#7432 = FACE_BOUND('',#7433,.T.);
#7433 = EDGE_LOOP('',(#7434,#7435,#7440,#7441));
#7434 = ORIENTED_EDGE('',*,*,#1156,.T.);
#7435 = ORIENTED_EDGE('',*,*,#7436,.F.);
#7436 = EDGE_CURVE('',#7257,#1150,#7437,.T.);
#7437 = B_SPLINE_CURVE_WITH_KNOTS('',1,(#7438,#7439),.UNSPECIFIED.,.F.,
  .F.,(2,2),(-0.,1.E-02),.PIECEWISE_BEZIER_KNOTS.);
#7438 = CARTESIAN_POINT('',(-0.29798510405,0.727969426629,0.7800001));
#7439 = CARTESIAN_POINT('',(-0.29798510405,0.727969426629,0.7700001));
#7440 = ORIENTED_EDGE('',*,*,#7256,.F.);
#7441 = ORIENTED_EDGE('',*,*,#7417,.T.);
#7442 = B_SPLINE_SURFACE_WITH_KNOTS('',1,1,(
    (#7443,#7444)
    ,(#7445,#7446
    )),.UNSPECIFIED.,.F.,.F.,.F.,(2,2),(2,2),(0.,1.E-02),(0.,
    1.933949724317E-02),.PIECEWISE_BEZIER_KNOTS.);
#7443 = CARTESIAN_POINT('',(-0.29798510405,0.727969426629,0.7800001));
#7444 = CARTESIAN_POINT('',(-0.278645606807,0.727969426629,0.7800001));
#7445 = CARTESIAN_POINT('',(-0.29798510405,0.727969426629,0.7700001));
#7446 = CARTESIAN_POINT('',(-0.278645606807,0.727969426629,0.7700001));
#7447 = ADVANCED_FACE('',(#7448),#7454,.F.);
#7448 = FACE_BOUND('',#7449,.T.);
#7449 = EDGE_LOOP('',(#7450,#7451,#7452,#7453));
#7450 = ORIENTED_EDGE('',*,*,#1149,.T.);
#7451 = ORIENTED_EDGE('',*,*,#7342,.F.);
#7452 = ORIENTED_EDGE('',*,*,#7263,.F.);
#7453 = ORIENTED_EDGE('',*,*,#7436,.T.);
#7454 = B_SPLINE_SURFACE_WITH_KNOTS('',1,1,(
    (#7455,#7456)
    ,(#7457,#7458
    )),.UNSPECIFIED.,.F.,.F.,.F.,(2,2),(2,2),(0.,1.E-02),(0.,
    6.779221614378E-02),.PIECEWISE_BEZIER_KNOTS.);
#7455 = CARTESIAN_POINT('',(-0.29798510405,0.660177210485,0.7800001));
#7456 = CARTESIAN_POINT('',(-0.29798510405,0.727969426629,0.7800001));
#7457 = CARTESIAN_POINT('',(-0.29798510405,0.660177210485,0.7700001));
#7458 = CARTESIAN_POINT('',(-0.29798510405,0.727969426629,0.7700001));
#7459 = ADVANCED_FACE('',(#7460),#7482,.T.);
#7460 = FACE_BOUND('',#7461,.T.);
#7461 = EDGE_LOOP('',(#7462,#7471,#7476,#7477));
#7462 = ORIENTED_EDGE('',*,*,#7463,.F.);
#7463 = EDGE_CURVE('',#7464,#7466,#7468,.T.);
#7464 = VERTEX_POINT('',#7465);
#7465 = CARTESIAN_POINT('',(-0.278992192779,0.720171242257,0.7700001));
#7466 = VERTEX_POINT('',#7467);
#7467 = CARTESIAN_POINT('',(-0.289233808255,0.720171242257,0.7700001));
#7468 = B_SPLINE_CURVE_WITH_KNOTS('',1,(#7469,#7470),.UNSPECIFIED.,.F.,
  .F.,(2,2),(0.,1.02416154756E-02),.PIECEWISE_BEZIER_KNOTS.);
#7469 = CARTESIAN_POINT('',(-0.278992192779,0.720171242257,0.7700001));
#7470 = CARTESIAN_POINT('',(-0.289233808255,0.720171242257,0.7700001));
#7471 = ORIENTED_EDGE('',*,*,#7472,.F.);
#7472 = EDGE_CURVE('',#7280,#7464,#7473,.T.);
#7473 = B_SPLINE_CURVE_WITH_KNOTS('',1,(#7474,#7475),.UNSPECIFIED.,.F.,
  .F.,(2,2),(-0.,1.E-02),.PIECEWISE_BEZIER_KNOTS.);
#7474 = CARTESIAN_POINT('',(-0.278992192779,0.720171242257,0.7800001));
#7475 = CARTESIAN_POINT('',(-0.278992192779,0.720171242257,0.7700001));
#7476 = ORIENTED_EDGE('',*,*,#7279,.T.);
#7477 = ORIENTED_EDGE('',*,*,#7478,.T.);
#7478 = EDGE_CURVE('',#7271,#7466,#7479,.T.);
#7479 = B_SPLINE_CURVE_WITH_KNOTS('',1,(#7480,#7481),.UNSPECIFIED.,.F.,
  .F.,(2,2),(-0.,1.E-02),.PIECEWISE_BEZIER_KNOTS.);
#7480 = CARTESIAN_POINT('',(-0.289233808255,0.720171242257,0.7800001));
#7481 = CARTESIAN_POINT('',(-0.289233808255,0.720171242257,0.7700001));
#7482 = B_SPLINE_SURFACE_WITH_KNOTS('',1,1,(
    (#7483,#7484)
    ,(#7485,#7486
    )),.UNSPECIFIED.,.F.,.F.,.F.,(2,2),(2,2),(0.,1.E-02),(
    -1.02416154756E-02,0.),.PIECEWISE_BEZIER_KNOTS.);
#7483 = CARTESIAN_POINT('',(-0.289233808255,0.720171242257,0.7800001));
#7484 = CARTESIAN_POINT('',(-0.278992192779,0.720171242257,0.7800001));
#7485 = CARTESIAN_POINT('',(-0.289233808255,0.720171242257,0.7700001));
#7486 = CARTESIAN_POINT('',(-0.278992192779,0.720171242257,0.7700001));
#7487 = ADVANCED_FACE('',(#7488),#7504,.T.);
#7488 = FACE_BOUND('',#7489,.T.);
#7489 = EDGE_LOOP('',(#7490,#7497,#7498,#7499));
#7490 = ORIENTED_EDGE('',*,*,#7491,.F.);
#7491 = EDGE_CURVE('',#7466,#7492,#7494,.T.);
#7492 = VERTEX_POINT('',#7493);
#7493 = CARTESIAN_POINT('',(-0.289233808255,0.667906077663,0.7700001));
#7494 = B_SPLINE_CURVE_WITH_KNOTS('',1,(#7495,#7496),.UNSPECIFIED.,.F.,
  .F.,(2,2),(0.,5.226516459358E-02),.PIECEWISE_BEZIER_KNOTS.);
#7495 = CARTESIAN_POINT('',(-0.289233808255,0.720171242257,0.7700001));
#7496 = CARTESIAN_POINT('',(-0.289233808255,0.667906077663,0.7700001));
#7497 = ORIENTED_EDGE('',*,*,#7478,.F.);
#7498 = ORIENTED_EDGE('',*,*,#7270,.T.);
#7499 = ORIENTED_EDGE('',*,*,#7500,.T.);
#7500 = EDGE_CURVE('',#7273,#7492,#7501,.T.);
#7501 = B_SPLINE_CURVE_WITH_KNOTS('',1,(#7502,#7503),.UNSPECIFIED.,.F.,
  .F.,(2,2),(-0.,1.E-02),.PIECEWISE_BEZIER_KNOTS.);
#7502 = CARTESIAN_POINT('',(-0.289233808255,0.667906077663,0.7800001));
#7503 = CARTESIAN_POINT('',(-0.289233808255,0.667906077663,0.7700001));
#7504 = B_SPLINE_SURFACE_WITH_KNOTS('',1,1,(
    (#7505,#7506)
    ,(#7507,#7508)),.UNSPECIFIED.,.F.,.F.,.F.,(2,2),(2,2),(0.,1.E-02),(
    -5.226516459358E-02,0.),.PIECEWISE_BEZIER_KNOTS.);
#7505 = CARTESIAN_POINT('',(-0.289233808255,0.667906077663,0.7800001));
#7506 = CARTESIAN_POINT('',(-0.289233808255,0.720171242257,0.7800001));
#7507 = CARTESIAN_POINT('',(-0.289233808255,0.667906077663,0.7700001));
#7508 = CARTESIAN_POINT('',(-0.289233808255,0.720171242257,0.7700001));
#7509 = ADVANCED_FACE('',(#7510),#7526,.T.);
#7510 = FACE_BOUND('',#7511,.T.);
#7511 = EDGE_LOOP('',(#7512,#7519,#7520,#7521));
#7512 = ORIENTED_EDGE('',*,*,#7513,.F.);
#7513 = EDGE_CURVE('',#7492,#7514,#7516,.T.);
#7514 = VERTEX_POINT('',#7515);
#7515 = CARTESIAN_POINT('',(-0.279390766647,0.667906077663,0.7700001));
#7516 = B_SPLINE_CURVE_WITH_KNOTS('',1,(#7517,#7518),.UNSPECIFIED.,.F.,
  .F.,(2,2),(0.,9.843041607674E-03),.PIECEWISE_BEZIER_KNOTS.);
#7517 = CARTESIAN_POINT('',(-0.289233808255,0.667906077663,0.7700001));
#7518 = CARTESIAN_POINT('',(-0.279390766647,0.667906077663,0.7700001));
#7519 = ORIENTED_EDGE('',*,*,#7500,.F.);
#7520 = ORIENTED_EDGE('',*,*,#7322,.T.);
#7521 = ORIENTED_EDGE('',*,*,#7522,.T.);
#7522 = EDGE_CURVE('',#7314,#7514,#7523,.T.);
#7523 = B_SPLINE_CURVE_WITH_KNOTS('',1,(#7524,#7525),.UNSPECIFIED.,.F.,
  .F.,(2,2),(-0.,1.E-02),.PIECEWISE_BEZIER_KNOTS.);
#7524 = CARTESIAN_POINT('',(-0.279390766647,0.667906077663,0.7800001));
#7525 = CARTESIAN_POINT('',(-0.279390766647,0.667906077663,0.7700001));
#7526 = B_SPLINE_SURFACE_WITH_KNOTS('',1,1,(
    (#7527,#7528)
    ,(#7529,#7530
    )),.UNSPECIFIED.,.F.,.F.,.F.,(2,2),(2,2),(-1.E-02,0.),(0.,
    9.843041607674E-03),.PIECEWISE_BEZIER_KNOTS.);
#7527 = CARTESIAN_POINT('',(-0.289233808255,0.667906077663,0.7700001));
#7528 = CARTESIAN_POINT('',(-0.279390766647,0.667906077663,0.7700001));
#7529 = CARTESIAN_POINT('',(-0.289233808255,0.667906077663,0.7800001));
#7530 = CARTESIAN_POINT('',(-0.279390766647,0.667906077663,0.7800001));
#7531 = ADVANCED_FACE('',(#7532),#7550,.T.);
#7532 = FACE_BOUND('',#7533,.T.);
#7533 = EDGE_LOOP('',(#7534,#7543,#7544,#7545));
#7534 = ORIENTED_EDGE('',*,*,#7535,.F.);
#7535 = EDGE_CURVE('',#7514,#7536,#7538,.T.);
#7536 = VERTEX_POINT('',#7537);
#7537 = CARTESIAN_POINT('',(-0.259236792369,0.674976431494,0.7700001));
#7538 = B_SPLINE_CURVE_WITH_KNOTS('',3,(#7539,#7540,#7541,#7542),
  .UNSPECIFIED.,.F.,.F.,(4,4),(2.,3.),.PIECEWISE_BEZIER_KNOTS.);
#7539 = CARTESIAN_POINT('',(-0.279390766647,0.667906077663,0.7700001));
#7540 = CARTESIAN_POINT('',(-0.27077810524,0.667906077663,0.7700001));
#7541 = CARTESIAN_POINT('',(-0.264054337381,0.670262862273,0.7700001));
#7542 = CARTESIAN_POINT('',(-0.259236792369,0.674976431494,0.7700001));
#7543 = ORIENTED_EDGE('',*,*,#7522,.F.);
#7544 = ORIENTED_EDGE('',*,*,#7313,.T.);
#7545 = ORIENTED_EDGE('',*,*,#7546,.T.);
#7546 = EDGE_CURVE('',#7305,#7536,#7547,.T.);
#7547 = B_SPLINE_CURVE_WITH_KNOTS('',1,(#7548,#7549),.UNSPECIFIED.,.F.,
  .F.,(2,2),(-0.,1.E-02),.PIECEWISE_BEZIER_KNOTS.);
#7548 = CARTESIAN_POINT('',(-0.259236792369,0.674976431494,0.7800001));
#7549 = CARTESIAN_POINT('',(-0.259236792369,0.674976431494,0.7700001));
#7550 = B_SPLINE_SURFACE_WITH_KNOTS('',3,1,(
    (#7551,#7552)
    ,(#7553,#7554)
    ,(#7555,#7556)
    ,(#7557,#7558
    )),.UNSPECIFIED.,.F.,.F.,.F.,(4,4),(2,2),(2.,3.),(0.,1.),
  .PIECEWISE_BEZIER_KNOTS.);
#7551 = CARTESIAN_POINT('',(-0.279390766647,0.667906077663,0.7800001));
#7552 = CARTESIAN_POINT('',(-0.279390766647,0.667906077663,0.7700001));
#7553 = CARTESIAN_POINT('',(-0.27077810524,0.667906077663,0.7800001));
#7554 = CARTESIAN_POINT('',(-0.27077810524,0.667906077663,0.7700001));
#7555 = CARTESIAN_POINT('',(-0.264054337381,0.670262862273,0.7800001));
#7556 = CARTESIAN_POINT('',(-0.264054337381,0.670262862273,0.7700001));
#7557 = CARTESIAN_POINT('',(-0.259236792369,0.674976431494,0.7800001));
#7558 = CARTESIAN_POINT('',(-0.259236792369,0.674976431494,0.7700001));
#7559 = ADVANCED_FACE('',(#7560),#7578,.T.);
#7560 = FACE_BOUND('',#7561,.T.);
#7561 = EDGE_LOOP('',(#7562,#7571,#7572,#7573));
#7562 = ORIENTED_EDGE('',*,*,#7563,.F.);
#7563 = EDGE_CURVE('',#7536,#7564,#7566,.T.);
#7564 = VERTEX_POINT('',#7565);
#7565 = CARTESIAN_POINT('',(-0.251993145552,0.694697173307,0.7700001));
#7566 = B_SPLINE_CURVE_WITH_KNOTS('',3,(#7567,#7568,#7569,#7570),
  .UNSPECIFIED.,.F.,.F.,(4,4),(3.,4.),.PIECEWISE_BEZIER_KNOTS.);
#7567 = CARTESIAN_POINT('',(-0.259236792369,0.674976431494,0.7700001));
#7568 = CARTESIAN_POINT('',(-0.254401918058,0.679655342118,0.7700001));
#7569 = CARTESIAN_POINT('',(-0.251993145552,0.686240475587,0.7700001));
#7570 = CARTESIAN_POINT('',(-0.251993145552,0.694697173307,0.7700001));
#7571 = ORIENTED_EDGE('',*,*,#7546,.F.);
#7572 = ORIENTED_EDGE('',*,*,#7304,.T.);
#7573 = ORIENTED_EDGE('',*,*,#7574,.T.);
#7574 = EDGE_CURVE('',#7296,#7564,#7575,.T.);
#7575 = B_SPLINE_CURVE_WITH_KNOTS('',1,(#7576,#7577),.UNSPECIFIED.,.F.,
  .F.,(2,2),(-0.,1.E-02),.PIECEWISE_BEZIER_KNOTS.);
#7576 = CARTESIAN_POINT('',(-0.251993145552,0.694697173307,0.7800001));
#7577 = CARTESIAN_POINT('',(-0.251993145552,0.694697173307,0.7700001));
#7578 = B_SPLINE_SURFACE_WITH_KNOTS('',3,1,(
    (#7579,#7580)
    ,(#7581,#7582)
    ,(#7583,#7584)
    ,(#7585,#7586
    )),.UNSPECIFIED.,.F.,.F.,.F.,(4,4),(2,2),(3.,4.),(0.,1.),
  .PIECEWISE_BEZIER_KNOTS.);
#7579 = CARTESIAN_POINT('',(-0.259236792369,0.674976431494,0.7800001));
#7580 = CARTESIAN_POINT('',(-0.259236792369,0.674976431494,0.7700001));
#7581 = CARTESIAN_POINT('',(-0.254401918058,0.679655342118,0.7800001));
#7582 = CARTESIAN_POINT('',(-0.254401918058,0.679655342118,0.7700001));
#7583 = CARTESIAN_POINT('',(-0.251993145552,0.686240475587,0.7800001));
#7584 = CARTESIAN_POINT('',(-0.251993145552,0.686240475587,0.7700001));
#7585 = CARTESIAN_POINT('',(-0.251993145552,0.694697173307,0.7800001));
#7586 = CARTESIAN_POINT('',(-0.251993145552,0.694697173307,0.7700001));
#7587 = ADVANCED_FACE('',(#7588),#7606,.T.);
#7588 = FACE_BOUND('',#7589,.T.);
#7589 = EDGE_LOOP('',(#7590,#7599,#7600,#7601));
#7590 = ORIENTED_EDGE('',*,*,#7591,.F.);
#7591 = EDGE_CURVE('',#7564,#7592,#7594,.T.);
#7592 = VERTEX_POINT('',#7593);
#7593 = CARTESIAN_POINT('',(-0.259427414654,0.71379406037,0.7700001));
#7594 = B_SPLINE_CURVE_WITH_KNOTS('',3,(#7595,#7596,#7597,#7598),
  .UNSPECIFIED.,.F.,.F.,(4,4),(4.,5.),.PIECEWISE_BEZIER_KNOTS.);
#7595 = CARTESIAN_POINT('',(-0.251993145552,0.694697173307,0.7700001));
#7596 = CARTESIAN_POINT('',(-0.251993145552,0.703153871026,0.7700001));
#7597 = CARTESIAN_POINT('',(-0.254471235253,0.709531052913,0.7700001));
#7598 = CARTESIAN_POINT('',(-0.259427414654,0.71379406037,0.7700001));
#7599 = ORIENTED_EDGE('',*,*,#7574,.F.);
#7600 = ORIENTED_EDGE('',*,*,#7295,.T.);
#7601 = ORIENTED_EDGE('',*,*,#7602,.T.);
#7602 = EDGE_CURVE('',#7287,#7592,#7603,.T.);
#7603 = B_SPLINE_CURVE_WITH_KNOTS('',1,(#7604,#7605),.UNSPECIFIED.,.F.,
  .F.,(2,2),(-0.,1.E-02),.PIECEWISE_BEZIER_KNOTS.);
#7604 = CARTESIAN_POINT('',(-0.259427414654,0.71379406037,0.7800001));
#7605 = CARTESIAN_POINT('',(-0.259427414654,0.71379406037,0.7700001));
#7606 = B_SPLINE_SURFACE_WITH_KNOTS('',3,1,(
    (#7607,#7608)
    ,(#7609,#7610)
    ,(#7611,#7612)
    ,(#7613,#7614
    )),.UNSPECIFIED.,.F.,.F.,.F.,(4,4),(2,2),(4.,5.),(0.,1.),
  .PIECEWISE_BEZIER_KNOTS.);
#7607 = CARTESIAN_POINT('',(-0.251993145552,0.694697173307,0.7800001));
#7608 = CARTESIAN_POINT('',(-0.251993145552,0.694697173307,0.7700001));
#7609 = CARTESIAN_POINT('',(-0.251993145552,0.703153871026,0.7800001));
#7610 = CARTESIAN_POINT('',(-0.251993145552,0.703153871026,0.7700001));
#7611 = CARTESIAN_POINT('',(-0.254471235253,0.709531052913,0.7800001));
#7612 = CARTESIAN_POINT('',(-0.254471235253,0.709531052913,0.7700001));
#7613 = CARTESIAN_POINT('',(-0.259427414654,0.71379406037,0.7800001));
#7614 = CARTESIAN_POINT('',(-0.259427414654,0.71379406037,0.7700001));
#7615 = ADVANCED_FACE('',(#7616),#7628,.T.);
#7616 = FACE_BOUND('',#7617,.T.);
#7617 = EDGE_LOOP('',(#7618,#7625,#7626,#7627));
#7618 = ORIENTED_EDGE('',*,*,#7619,.F.);
#7619 = EDGE_CURVE('',#7592,#7464,#7620,.T.);
#7620 = B_SPLINE_CURVE_WITH_KNOTS('',3,(#7621,#7622,#7623,#7624),
  .UNSPECIFIED.,.F.,.F.,(4,4),(5.,6.),.PIECEWISE_BEZIER_KNOTS.);
#7621 = CARTESIAN_POINT('',(-0.259427414654,0.71379406037,0.7700001));
#7622 = CARTESIAN_POINT('',(-0.264383594055,0.718057067827,0.7700001));
#7623 = CARTESIAN_POINT('',(-0.270916739629,0.720171242257,0.7700001));
#7624 = CARTESIAN_POINT('',(-0.278992192779,0.720171242257,0.7700001));
#7625 = ORIENTED_EDGE('',*,*,#7602,.F.);
#7626 = ORIENTED_EDGE('',*,*,#7286,.T.);
#7627 = ORIENTED_EDGE('',*,*,#7472,.T.);
#7628 = B_SPLINE_SURFACE_WITH_KNOTS('',3,1,(
    (#7629,#7630)
    ,(#7631,#7632)
    ,(#7633,#7634)
    ,(#7635,#7636
    )),.UNSPECIFIED.,.F.,.F.,.F.,(4,4),(2,2),(5.,6.),(0.,1.),
  .PIECEWISE_BEZIER_KNOTS.);
#7629 = CARTESIAN_POINT('',(-0.259427414654,0.71379406037,0.7800001));
#7630 = CARTESIAN_POINT('',(-0.259427414654,0.71379406037,0.7700001));
#7631 = CARTESIAN_POINT('',(-0.264383594055,0.718057067827,0.7800001));
#7632 = CARTESIAN_POINT('',(-0.264383594055,0.718057067827,0.7700001));
#7633 = CARTESIAN_POINT('',(-0.270916739629,0.720171242257,0.7800001));
#7634 = CARTESIAN_POINT('',(-0.270916739629,0.720171242257,0.7700001));
#7635 = CARTESIAN_POINT('',(-0.278992192779,0.720171242257,0.7800001));
#7636 = CARTESIAN_POINT('',(-0.278992192779,0.720171242257,0.7700001));
#7637 = ADVANCED_FACE('',(#7638),#7647,.T.);
#7638 = FACE_BOUND('',#7639,.T.);
#7639 = EDGE_LOOP('',(#7640,#7641,#7642,#7643,#7644,#7645,#7646));
#7640 = ORIENTED_EDGE('',*,*,#7463,.T.);
#7641 = ORIENTED_EDGE('',*,*,#7491,.T.);
#7642 = ORIENTED_EDGE('',*,*,#7513,.T.);
#7643 = ORIENTED_EDGE('',*,*,#7535,.T.);
#7644 = ORIENTED_EDGE('',*,*,#7563,.T.);
#7645 = ORIENTED_EDGE('',*,*,#7591,.T.);
#7646 = ORIENTED_EDGE('',*,*,#7619,.T.);
#7647 = B_SPLINE_SURFACE_WITH_KNOTS('',1,1,(
    (#7648,#7649)
    ,(#7650,#7651
    )),.UNSPECIFIED.,.F.,.F.,.F.,(2,2),(2,2),(-0.289233808255,
    -0.251993145552),(0.667906077663,0.720171242257),
  .PIECEWISE_BEZIER_KNOTS.);
#7648 = CARTESIAN_POINT('',(-0.289233808255,0.667906077663,0.7700001));
#7649 = CARTESIAN_POINT('',(-0.289233808255,0.720171242257,0.7700001));
#7650 = CARTESIAN_POINT('',(-0.251993145552,0.667906077663,0.7700001));
#7651 = CARTESIAN_POINT('',(-0.251993145552,0.720171242257,0.7700001));
#7652 = ADVANCED_FACE('',(#7653,#7711),#7759,.F.);
#7653 = FACE_BOUND('',#7654,.T.);
#7654 = EDGE_LOOP('',(#7655,#7664,#7671,#7678,#7685,#7692,#7699,#7706));
#7655 = ORIENTED_EDGE('',*,*,#7656,.T.);
#7656 = EDGE_CURVE('',#7657,#7659,#7661,.T.);
#7657 = VERTEX_POINT('',#7658);
#7658 = CARTESIAN_POINT('',(-0.178031699105,0.660177210485,0.7800001));
#7659 = VERTEX_POINT('',#7660);
#7660 = CARTESIAN_POINT('',(-0.203852354026,0.727969426629,0.7800001));
#7661 = B_SPLINE_CURVE_WITH_KNOTS('',1,(#7662,#7663),.UNSPECIFIED.,.F.,
  .F.,(2,2),(-7.254302716501E-02,0.),.PIECEWISE_BEZIER_KNOTS.);
#7662 = CARTESIAN_POINT('',(-0.178031699105,0.660177210485,0.7800001));
#7663 = CARTESIAN_POINT('',(-0.203852354026,0.727969426629,0.7800001));
#7664 = ORIENTED_EDGE('',*,*,#7665,.T.);
#7665 = EDGE_CURVE('',#7659,#7666,#7668,.T.);
#7666 = VERTEX_POINT('',#7667);
#7667 = CARTESIAN_POINT('',(-0.213210175274,0.727969426629,0.7800001));
#7668 = B_SPLINE_CURVE_WITH_KNOTS('',1,(#7669,#7670),.UNSPECIFIED.,.F.,
  .F.,(2,2),(-9.357821247279E-03,-0.),.PIECEWISE_BEZIER_KNOTS.);
#7669 = CARTESIAN_POINT('',(-0.203852354026,0.727969426629,0.7800001));
#7670 = CARTESIAN_POINT('',(-0.213210175274,0.727969426629,0.7800001));
#7671 = ORIENTED_EDGE('',*,*,#7672,.T.);
#7672 = EDGE_CURVE('',#7666,#7673,#7675,.T.);
#7673 = VERTEX_POINT('',#7674);
#7674 = CARTESIAN_POINT('',(-0.239030830196,0.660177210485,0.7800001));
#7675 = B_SPLINE_CURVE_WITH_KNOTS('',1,(#7676,#7677),.UNSPECIFIED.,.F.,
  .F.,(2,2),(-7.254302716517E-02,-0.),.PIECEWISE_BEZIER_KNOTS.);
#7676 = CARTESIAN_POINT('',(-0.213210175274,0.727969426629,0.7800001));
#7677 = CARTESIAN_POINT('',(-0.239030830196,0.660177210485,0.7800001));
#7678 = ORIENTED_EDGE('',*,*,#7679,.T.);
#7679 = EDGE_CURVE('',#7673,#7680,#7682,.T.);
#7680 = VERTEX_POINT('',#7681);
#7681 = CARTESIAN_POINT('',(-0.229361081574,0.660177210485,0.7800001));
#7682 = B_SPLINE_CURVE_WITH_KNOTS('',1,(#7683,#7684),.UNSPECIFIED.,.F.,
  .F.,(2,2),(-9.669748621818E-03,0.),.PIECEWISE_BEZIER_KNOTS.);
#7683 = CARTESIAN_POINT('',(-0.239030830196,0.660177210485,0.7800001));
#7684 = CARTESIAN_POINT('',(-0.229361081574,0.660177210485,0.7800001));
#7685 = ORIENTED_EDGE('',*,*,#7686,.T.);
#7686 = EDGE_CURVE('',#7680,#7687,#7689,.T.);
#7687 = VERTEX_POINT('',#7688);
#7688 = CARTESIAN_POINT('',(-0.222845265298,0.678719559993,0.7800001));
#7689 = B_SPLINE_CURVE_WITH_KNOTS('',1,(#7690,#7691),.UNSPECIFIED.,.F.,
  .F.,(2,2),(-1.965386951692E-02,0.),.PIECEWISE_BEZIER_KNOTS.);
#7690 = CARTESIAN_POINT('',(-0.229361081574,0.660177210485,0.7800001));
#7691 = CARTESIAN_POINT('',(-0.222845265298,0.678719559993,0.7800001));
#7692 = ORIENTED_EDGE('',*,*,#7693,.T.);
#7693 = EDGE_CURVE('',#7687,#7694,#7696,.T.);
#7694 = VERTEX_POINT('',#7695);
#7695 = CARTESIAN_POINT('',(-0.19461583787,0.678719559993,0.7800001));
#7696 = B_SPLINE_CURVE_WITH_KNOTS('',1,(#7697,#7698),.UNSPECIFIED.,.F.,
  .F.,(2,2),(-2.822942742818E-02,0.),.PIECEWISE_BEZIER_KNOTS.);
#7697 = CARTESIAN_POINT('',(-0.222845265298,0.678719559993,0.7800001));
#7698 = CARTESIAN_POINT('',(-0.19461583787,0.678719559993,0.7800001));
#7699 = ORIENTED_EDGE('',*,*,#7700,.T.);
#7700 = EDGE_CURVE('',#7694,#7701,#7703,.T.);
#7701 = VERTEX_POINT('',#7702);
#7702 = CARTESIAN_POINT('',(-0.187701447726,0.660177210485,0.7800001));
#7703 = B_SPLINE_CURVE_WITH_KNOTS('',1,(#7704,#7705),.UNSPECIFIED.,.F.,
  .F.,(2,2),(-1.978958100401E-02,0.),.PIECEWISE_BEZIER_KNOTS.);
#7704 = CARTESIAN_POINT('',(-0.19461583787,0.678719559993,0.7800001));
#7705 = CARTESIAN_POINT('',(-0.187701447726,0.660177210485,0.7800001));
#7706 = ORIENTED_EDGE('',*,*,#7707,.T.);
#7707 = EDGE_CURVE('',#7701,#7657,#7708,.T.);
#7708 = B_SPLINE_CURVE_WITH_KNOTS('',1,(#7709,#7710),.UNSPECIFIED.,.F.,
  .F.,(2,2),(-9.669748621356E-03,0.),.PIECEWISE_BEZIER_KNOTS.);
#7709 = CARTESIAN_POINT('',(-0.187701447726,0.660177210485,0.7800001));
#7710 = CARTESIAN_POINT('',(-0.178031699105,0.660177210485,0.7800001));
#7711 = FACE_BOUND('',#7712,.T.);
#7712 = EDGE_LOOP('',(#7713,#7722,#7729,#7738,#7745,#7754));
#7713 = ORIENTED_EDGE('',*,*,#7714,.F.);
#7714 = EDGE_CURVE('',#7715,#7717,#7719,.T.);
#7715 = VERTEX_POINT('',#7716);
#7716 = CARTESIAN_POINT('',(-0.220072577521,0.686379109976,0.7800001));
#7717 = VERTEX_POINT('',#7718);
#7718 = CARTESIAN_POINT('',(-0.197319208452,0.686379109976,0.7800001));
#7719 = B_SPLINE_CURVE_WITH_KNOTS('',1,(#7720,#7721),.UNSPECIFIED.,.F.,
  .F.,(2,2),(0.,2.275336906869E-02),.PIECEWISE_BEZIER_KNOTS.);
#7720 = CARTESIAN_POINT('',(-0.220072577521,0.686379109976,0.7800001));
#7721 = CARTESIAN_POINT('',(-0.197319208452,0.686379109976,0.7800001));
#7722 = ORIENTED_EDGE('',*,*,#7723,.F.);
#7723 = EDGE_CURVE('',#7724,#7715,#7726,.T.);
#7724 = VERTEX_POINT('',#7725);
#7725 = CARTESIAN_POINT('',(-0.209934937837,0.714556549509,0.7800001));
#7726 = B_SPLINE_CURVE_WITH_KNOTS('',1,(#7727,#7728),.UNSPECIFIED.,.F.,
  .F.,(2,2),(-1.044668560194E-16,2.994561465321E-02),
  .PIECEWISE_BEZIER_KNOTS.);
#7727 = CARTESIAN_POINT('',(-0.209934937837,0.714556549509,0.7800001));
#7728 = CARTESIAN_POINT('',(-0.220072577521,0.686379109976,0.7800001));
#7729 = ORIENTED_EDGE('',*,*,#7730,.F.);
#7730 = EDGE_CURVE('',#7731,#7724,#7733,.T.);
#7731 = VERTEX_POINT('',#7732);
#7732 = CARTESIAN_POINT('',(-0.208825862726,0.719304777326,0.7800001));
#7733 = B_SPLINE_CURVE_WITH_KNOTS('',3,(#7734,#7735,#7736,#7737),
  .UNSPECIFIED.,.F.,.F.,(4,4),(3.,4.),.PIECEWISE_BEZIER_KNOTS.);
#7734 = CARTESIAN_POINT('',(-0.208825862726,0.719304777326,0.7800001));
#7735 = CARTESIAN_POINT('',(-0.2091551194,0.717259920091,0.7800001));
#7736 = CARTESIAN_POINT('',(-0.20951903467,0.715665624619,0.7800001));
#7737 = CARTESIAN_POINT('',(-0.209934937837,0.714556549509,0.7800001));
#7738 = ORIENTED_EDGE('',*,*,#7739,.F.);
#7739 = EDGE_CURVE('',#7740,#7731,#7742,.T.);
#7740 = VERTEX_POINT('',#7741);
#7741 = CARTESIAN_POINT('',(-0.208617911143,0.719304777326,0.7800001));
#7742 = B_SPLINE_CURVE_WITH_KNOTS('',1,(#7743,#7744),.UNSPECIFIED.,.F.,
  .F.,(2,2),(2.775557561563E-17,2.07951583489E-04),
  .PIECEWISE_BEZIER_KNOTS.);
#7743 = CARTESIAN_POINT('',(-0.208617911143,0.719304777326,0.7800001));
#7744 = CARTESIAN_POINT('',(-0.208825862726,0.719304777326,0.7800001));
#7745 = ORIENTED_EDGE('',*,*,#7746,.F.);
#7746 = EDGE_CURVE('',#7747,#7740,#7749,.T.);
#7747 = VERTEX_POINT('',#7748);
#7748 = CARTESIAN_POINT('',(-0.207560823928,0.714556549509,0.7800001));
#7749 = B_SPLINE_CURVE_WITH_KNOTS('',3,(#7750,#7751,#7752,#7753),
  .UNSPECIFIED.,.F.,.F.,(4,4),(1.,2.),.PIECEWISE_BEZIER_KNOTS.);
#7750 = CARTESIAN_POINT('',(-0.207560823928,0.714556549509,0.7800001));
#7751 = CARTESIAN_POINT('',(-0.207890080601,0.715492331633,0.7800001));
#7752 = CARTESIAN_POINT('',(-0.208236666574,0.717051968508,0.7800001));
#7753 = CARTESIAN_POINT('',(-0.208617911143,0.719304777326,0.7800001));
#7754 = ORIENTED_EDGE('',*,*,#7755,.F.);
#7755 = EDGE_CURVE('',#7717,#7747,#7756,.T.);
#7756 = B_SPLINE_CURVE_WITH_KNOTS('',1,(#7757,#7758),.UNSPECIFIED.,.F.,
  .F.,(2,2),(0.,2.998097373607E-02),.PIECEWISE_BEZIER_KNOTS.);
#7757 = CARTESIAN_POINT('',(-0.197319208452,0.686379109976,0.7800001));
#7758 = CARTESIAN_POINT('',(-0.207560823928,0.714556549509,0.7800001));
#7759 = B_SPLINE_SURFACE_WITH_KNOTS('',1,1,(
    (#7760,#7761)
    ,(#7762,#7763
    )),.UNSPECIFIED.,.F.,.F.,.F.,(2,2),(2,2),(0.178031699105,
    0.239030830196),(0.660177210485,0.727969426629),
  .PIECEWISE_BEZIER_KNOTS.);
#7760 = CARTESIAN_POINT('',(-0.178031699105,0.660177210485,0.7800001));
#7761 = CARTESIAN_POINT('',(-0.178031699105,0.727969426629,0.7800001));
#7762 = CARTESIAN_POINT('',(-0.239030830196,0.660177210485,0.7800001));
#7763 = CARTESIAN_POINT('',(-0.239030830196,0.727969426629,0.7800001));
#7764 = ADVANCED_FACE('',(#7765),#7779,.F.);
#7765 = FACE_BOUND('',#7766,.T.);
#7766 = EDGE_LOOP('',(#7767,#7768,#7773,#7774));
#7767 = ORIENTED_EDGE('',*,*,#78,.T.);
#7768 = ORIENTED_EDGE('',*,*,#7769,.F.);
#7769 = EDGE_CURVE('',#7659,#70,#7770,.T.);
#7770 = B_SPLINE_CURVE_WITH_KNOTS('',1,(#7771,#7772),.UNSPECIFIED.,.F.,
  .F.,(2,2),(-0.,1.E-02),.PIECEWISE_BEZIER_KNOTS.);
#7771 = CARTESIAN_POINT('',(-0.203852354026,0.727969426629,0.7800001));
#7772 = CARTESIAN_POINT('',(-0.203852354026,0.727969426629,0.7700001));
#7773 = ORIENTED_EDGE('',*,*,#7656,.F.);
#7774 = ORIENTED_EDGE('',*,*,#7775,.T.);
#7775 = EDGE_CURVE('',#7657,#79,#7776,.T.);
#7776 = B_SPLINE_CURVE_WITH_KNOTS('',1,(#7777,#7778),.UNSPECIFIED.,.F.,
  .F.,(2,2),(-0.,1.E-02),.PIECEWISE_BEZIER_KNOTS.);
#7777 = CARTESIAN_POINT('',(-0.178031699105,0.660177210485,0.7800001));
#7778 = CARTESIAN_POINT('',(-0.178031699105,0.660177210485,0.7700001));
#7779 = B_SPLINE_SURFACE_WITH_KNOTS('',1,1,(
    (#7780,#7781)
    ,(#7782,#7783
    )),.UNSPECIFIED.,.F.,.F.,.F.,(2,2),(2,2),(0.,7.254302716501E-02),(
    -1.E-02,0.),.PIECEWISE_BEZIER_KNOTS.);
#7780 = CARTESIAN_POINT('',(-0.203852354026,0.727969426629,0.7700001));
#7781 = CARTESIAN_POINT('',(-0.203852354026,0.727969426629,0.7800001));
#7782 = CARTESIAN_POINT('',(-0.178031699105,0.660177210485,0.7700001));
#7783 = CARTESIAN_POINT('',(-0.178031699105,0.660177210485,0.7800001));
#7784 = ADVANCED_FACE('',(#7785),#7795,.F.);
#7785 = FACE_BOUND('',#7786,.T.);
#7786 = EDGE_LOOP('',(#7787,#7788,#7793,#7794));
#7787 = ORIENTED_EDGE('',*,*,#69,.T.);
#7788 = ORIENTED_EDGE('',*,*,#7789,.F.);
#7789 = EDGE_CURVE('',#7666,#72,#7790,.T.);
#7790 = B_SPLINE_CURVE_WITH_KNOTS('',1,(#7791,#7792),.UNSPECIFIED.,.F.,
  .F.,(2,2),(-0.,1.E-02),.PIECEWISE_BEZIER_KNOTS.);
#7791 = CARTESIAN_POINT('',(-0.213210175274,0.727969426629,0.7800001));
#7792 = CARTESIAN_POINT('',(-0.213210175274,0.727969426629,0.7700001));
#7793 = ORIENTED_EDGE('',*,*,#7665,.F.);
#7794 = ORIENTED_EDGE('',*,*,#7769,.T.);
#7795 = B_SPLINE_SURFACE_WITH_KNOTS('',1,1,(
    (#7796,#7797)
    ,(#7798,#7799
    )),.UNSPECIFIED.,.F.,.F.,.F.,(2,2),(2,2),(0.,1.E-02),(0.,
    9.357821247279E-03),.PIECEWISE_BEZIER_KNOTS.);
#7796 = CARTESIAN_POINT('',(-0.213210175274,0.727969426629,0.7800001));
#7797 = CARTESIAN_POINT('',(-0.203852354026,0.727969426629,0.7800001));
#7798 = CARTESIAN_POINT('',(-0.213210175274,0.727969426629,0.7700001));
#7799 = CARTESIAN_POINT('',(-0.203852354026,0.727969426629,0.7700001));
#7800 = ADVANCED_FACE('',(#7801),#7811,.F.);
#7801 = FACE_BOUND('',#7802,.T.);
#7802 = EDGE_LOOP('',(#7803,#7804,#7809,#7810));
#7803 = ORIENTED_EDGE('',*,*,#120,.T.);
#7804 = ORIENTED_EDGE('',*,*,#7805,.F.);
#7805 = EDGE_CURVE('',#7673,#114,#7806,.T.);
#7806 = B_SPLINE_CURVE_WITH_KNOTS('',1,(#7807,#7808),.UNSPECIFIED.,.F.,
  .F.,(2,2),(-0.,1.E-02),.PIECEWISE_BEZIER_KNOTS.);
#7807 = CARTESIAN_POINT('',(-0.239030830196,0.660177210485,0.7800001));
#7808 = CARTESIAN_POINT('',(-0.239030830196,0.660177210485,0.7700001));
#7809 = ORIENTED_EDGE('',*,*,#7672,.F.);
#7810 = ORIENTED_EDGE('',*,*,#7789,.T.);
#7811 = B_SPLINE_SURFACE_WITH_KNOTS('',1,1,(
    (#7812,#7813)
    ,(#7814,#7815
    )),.UNSPECIFIED.,.F.,.F.,.F.,(2,2),(2,2),(0.,7.254302716517E-02),(
    -1.E-02,0.),.PIECEWISE_BEZIER_KNOTS.);
#7812 = CARTESIAN_POINT('',(-0.239030830196,0.660177210485,0.7700001));
#7813 = CARTESIAN_POINT('',(-0.239030830196,0.660177210485,0.7800001));
#7814 = CARTESIAN_POINT('',(-0.213210175274,0.727969426629,0.7700001));
#7815 = CARTESIAN_POINT('',(-0.213210175274,0.727969426629,0.7800001));
#7816 = ADVANCED_FACE('',(#7817),#7827,.F.);
#7817 = FACE_BOUND('',#7818,.T.);
#7818 = EDGE_LOOP('',(#7819,#7820,#7825,#7826));
#7819 = ORIENTED_EDGE('',*,*,#113,.T.);
#7820 = ORIENTED_EDGE('',*,*,#7821,.F.);
#7821 = EDGE_CURVE('',#7680,#107,#7822,.T.);
#7822 = B_SPLINE_CURVE_WITH_KNOTS('',1,(#7823,#7824),.UNSPECIFIED.,.F.,
  .F.,(2,2),(-0.,1.E-02),.PIECEWISE_BEZIER_KNOTS.);
#7823 = CARTESIAN_POINT('',(-0.229361081574,0.660177210485,0.7800001));
#7824 = CARTESIAN_POINT('',(-0.229361081574,0.660177210485,0.7700001));
#7825 = ORIENTED_EDGE('',*,*,#7679,.F.);
#7826 = ORIENTED_EDGE('',*,*,#7805,.T.);
#7827 = B_SPLINE_SURFACE_WITH_KNOTS('',1,1,(
    (#7828,#7829)
    ,(#7830,#7831)),.UNSPECIFIED.,.F.,.F.,.F.,(2,2),(2,2),(-1.E-02,0.),(
    -9.669748621818E-03,0.),.PIECEWISE_BEZIER_KNOTS.);
#7828 = CARTESIAN_POINT('',(-0.239030830196,0.660177210485,0.7700001));
#7829 = CARTESIAN_POINT('',(-0.229361081574,0.660177210485,0.7700001));
#7830 = CARTESIAN_POINT('',(-0.239030830196,0.660177210485,0.7800001));
#7831 = CARTESIAN_POINT('',(-0.229361081574,0.660177210485,0.7800001));
#7832 = ADVANCED_FACE('',(#7833),#7843,.F.);
#7833 = FACE_BOUND('',#7834,.T.);
#7834 = EDGE_LOOP('',(#7835,#7836,#7841,#7842));
#7835 = ORIENTED_EDGE('',*,*,#106,.T.);
#7836 = ORIENTED_EDGE('',*,*,#7837,.F.);
#7837 = EDGE_CURVE('',#7687,#100,#7838,.T.);
#7838 = B_SPLINE_CURVE_WITH_KNOTS('',1,(#7839,#7840),.UNSPECIFIED.,.F.,
  .F.,(2,2),(-0.,1.E-02),.PIECEWISE_BEZIER_KNOTS.);
#7839 = CARTESIAN_POINT('',(-0.222845265298,0.678719559993,0.7800001));
#7840 = CARTESIAN_POINT('',(-0.222845265298,0.678719559993,0.7700001));
#7841 = ORIENTED_EDGE('',*,*,#7686,.F.);
#7842 = ORIENTED_EDGE('',*,*,#7821,.T.);
#7843 = B_SPLINE_SURFACE_WITH_KNOTS('',1,1,(
    (#7844,#7845)
    ,(#7846,#7847
    )),.UNSPECIFIED.,.F.,.F.,.F.,(2,2),(2,2),(-0.,1.965386951692E-02),(
    -1.E-02,0.),.PIECEWISE_BEZIER_KNOTS.);
#7844 = CARTESIAN_POINT('',(-0.222845265298,0.678719559993,0.7700001));
#7845 = CARTESIAN_POINT('',(-0.222845265298,0.678719559993,0.7800001));
#7846 = CARTESIAN_POINT('',(-0.229361081574,0.660177210485,0.7700001));
#7847 = CARTESIAN_POINT('',(-0.229361081574,0.660177210485,0.7800001));
#7848 = ADVANCED_FACE('',(#7849),#7859,.F.);
#7849 = FACE_BOUND('',#7850,.T.);
#7850 = EDGE_LOOP('',(#7851,#7852,#7857,#7858));
#7851 = ORIENTED_EDGE('',*,*,#99,.T.);
#7852 = ORIENTED_EDGE('',*,*,#7853,.F.);
#7853 = EDGE_CURVE('',#7694,#93,#7854,.T.);
#7854 = B_SPLINE_CURVE_WITH_KNOTS('',1,(#7855,#7856),.UNSPECIFIED.,.F.,
  .F.,(2,2),(-0.,1.E-02),.PIECEWISE_BEZIER_KNOTS.);
#7855 = CARTESIAN_POINT('',(-0.19461583787,0.678719559993,0.7800001));
#7856 = CARTESIAN_POINT('',(-0.19461583787,0.678719559993,0.7700001));
#7857 = ORIENTED_EDGE('',*,*,#7693,.F.);
#7858 = ORIENTED_EDGE('',*,*,#7837,.T.);
#7859 = B_SPLINE_SURFACE_WITH_KNOTS('',1,1,(
    (#7860,#7861)
    ,(#7862,#7863)),.UNSPECIFIED.,.F.,.F.,.F.,(2,2),(2,2),(-1.E-02,0.),(
    -2.822942742818E-02,0.),.PIECEWISE_BEZIER_KNOTS.);
#7860 = CARTESIAN_POINT('',(-0.222845265298,0.678719559993,0.7700001));
#7861 = CARTESIAN_POINT('',(-0.19461583787,0.678719559993,0.7700001));
#7862 = CARTESIAN_POINT('',(-0.222845265298,0.678719559993,0.7800001));
#7863 = CARTESIAN_POINT('',(-0.19461583787,0.678719559993,0.7800001));
#7864 = ADVANCED_FACE('',(#7865),#7875,.F.);
#7865 = FACE_BOUND('',#7866,.T.);
#7866 = EDGE_LOOP('',(#7867,#7868,#7873,#7874));
#7867 = ORIENTED_EDGE('',*,*,#92,.T.);
#7868 = ORIENTED_EDGE('',*,*,#7869,.F.);
#7869 = EDGE_CURVE('',#7701,#86,#7870,.T.);
#7870 = B_SPLINE_CURVE_WITH_KNOTS('',1,(#7871,#7872),.UNSPECIFIED.,.F.,
  .F.,(2,2),(-0.,1.E-02),.PIECEWISE_BEZIER_KNOTS.);
#7871 = CARTESIAN_POINT('',(-0.187701447726,0.660177210485,0.7800001));
#7872 = CARTESIAN_POINT('',(-0.187701447726,0.660177210485,0.7700001));
#7873 = ORIENTED_EDGE('',*,*,#7700,.F.);
#7874 = ORIENTED_EDGE('',*,*,#7853,.T.);
#7875 = B_SPLINE_SURFACE_WITH_KNOTS('',1,1,(
    (#7876,#7877)
    ,(#7878,#7879
    )),.UNSPECIFIED.,.F.,.F.,.F.,(2,2),(2,2),(0.,1.978958100401E-02),(
    -1.E-02,0.),.PIECEWISE_BEZIER_KNOTS.);
#7876 = CARTESIAN_POINT('',(-0.187701447726,0.660177210485,0.7700001));
#7877 = CARTESIAN_POINT('',(-0.187701447726,0.660177210485,0.7800001));
#7878 = CARTESIAN_POINT('',(-0.19461583787,0.678719559993,0.7700001));
#7879 = CARTESIAN_POINT('',(-0.19461583787,0.678719559993,0.7800001));
#7880 = ADVANCED_FACE('',(#7881),#7887,.F.);
#7881 = FACE_BOUND('',#7882,.T.);
#7882 = EDGE_LOOP('',(#7883,#7884,#7885,#7886));
#7883 = ORIENTED_EDGE('',*,*,#85,.T.);
#7884 = ORIENTED_EDGE('',*,*,#7775,.F.);
#7885 = ORIENTED_EDGE('',*,*,#7707,.F.);
#7886 = ORIENTED_EDGE('',*,*,#7869,.T.);
#7887 = B_SPLINE_SURFACE_WITH_KNOTS('',1,1,(
    (#7888,#7889)
    ,(#7890,#7891)),.UNSPECIFIED.,.F.,.F.,.F.,(2,2),(2,2),(-1.E-02,0.),(
    -9.669748621356E-03,0.),.PIECEWISE_BEZIER_KNOTS.);
#7888 = CARTESIAN_POINT('',(-0.187701447726,0.660177210485,0.7700001));
#7889 = CARTESIAN_POINT('',(-0.178031699105,0.660177210485,0.7700001));
#7890 = CARTESIAN_POINT('',(-0.187701447726,0.660177210485,0.7800001));
#7891 = CARTESIAN_POINT('',(-0.178031699105,0.660177210485,0.7800001));
#7892 = ADVANCED_FACE('',(#7893),#7915,.T.);
#7893 = FACE_BOUND('',#7894,.T.);
#7894 = EDGE_LOOP('',(#7895,#7904,#7909,#7910));
#7895 = ORIENTED_EDGE('',*,*,#7896,.F.);
#7896 = EDGE_CURVE('',#7897,#7899,#7901,.T.);
#7897 = VERTEX_POINT('',#7898);
#7898 = CARTESIAN_POINT('',(-0.220072577521,0.686379109976,0.7700001));
#7899 = VERTEX_POINT('',#7900);
#7900 = CARTESIAN_POINT('',(-0.197319208452,0.686379109976,0.7700001));
#7901 = B_SPLINE_CURVE_WITH_KNOTS('',1,(#7902,#7903),.UNSPECIFIED.,.F.,
  .F.,(2,2),(-2.775557561563E-17,2.275336906869E-02),
  .PIECEWISE_BEZIER_KNOTS.);
#7902 = CARTESIAN_POINT('',(-0.220072577521,0.686379109976,0.7700001));
#7903 = CARTESIAN_POINT('',(-0.197319208452,0.686379109976,0.7700001));
#7904 = ORIENTED_EDGE('',*,*,#7905,.F.);
#7905 = EDGE_CURVE('',#7715,#7897,#7906,.T.);
#7906 = B_SPLINE_CURVE_WITH_KNOTS('',1,(#7907,#7908),.UNSPECIFIED.,.F.,
  .F.,(2,2),(-0.,1.E-02),.PIECEWISE_BEZIER_KNOTS.);
#7907 = CARTESIAN_POINT('',(-0.220072577521,0.686379109976,0.7800001));
#7908 = CARTESIAN_POINT('',(-0.220072577521,0.686379109976,0.7700001));
#7909 = ORIENTED_EDGE('',*,*,#7714,.T.);
#7910 = ORIENTED_EDGE('',*,*,#7911,.T.);
#7911 = EDGE_CURVE('',#7717,#7899,#7912,.T.);
#7912 = B_SPLINE_CURVE_WITH_KNOTS('',1,(#7913,#7914),.UNSPECIFIED.,.F.,
  .F.,(2,2),(-0.,1.E-02),.PIECEWISE_BEZIER_KNOTS.);
#7913 = CARTESIAN_POINT('',(-0.197319208452,0.686379109976,0.7800001));
#7914 = CARTESIAN_POINT('',(-0.197319208452,0.686379109976,0.7700001));
#7915 = B_SPLINE_SURFACE_WITH_KNOTS('',1,1,(
    (#7916,#7917)
    ,(#7918,#7919)),.UNSPECIFIED.,.F.,.F.,.F.,(2,2),(2,2),(-1.E-02,0.),(
    -2.775557561563E-17,2.275336906869E-02),.PIECEWISE_BEZIER_KNOTS.);
#7916 = CARTESIAN_POINT('',(-0.220072577521,0.686379109976,0.7700001));
#7917 = CARTESIAN_POINT('',(-0.197319208452,0.686379109976,0.7700001));
#7918 = CARTESIAN_POINT('',(-0.220072577521,0.686379109976,0.7800001));
#7919 = CARTESIAN_POINT('',(-0.197319208452,0.686379109976,0.7800001));
#7920 = ADVANCED_FACE('',(#7921),#7937,.T.);
#7921 = FACE_BOUND('',#7922,.T.);
#7922 = EDGE_LOOP('',(#7923,#7930,#7931,#7932));
#7923 = ORIENTED_EDGE('',*,*,#7924,.F.);
#7924 = EDGE_CURVE('',#7899,#7925,#7927,.T.);
#7925 = VERTEX_POINT('',#7926);
#7926 = CARTESIAN_POINT('',(-0.207560823928,0.714556549509,0.7700001));
#7927 = B_SPLINE_CURVE_WITH_KNOTS('',1,(#7928,#7929),.UNSPECIFIED.,.F.,
  .F.,(2,2),(-9.481410953312E-18,2.998097373607E-02),
  .PIECEWISE_BEZIER_KNOTS.);
#7928 = CARTESIAN_POINT('',(-0.197319208452,0.686379109976,0.7700001));
#7929 = CARTESIAN_POINT('',(-0.207560823928,0.714556549509,0.7700001));
#7930 = ORIENTED_EDGE('',*,*,#7911,.F.);
#7931 = ORIENTED_EDGE('',*,*,#7755,.T.);
#7932 = ORIENTED_EDGE('',*,*,#7933,.T.);
#7933 = EDGE_CURVE('',#7747,#7925,#7934,.T.);
#7934 = B_SPLINE_CURVE_WITH_KNOTS('',1,(#7935,#7936),.UNSPECIFIED.,.F.,
  .F.,(2,2),(-0.,1.E-02),.PIECEWISE_BEZIER_KNOTS.);
#7935 = CARTESIAN_POINT('',(-0.207560823928,0.714556549509,0.7800001));
#7936 = CARTESIAN_POINT('',(-0.207560823928,0.714556549509,0.7700001));
#7937 = B_SPLINE_SURFACE_WITH_KNOTS('',1,1,(
    (#7938,#7939)
    ,(#7940,#7941
    )),.UNSPECIFIED.,.F.,.F.,.F.,(2,2),(2,2),(-2.998097373607E-02,
    9.481410953312E-18),(-1.E-02,0.),.PIECEWISE_BEZIER_KNOTS.);
#7938 = CARTESIAN_POINT('',(-0.207560823928,0.714556549509,0.7700001));
#7939 = CARTESIAN_POINT('',(-0.207560823928,0.714556549509,0.7800001));
#7940 = CARTESIAN_POINT('',(-0.197319208452,0.686379109976,0.7700001));
#7941 = CARTESIAN_POINT('',(-0.197319208452,0.686379109976,0.7800001));
#7942 = ADVANCED_FACE('',(#7943),#7961,.T.);
#7943 = FACE_BOUND('',#7944,.T.);
#7944 = EDGE_LOOP('',(#7945,#7954,#7955,#7956));
#7945 = ORIENTED_EDGE('',*,*,#7946,.F.);
#7946 = EDGE_CURVE('',#7925,#7947,#7949,.T.);
#7947 = VERTEX_POINT('',#7948);
#7948 = CARTESIAN_POINT('',(-0.208617911143,0.719304777326,0.7700001));
#7949 = B_SPLINE_CURVE_WITH_KNOTS('',3,(#7950,#7951,#7952,#7953),
  .UNSPECIFIED.,.F.,.F.,(4,4),(1.,2.),.PIECEWISE_BEZIER_KNOTS.);
#7950 = CARTESIAN_POINT('',(-0.207560823928,0.714556549509,0.7700001));
#7951 = CARTESIAN_POINT('',(-0.207890080601,0.715492331633,0.7700001));
#7952 = CARTESIAN_POINT('',(-0.208236666574,0.717051968508,0.7700001));
#7953 = CARTESIAN_POINT('',(-0.208617911143,0.719304777326,0.7700001));
#7954 = ORIENTED_EDGE('',*,*,#7933,.F.);
#7955 = ORIENTED_EDGE('',*,*,#7746,.T.);
#7956 = ORIENTED_EDGE('',*,*,#7957,.T.);
#7957 = EDGE_CURVE('',#7740,#7947,#7958,.T.);
#7958 = B_SPLINE_CURVE_WITH_KNOTS('',1,(#7959,#7960),.UNSPECIFIED.,.F.,
  .F.,(2,2),(-0.,1.E-02),.PIECEWISE_BEZIER_KNOTS.);
#7959 = CARTESIAN_POINT('',(-0.208617911143,0.719304777326,0.7800001));
#7960 = CARTESIAN_POINT('',(-0.208617911143,0.719304777326,0.7700001));
#7961 = B_SPLINE_SURFACE_WITH_KNOTS('',3,1,(
    (#7962,#7963)
    ,(#7964,#7965)
    ,(#7966,#7967)
    ,(#7968,#7969
    )),.UNSPECIFIED.,.F.,.F.,.F.,(4,4),(2,2),(1.,2.),(0.,1.),
  .PIECEWISE_BEZIER_KNOTS.);
#7962 = CARTESIAN_POINT('',(-0.207560823928,0.714556549509,0.7800001));
#7963 = CARTESIAN_POINT('',(-0.207560823928,0.714556549509,0.7700001));
#7964 = CARTESIAN_POINT('',(-0.207890080601,0.715492331633,0.7800001));
#7965 = CARTESIAN_POINT('',(-0.207890080601,0.715492331633,0.7700001));
#7966 = CARTESIAN_POINT('',(-0.208236666574,0.717051968508,0.7800001));
#7967 = CARTESIAN_POINT('',(-0.208236666574,0.717051968508,0.7700001));
#7968 = CARTESIAN_POINT('',(-0.208617911143,0.719304777326,0.7800001));
#7969 = CARTESIAN_POINT('',(-0.208617911143,0.719304777326,0.7700001));
#7970 = ADVANCED_FACE('',(#7971),#7987,.T.);
#7971 = FACE_BOUND('',#7972,.T.);
#7972 = EDGE_LOOP('',(#7973,#7980,#7981,#7982));
#7973 = ORIENTED_EDGE('',*,*,#7974,.F.);
#7974 = EDGE_CURVE('',#7947,#7975,#7977,.T.);
#7975 = VERTEX_POINT('',#7976);
#7976 = CARTESIAN_POINT('',(-0.208825862726,0.719304777326,0.7700001));
#7977 = B_SPLINE_CURVE_WITH_KNOTS('',1,(#7978,#7979),.UNSPECIFIED.,.F.,
  .F.,(2,2),(2.775557561563E-17,2.07951583489E-04),
  .PIECEWISE_BEZIER_KNOTS.);
#7978 = CARTESIAN_POINT('',(-0.208617911143,0.719304777326,0.7700001));
#7979 = CARTESIAN_POINT('',(-0.208825862726,0.719304777326,0.7700001));
#7980 = ORIENTED_EDGE('',*,*,#7957,.F.);
#7981 = ORIENTED_EDGE('',*,*,#7739,.T.);
#7982 = ORIENTED_EDGE('',*,*,#7983,.T.);
#7983 = EDGE_CURVE('',#7731,#7975,#7984,.T.);
#7984 = B_SPLINE_CURVE_WITH_KNOTS('',1,(#7985,#7986),.UNSPECIFIED.,.F.,
  .F.,(2,2),(-0.,1.E-02),.PIECEWISE_BEZIER_KNOTS.);
#7985 = CARTESIAN_POINT('',(-0.208825862726,0.719304777326,0.7800001));
#7986 = CARTESIAN_POINT('',(-0.208825862726,0.719304777326,0.7700001));
#7987 = B_SPLINE_SURFACE_WITH_KNOTS('',1,1,(
    (#7988,#7989)
    ,(#7990,#7991)),.UNSPECIFIED.,.F.,.F.,.F.,(2,2),(2,2),(-0.,1.E-02),(
    -2.07951583489E-04,-2.775557561563E-17),.PIECEWISE_BEZIER_KNOTS.);
#7988 = CARTESIAN_POINT('',(-0.208825862726,0.719304777326,0.7800001));
#7989 = CARTESIAN_POINT('',(-0.208617911143,0.719304777326,0.7800001));
#7990 = CARTESIAN_POINT('',(-0.208825862726,0.719304777326,0.7700001));
#7991 = CARTESIAN_POINT('',(-0.208617911143,0.719304777326,0.7700001));
#7992 = ADVANCED_FACE('',(#7993),#8011,.T.);
#7993 = FACE_BOUND('',#7994,.T.);
#7994 = EDGE_LOOP('',(#7995,#8004,#8005,#8006));
#7995 = ORIENTED_EDGE('',*,*,#7996,.F.);
#7996 = EDGE_CURVE('',#7975,#7997,#7999,.T.);
#7997 = VERTEX_POINT('',#7998);
#7998 = CARTESIAN_POINT('',(-0.209934937837,0.714556549509,0.7700001));
#7999 = B_SPLINE_CURVE_WITH_KNOTS('',3,(#8000,#8001,#8002,#8003),
  .UNSPECIFIED.,.F.,.F.,(4,4),(3.,4.),.PIECEWISE_BEZIER_KNOTS.);
#8000 = CARTESIAN_POINT('',(-0.208825862726,0.719304777326,0.7700001));
#8001 = CARTESIAN_POINT('',(-0.2091551194,0.717259920091,0.7700001));
#8002 = CARTESIAN_POINT('',(-0.20951903467,0.715665624619,0.7700001));
#8003 = CARTESIAN_POINT('',(-0.209934937837,0.714556549509,0.7700001));
#8004 = ORIENTED_EDGE('',*,*,#7983,.F.);
#8005 = ORIENTED_EDGE('',*,*,#7730,.T.);
#8006 = ORIENTED_EDGE('',*,*,#8007,.T.);
#8007 = EDGE_CURVE('',#7724,#7997,#8008,.T.);
#8008 = B_SPLINE_CURVE_WITH_KNOTS('',1,(#8009,#8010),.UNSPECIFIED.,.F.,
  .F.,(2,2),(-0.,1.E-02),.PIECEWISE_BEZIER_KNOTS.);
#8009 = CARTESIAN_POINT('',(-0.209934937837,0.714556549509,0.7800001));
#8010 = CARTESIAN_POINT('',(-0.209934937837,0.714556549509,0.7700001));
#8011 = B_SPLINE_SURFACE_WITH_KNOTS('',3,1,(
    (#8012,#8013)
    ,(#8014,#8015)
    ,(#8016,#8017)
    ,(#8018,#8019
    )),.UNSPECIFIED.,.F.,.F.,.F.,(4,4),(2,2),(3.,4.),(0.,1.),
  .PIECEWISE_BEZIER_KNOTS.);
#8012 = CARTESIAN_POINT('',(-0.208825862726,0.719304777326,0.7800001));
#8013 = CARTESIAN_POINT('',(-0.208825862726,0.719304777326,0.7700001));
#8014 = CARTESIAN_POINT('',(-0.2091551194,0.717259920091,0.7800001));
#8015 = CARTESIAN_POINT('',(-0.2091551194,0.717259920091,0.7700001));
#8016 = CARTESIAN_POINT('',(-0.20951903467,0.715665624619,0.7800001));
#8017 = CARTESIAN_POINT('',(-0.20951903467,0.715665624619,0.7700001));
#8018 = CARTESIAN_POINT('',(-0.209934937837,0.714556549509,0.7800001));
#8019 = CARTESIAN_POINT('',(-0.209934937837,0.714556549509,0.7700001));
#8020 = ADVANCED_FACE('',(#8021),#8031,.T.);
#8021 = FACE_BOUND('',#8022,.T.);
#8022 = EDGE_LOOP('',(#8023,#8028,#8029,#8030));
#8023 = ORIENTED_EDGE('',*,*,#8024,.F.);
#8024 = EDGE_CURVE('',#7997,#7897,#8025,.T.);
#8025 = B_SPLINE_CURVE_WITH_KNOTS('',1,(#8026,#8027),.UNSPECIFIED.,.F.,
  .F.,(2,2),(-8.567438653349E-17,2.994561465321E-02),
  .PIECEWISE_BEZIER_KNOTS.);
#8026 = CARTESIAN_POINT('',(-0.209934937837,0.714556549509,0.7700001));
#8027 = CARTESIAN_POINT('',(-0.220072577521,0.686379109976,0.7700001));
#8028 = ORIENTED_EDGE('',*,*,#8007,.F.);
#8029 = ORIENTED_EDGE('',*,*,#7723,.T.);
#8030 = ORIENTED_EDGE('',*,*,#7905,.T.);
#8031 = B_SPLINE_SURFACE_WITH_KNOTS('',1,1,(
    (#8032,#8033)
    ,(#8034,#8035
    )),.UNSPECIFIED.,.F.,.F.,.F.,(2,2),(2,2),(-2.994561465321E-02,
    1.138630907623E-16),(-1.E-02,0.),.PIECEWISE_BEZIER_KNOTS.);
#8032 = CARTESIAN_POINT('',(-0.220072577521,0.686379109976,0.7700001));
#8033 = CARTESIAN_POINT('',(-0.220072577521,0.686379109976,0.7800001));
#8034 = CARTESIAN_POINT('',(-0.209934937837,0.714556549509,0.7700001));
#8035 = CARTESIAN_POINT('',(-0.209934937837,0.714556549509,0.7800001));
#8036 = ADVANCED_FACE('',(#8037),#8045,.T.);
#8037 = FACE_BOUND('',#8038,.T.);
#8038 = EDGE_LOOP('',(#8039,#8040,#8041,#8042,#8043,#8044));
#8039 = ORIENTED_EDGE('',*,*,#7896,.T.);
#8040 = ORIENTED_EDGE('',*,*,#7924,.T.);
#8041 = ORIENTED_EDGE('',*,*,#7946,.T.);
#8042 = ORIENTED_EDGE('',*,*,#7974,.T.);
#8043 = ORIENTED_EDGE('',*,*,#7996,.T.);
#8044 = ORIENTED_EDGE('',*,*,#8024,.T.);
#8045 = B_SPLINE_SURFACE_WITH_KNOTS('',1,1,(
    (#8046,#8047)
    ,(#8048,#8049
    )),.UNSPECIFIED.,.F.,.F.,.F.,(2,2),(2,2),(-0.220072577521,
    -0.197319208452),(0.686379109976,0.719304777326),
  .PIECEWISE_BEZIER_KNOTS.);
#8046 = CARTESIAN_POINT('',(-0.220072577521,0.686379109976,0.7700001));
#8047 = CARTESIAN_POINT('',(-0.220072577521,0.719304777326,0.7700001));
#8048 = CARTESIAN_POINT('',(-0.197319208452,0.686379109976,0.7700001));
#8049 = CARTESIAN_POINT('',(-0.197319208452,0.719304777326,0.7700001));
#8050 = ADVANCED_FACE('',(#8051,#8340),#8365,.F.);
#8051 = FACE_BOUND('',#8052,.T.);
#8052 = EDGE_LOOP('',(#8053,#8064,#8073,#8082,#8091,#8100,#8109,#8118,
    #8127,#8136,#8145,#8154,#8163,#8172,#8179,#8186,#8193,#8202,#8211,
    #8220,#8229,#8238,#8247,#8256,#8265,#8274,#8283,#8290,#8299,#8308,
    #8317,#8324,#8333));
#8053 = ORIENTED_EDGE('',*,*,#8054,.T.);
#8054 = EDGE_CURVE('',#8055,#8057,#8059,.T.);
#8055 = VERTEX_POINT('',#8056);
#8056 = CARTESIAN_POINT('',(-0.590518431173,0.727421497298,0.7800001));
#8057 = VERTEX_POINT('',#8058);
#8058 = CARTESIAN_POINT('',(-0.63823599677,0.790562920532,0.7800001));
#8059 = B_SPLINE_CURVE_WITH_KNOTS('',3,(#8060,#8061,#8062,#8063),
  .UNSPECIFIED.,.F.,.F.,(4,4),(35.,36.),.PIECEWISE_BEZIER_KNOTS.);
#8060 = CARTESIAN_POINT('',(-0.590518431173,0.727421497298,0.7800001));
#8061 = CARTESIAN_POINT('',(-0.591000419542,0.756341222323,0.7800001));
#8062 = CARTESIAN_POINT('',(-0.610762255239,0.781887001186,0.7800001));
#8063 = CARTESIAN_POINT('',(-0.63823599677,0.790562920532,0.7800001));
#8064 = ORIENTED_EDGE('',*,*,#8065,.T.);
#8065 = EDGE_CURVE('',#8057,#8066,#8068,.T.);
#8066 = VERTEX_POINT('',#8067);
#8067 = CARTESIAN_POINT('',(-0.664263773195,0.82864058315,0.7800001));
#8068 = B_SPLINE_CURVE_WITH_KNOTS('',3,(#8069,#8070,#8071,#8072),
  .UNSPECIFIED.,.F.,.F.,(4,4),(0.,1.),.PIECEWISE_BEZIER_KNOTS.);
#8069 = CARTESIAN_POINT('',(-0.63823599677,0.790562920532,0.7800001));
#8070 = CARTESIAN_POINT('',(-0.643537942374,0.805022792237,0.7800001));
#8071 = CARTESIAN_POINT('',(-0.652695868476,0.818036675853,0.7800001));
#8072 = CARTESIAN_POINT('',(-0.664263773195,0.82864058315,0.7800001));
#8073 = ORIENTED_EDGE('',*,*,#8074,.T.);
#8074 = EDGE_CURVE('',#8066,#8075,#8077,.T.);
#8075 = VERTEX_POINT('',#8076);
#8076 = CARTESIAN_POINT('',(-0.72981518424,0.853704362152,0.7800001));
#8077 = B_SPLINE_CURVE_WITH_KNOTS('',3,(#8078,#8079,#8080,#8081),
  .UNSPECIFIED.,.F.,.F.,(4,4),(1.,2.),.PIECEWISE_BEZIER_KNOTS.);
#8078 = CARTESIAN_POINT('',(-0.664263773195,0.82864058315,0.7800001));
#8079 = CARTESIAN_POINT('',(-0.682579607012,0.84454644352,0.7800001));
#8080 = CARTESIAN_POINT('',(-0.705715398064,0.853704362152,0.7800001));
#8081 = CARTESIAN_POINT('',(-0.72981518424,0.853704362152,0.7800001));
#8082 = ORIENTED_EDGE('',*,*,#8083,.T.);
#8083 = EDGE_CURVE('',#8075,#8084,#8086,.T.);
#8084 = VERTEX_POINT('',#8085);
#8085 = CARTESIAN_POINT('',(-0.787654671063,0.834906528475,0.7800001));
#8086 = B_SPLINE_CURVE_WITH_KNOTS('',3,(#8087,#8088,#8089,#8090),
  .UNSPECIFIED.,.F.,.F.,(4,4),(2.,3.),.PIECEWISE_BEZIER_KNOTS.);
#8087 = CARTESIAN_POINT('',(-0.72981518424,0.853704362152,0.7800001));
#8088 = CARTESIAN_POINT('',(-0.751022994236,0.853704362152,0.7800001));
#8089 = CARTESIAN_POINT('',(-0.770784820739,0.846956422138,0.7800001));
#8090 = CARTESIAN_POINT('',(-0.787654671063,0.834906528475,0.7800001));
#8091 = ORIENTED_EDGE('',*,*,#8092,.T.);
#8092 = EDGE_CURVE('',#8084,#8093,#8095,.T.);
#8093 = VERTEX_POINT('',#8094);
#8094 = CARTESIAN_POINT('',(-0.808862481059,0.81369871618,0.7800001));
#8095 = B_SPLINE_CURVE_WITH_KNOTS('',3,(#8096,#8097,#8098,#8099),
  .UNSPECIFIED.,.F.,.F.,(4,4),(3.,4.),.PIECEWISE_BEZIER_KNOTS.);
#8096 = CARTESIAN_POINT('',(-0.787654671063,0.834906528475,0.7800001));
#8097 = CARTESIAN_POINT('',(-0.79584860204,0.829122578414,0.7800001));
#8098 = CARTESIAN_POINT('',(-0.802596540331,0.821892642561,0.7800001));
#8099 = CARTESIAN_POINT('',(-0.808862481059,0.81369871618,0.7800001));
#8100 = ORIENTED_EDGE('',*,*,#8101,.T.);
#8101 = EDGE_CURVE('',#8093,#8102,#8104,.T.);
#8102 = VERTEX_POINT('',#8103);
#8103 = CARTESIAN_POINT('',(-0.819948379023,0.814662706708,0.7800001));
#8104 = B_SPLINE_CURVE_WITH_KNOTS('',3,(#8105,#8106,#8107,#8108),
  .UNSPECIFIED.,.F.,.F.,(4,4),(4.,5.),.PIECEWISE_BEZIER_KNOTS.);
#8105 = CARTESIAN_POINT('',(-0.808862481059,0.81369871618,0.7800001));
#8106 = CARTESIAN_POINT('',(-0.81271844317,0.814180713743,0.7800001));
#8107 = CARTESIAN_POINT('',(-0.816092416912,0.814662706708,0.7800001));
#8108 = CARTESIAN_POINT('',(-0.819948379023,0.814662706708,0.7800001));
#8109 = ORIENTED_EDGE('',*,*,#8110,.T.);
#8110 = EDGE_CURVE('',#8102,#8111,#8113,.T.);
#8111 = VERTEX_POINT('',#8112);
#8112 = CARTESIAN_POINT('',(-0.875377887228,0.791526911059,0.7800001));
#8113 = B_SPLINE_CURVE_WITH_KNOTS('',3,(#8114,#8115,#8116,#8117),
  .UNSPECIFIED.,.F.,.F.,(4,4),(5.,6.),.PIECEWISE_BEZIER_KNOTS.);
#8114 = CARTESIAN_POINT('',(-0.819948379023,0.814662706708,0.7800001));
#8115 = CARTESIAN_POINT('',(-0.840674196054,0.814662706708,0.7800001));
#8116 = CARTESIAN_POINT('',(-0.86043601796,0.806468780328,0.7800001));
#8117 = CARTESIAN_POINT('',(-0.875377887228,0.791526911059,0.7800001));
#8118 = ORIENTED_EDGE('',*,*,#8119,.T.);
#8119 = EDGE_CURVE('',#8111,#8120,#8122,.T.);
#8120 = VERTEX_POINT('',#8121);
#8121 = CARTESIAN_POINT('',(-0.898031699105,0.736579405013,0.7800001));
#8122 = B_SPLINE_CURVE_WITH_KNOTS('',3,(#8123,#8124,#8125,#8126),
  .UNSPECIFIED.,.F.,.F.,(4,4),(6.,7.),.PIECEWISE_BEZIER_KNOTS.);
#8123 = CARTESIAN_POINT('',(-0.875377887228,0.791526911059,0.7800001));
#8124 = CARTESIAN_POINT('',(-0.889837771575,0.77706704395,0.7800001));
#8125 = CARTESIAN_POINT('',(-0.898031699105,0.757305217447,0.7800001));
#8126 = CARTESIAN_POINT('',(-0.898031699105,0.736579405013,0.7800001));
#8127 = ORIENTED_EDGE('',*,*,#8128,.T.);
#8128 = EDGE_CURVE('',#8120,#8129,#8131,.T.);
#8129 = VERTEX_POINT('',#8130);
#8130 = CARTESIAN_POINT('',(-0.877787879636,0.684041882181,0.7800001));
#8131 = B_SPLINE_CURVE_WITH_KNOTS('',3,(#8132,#8133,#8134,#8135),
  .UNSPECIFIED.,.F.,.F.,(4,4),(7.,8.),.PIECEWISE_BEZIER_KNOTS.);
#8132 = CARTESIAN_POINT('',(-0.898031699105,0.736579405013,0.7800001));
#8133 = CARTESIAN_POINT('',(-0.898031699105,0.717299576072,0.7800001));
#8134 = CARTESIAN_POINT('',(-0.890801763252,0.6985017355,0.7800001));
#8135 = CARTESIAN_POINT('',(-0.877787879636,0.684041882181,0.7800001));
#8136 = ORIENTED_EDGE('',*,*,#8137,.T.);
#8137 = EDGE_CURVE('',#8129,#8138,#8140,.T.);
#8138 = VERTEX_POINT('',#8139);
#8139 = CARTESIAN_POINT('',(-0.839228221754,0.660906091129,0.7800001));
#8140 = B_SPLINE_CURVE_WITH_KNOTS('',3,(#8141,#8142,#8143,#8144),
  .UNSPECIFIED.,.F.,.F.,(4,4),(8.,9.),.PIECEWISE_BEZIER_KNOTS.);
#8141 = CARTESIAN_POINT('',(-0.877787879636,0.684041882181,0.7800001));
#8142 = CARTESIAN_POINT('',(-0.867183974638,0.672473977461,0.7800001));
#8143 = CARTESIAN_POINT('',(-0.854170086425,0.66476205324,0.7800001));
#8144 = CARTESIAN_POINT('',(-0.839228221754,0.660906091129,0.7800001));
#8145 = ORIENTED_EDGE('',*,*,#8146,.T.);
#8146 = EDGE_CURVE('',#8138,#8147,#8149,.T.);
#8147 = VERTEX_POINT('',#8148);
#8148 = CARTESIAN_POINT('',(-0.793438623422,0.628130385607,0.7800001));
#8149 = B_SPLINE_CURVE_WITH_KNOTS('',3,(#8150,#8151,#8152,#8153),
  .UNSPECIFIED.,.F.,.F.,(4,4),(9.,10.),.PIECEWISE_BEZIER_KNOTS.);
#8150 = CARTESIAN_POINT('',(-0.839228221754,0.660906091129,0.7800001));
#8151 = CARTESIAN_POINT('',(-0.832962276429,0.641626262188,0.7800001));
#8152 = CARTESIAN_POINT('',(-0.814646442612,0.628130385607,0.7800001));
#8153 = CARTESIAN_POINT('',(-0.793438623422,0.628130385607,0.7800001));
#8154 = ORIENTED_EDGE('',*,*,#8155,.T.);
#8155 = EDGE_CURVE('',#8147,#8156,#8158,.T.);
#8156 = VERTEX_POINT('',#8157);
#8157 = CARTESIAN_POINT('',(-0.74523905107,0.676329957959,0.7800001));
#8158 = B_SPLINE_CURVE_WITH_KNOTS('',3,(#8159,#8160,#8161,#8162),
  .UNSPECIFIED.,.F.,.F.,(4,4),(10.,11.),.PIECEWISE_BEZIER_KNOTS.);
#8159 = CARTESIAN_POINT('',(-0.793438623422,0.628130385607,0.7800001));
#8160 = CARTESIAN_POINT('',(-0.766928858629,0.628130385607,0.7800001));
#8161 = CARTESIAN_POINT('',(-0.74523905107,0.649820193165,0.7800001));
#8162 = CARTESIAN_POINT('',(-0.74523905107,0.676329957959,0.7800001));
#8163 = ORIENTED_EDGE('',*,*,#8164,.T.);
#8164 = EDGE_CURVE('',#8156,#8165,#8167,.T.);
#8165 = VERTEX_POINT('',#8166);
#8166 = CARTESIAN_POINT('',(-0.74523905107,0.681149915195,0.7800001));
#8167 = B_SPLINE_CURVE_WITH_KNOTS('',3,(#8168,#8169,#8170,#8171),
  .UNSPECIFIED.,.F.,.F.,(4,4),(11.,12.),.PIECEWISE_BEZIER_KNOTS.);
#8168 = CARTESIAN_POINT('',(-0.74523905107,0.676329957959,0.7800001));
#8169 = CARTESIAN_POINT('',(-0.74523905107,0.677775941452,0.7800001));
#8170 = CARTESIAN_POINT('',(-0.74523905107,0.679221924946,0.7800001));
#8171 = CARTESIAN_POINT('',(-0.74523905107,0.681149915195,0.7800001));
#8172 = ORIENTED_EDGE('',*,*,#8173,.T.);
#8173 = EDGE_CURVE('',#8165,#8174,#8176,.T.);
#8174 = VERTEX_POINT('',#8175);
#8175 = CARTESIAN_POINT('',(-0.677759649777,0.716817596897,0.7800001));
#8176 = B_SPLINE_CURVE_WITH_KNOTS('',1,(#8177,#8178),.UNSPECIFIED.,.F.,
  .F.,(2,2),(5.188153315345E-17,7.632596620359E-02),
  .PIECEWISE_BEZIER_KNOTS.);
#8177 = CARTESIAN_POINT('',(-0.74523905107,0.681149915195,0.7800001));
#8178 = CARTESIAN_POINT('',(-0.677759649777,0.716817596897,0.7800001));
#8179 = ORIENTED_EDGE('',*,*,#8180,.T.);
#8180 = EDGE_CURVE('',#8174,#8181,#8183,.T.);
#8181 = VERTEX_POINT('',#8182);
#8182 = CARTESIAN_POINT('',(-0.692701509851,0.742363375759,0.7800001));
#8183 = B_SPLINE_CURVE_WITH_KNOTS('',1,(#8184,#8185),.UNSPECIFIED.,.F.,
  .F.,(2,2),(0.,2.959469547388E-02),.PIECEWISE_BEZIER_KNOTS.);
#8184 = CARTESIAN_POINT('',(-0.677759649777,0.716817596897,0.7800001));
#8185 = CARTESIAN_POINT('',(-0.692701509851,0.742363375759,0.7800001));
#8186 = ORIENTED_EDGE('',*,*,#8187,.T.);
#8187 = EDGE_CURVE('',#8181,#8188,#8190,.T.);
#8188 = VERTEX_POINT('',#8189);
#8189 = CARTESIAN_POINT('',(-0.757288934965,0.708623675113,0.7800001));
#8190 = B_SPLINE_CURVE_WITH_KNOTS('',1,(#8191,#8192),.UNSPECIFIED.,.F.,
  .F.,(2,2),(0.,7.286908042864E-02),.PIECEWISE_BEZIER_KNOTS.);
#8191 = CARTESIAN_POINT('',(-0.692701509851,0.742363375759,0.7800001));
#8192 = CARTESIAN_POINT('',(-0.757288934965,0.708623675113,0.7800001));
#8193 = ORIENTED_EDGE('',*,*,#8194,.T.);
#8194 = EDGE_CURVE('',#8188,#8195,#8197,.T.);
#8195 = VERTEX_POINT('',#8196);
#8196 = CARTESIAN_POINT('',(-0.793438614229,0.725011527874,0.7800001));
#8197 = B_SPLINE_CURVE_WITH_KNOTS('',3,(#8198,#8199,#8200,#8201),
  .UNSPECIFIED.,.F.,.F.,(4,4),(15.,16.),.PIECEWISE_BEZIER_KNOTS.);
#8198 = CARTESIAN_POINT('',(-0.757288934965,0.708623675113,0.7800001));
#8199 = CARTESIAN_POINT('',(-0.765964854311,0.718745587145,0.7800001));
#8200 = CARTESIAN_POINT('',(-0.778978742523,0.725011527874,0.7800001));
#8201 = CARTESIAN_POINT('',(-0.793438614229,0.725011527874,0.7800001));
#8202 = ORIENTED_EDGE('',*,*,#8203,.T.);
#8203 = EDGE_CURVE('',#8195,#8204,#8206,.T.);
#8204 = VERTEX_POINT('',#8205);
#8205 = CARTESIAN_POINT('',(-0.838746210402,0.693199808283,0.7800001));
#8206 = B_SPLINE_CURVE_WITH_KNOTS('',3,(#8207,#8208,#8209,#8210),
  .UNSPECIFIED.,.F.,.F.,(4,4),(16.,17.),.PIECEWISE_BEZIER_KNOTS.);
#8207 = CARTESIAN_POINT('',(-0.793438614229,0.725011527874,0.7800001));
#8208 = CARTESIAN_POINT('',(-0.814164435857,0.725011527874,0.7800001));
#8209 = CARTESIAN_POINT('',(-0.831998272111,0.711515651293,0.7800001));
#8210 = CARTESIAN_POINT('',(-0.838746210402,0.693199808283,0.7800001));
#8211 = ORIENTED_EDGE('',*,*,#8212,.T.);
#8212 = EDGE_CURVE('',#8204,#8213,#8215,.T.);
#8213 = VERTEX_POINT('',#8214);
#8214 = CARTESIAN_POINT('',(-0.867665953813,0.737543418524,0.7800001));
#8215 = B_SPLINE_CURVE_WITH_KNOTS('',3,(#8216,#8217,#8218,#8219),
  .UNSPECIFIED.,.F.,.F.,(4,4),(17.,18.),.PIECEWISE_BEZIER_KNOTS.);
#8216 = CARTESIAN_POINT('',(-0.838746210402,0.693199808283,0.7800001));
#8217 = CARTESIAN_POINT('',(-0.855616060725,0.700911741697,0.7800001));
#8218 = CARTESIAN_POINT('',(-0.867665953813,0.717781592021,0.7800001));
#8219 = CARTESIAN_POINT('',(-0.867665953813,0.737543418524,0.7800001));
#8220 = ORIENTED_EDGE('',*,*,#8221,.T.);
#8221 = EDGE_CURVE('',#8213,#8222,#8224,.T.);
#8222 = VERTEX_POINT('',#8223);
#8223 = CARTESIAN_POINT('',(-0.819466381461,0.785742990876,0.7800001));
#8224 = B_SPLINE_CURVE_WITH_KNOTS('',3,(#8225,#8226,#8227,#8228),
  .UNSPECIFIED.,.F.,.F.,(4,4),(18.,19.),.PIECEWISE_BEZIER_KNOTS.);
#8225 = CARTESIAN_POINT('',(-0.867665953813,0.737543418524,0.7800001));
#8226 = CARTESIAN_POINT('',(-0.867665953813,0.764053183318,0.7800001));
#8227 = CARTESIAN_POINT('',(-0.845976146255,0.785742990876,0.7800001));
#8228 = CARTESIAN_POINT('',(-0.819466381461,0.785742990876,0.7800001));
#8229 = ORIENTED_EDGE('',*,*,#8230,.T.);
#8230 = EDGE_CURVE('',#8222,#8231,#8233,.T.);
#8231 = VERTEX_POINT('',#8232);
#8232 = CARTESIAN_POINT('',(-0.793920611791,0.778513055023,0.7800001));
#8233 = B_SPLINE_CURVE_WITH_KNOTS('',3,(#8234,#8235,#8236,#8237),
  .UNSPECIFIED.,.F.,.F.,(4,4),(19.,20.),.PIECEWISE_BEZIER_KNOTS.);
#8234 = CARTESIAN_POINT('',(-0.819466381461,0.785742990876,0.7800001));
#8235 = CARTESIAN_POINT('',(-0.810308464552,0.785742990876,0.7800001));
#8236 = CARTESIAN_POINT('',(-0.801150547644,0.782851014697,0.7800001));
#8237 = CARTESIAN_POINT('',(-0.793920611791,0.778513055023,0.7800001));
#8238 = ORIENTED_EDGE('',*,*,#8239,.T.);
#8239 = EDGE_CURVE('',#8231,#8240,#8242,.T.);
#8240 = VERTEX_POINT('',#8241);
#8241 = CARTESIAN_POINT('',(-0.729333195871,0.824784618741,0.7800001));
#8242 = B_SPLINE_CURVE_WITH_KNOTS('',3,(#8243,#8244,#8245,#8246),
  .UNSPECIFIED.,.F.,.F.,(4,4),(20.,21.),.PIECEWISE_BEZIER_KNOTS.);
#8243 = CARTESIAN_POINT('',(-0.793920611791,0.778513055023,0.7800001));
#8244 = CARTESIAN_POINT('',(-0.784762704076,0.8055047898,0.7800001));
#8245 = CARTESIAN_POINT('',(-0.759698922776,0.824784618741,0.7800001));
#8246 = CARTESIAN_POINT('',(-0.729333195871,0.824784618741,0.7800001));
#8247 = ORIENTED_EDGE('',*,*,#8248,.T.);
#8248 = EDGE_CURVE('',#8240,#8249,#8251,.T.);
#8249 = VERTEX_POINT('',#8250);
#8250 = CARTESIAN_POINT('',(-0.661853794578,0.7645351533,0.7800001));
#8251 = B_SPLINE_CURVE_WITH_KNOTS('',3,(#8252,#8253,#8254,#8255),
  .UNSPECIFIED.,.F.,.F.,(4,4),(21.,22.),.PIECEWISE_BEZIER_KNOTS.);
#8252 = CARTESIAN_POINT('',(-0.729333195871,0.824784618741,0.7800001));
#8253 = CARTESIAN_POINT('',(-0.6946295001,0.824784618741,0.7800001));
#8254 = CARTESIAN_POINT('',(-0.665709756689,0.798274853947,0.7800001));
#8255 = CARTESIAN_POINT('',(-0.661853794578,0.7645351533,0.7800001));
#8256 = ORIENTED_EDGE('',*,*,#8257,.T.);
#8257 = EDGE_CURVE('',#8249,#8258,#8260,.T.);
#8258 = VERTEX_POINT('',#8259);
#8259 = CARTESIAN_POINT('',(-0.657997832467,0.7645351533,0.7800001));
#8260 = B_SPLINE_CURVE_WITH_KNOTS('',3,(#8261,#8262,#8263,#8264),
  .UNSPECIFIED.,.F.,.F.,(4,4),(22.,23.),.PIECEWISE_BEZIER_KNOTS.);
#8261 = CARTESIAN_POINT('',(-0.661853794578,0.7645351533,0.7800001));
#8262 = CARTESIAN_POINT('',(-0.660407811084,0.7645351533,0.7800001));
#8263 = CARTESIAN_POINT('',(-0.65944381596,0.7645351533,0.7800001));
#8264 = CARTESIAN_POINT('',(-0.657997832467,0.7645351533,0.7800001));
#8265 = ORIENTED_EDGE('',*,*,#8266,.T.);
#8266 = EDGE_CURVE('',#8258,#8267,#8269,.T.);
#8267 = VERTEX_POINT('',#8268);
#8268 = CARTESIAN_POINT('',(-0.620402169709,0.726939490543,0.7800001));
#8269 = B_SPLINE_CURVE_WITH_KNOTS('',3,(#8270,#8271,#8272,#8273),
  .UNSPECIFIED.,.F.,.F.,(4,4),(23.,24.),.PIECEWISE_BEZIER_KNOTS.);
#8270 = CARTESIAN_POINT('',(-0.657997832467,0.7645351533,0.7800001));
#8271 = CARTESIAN_POINT('',(-0.637272020033,0.7645351533,0.7800001));
#8272 = CARTESIAN_POINT('',(-0.620402169709,0.747665302977,0.7800001));
#8273 = CARTESIAN_POINT('',(-0.620402169709,0.726939490543,0.7800001));
#8274 = ORIENTED_EDGE('',*,*,#8275,.T.);
#8275 = EDGE_CURVE('',#8267,#8276,#8278,.T.);
#8276 = VERTEX_POINT('',#8277);
#8277 = CARTESIAN_POINT('',(-0.65510586548,0.689343827785,0.7800001));
#8278 = B_SPLINE_CURVE_WITH_KNOTS('',3,(#8279,#8280,#8281,#8282),
  .UNSPECIFIED.,.F.,.F.,(4,4),(24.,25.),.PIECEWISE_BEZIER_KNOTS.);
#8279 = CARTESIAN_POINT('',(-0.620402169709,0.726939490543,0.7800001));
#8280 = CARTESIAN_POINT('',(-0.620402169709,0.707177664039,0.7800001));
#8281 = CARTESIAN_POINT('',(-0.635344029784,0.690789811279,0.7800001));
#8282 = CARTESIAN_POINT('',(-0.65510586548,0.689343827785,0.7800001));
#8283 = ORIENTED_EDGE('',*,*,#8284,.T.);
#8284 = EDGE_CURVE('',#8276,#8285,#8287,.T.);
#8285 = VERTEX_POINT('',#8286);
#8286 = CARTESIAN_POINT('',(-0.676795673039,0.689343827785,0.7800001));
#8287 = B_SPLINE_CURVE_WITH_KNOTS('',1,(#8288,#8289),.UNSPECIFIED.,.F.,
  .F.,(2,2),(0.,2.168980755861E-02),.PIECEWISE_BEZIER_KNOTS.);
#8288 = CARTESIAN_POINT('',(-0.65510586548,0.689343827785,0.7800001));
#8289 = CARTESIAN_POINT('',(-0.676795673039,0.689343827785,0.7800001));
#8290 = ORIENTED_EDGE('',*,*,#8291,.T.);
#8291 = EDGE_CURVE('',#8285,#8292,#8294,.T.);
#8292 = VERTEX_POINT('',#8293);
#8293 = CARTESIAN_POINT('',(-0.679687640025,0.689825816154,0.7800001));
#8294 = B_SPLINE_CURVE_WITH_KNOTS('',3,(#8295,#8296,#8297,#8298),
  .UNSPECIFIED.,.F.,.F.,(4,4),(26.,27.),.PIECEWISE_BEZIER_KNOTS.);
#8295 = CARTESIAN_POINT('',(-0.676795673039,0.689343827785,0.7800001));
#8296 = CARTESIAN_POINT('',(-0.677759668163,0.689343827785,0.7800001));
#8297 = CARTESIAN_POINT('',(-0.678723663288,0.689825816154,0.7800001));
#8298 = CARTESIAN_POINT('',(-0.679687640025,0.689825816154,0.7800001));
#8299 = ORIENTED_EDGE('',*,*,#8300,.T.);
#8300 = EDGE_CURVE('',#8292,#8301,#8303,.T.);
#8301 = VERTEX_POINT('',#8302);
#8302 = CARTESIAN_POINT('',(-0.6946295001,0.674883956079,0.7800001));
#8303 = B_SPLINE_CURVE_WITH_KNOTS('',3,(#8304,#8305,#8306,#8307),
  .UNSPECIFIED.,.F.,.F.,(4,4),(27.,28.),.PIECEWISE_BEZIER_KNOTS.);
#8304 = CARTESIAN_POINT('',(-0.679687640025,0.689825816154,0.7800001));
#8305 = CARTESIAN_POINT('',(-0.687881571003,0.689825816154,0.7800001));
#8306 = CARTESIAN_POINT('',(-0.6946295001,0.68307786867,0.7800001));
#8307 = CARTESIAN_POINT('',(-0.6946295001,0.674883956079,0.7800001));
#8308 = ORIENTED_EDGE('',*,*,#8309,.T.);
#8309 = EDGE_CURVE('',#8301,#8310,#8312,.T.);
#8310 = VERTEX_POINT('',#8311);
#8311 = CARTESIAN_POINT('',(-0.680651616763,0.659942096004,0.7800001));
#8312 = B_SPLINE_CURVE_WITH_KNOTS('',3,(#8313,#8314,#8315,#8316),
  .UNSPECIFIED.,.F.,.F.,(4,4),(28.,29.),.PIECEWISE_BEZIER_KNOTS.);
#8313 = CARTESIAN_POINT('',(-0.6946295001,0.674883956079,0.7800001));
#8314 = CARTESIAN_POINT('',(-0.6946295001,0.667172031858,0.7800001));
#8315 = CARTESIAN_POINT('',(-0.688363559372,0.660424084373,0.7800001));
#8316 = CARTESIAN_POINT('',(-0.680651616763,0.659942096004,0.7800001));
#8317 = ORIENTED_EDGE('',*,*,#8318,.T.);
#8318 = EDGE_CURVE('',#8310,#8319,#8321,.T.);
#8319 = VERTEX_POINT('',#8320);
#8320 = CARTESIAN_POINT('',(-0.652213880107,0.659942096004,0.7800001));
#8321 = B_SPLINE_CURVE_WITH_KNOTS('',1,(#8322,#8323),.UNSPECIFIED.,.F.,
  .F.,(2,2),(-1.110223024625E-16,2.843773665606E-02),
  .PIECEWISE_BEZIER_KNOTS.);
#8322 = CARTESIAN_POINT('',(-0.680651616763,0.659942096004,0.7800001));
#8323 = CARTESIAN_POINT('',(-0.652213880107,0.659942096004,0.7800001));
#8324 = ORIENTED_EDGE('',*,*,#8325,.T.);
#8325 = EDGE_CURVE('',#8319,#8326,#8328,.T.);
#8326 = VERTEX_POINT('',#8327);
#8327 = CARTESIAN_POINT('',(-0.608352276621,0.681631903563,0.7800001));
#8328 = B_SPLINE_CURVE_WITH_KNOTS('',3,(#8329,#8330,#8331,#8332),
  .UNSPECIFIED.,.F.,.F.,(4,4),(33.,34.),.PIECEWISE_BEZIER_KNOTS.);
#8329 = CARTESIAN_POINT('',(-0.652213880107,0.659942096004,0.7800001));
#8330 = CARTESIAN_POINT('',(-0.635344029784,0.661388079498,0.7800001));
#8331 = CARTESIAN_POINT('',(-0.619920162954,0.669100022106,0.7800001));
#8332 = CARTESIAN_POINT('',(-0.608352276621,0.681631903563,0.7800001));
#8333 = ORIENTED_EDGE('',*,*,#8334,.T.);
#8334 = EDGE_CURVE('',#8326,#8055,#8335,.T.);
#8335 = B_SPLINE_CURVE_WITH_KNOTS('',3,(#8336,#8337,#8338,#8339),
  .UNSPECIFIED.,.F.,.F.,(4,4),(34.,35.),.PIECEWISE_BEZIER_KNOTS.);
#8336 = CARTESIAN_POINT('',(-0.608352276621,0.681631903563,0.7800001));
#8337 = CARTESIAN_POINT('',(-0.596784371902,0.69416378502,0.7800001));
#8338 = CARTESIAN_POINT('',(-0.590518431173,0.710551646975,0.7800001));
#8339 = CARTESIAN_POINT('',(-0.590518431173,0.727421497298,0.7800001));
#8340 = FACE_BOUND('',#8341,.T.);
#8341 = EDGE_LOOP('',(#8342,#8356));
#8342 = ORIENTED_EDGE('',*,*,#8343,.F.);
#8343 = EDGE_CURVE('',#8344,#8346,#8348,.T.);
#8344 = VERTEX_POINT('',#8345);
#8345 = CARTESIAN_POINT('',(-0.793920620985,0.657050092245,0.7800001));
#8346 = VERTEX_POINT('',#8347);
#8347 = CARTESIAN_POINT('',(-0.793920620985,0.694645773389,0.7800001));
#8348 = B_SPLINE_CURVE_WITH_KNOTS('',3,(#8349,#8350,#8351,#8352,#8353,
    #8354,#8355),.UNSPECIFIED.,.F.,.F.,(4,3,4),(0.,1.,2.),
  .PIECEWISE_BEZIER_KNOTS.);
#8349 = CARTESIAN_POINT('',(-0.793920620985,0.657050092245,0.7800001));
#8350 = CARTESIAN_POINT('',(-0.783316720583,0.657050092245,0.7800001));
#8351 = CARTESIAN_POINT('',(-0.775122789606,0.665726029977,0.7800001));
#8352 = CARTESIAN_POINT('',(-0.775122789606,0.675847932817,0.7800001));
#8353 = CARTESIAN_POINT('',(-0.775122789606,0.686451842412,0.7800001));
#8354 = CARTESIAN_POINT('',(-0.783798708952,0.694645773389,0.7800001));
#8355 = CARTESIAN_POINT('',(-0.793920620985,0.694645773389,0.7800001));
#8356 = ORIENTED_EDGE('',*,*,#8357,.F.);
#8357 = EDGE_CURVE('',#8346,#8344,#8358,.T.);
#8358 = B_SPLINE_CURVE_WITH_KNOTS('',3,(#8359,#8360,#8361,#8362,#8363,
    #8364),.UNSPECIFIED.,.F.,.F.,(4,2,4),(2.,3.,4.),.UNSPECIFIED.);
#8359 = CARTESIAN_POINT('',(-0.793920620985,0.694645773389,0.7800001));
#8360 = CARTESIAN_POINT('',(-0.804042533017,0.694645773389,0.7800001));
#8361 = CARTESIAN_POINT('',(-0.812718452364,0.686451842412,0.7800001));
#8362 = CARTESIAN_POINT('',(-0.812718452364,0.665244023222,0.7800001));
#8363 = CARTESIAN_POINT('',(-0.804042533017,0.657050092245,0.7800001));
#8364 = CARTESIAN_POINT('',(-0.793920620985,0.657050092245,0.7800001));
#8365 = B_SPLINE_SURFACE_WITH_KNOTS('',1,1,(
    (#8366,#8367)
    ,(#8368,#8369
    )),.UNSPECIFIED.,.F.,.F.,.F.,(2,2),(2,2),(-1.373687536253E-02,
    0.293776392569),(-0.138453250438,8.712072610774E-02),
  .PIECEWISE_BEZIER_KNOTS.);
#8366 = CARTESIAN_POINT('',(-0.590518431173,0.628130385607,0.7800001));
#8367 = CARTESIAN_POINT('',(-0.590518431173,0.853704362152,0.7800001));
#8368 = CARTESIAN_POINT('',(-0.898031699105,0.628130385607,0.7800001));
#8369 = CARTESIAN_POINT('',(-0.898031699105,0.853704362152,0.7800001));
#8370 = ADVANCED_FACE('',(#8371),#8385,.F.);
#8371 = FACE_BOUND('',#8372,.F.);
#8372 = EDGE_LOOP('',(#8373,#8378,#8379,#8384));
#8373 = ORIENTED_EDGE('',*,*,#8374,.F.);
#8374 = EDGE_CURVE('',#8055,#1202,#8375,.T.);
#8375 = B_SPLINE_CURVE_WITH_KNOTS('',1,(#8376,#8377),.UNSPECIFIED.,.F.,
  .F.,(2,2),(-0.,1.E-02),.PIECEWISE_BEZIER_KNOTS.);
#8376 = CARTESIAN_POINT('',(-0.590518431173,0.727421497298,0.7800001));
#8377 = CARTESIAN_POINT('',(-0.590518431173,0.727421497298,0.7700001));
#8378 = ORIENTED_EDGE('',*,*,#8054,.T.);
#8379 = ORIENTED_EDGE('',*,*,#8380,.T.);
#8380 = EDGE_CURVE('',#8057,#1191,#8381,.T.);
#8381 = B_SPLINE_CURVE_WITH_KNOTS('',1,(#8382,#8383),.UNSPECIFIED.,.F.,
  .F.,(2,2),(-0.,1.E-02),.PIECEWISE_BEZIER_KNOTS.);
#8382 = CARTESIAN_POINT('',(-0.63823599677,0.790562920532,0.7800001));
#8383 = CARTESIAN_POINT('',(-0.63823599677,0.790562920532,0.7700001));
#8384 = ORIENTED_EDGE('',*,*,#1201,.F.);
#8385 = B_SPLINE_SURFACE_WITH_KNOTS('',3,1,(
    (#8386,#8387)
    ,(#8388,#8389)
    ,(#8390,#8391)
    ,(#8392,#8393
    )),.UNSPECIFIED.,.F.,.F.,.F.,(4,4),(2,2),(35.,36.),(0.,1.),
  .PIECEWISE_BEZIER_KNOTS.);
#8386 = CARTESIAN_POINT('',(-0.590518431173,0.727421497298,0.7800001));
#8387 = CARTESIAN_POINT('',(-0.590518431173,0.727421497298,0.7700001));
#8388 = CARTESIAN_POINT('',(-0.591000419542,0.756341222323,0.7800001));
#8389 = CARTESIAN_POINT('',(-0.591000419542,0.756341222323,0.7700001));
#8390 = CARTESIAN_POINT('',(-0.610762255239,0.781887001186,0.7800001));
#8391 = CARTESIAN_POINT('',(-0.610762255239,0.781887001186,0.7700001));
#8392 = CARTESIAN_POINT('',(-0.63823599677,0.790562920532,0.7800001));
#8393 = CARTESIAN_POINT('',(-0.63823599677,0.790562920532,0.7700001));
#8394 = ADVANCED_FACE('',(#8395),#8405,.F.);
#8395 = FACE_BOUND('',#8396,.F.);
#8396 = EDGE_LOOP('',(#8397,#8398,#8399,#8404));
#8397 = ORIENTED_EDGE('',*,*,#8380,.F.);
#8398 = ORIENTED_EDGE('',*,*,#8065,.T.);
#8399 = ORIENTED_EDGE('',*,*,#8400,.T.);
#8400 = EDGE_CURVE('',#8066,#1193,#8401,.T.);
#8401 = B_SPLINE_CURVE_WITH_KNOTS('',1,(#8402,#8403),.UNSPECIFIED.,.F.,
  .F.,(2,2),(-0.,1.E-02),.PIECEWISE_BEZIER_KNOTS.);
#8402 = CARTESIAN_POINT('',(-0.664263773195,0.82864058315,0.7800001));
#8403 = CARTESIAN_POINT('',(-0.664263773195,0.82864058315,0.7700001));
#8404 = ORIENTED_EDGE('',*,*,#1190,.F.);
#8405 = B_SPLINE_SURFACE_WITH_KNOTS('',3,1,(
    (#8406,#8407)
    ,(#8408,#8409)
    ,(#8410,#8411)
    ,(#8412,#8413
    )),.UNSPECIFIED.,.F.,.F.,.F.,(4,4),(2,2),(0.,1.),(0.,1.),
  .PIECEWISE_BEZIER_KNOTS.);
#8406 = CARTESIAN_POINT('',(-0.63823599677,0.790562920532,0.7800001));
#8407 = CARTESIAN_POINT('',(-0.63823599677,0.790562920532,0.7700001));
#8408 = CARTESIAN_POINT('',(-0.643537942374,0.805022792237,0.7800001));
#8409 = CARTESIAN_POINT('',(-0.643537942374,0.805022792237,0.7700001));
#8410 = CARTESIAN_POINT('',(-0.652695868476,0.818036675853,0.7800001));
#8411 = CARTESIAN_POINT('',(-0.652695868476,0.818036675853,0.7700001));
#8412 = CARTESIAN_POINT('',(-0.664263773195,0.82864058315,0.7800001));
#8413 = CARTESIAN_POINT('',(-0.664263773195,0.82864058315,0.7700001));
#8414 = ADVANCED_FACE('',(#8415),#8425,.F.);
#8415 = FACE_BOUND('',#8416,.F.);
#8416 = EDGE_LOOP('',(#8417,#8418,#8419,#8424));
#8417 = ORIENTED_EDGE('',*,*,#8400,.F.);
#8418 = ORIENTED_EDGE('',*,*,#8074,.T.);
#8419 = ORIENTED_EDGE('',*,*,#8420,.T.);
#8420 = EDGE_CURVE('',#8075,#1462,#8421,.T.);
#8421 = B_SPLINE_CURVE_WITH_KNOTS('',1,(#8422,#8423),.UNSPECIFIED.,.F.,
  .F.,(2,2),(-0.,1.E-02),.PIECEWISE_BEZIER_KNOTS.);
#8422 = CARTESIAN_POINT('',(-0.72981518424,0.853704362152,0.7800001));
#8423 = CARTESIAN_POINT('',(-0.72981518424,0.853704362152,0.7700001));
#8424 = ORIENTED_EDGE('',*,*,#1470,.F.);
#8425 = B_SPLINE_SURFACE_WITH_KNOTS('',3,1,(
    (#8426,#8427)
    ,(#8428,#8429)
    ,(#8430,#8431)
    ,(#8432,#8433
    )),.UNSPECIFIED.,.F.,.F.,.F.,(4,4),(2,2),(1.,2.),(0.,1.),
  .PIECEWISE_BEZIER_KNOTS.);
#8426 = CARTESIAN_POINT('',(-0.664263773195,0.82864058315,0.7800001));
#8427 = CARTESIAN_POINT('',(-0.664263773195,0.82864058315,0.7700001));
#8428 = CARTESIAN_POINT('',(-0.682579607012,0.84454644352,0.7800001));
#8429 = CARTESIAN_POINT('',(-0.682579607012,0.84454644352,0.7700001));
#8430 = CARTESIAN_POINT('',(-0.705715398064,0.853704362152,0.7800001));
#8431 = CARTESIAN_POINT('',(-0.705715398064,0.853704362152,0.7700001));
#8432 = CARTESIAN_POINT('',(-0.72981518424,0.853704362152,0.7800001));
#8433 = CARTESIAN_POINT('',(-0.72981518424,0.853704362152,0.7700001));
#8434 = ADVANCED_FACE('',(#8435),#8445,.F.);
#8435 = FACE_BOUND('',#8436,.F.);
#8436 = EDGE_LOOP('',(#8437,#8438,#8439,#8444));
#8437 = ORIENTED_EDGE('',*,*,#8420,.F.);
#8438 = ORIENTED_EDGE('',*,*,#8083,.T.);
#8439 = ORIENTED_EDGE('',*,*,#8440,.T.);
#8440 = EDGE_CURVE('',#8084,#1453,#8441,.T.);
#8441 = B_SPLINE_CURVE_WITH_KNOTS('',1,(#8442,#8443),.UNSPECIFIED.,.F.,
  .F.,(2,2),(-0.,1.E-02),.PIECEWISE_BEZIER_KNOTS.);
#8442 = CARTESIAN_POINT('',(-0.787654671063,0.834906528475,0.7800001));
#8443 = CARTESIAN_POINT('',(-0.787654671063,0.834906528475,0.7700001));
#8444 = ORIENTED_EDGE('',*,*,#1461,.F.);
#8445 = B_SPLINE_SURFACE_WITH_KNOTS('',3,1,(
    (#8446,#8447)
    ,(#8448,#8449)
    ,(#8450,#8451)
    ,(#8452,#8453
    )),.UNSPECIFIED.,.F.,.F.,.F.,(4,4),(2,2),(2.,3.),(0.,1.),
  .PIECEWISE_BEZIER_KNOTS.);
#8446 = CARTESIAN_POINT('',(-0.72981518424,0.853704362152,0.7800001));
#8447 = CARTESIAN_POINT('',(-0.72981518424,0.853704362152,0.7700001));
#8448 = CARTESIAN_POINT('',(-0.751022994236,0.853704362152,0.7800001));
#8449 = CARTESIAN_POINT('',(-0.751022994236,0.853704362152,0.7700001));
#8450 = CARTESIAN_POINT('',(-0.770784820739,0.846956422138,0.7800001));
#8451 = CARTESIAN_POINT('',(-0.770784820739,0.846956422138,0.7700001));
#8452 = CARTESIAN_POINT('',(-0.787654671063,0.834906528475,0.7800001));
#8453 = CARTESIAN_POINT('',(-0.787654671063,0.834906528475,0.7700001));
#8454 = ADVANCED_FACE('',(#8455),#8465,.F.);
#8455 = FACE_BOUND('',#8456,.F.);
#8456 = EDGE_LOOP('',(#8457,#8458,#8459,#8464));
#8457 = ORIENTED_EDGE('',*,*,#8440,.F.);
#8458 = ORIENTED_EDGE('',*,*,#8092,.T.);
#8459 = ORIENTED_EDGE('',*,*,#8460,.T.);
#8460 = EDGE_CURVE('',#8093,#1444,#8461,.T.);
#8461 = B_SPLINE_CURVE_WITH_KNOTS('',1,(#8462,#8463),.UNSPECIFIED.,.F.,
  .F.,(2,2),(-0.,1.E-02),.PIECEWISE_BEZIER_KNOTS.);
#8462 = CARTESIAN_POINT('',(-0.808862481059,0.81369871618,0.7800001));
#8463 = CARTESIAN_POINT('',(-0.808862481059,0.81369871618,0.7700001));
#8464 = ORIENTED_EDGE('',*,*,#1452,.F.);
#8465 = B_SPLINE_SURFACE_WITH_KNOTS('',3,1,(
    (#8466,#8467)
    ,(#8468,#8469)
    ,(#8470,#8471)
    ,(#8472,#8473
    )),.UNSPECIFIED.,.F.,.F.,.F.,(4,4),(2,2),(3.,4.),(0.,1.),
  .PIECEWISE_BEZIER_KNOTS.);
#8466 = CARTESIAN_POINT('',(-0.787654671063,0.834906528475,0.7800001));
#8467 = CARTESIAN_POINT('',(-0.787654671063,0.834906528475,0.7700001));
#8468 = CARTESIAN_POINT('',(-0.79584860204,0.829122578414,0.7800001));
#8469 = CARTESIAN_POINT('',(-0.79584860204,0.829122578414,0.7700001));
#8470 = CARTESIAN_POINT('',(-0.802596540331,0.821892642561,0.7800001));
#8471 = CARTESIAN_POINT('',(-0.802596540331,0.821892642561,0.7700001));
#8472 = CARTESIAN_POINT('',(-0.808862481059,0.81369871618,0.7800001));
#8473 = CARTESIAN_POINT('',(-0.808862481059,0.81369871618,0.7700001));
#8474 = ADVANCED_FACE('',(#8475),#8485,.F.);
#8475 = FACE_BOUND('',#8476,.F.);
#8476 = EDGE_LOOP('',(#8477,#8478,#8479,#8484));
#8477 = ORIENTED_EDGE('',*,*,#8460,.F.);
#8478 = ORIENTED_EDGE('',*,*,#8101,.T.);
#8479 = ORIENTED_EDGE('',*,*,#8480,.T.);
#8480 = EDGE_CURVE('',#8102,#1435,#8481,.T.);
#8481 = B_SPLINE_CURVE_WITH_KNOTS('',1,(#8482,#8483),.UNSPECIFIED.,.F.,
  .F.,(2,2),(-0.,1.E-02),.PIECEWISE_BEZIER_KNOTS.);
#8482 = CARTESIAN_POINT('',(-0.819948379023,0.814662706708,0.7800001));
#8483 = CARTESIAN_POINT('',(-0.819948379023,0.814662706708,0.7700001));
#8484 = ORIENTED_EDGE('',*,*,#1443,.F.);
#8485 = B_SPLINE_SURFACE_WITH_KNOTS('',3,1,(
    (#8486,#8487)
    ,(#8488,#8489)
    ,(#8490,#8491)
    ,(#8492,#8493
    )),.UNSPECIFIED.,.F.,.F.,.F.,(4,4),(2,2),(4.,5.),(0.,1.),
  .PIECEWISE_BEZIER_KNOTS.);
#8486 = CARTESIAN_POINT('',(-0.808862481059,0.81369871618,0.7800001));
#8487 = CARTESIAN_POINT('',(-0.808862481059,0.81369871618,0.7700001));
#8488 = CARTESIAN_POINT('',(-0.81271844317,0.814180713743,0.7800001));
#8489 = CARTESIAN_POINT('',(-0.81271844317,0.814180713743,0.7700001));
#8490 = CARTESIAN_POINT('',(-0.816092416912,0.814662706708,0.7800001));
#8491 = CARTESIAN_POINT('',(-0.816092416912,0.814662706708,0.7700001));
#8492 = CARTESIAN_POINT('',(-0.819948379023,0.814662706708,0.7800001));
#8493 = CARTESIAN_POINT('',(-0.819948379023,0.814662706708,0.7700001));
#8494 = ADVANCED_FACE('',(#8495),#8505,.F.);
#8495 = FACE_BOUND('',#8496,.F.);
#8496 = EDGE_LOOP('',(#8497,#8498,#8499,#8504));
#8497 = ORIENTED_EDGE('',*,*,#8480,.F.);
#8498 = ORIENTED_EDGE('',*,*,#8110,.T.);
#8499 = ORIENTED_EDGE('',*,*,#8500,.T.);
#8500 = EDGE_CURVE('',#8111,#1426,#8501,.T.);
#8501 = B_SPLINE_CURVE_WITH_KNOTS('',1,(#8502,#8503),.UNSPECIFIED.,.F.,
  .F.,(2,2),(-0.,1.E-02),.PIECEWISE_BEZIER_KNOTS.);
#8502 = CARTESIAN_POINT('',(-0.875377887228,0.791526911059,0.7800001));
#8503 = CARTESIAN_POINT('',(-0.875377887228,0.791526911059,0.7700001));
#8504 = ORIENTED_EDGE('',*,*,#1434,.F.);
#8505 = B_SPLINE_SURFACE_WITH_KNOTS('',3,1,(
    (#8506,#8507)
    ,(#8508,#8509)
    ,(#8510,#8511)
    ,(#8512,#8513
    )),.UNSPECIFIED.,.F.,.F.,.F.,(4,4),(2,2),(5.,6.),(0.,1.),
  .PIECEWISE_BEZIER_KNOTS.);
#8506 = CARTESIAN_POINT('',(-0.819948379023,0.814662706708,0.7800001));
#8507 = CARTESIAN_POINT('',(-0.819948379023,0.814662706708,0.7700001));
#8508 = CARTESIAN_POINT('',(-0.840674196054,0.814662706708,0.7800001));
#8509 = CARTESIAN_POINT('',(-0.840674196054,0.814662706708,0.7700001));
#8510 = CARTESIAN_POINT('',(-0.86043601796,0.806468780328,0.7800001));
#8511 = CARTESIAN_POINT('',(-0.86043601796,0.806468780328,0.7700001));
#8512 = CARTESIAN_POINT('',(-0.875377887228,0.791526911059,0.7800001));
#8513 = CARTESIAN_POINT('',(-0.875377887228,0.791526911059,0.7700001));
#8514 = ADVANCED_FACE('',(#8515),#8525,.F.);
#8515 = FACE_BOUND('',#8516,.F.);
#8516 = EDGE_LOOP('',(#8517,#8518,#8519,#8524));
#8517 = ORIENTED_EDGE('',*,*,#8500,.F.);
#8518 = ORIENTED_EDGE('',*,*,#8119,.T.);
#8519 = ORIENTED_EDGE('',*,*,#8520,.T.);
#8520 = EDGE_CURVE('',#8120,#1417,#8521,.T.);
#8521 = B_SPLINE_CURVE_WITH_KNOTS('',1,(#8522,#8523),.UNSPECIFIED.,.F.,
  .F.,(2,2),(-0.,1.E-02),.PIECEWISE_BEZIER_KNOTS.);
#8522 = CARTESIAN_POINT('',(-0.898031699105,0.736579405013,0.7800001));
#8523 = CARTESIAN_POINT('',(-0.898031699105,0.736579405013,0.7700001));
#8524 = ORIENTED_EDGE('',*,*,#1425,.F.);
#8525 = B_SPLINE_SURFACE_WITH_KNOTS('',3,1,(
    (#8526,#8527)
    ,(#8528,#8529)
    ,(#8530,#8531)
    ,(#8532,#8533
    )),.UNSPECIFIED.,.F.,.F.,.F.,(4,4),(2,2),(6.,7.),(0.,1.),
  .PIECEWISE_BEZIER_KNOTS.);
#8526 = CARTESIAN_POINT('',(-0.875377887228,0.791526911059,0.7800001));
#8527 = CARTESIAN_POINT('',(-0.875377887228,0.791526911059,0.7700001));
#8528 = CARTESIAN_POINT('',(-0.889837771575,0.77706704395,0.7800001));
#8529 = CARTESIAN_POINT('',(-0.889837771575,0.77706704395,0.7700001));
#8530 = CARTESIAN_POINT('',(-0.898031699105,0.757305217447,0.7800001));
#8531 = CARTESIAN_POINT('',(-0.898031699105,0.757305217447,0.7700001));
#8532 = CARTESIAN_POINT('',(-0.898031699105,0.736579405013,0.7800001));
#8533 = CARTESIAN_POINT('',(-0.898031699105,0.736579405013,0.7700001));
#8534 = ADVANCED_FACE('',(#8535),#8545,.F.);
#8535 = FACE_BOUND('',#8536,.F.);
#8536 = EDGE_LOOP('',(#8537,#8538,#8539,#8544));
#8537 = ORIENTED_EDGE('',*,*,#8520,.F.);
#8538 = ORIENTED_EDGE('',*,*,#8128,.T.);
#8539 = ORIENTED_EDGE('',*,*,#8540,.T.);
#8540 = EDGE_CURVE('',#8129,#1408,#8541,.T.);
#8541 = B_SPLINE_CURVE_WITH_KNOTS('',1,(#8542,#8543),.UNSPECIFIED.,.F.,
  .F.,(2,2),(-0.,1.E-02),.PIECEWISE_BEZIER_KNOTS.);
#8542 = CARTESIAN_POINT('',(-0.877787879636,0.684041882181,0.7800001));
#8543 = CARTESIAN_POINT('',(-0.877787879636,0.684041882181,0.7700001));
#8544 = ORIENTED_EDGE('',*,*,#1416,.F.);
#8545 = B_SPLINE_SURFACE_WITH_KNOTS('',3,1,(
    (#8546,#8547)
    ,(#8548,#8549)
    ,(#8550,#8551)
    ,(#8552,#8553
    )),.UNSPECIFIED.,.F.,.F.,.F.,(4,4),(2,2),(7.,8.),(0.,1.),
  .PIECEWISE_BEZIER_KNOTS.);
#8546 = CARTESIAN_POINT('',(-0.898031699105,0.736579405013,0.7800001));
#8547 = CARTESIAN_POINT('',(-0.898031699105,0.736579405013,0.7700001));
#8548 = CARTESIAN_POINT('',(-0.898031699105,0.717299576072,0.7800001));
#8549 = CARTESIAN_POINT('',(-0.898031699105,0.717299576072,0.7700001));
#8550 = CARTESIAN_POINT('',(-0.890801763252,0.6985017355,0.7800001));
#8551 = CARTESIAN_POINT('',(-0.890801763252,0.6985017355,0.7700001));
#8552 = CARTESIAN_POINT('',(-0.877787879636,0.684041882181,0.7800001));
#8553 = CARTESIAN_POINT('',(-0.877787879636,0.684041882181,0.7700001));
#8554 = ADVANCED_FACE('',(#8555),#8565,.F.);
#8555 = FACE_BOUND('',#8556,.F.);
#8556 = EDGE_LOOP('',(#8557,#8558,#8559,#8564));
#8557 = ORIENTED_EDGE('',*,*,#8540,.F.);
#8558 = ORIENTED_EDGE('',*,*,#8137,.T.);
#8559 = ORIENTED_EDGE('',*,*,#8560,.T.);
#8560 = EDGE_CURVE('',#8138,#1399,#8561,.T.);
#8561 = B_SPLINE_CURVE_WITH_KNOTS('',1,(#8562,#8563),.UNSPECIFIED.,.F.,
  .F.,(2,2),(-0.,1.E-02),.PIECEWISE_BEZIER_KNOTS.);
#8562 = CARTESIAN_POINT('',(-0.839228221754,0.660906091129,0.7800001));
#8563 = CARTESIAN_POINT('',(-0.839228221754,0.660906091129,0.7700001));
#8564 = ORIENTED_EDGE('',*,*,#1407,.F.);
#8565 = B_SPLINE_SURFACE_WITH_KNOTS('',3,1,(
    (#8566,#8567)
    ,(#8568,#8569)
    ,(#8570,#8571)
    ,(#8572,#8573
    )),.UNSPECIFIED.,.F.,.F.,.F.,(4,4),(2,2),(8.,9.),(0.,1.),
  .PIECEWISE_BEZIER_KNOTS.);
#8566 = CARTESIAN_POINT('',(-0.877787879636,0.684041882181,0.7800001));
#8567 = CARTESIAN_POINT('',(-0.877787879636,0.684041882181,0.7700001));
#8568 = CARTESIAN_POINT('',(-0.867183974638,0.672473977461,0.7800001));
#8569 = CARTESIAN_POINT('',(-0.867183974638,0.672473977461,0.7700001));
#8570 = CARTESIAN_POINT('',(-0.854170086425,0.66476205324,0.7800001));
#8571 = CARTESIAN_POINT('',(-0.854170086425,0.66476205324,0.7700001));
#8572 = CARTESIAN_POINT('',(-0.839228221754,0.660906091129,0.7800001));
#8573 = CARTESIAN_POINT('',(-0.839228221754,0.660906091129,0.7700001));
#8574 = ADVANCED_FACE('',(#8575),#8585,.F.);
#8575 = FACE_BOUND('',#8576,.F.);
#8576 = EDGE_LOOP('',(#8577,#8578,#8579,#8584));
#8577 = ORIENTED_EDGE('',*,*,#8560,.F.);
#8578 = ORIENTED_EDGE('',*,*,#8146,.T.);
#8579 = ORIENTED_EDGE('',*,*,#8580,.T.);
#8580 = EDGE_CURVE('',#8147,#1390,#8581,.T.);
#8581 = B_SPLINE_CURVE_WITH_KNOTS('',1,(#8582,#8583),.UNSPECIFIED.,.F.,
  .F.,(2,2),(-0.,1.E-02),.PIECEWISE_BEZIER_KNOTS.);
#8582 = CARTESIAN_POINT('',(-0.793438623422,0.628130385607,0.7800001));
#8583 = CARTESIAN_POINT('',(-0.793438623422,0.628130385607,0.7700001));
#8584 = ORIENTED_EDGE('',*,*,#1398,.F.);
#8585 = B_SPLINE_SURFACE_WITH_KNOTS('',3,1,(
    (#8586,#8587)
    ,(#8588,#8589)
    ,(#8590,#8591)
    ,(#8592,#8593
    )),.UNSPECIFIED.,.F.,.F.,.F.,(4,4),(2,2),(9.,10.),(0.,1.),
  .PIECEWISE_BEZIER_KNOTS.);
#8586 = CARTESIAN_POINT('',(-0.839228221754,0.660906091129,0.7800001));
#8587 = CARTESIAN_POINT('',(-0.839228221754,0.660906091129,0.7700001));
#8588 = CARTESIAN_POINT('',(-0.832962276429,0.641626262188,0.7800001));
#8589 = CARTESIAN_POINT('',(-0.832962276429,0.641626262188,0.7700001));
#8590 = CARTESIAN_POINT('',(-0.814646442612,0.628130385607,0.7800001));
#8591 = CARTESIAN_POINT('',(-0.814646442612,0.628130385607,0.7700001));
#8592 = CARTESIAN_POINT('',(-0.793438623422,0.628130385607,0.7800001));
#8593 = CARTESIAN_POINT('',(-0.793438623422,0.628130385607,0.7700001));
#8594 = ADVANCED_FACE('',(#8595),#8605,.F.);
#8595 = FACE_BOUND('',#8596,.F.);
#8596 = EDGE_LOOP('',(#8597,#8598,#8599,#8604));
#8597 = ORIENTED_EDGE('',*,*,#8580,.F.);
#8598 = ORIENTED_EDGE('',*,*,#8155,.T.);
#8599 = ORIENTED_EDGE('',*,*,#8600,.T.);
#8600 = EDGE_CURVE('',#8156,#1381,#8601,.T.);
#8601 = B_SPLINE_CURVE_WITH_KNOTS('',1,(#8602,#8603),.UNSPECIFIED.,.F.,
  .F.,(2,2),(-0.,1.E-02),.PIECEWISE_BEZIER_KNOTS.);
#8602 = CARTESIAN_POINT('',(-0.74523905107,0.676329957959,0.7800001));
#8603 = CARTESIAN_POINT('',(-0.74523905107,0.676329957959,0.7700001));
#8604 = ORIENTED_EDGE('',*,*,#1389,.F.);
#8605 = B_SPLINE_SURFACE_WITH_KNOTS('',3,1,(
    (#8606,#8607)
    ,(#8608,#8609)
    ,(#8610,#8611)
    ,(#8612,#8613
    )),.UNSPECIFIED.,.F.,.F.,.F.,(4,4),(2,2),(10.,11.),(0.,1.),
  .PIECEWISE_BEZIER_KNOTS.);
#8606 = CARTESIAN_POINT('',(-0.793438623422,0.628130385607,0.7800001));
#8607 = CARTESIAN_POINT('',(-0.793438623422,0.628130385607,0.7700001));
#8608 = CARTESIAN_POINT('',(-0.766928858629,0.628130385607,0.7800001));
#8609 = CARTESIAN_POINT('',(-0.766928858629,0.628130385607,0.7700001));
#8610 = CARTESIAN_POINT('',(-0.74523905107,0.649820193165,0.7800001));
#8611 = CARTESIAN_POINT('',(-0.74523905107,0.649820193165,0.7700001));
#8612 = CARTESIAN_POINT('',(-0.74523905107,0.676329957959,0.7800001));
#8613 = CARTESIAN_POINT('',(-0.74523905107,0.676329957959,0.7700001));
#8614 = ADVANCED_FACE('',(#8615),#8625,.F.);
#8615 = FACE_BOUND('',#8616,.T.);
#8616 = EDGE_LOOP('',(#8617,#8618,#8623,#8624));
#8617 = ORIENTED_EDGE('',*,*,#1380,.T.);
#8618 = ORIENTED_EDGE('',*,*,#8619,.F.);
#8619 = EDGE_CURVE('',#8165,#1374,#8620,.T.);
#8620 = B_SPLINE_CURVE_WITH_KNOTS('',1,(#8621,#8622),.UNSPECIFIED.,.F.,
  .F.,(2,2),(-0.,1.E-02),.PIECEWISE_BEZIER_KNOTS.);
#8621 = CARTESIAN_POINT('',(-0.74523905107,0.681149915195,0.7800001));
#8622 = CARTESIAN_POINT('',(-0.74523905107,0.681149915195,0.7700001));
#8623 = ORIENTED_EDGE('',*,*,#8164,.F.);
#8624 = ORIENTED_EDGE('',*,*,#8600,.T.);
#8625 = B_SPLINE_SURFACE_WITH_KNOTS('',1,1,(
    (#8626,#8627)
    ,(#8628,#8629
    )),.UNSPECIFIED.,.F.,.F.,.F.,(2,2),(2,2),(-1.E-02,0.),(0.,
    4.819957235555E-03),.PIECEWISE_BEZIER_KNOTS.);
#8626 = CARTESIAN_POINT('',(-0.74523905107,0.676329957959,0.7700001));
#8627 = CARTESIAN_POINT('',(-0.74523905107,0.681149915195,0.7700001));
#8628 = CARTESIAN_POINT('',(-0.74523905107,0.676329957959,0.7800001));
#8629 = CARTESIAN_POINT('',(-0.74523905107,0.681149915195,0.7800001));
#8630 = ADVANCED_FACE('',(#8631),#8641,.F.);
#8631 = FACE_BOUND('',#8632,.T.);
#8632 = EDGE_LOOP('',(#8633,#8634,#8639,#8640));
#8633 = ORIENTED_EDGE('',*,*,#1373,.T.);
#8634 = ORIENTED_EDGE('',*,*,#8635,.F.);
#8635 = EDGE_CURVE('',#8174,#1367,#8636,.T.);
#8636 = B_SPLINE_CURVE_WITH_KNOTS('',1,(#8637,#8638),.UNSPECIFIED.,.F.,
  .F.,(2,2),(-0.,1.E-02),.PIECEWISE_BEZIER_KNOTS.);
#8637 = CARTESIAN_POINT('',(-0.677759649777,0.716817596897,0.7800001));
#8638 = CARTESIAN_POINT('',(-0.677759649777,0.716817596897,0.7700001));
#8639 = ORIENTED_EDGE('',*,*,#8173,.F.);
#8640 = ORIENTED_EDGE('',*,*,#8619,.T.);
#8641 = B_SPLINE_SURFACE_WITH_KNOTS('',1,1,(
    (#8642,#8643)
    ,(#8644,#8645
    )),.UNSPECIFIED.,.F.,.F.,.F.,(2,2),(2,2),(-7.632596620359E-02,0.),(
    -1.E-02,0.),.PIECEWISE_BEZIER_KNOTS.);
#8642 = CARTESIAN_POINT('',(-0.677759649777,0.716817596897,0.7700001));
#8643 = CARTESIAN_POINT('',(-0.677759649777,0.716817596897,0.7800001));
#8644 = CARTESIAN_POINT('',(-0.74523905107,0.681149915195,0.7700001));
#8645 = CARTESIAN_POINT('',(-0.74523905107,0.681149915195,0.7800001));
#8646 = ADVANCED_FACE('',(#8647),#8657,.F.);
#8647 = FACE_BOUND('',#8648,.T.);
#8648 = EDGE_LOOP('',(#8649,#8650,#8655,#8656));
#8649 = ORIENTED_EDGE('',*,*,#1366,.T.);
#8650 = ORIENTED_EDGE('',*,*,#8651,.F.);
#8651 = EDGE_CURVE('',#8181,#1360,#8652,.T.);
#8652 = B_SPLINE_CURVE_WITH_KNOTS('',1,(#8653,#8654),.UNSPECIFIED.,.F.,
  .F.,(2,2),(-0.,1.E-02),.PIECEWISE_BEZIER_KNOTS.);
#8653 = CARTESIAN_POINT('',(-0.692701509851,0.742363375759,0.7800001));
#8654 = CARTESIAN_POINT('',(-0.692701509851,0.742363375759,0.7700001));
#8655 = ORIENTED_EDGE('',*,*,#8180,.F.);
#8656 = ORIENTED_EDGE('',*,*,#8635,.T.);
#8657 = B_SPLINE_SURFACE_WITH_KNOTS('',1,1,(
    (#8658,#8659)
    ,(#8660,#8661
    )),.UNSPECIFIED.,.F.,.F.,.F.,(2,2),(2,2),(-2.959469547388E-02,0.),(
    -1.E-02,0.),.PIECEWISE_BEZIER_KNOTS.);
#8658 = CARTESIAN_POINT('',(-0.692701509851,0.742363375759,0.7700001));
#8659 = CARTESIAN_POINT('',(-0.692701509851,0.742363375759,0.7800001));
#8660 = CARTESIAN_POINT('',(-0.677759649777,0.716817596897,0.7700001));
#8661 = CARTESIAN_POINT('',(-0.677759649777,0.716817596897,0.7800001));
#8662 = ADVANCED_FACE('',(#8663),#8673,.F.);
#8663 = FACE_BOUND('',#8664,.T.);
#8664 = EDGE_LOOP('',(#8665,#8666,#8671,#8672));
#8665 = ORIENTED_EDGE('',*,*,#1359,.T.);
#8666 = ORIENTED_EDGE('',*,*,#8667,.F.);
#8667 = EDGE_CURVE('',#8188,#1351,#8668,.T.);
#8668 = B_SPLINE_CURVE_WITH_KNOTS('',1,(#8669,#8670),.UNSPECIFIED.,.F.,
  .F.,(2,2),(-0.,1.E-02),.PIECEWISE_BEZIER_KNOTS.);
#8669 = CARTESIAN_POINT('',(-0.757288934965,0.708623675113,0.7800001));
#8670 = CARTESIAN_POINT('',(-0.757288934965,0.708623675113,0.7700001));
#8671 = ORIENTED_EDGE('',*,*,#8187,.F.);
#8672 = ORIENTED_EDGE('',*,*,#8651,.T.);
#8673 = B_SPLINE_SURFACE_WITH_KNOTS('',1,1,(
    (#8674,#8675)
    ,(#8676,#8677
    )),.UNSPECIFIED.,.F.,.F.,.F.,(2,2),(2,2),(-7.286908042864E-02,0.),(
    -1.E-02,0.),.PIECEWISE_BEZIER_KNOTS.);
#8674 = CARTESIAN_POINT('',(-0.757288934965,0.708623675113,0.7700001));
#8675 = CARTESIAN_POINT('',(-0.757288934965,0.708623675113,0.7800001));
#8676 = CARTESIAN_POINT('',(-0.692701509851,0.742363375759,0.7700001));
#8677 = CARTESIAN_POINT('',(-0.692701509851,0.742363375759,0.7800001));
#8678 = ADVANCED_FACE('',(#8679),#8689,.F.);
#8679 = FACE_BOUND('',#8680,.F.);
#8680 = EDGE_LOOP('',(#8681,#8682,#8683,#8688));
#8681 = ORIENTED_EDGE('',*,*,#8667,.F.);
#8682 = ORIENTED_EDGE('',*,*,#8194,.T.);
#8683 = ORIENTED_EDGE('',*,*,#8684,.T.);
#8684 = EDGE_CURVE('',#8195,#1342,#8685,.T.);
#8685 = B_SPLINE_CURVE_WITH_KNOTS('',1,(#8686,#8687),.UNSPECIFIED.,.F.,
  .F.,(2,2),(-0.,1.E-02),.PIECEWISE_BEZIER_KNOTS.);
#8686 = CARTESIAN_POINT('',(-0.793438614229,0.725011527874,0.7800001));
#8687 = CARTESIAN_POINT('',(-0.793438614229,0.725011527874,0.7700001));
#8688 = ORIENTED_EDGE('',*,*,#1350,.F.);
#8689 = B_SPLINE_SURFACE_WITH_KNOTS('',3,1,(
    (#8690,#8691)
    ,(#8692,#8693)
    ,(#8694,#8695)
    ,(#8696,#8697
    )),.UNSPECIFIED.,.F.,.F.,.F.,(4,4),(2,2),(15.,16.),(0.,1.),
  .PIECEWISE_BEZIER_KNOTS.);
#8690 = CARTESIAN_POINT('',(-0.757288934965,0.708623675113,0.7800001));
#8691 = CARTESIAN_POINT('',(-0.757288934965,0.708623675113,0.7700001));
#8692 = CARTESIAN_POINT('',(-0.765964854311,0.718745587145,0.7800001));
#8693 = CARTESIAN_POINT('',(-0.765964854311,0.718745587145,0.7700001));
#8694 = CARTESIAN_POINT('',(-0.778978742523,0.725011527874,0.7800001));
#8695 = CARTESIAN_POINT('',(-0.778978742523,0.725011527874,0.7700001));
#8696 = CARTESIAN_POINT('',(-0.793438614229,0.725011527874,0.7800001));
#8697 = CARTESIAN_POINT('',(-0.793438614229,0.725011527874,0.7700001));
#8698 = ADVANCED_FACE('',(#8699),#8709,.F.);
#8699 = FACE_BOUND('',#8700,.F.);
#8700 = EDGE_LOOP('',(#8701,#8702,#8703,#8708));
#8701 = ORIENTED_EDGE('',*,*,#8684,.F.);
#8702 = ORIENTED_EDGE('',*,*,#8203,.T.);
#8703 = ORIENTED_EDGE('',*,*,#8704,.T.);
#8704 = EDGE_CURVE('',#8204,#1333,#8705,.T.);
#8705 = B_SPLINE_CURVE_WITH_KNOTS('',1,(#8706,#8707),.UNSPECIFIED.,.F.,
  .F.,(2,2),(-0.,1.E-02),.PIECEWISE_BEZIER_KNOTS.);
#8706 = CARTESIAN_POINT('',(-0.838746210402,0.693199808283,0.7800001));
#8707 = CARTESIAN_POINT('',(-0.838746210402,0.693199808283,0.7700001));
#8708 = ORIENTED_EDGE('',*,*,#1341,.F.);
#8709 = B_SPLINE_SURFACE_WITH_KNOTS('',3,1,(
    (#8710,#8711)
    ,(#8712,#8713)
    ,(#8714,#8715)
    ,(#8716,#8717
    )),.UNSPECIFIED.,.F.,.F.,.F.,(4,4),(2,2),(16.,17.),(0.,1.),
  .PIECEWISE_BEZIER_KNOTS.);
#8710 = CARTESIAN_POINT('',(-0.793438614229,0.725011527874,0.7800001));
#8711 = CARTESIAN_POINT('',(-0.793438614229,0.725011527874,0.7700001));
#8712 = CARTESIAN_POINT('',(-0.814164435857,0.725011527874,0.7800001));
#8713 = CARTESIAN_POINT('',(-0.814164435857,0.725011527874,0.7700001));
#8714 = CARTESIAN_POINT('',(-0.831998272111,0.711515651293,0.7800001));
#8715 = CARTESIAN_POINT('',(-0.831998272111,0.711515651293,0.7700001));
#8716 = CARTESIAN_POINT('',(-0.838746210402,0.693199808283,0.7800001));
#8717 = CARTESIAN_POINT('',(-0.838746210402,0.693199808283,0.7700001));
#8718 = ADVANCED_FACE('',(#8719),#8729,.F.);
#8719 = FACE_BOUND('',#8720,.F.);
#8720 = EDGE_LOOP('',(#8721,#8722,#8723,#8728));
#8721 = ORIENTED_EDGE('',*,*,#8704,.F.);
#8722 = ORIENTED_EDGE('',*,*,#8212,.T.);
#8723 = ORIENTED_EDGE('',*,*,#8724,.T.);
#8724 = EDGE_CURVE('',#8213,#1324,#8725,.T.);
#8725 = B_SPLINE_CURVE_WITH_KNOTS('',1,(#8726,#8727),.UNSPECIFIED.,.F.,
  .F.,(2,2),(-0.,1.E-02),.PIECEWISE_BEZIER_KNOTS.);
#8726 = CARTESIAN_POINT('',(-0.867665953813,0.737543418524,0.7800001));
#8727 = CARTESIAN_POINT('',(-0.867665953813,0.737543418524,0.7700001));
#8728 = ORIENTED_EDGE('',*,*,#1332,.F.);
#8729 = B_SPLINE_SURFACE_WITH_KNOTS('',3,1,(
    (#8730,#8731)
    ,(#8732,#8733)
    ,(#8734,#8735)
    ,(#8736,#8737
    )),.UNSPECIFIED.,.F.,.F.,.F.,(4,4),(2,2),(17.,18.),(0.,1.),
  .PIECEWISE_BEZIER_KNOTS.);
#8730 = CARTESIAN_POINT('',(-0.838746210402,0.693199808283,0.7800001));
#8731 = CARTESIAN_POINT('',(-0.838746210402,0.693199808283,0.7700001));
#8732 = CARTESIAN_POINT('',(-0.855616060725,0.700911741697,0.7800001));
#8733 = CARTESIAN_POINT('',(-0.855616060725,0.700911741697,0.7700001));
#8734 = CARTESIAN_POINT('',(-0.867665953813,0.717781592021,0.7800001));
#8735 = CARTESIAN_POINT('',(-0.867665953813,0.717781592021,0.7700001));
#8736 = CARTESIAN_POINT('',(-0.867665953813,0.737543418524,0.7800001));
#8737 = CARTESIAN_POINT('',(-0.867665953813,0.737543418524,0.7700001));
#8738 = ADVANCED_FACE('',(#8739),#8749,.F.);
#8739 = FACE_BOUND('',#8740,.F.);
#8740 = EDGE_LOOP('',(#8741,#8742,#8743,#8748));
#8741 = ORIENTED_EDGE('',*,*,#8724,.F.);
#8742 = ORIENTED_EDGE('',*,*,#8221,.T.);
#8743 = ORIENTED_EDGE('',*,*,#8744,.T.);
#8744 = EDGE_CURVE('',#8222,#1315,#8745,.T.);
#8745 = B_SPLINE_CURVE_WITH_KNOTS('',1,(#8746,#8747),.UNSPECIFIED.,.F.,
  .F.,(2,2),(-0.,1.E-02),.PIECEWISE_BEZIER_KNOTS.);
#8746 = CARTESIAN_POINT('',(-0.819466381461,0.785742990876,0.7800001));
#8747 = CARTESIAN_POINT('',(-0.819466381461,0.785742990876,0.7700001));
#8748 = ORIENTED_EDGE('',*,*,#1323,.F.);
#8749 = B_SPLINE_SURFACE_WITH_KNOTS('',3,1,(
    (#8750,#8751)
    ,(#8752,#8753)
    ,(#8754,#8755)
    ,(#8756,#8757
    )),.UNSPECIFIED.,.F.,.F.,.F.,(4,4),(2,2),(18.,19.),(0.,1.),
  .PIECEWISE_BEZIER_KNOTS.);
#8750 = CARTESIAN_POINT('',(-0.867665953813,0.737543418524,0.7800001));
#8751 = CARTESIAN_POINT('',(-0.867665953813,0.737543418524,0.7700001));
#8752 = CARTESIAN_POINT('',(-0.867665953813,0.764053183318,0.7800001));
#8753 = CARTESIAN_POINT('',(-0.867665953813,0.764053183318,0.7700001));
#8754 = CARTESIAN_POINT('',(-0.845976146255,0.785742990876,0.7800001));
#8755 = CARTESIAN_POINT('',(-0.845976146255,0.785742990876,0.7700001));
#8756 = CARTESIAN_POINT('',(-0.819466381461,0.785742990876,0.7800001));
#8757 = CARTESIAN_POINT('',(-0.819466381461,0.785742990876,0.7700001));
#8758 = ADVANCED_FACE('',(#8759),#8769,.F.);
#8759 = FACE_BOUND('',#8760,.F.);
#8760 = EDGE_LOOP('',(#8761,#8762,#8763,#8768));
#8761 = ORIENTED_EDGE('',*,*,#8744,.F.);
#8762 = ORIENTED_EDGE('',*,*,#8230,.T.);
#8763 = ORIENTED_EDGE('',*,*,#8764,.T.);
#8764 = EDGE_CURVE('',#8231,#1306,#8765,.T.);
#8765 = B_SPLINE_CURVE_WITH_KNOTS('',1,(#8766,#8767),.UNSPECIFIED.,.F.,
  .F.,(2,2),(-0.,1.E-02),.PIECEWISE_BEZIER_KNOTS.);
#8766 = CARTESIAN_POINT('',(-0.793920611791,0.778513055023,0.7800001));
#8767 = CARTESIAN_POINT('',(-0.793920611791,0.778513055023,0.7700001));
#8768 = ORIENTED_EDGE('',*,*,#1314,.F.);
#8769 = B_SPLINE_SURFACE_WITH_KNOTS('',3,1,(
    (#8770,#8771)
    ,(#8772,#8773)
    ,(#8774,#8775)
    ,(#8776,#8777
    )),.UNSPECIFIED.,.F.,.F.,.F.,(4,4),(2,2),(19.,20.),(0.,1.),
  .PIECEWISE_BEZIER_KNOTS.);
#8770 = CARTESIAN_POINT('',(-0.819466381461,0.785742990876,0.7800001));
#8771 = CARTESIAN_POINT('',(-0.819466381461,0.785742990876,0.7700001));
#8772 = CARTESIAN_POINT('',(-0.810308464552,0.785742990876,0.7800001));
#8773 = CARTESIAN_POINT('',(-0.810308464552,0.785742990876,0.7700001));
#8774 = CARTESIAN_POINT('',(-0.801150547644,0.782851014697,0.7800001));
#8775 = CARTESIAN_POINT('',(-0.801150547644,0.782851014697,0.7700001));
#8776 = CARTESIAN_POINT('',(-0.793920611791,0.778513055023,0.7800001));
#8777 = CARTESIAN_POINT('',(-0.793920611791,0.778513055023,0.7700001));
#8778 = ADVANCED_FACE('',(#8779),#8789,.F.);
#8779 = FACE_BOUND('',#8780,.F.);
#8780 = EDGE_LOOP('',(#8781,#8782,#8783,#8788));
#8781 = ORIENTED_EDGE('',*,*,#8764,.F.);
#8782 = ORIENTED_EDGE('',*,*,#8239,.T.);
#8783 = ORIENTED_EDGE('',*,*,#8784,.T.);
#8784 = EDGE_CURVE('',#8240,#1297,#8785,.T.);
#8785 = B_SPLINE_CURVE_WITH_KNOTS('',1,(#8786,#8787),.UNSPECIFIED.,.F.,
  .F.,(2,2),(-0.,1.E-02),.PIECEWISE_BEZIER_KNOTS.);
#8786 = CARTESIAN_POINT('',(-0.729333195871,0.824784618741,0.7800001));
#8787 = CARTESIAN_POINT('',(-0.729333195871,0.824784618741,0.7700001));
#8788 = ORIENTED_EDGE('',*,*,#1305,.F.);
#8789 = B_SPLINE_SURFACE_WITH_KNOTS('',3,1,(
    (#8790,#8791)
    ,(#8792,#8793)
    ,(#8794,#8795)
    ,(#8796,#8797
    )),.UNSPECIFIED.,.F.,.F.,.F.,(4,4),(2,2),(20.,21.),(0.,1.),
  .PIECEWISE_BEZIER_KNOTS.);
#8790 = CARTESIAN_POINT('',(-0.793920611791,0.778513055023,0.7800001));
#8791 = CARTESIAN_POINT('',(-0.793920611791,0.778513055023,0.7700001));
#8792 = CARTESIAN_POINT('',(-0.784762704076,0.8055047898,0.7800001));
#8793 = CARTESIAN_POINT('',(-0.784762704076,0.8055047898,0.7700001));
#8794 = CARTESIAN_POINT('',(-0.759698922776,0.824784618741,0.7800001));
#8795 = CARTESIAN_POINT('',(-0.759698922776,0.824784618741,0.7700001));
#8796 = CARTESIAN_POINT('',(-0.729333195871,0.824784618741,0.7800001));
#8797 = CARTESIAN_POINT('',(-0.729333195871,0.824784618741,0.7700001));
#8798 = ADVANCED_FACE('',(#8799),#8809,.F.);
#8799 = FACE_BOUND('',#8800,.F.);
#8800 = EDGE_LOOP('',(#8801,#8802,#8803,#8808));
#8801 = ORIENTED_EDGE('',*,*,#8784,.F.);
#8802 = ORIENTED_EDGE('',*,*,#8248,.T.);
#8803 = ORIENTED_EDGE('',*,*,#8804,.T.);
#8804 = EDGE_CURVE('',#8249,#1288,#8805,.T.);
#8805 = B_SPLINE_CURVE_WITH_KNOTS('',1,(#8806,#8807),.UNSPECIFIED.,.F.,
  .F.,(2,2),(-0.,1.E-02),.PIECEWISE_BEZIER_KNOTS.);
#8806 = CARTESIAN_POINT('',(-0.661853794578,0.7645351533,0.7800001));
#8807 = CARTESIAN_POINT('',(-0.661853794578,0.7645351533,0.7700001));
#8808 = ORIENTED_EDGE('',*,*,#1296,.F.);
#8809 = B_SPLINE_SURFACE_WITH_KNOTS('',3,1,(
    (#8810,#8811)
    ,(#8812,#8813)
    ,(#8814,#8815)
    ,(#8816,#8817
    )),.UNSPECIFIED.,.F.,.F.,.F.,(4,4),(2,2),(21.,22.),(0.,1.),
  .PIECEWISE_BEZIER_KNOTS.);
#8810 = CARTESIAN_POINT('',(-0.729333195871,0.824784618741,0.7800001));
#8811 = CARTESIAN_POINT('',(-0.729333195871,0.824784618741,0.7700001));
#8812 = CARTESIAN_POINT('',(-0.6946295001,0.824784618741,0.7800001));
#8813 = CARTESIAN_POINT('',(-0.6946295001,0.824784618741,0.7700001));
#8814 = CARTESIAN_POINT('',(-0.665709756689,0.798274853947,0.7800001));
#8815 = CARTESIAN_POINT('',(-0.665709756689,0.798274853947,0.7700001));
#8816 = CARTESIAN_POINT('',(-0.661853794578,0.7645351533,0.7800001));
#8817 = CARTESIAN_POINT('',(-0.661853794578,0.7645351533,0.7700001));
#8818 = ADVANCED_FACE('',(#8819),#8829,.F.);
#8819 = FACE_BOUND('',#8820,.T.);
#8820 = EDGE_LOOP('',(#8821,#8822,#8827,#8828));
#8821 = ORIENTED_EDGE('',*,*,#1287,.T.);
#8822 = ORIENTED_EDGE('',*,*,#8823,.F.);
#8823 = EDGE_CURVE('',#8258,#1279,#8824,.T.);
#8824 = B_SPLINE_CURVE_WITH_KNOTS('',1,(#8825,#8826),.UNSPECIFIED.,.F.,
  .F.,(2,2),(-0.,1.E-02),.PIECEWISE_BEZIER_KNOTS.);
#8825 = CARTESIAN_POINT('',(-0.657997832467,0.7645351533,0.7800001));
#8826 = CARTESIAN_POINT('',(-0.657997832467,0.7645351533,0.7700001));
#8827 = ORIENTED_EDGE('',*,*,#8257,.F.);
#8828 = ORIENTED_EDGE('',*,*,#8804,.T.);
#8829 = B_SPLINE_SURFACE_WITH_KNOTS('',1,1,(
    (#8830,#8831)
    ,(#8832,#8833
    )),.UNSPECIFIED.,.F.,.F.,.F.,(2,2),(2,2),(-1.E-02,0.),(0.,
    3.855962110924E-03),.PIECEWISE_BEZIER_KNOTS.);
#8830 = CARTESIAN_POINT('',(-0.661853794578,0.7645351533,0.7700001));
#8831 = CARTESIAN_POINT('',(-0.657997832467,0.7645351533,0.7700001));
#8832 = CARTESIAN_POINT('',(-0.661853794578,0.7645351533,0.7800001));
#8833 = CARTESIAN_POINT('',(-0.657997832467,0.7645351533,0.7800001));
#8834 = ADVANCED_FACE('',(#8835),#8845,.F.);
#8835 = FACE_BOUND('',#8836,.F.);
#8836 = EDGE_LOOP('',(#8837,#8838,#8839,#8844));
#8837 = ORIENTED_EDGE('',*,*,#8823,.F.);
#8838 = ORIENTED_EDGE('',*,*,#8266,.T.);
#8839 = ORIENTED_EDGE('',*,*,#8840,.T.);
#8840 = EDGE_CURVE('',#8267,#1270,#8841,.T.);
#8841 = B_SPLINE_CURVE_WITH_KNOTS('',1,(#8842,#8843),.UNSPECIFIED.,.F.,
  .F.,(2,2),(-0.,1.E-02),.PIECEWISE_BEZIER_KNOTS.);
#8842 = CARTESIAN_POINT('',(-0.620402169709,0.726939490543,0.7800001));
#8843 = CARTESIAN_POINT('',(-0.620402169709,0.726939490543,0.7700001));
#8844 = ORIENTED_EDGE('',*,*,#1278,.F.);
#8845 = B_SPLINE_SURFACE_WITH_KNOTS('',3,1,(
    (#8846,#8847)
    ,(#8848,#8849)
    ,(#8850,#8851)
    ,(#8852,#8853
    )),.UNSPECIFIED.,.F.,.F.,.F.,(4,4),(2,2),(23.,24.),(0.,1.),
  .PIECEWISE_BEZIER_KNOTS.);
#8846 = CARTESIAN_POINT('',(-0.657997832467,0.7645351533,0.7800001));
#8847 = CARTESIAN_POINT('',(-0.657997832467,0.7645351533,0.7700001));
#8848 = CARTESIAN_POINT('',(-0.637272020033,0.7645351533,0.7800001));
#8849 = CARTESIAN_POINT('',(-0.637272020033,0.7645351533,0.7700001));
#8850 = CARTESIAN_POINT('',(-0.620402169709,0.747665302977,0.7800001));
#8851 = CARTESIAN_POINT('',(-0.620402169709,0.747665302977,0.7700001));
#8852 = CARTESIAN_POINT('',(-0.620402169709,0.726939490543,0.7800001));
#8853 = CARTESIAN_POINT('',(-0.620402169709,0.726939490543,0.7700001));
#8854 = ADVANCED_FACE('',(#8855),#8865,.F.);
#8855 = FACE_BOUND('',#8856,.F.);
#8856 = EDGE_LOOP('',(#8857,#8858,#8859,#8864));
#8857 = ORIENTED_EDGE('',*,*,#8840,.F.);
#8858 = ORIENTED_EDGE('',*,*,#8275,.T.);
#8859 = ORIENTED_EDGE('',*,*,#8860,.T.);
#8860 = EDGE_CURVE('',#8276,#1263,#8861,.T.);
#8861 = B_SPLINE_CURVE_WITH_KNOTS('',1,(#8862,#8863),.UNSPECIFIED.,.F.,
  .F.,(2,2),(-0.,1.E-02),.PIECEWISE_BEZIER_KNOTS.);
#8862 = CARTESIAN_POINT('',(-0.65510586548,0.689343827785,0.7800001));
#8863 = CARTESIAN_POINT('',(-0.65510586548,0.689343827785,0.7700001));
#8864 = ORIENTED_EDGE('',*,*,#1269,.F.);
#8865 = B_SPLINE_SURFACE_WITH_KNOTS('',3,1,(
    (#8866,#8867)
    ,(#8868,#8869)
    ,(#8870,#8871)
    ,(#8872,#8873
    )),.UNSPECIFIED.,.F.,.F.,.F.,(4,4),(2,2),(24.,25.),(0.,1.),
  .PIECEWISE_BEZIER_KNOTS.);
#8866 = CARTESIAN_POINT('',(-0.620402169709,0.726939490543,0.7800001));
#8867 = CARTESIAN_POINT('',(-0.620402169709,0.726939490543,0.7700001));
#8868 = CARTESIAN_POINT('',(-0.620402169709,0.707177664039,0.7800001));
#8869 = CARTESIAN_POINT('',(-0.620402169709,0.707177664039,0.7700001));
#8870 = CARTESIAN_POINT('',(-0.635344029784,0.690789811279,0.7800001));
#8871 = CARTESIAN_POINT('',(-0.635344029784,0.690789811279,0.7700001));
#8872 = CARTESIAN_POINT('',(-0.65510586548,0.689343827785,0.7800001));
#8873 = CARTESIAN_POINT('',(-0.65510586548,0.689343827785,0.7700001));
#8874 = ADVANCED_FACE('',(#8875),#8885,.F.);
#8875 = FACE_BOUND('',#8876,.T.);
#8876 = EDGE_LOOP('',(#8877,#8878,#8883,#8884));
#8877 = ORIENTED_EDGE('',*,*,#1262,.T.);
#8878 = ORIENTED_EDGE('',*,*,#8879,.F.);
#8879 = EDGE_CURVE('',#8285,#1254,#8880,.T.);
#8880 = B_SPLINE_CURVE_WITH_KNOTS('',1,(#8881,#8882),.UNSPECIFIED.,.F.,
  .F.,(2,2),(-0.,1.E-02),.PIECEWISE_BEZIER_KNOTS.);
#8881 = CARTESIAN_POINT('',(-0.676795673039,0.689343827785,0.7800001));
#8882 = CARTESIAN_POINT('',(-0.676795673039,0.689343827785,0.7700001));
#8883 = ORIENTED_EDGE('',*,*,#8284,.F.);
#8884 = ORIENTED_EDGE('',*,*,#8860,.T.);
#8885 = B_SPLINE_SURFACE_WITH_KNOTS('',1,1,(
    (#8886,#8887)
    ,(#8888,#8889)),.UNSPECIFIED.,.F.,.F.,.F.,(2,2),(2,2),(-0.,1.E-02),(
    -2.168980755861E-02,0.),.PIECEWISE_BEZIER_KNOTS.);
#8886 = CARTESIAN_POINT('',(-0.676795673039,0.689343827785,0.7800001));
#8887 = CARTESIAN_POINT('',(-0.65510586548,0.689343827785,0.7800001));
#8888 = CARTESIAN_POINT('',(-0.676795673039,0.689343827785,0.7700001));
#8889 = CARTESIAN_POINT('',(-0.65510586548,0.689343827785,0.7700001));
#8890 = ADVANCED_FACE('',(#8891),#8901,.F.);
#8891 = FACE_BOUND('',#8892,.F.);
#8892 = EDGE_LOOP('',(#8893,#8894,#8895,#8900));
#8893 = ORIENTED_EDGE('',*,*,#8879,.F.);
#8894 = ORIENTED_EDGE('',*,*,#8291,.T.);
#8895 = ORIENTED_EDGE('',*,*,#8896,.T.);
#8896 = EDGE_CURVE('',#8292,#1245,#8897,.T.);
#8897 = B_SPLINE_CURVE_WITH_KNOTS('',1,(#8898,#8899),.UNSPECIFIED.,.F.,
  .F.,(2,2),(-0.,1.E-02),.PIECEWISE_BEZIER_KNOTS.);
#8898 = CARTESIAN_POINT('',(-0.679687640025,0.689825816154,0.7800001));
#8899 = CARTESIAN_POINT('',(-0.679687640025,0.689825816154,0.7700001));
#8900 = ORIENTED_EDGE('',*,*,#1253,.F.);
#8901 = B_SPLINE_SURFACE_WITH_KNOTS('',3,1,(
    (#8902,#8903)
    ,(#8904,#8905)
    ,(#8906,#8907)
    ,(#8908,#8909
    )),.UNSPECIFIED.,.F.,.F.,.F.,(4,4),(2,2),(26.,27.),(0.,1.),
  .PIECEWISE_BEZIER_KNOTS.);
#8902 = CARTESIAN_POINT('',(-0.676795673039,0.689343827785,0.7800001));
#8903 = CARTESIAN_POINT('',(-0.676795673039,0.689343827785,0.7700001));
#8904 = CARTESIAN_POINT('',(-0.677759668163,0.689343827785,0.7800001));
#8905 = CARTESIAN_POINT('',(-0.677759668163,0.689343827785,0.7700001));
#8906 = CARTESIAN_POINT('',(-0.678723663288,0.689825816154,0.7800001));
#8907 = CARTESIAN_POINT('',(-0.678723663288,0.689825816154,0.7700001));
#8908 = CARTESIAN_POINT('',(-0.679687640025,0.689825816154,0.7800001));
#8909 = CARTESIAN_POINT('',(-0.679687640025,0.689825816154,0.7700001));
#8910 = ADVANCED_FACE('',(#8911),#8921,.F.);
#8911 = FACE_BOUND('',#8912,.F.);
#8912 = EDGE_LOOP('',(#8913,#8914,#8915,#8920));
#8913 = ORIENTED_EDGE('',*,*,#8896,.F.);
#8914 = ORIENTED_EDGE('',*,*,#8300,.T.);
#8915 = ORIENTED_EDGE('',*,*,#8916,.T.);
#8916 = EDGE_CURVE('',#8301,#1236,#8917,.T.);
#8917 = B_SPLINE_CURVE_WITH_KNOTS('',1,(#8918,#8919),.UNSPECIFIED.,.F.,
  .F.,(2,2),(-0.,1.E-02),.PIECEWISE_BEZIER_KNOTS.);
#8918 = CARTESIAN_POINT('',(-0.6946295001,0.674883956079,0.7800001));
#8919 = CARTESIAN_POINT('',(-0.6946295001,0.674883956079,0.7700001));
#8920 = ORIENTED_EDGE('',*,*,#1244,.F.);
#8921 = B_SPLINE_SURFACE_WITH_KNOTS('',3,1,(
    (#8922,#8923)
    ,(#8924,#8925)
    ,(#8926,#8927)
    ,(#8928,#8929
    )),.UNSPECIFIED.,.F.,.F.,.F.,(4,4),(2,2),(27.,28.),(0.,1.),
  .PIECEWISE_BEZIER_KNOTS.);
#8922 = CARTESIAN_POINT('',(-0.679687640025,0.689825816154,0.7800001));
#8923 = CARTESIAN_POINT('',(-0.679687640025,0.689825816154,0.7700001));
#8924 = CARTESIAN_POINT('',(-0.687881571003,0.689825816154,0.7800001));
#8925 = CARTESIAN_POINT('',(-0.687881571003,0.689825816154,0.7700001));
#8926 = CARTESIAN_POINT('',(-0.6946295001,0.68307786867,0.7800001));
#8927 = CARTESIAN_POINT('',(-0.6946295001,0.68307786867,0.7700001));
#8928 = CARTESIAN_POINT('',(-0.6946295001,0.674883956079,0.7800001));
#8929 = CARTESIAN_POINT('',(-0.6946295001,0.674883956079,0.7700001));
#8930 = ADVANCED_FACE('',(#8931),#8941,.F.);
#8931 = FACE_BOUND('',#8932,.F.);
#8932 = EDGE_LOOP('',(#8933,#8934,#8935,#8940));
#8933 = ORIENTED_EDGE('',*,*,#8916,.F.);
#8934 = ORIENTED_EDGE('',*,*,#8309,.T.);
#8935 = ORIENTED_EDGE('',*,*,#8936,.T.);
#8936 = EDGE_CURVE('',#8310,#1229,#8937,.T.);
#8937 = B_SPLINE_CURVE_WITH_KNOTS('',1,(#8938,#8939),.UNSPECIFIED.,.F.,
  .F.,(2,2),(-0.,1.E-02),.PIECEWISE_BEZIER_KNOTS.);
#8938 = CARTESIAN_POINT('',(-0.680651616763,0.659942096004,0.7800001));
#8939 = CARTESIAN_POINT('',(-0.680651616763,0.659942096004,0.7700001));
#8940 = ORIENTED_EDGE('',*,*,#1235,.F.);
#8941 = B_SPLINE_SURFACE_WITH_KNOTS('',3,1,(
    (#8942,#8943)
    ,(#8944,#8945)
    ,(#8946,#8947)
    ,(#8948,#8949
    )),.UNSPECIFIED.,.F.,.F.,.F.,(4,4),(2,2),(28.,29.),(0.,1.),
  .PIECEWISE_BEZIER_KNOTS.);
#8942 = CARTESIAN_POINT('',(-0.6946295001,0.674883956079,0.7800001));
#8943 = CARTESIAN_POINT('',(-0.6946295001,0.674883956079,0.7700001));
#8944 = CARTESIAN_POINT('',(-0.6946295001,0.667172031858,0.7800001));
#8945 = CARTESIAN_POINT('',(-0.6946295001,0.667172031858,0.7700001));
#8946 = CARTESIAN_POINT('',(-0.688363559372,0.660424084373,0.7800001));
#8947 = CARTESIAN_POINT('',(-0.688363559372,0.660424084373,0.7700001));
#8948 = CARTESIAN_POINT('',(-0.680651616763,0.659942096004,0.7800001));
#8949 = CARTESIAN_POINT('',(-0.680651616763,0.659942096004,0.7700001));
#8950 = ADVANCED_FACE('',(#8951),#8961,.F.);
#8951 = FACE_BOUND('',#8952,.T.);
#8952 = EDGE_LOOP('',(#8953,#8954,#8959,#8960));
#8953 = ORIENTED_EDGE('',*,*,#1228,.T.);
#8954 = ORIENTED_EDGE('',*,*,#8955,.F.);
#8955 = EDGE_CURVE('',#8319,#1220,#8956,.T.);
#8956 = B_SPLINE_CURVE_WITH_KNOTS('',1,(#8957,#8958),.UNSPECIFIED.,.F.,
  .F.,(2,2),(-0.,1.E-02),.PIECEWISE_BEZIER_KNOTS.);
#8957 = CARTESIAN_POINT('',(-0.652213880107,0.659942096004,0.7800001));
#8958 = CARTESIAN_POINT('',(-0.652213880107,0.659942096004,0.7700001));
#8959 = ORIENTED_EDGE('',*,*,#8318,.F.);
#8960 = ORIENTED_EDGE('',*,*,#8936,.T.);
#8961 = B_SPLINE_SURFACE_WITH_KNOTS('',1,1,(
    (#8962,#8963)
    ,(#8964,#8965)),.UNSPECIFIED.,.F.,.F.,.F.,(2,2),(2,2),(-1.E-02,0.),(
    -2.699175316268E-02,1.445983493376E-03),.PIECEWISE_BEZIER_KNOTS.);
#8962 = CARTESIAN_POINT('',(-0.680651616763,0.659942096004,0.7700001));
#8963 = CARTESIAN_POINT('',(-0.652213880107,0.659942096004,0.7700001));
#8964 = CARTESIAN_POINT('',(-0.680651616763,0.659942096004,0.7800001));
#8965 = CARTESIAN_POINT('',(-0.652213880107,0.659942096004,0.7800001));
#8966 = ADVANCED_FACE('',(#8967),#8977,.F.);
#8967 = FACE_BOUND('',#8968,.F.);
#8968 = EDGE_LOOP('',(#8969,#8970,#8971,#8976));
#8969 = ORIENTED_EDGE('',*,*,#8955,.F.);
#8970 = ORIENTED_EDGE('',*,*,#8325,.T.);
#8971 = ORIENTED_EDGE('',*,*,#8972,.T.);
#8972 = EDGE_CURVE('',#8326,#1211,#8973,.T.);
#8973 = B_SPLINE_CURVE_WITH_KNOTS('',1,(#8974,#8975),.UNSPECIFIED.,.F.,
  .F.,(2,2),(-0.,1.E-02),.PIECEWISE_BEZIER_KNOTS.);
#8974 = CARTESIAN_POINT('',(-0.608352276621,0.681631903563,0.7800001));
#8975 = CARTESIAN_POINT('',(-0.608352276621,0.681631903563,0.7700001));
#8976 = ORIENTED_EDGE('',*,*,#1219,.F.);
#8977 = B_SPLINE_SURFACE_WITH_KNOTS('',3,1,(
    (#8978,#8979)
    ,(#8980,#8981)
    ,(#8982,#8983)
    ,(#8984,#8985
    )),.UNSPECIFIED.,.F.,.F.,.F.,(4,4),(2,2),(33.,34.),(0.,1.),
  .PIECEWISE_BEZIER_KNOTS.);
#8978 = CARTESIAN_POINT('',(-0.652213880107,0.659942096004,0.7800001));
#8979 = CARTESIAN_POINT('',(-0.652213880107,0.659942096004,0.7700001));
#8980 = CARTESIAN_POINT('',(-0.635344029784,0.661388079498,0.7800001));
#8981 = CARTESIAN_POINT('',(-0.635344029784,0.661388079498,0.7700001));
#8982 = CARTESIAN_POINT('',(-0.619920162954,0.669100022106,0.7800001));
#8983 = CARTESIAN_POINT('',(-0.619920162954,0.669100022106,0.7700001));
#8984 = CARTESIAN_POINT('',(-0.608352276621,0.681631903563,0.7800001));
#8985 = CARTESIAN_POINT('',(-0.608352276621,0.681631903563,0.7700001));
#8986 = ADVANCED_FACE('',(#8987),#8993,.F.);
#8987 = FACE_BOUND('',#8988,.F.);
#8988 = EDGE_LOOP('',(#8989,#8990,#8991,#8992));
#8989 = ORIENTED_EDGE('',*,*,#8972,.F.);
#8990 = ORIENTED_EDGE('',*,*,#8334,.T.);
#8991 = ORIENTED_EDGE('',*,*,#8374,.T.);
#8992 = ORIENTED_EDGE('',*,*,#1210,.F.);
#8993 = B_SPLINE_SURFACE_WITH_KNOTS('',3,1,(
    (#8994,#8995)
    ,(#8996,#8997)
    ,(#8998,#8999)
    ,(#9000,#9001
    )),.UNSPECIFIED.,.F.,.F.,.F.,(4,4),(2,2),(34.,35.),(0.,1.),
  .PIECEWISE_BEZIER_KNOTS.);
#8994 = CARTESIAN_POINT('',(-0.608352276621,0.681631903563,0.7800001));
#8995 = CARTESIAN_POINT('',(-0.608352276621,0.681631903563,0.7700001));
#8996 = CARTESIAN_POINT('',(-0.596784371902,0.69416378502,0.7800001));
#8997 = CARTESIAN_POINT('',(-0.596784371902,0.69416378502,0.7700001));
#8998 = CARTESIAN_POINT('',(-0.590518431173,0.710551646975,0.7800001));
#8999 = CARTESIAN_POINT('',(-0.590518431173,0.710551646975,0.7700001));
#9000 = CARTESIAN_POINT('',(-0.590518431173,0.727421497298,0.7800001));
#9001 = CARTESIAN_POINT('',(-0.590518431173,0.727421497298,0.7700001));
#9002 = ADVANCED_FACE('',(#9003),#9030,.T.);
#9003 = FACE_BOUND('',#9004,.T.);
#9004 = EDGE_LOOP('',(#9005,#9019,#9024,#9025));
#9005 = ORIENTED_EDGE('',*,*,#9006,.F.);
#9006 = EDGE_CURVE('',#9007,#9009,#9011,.T.);
#9007 = VERTEX_POINT('',#9008);
#9008 = CARTESIAN_POINT('',(-0.793920620985,0.657050092245,0.7700001));
#9009 = VERTEX_POINT('',#9010);
#9010 = CARTESIAN_POINT('',(-0.793920620985,0.694645773389,0.7700001));
#9011 = B_SPLINE_CURVE_WITH_KNOTS('',3,(#9012,#9013,#9014,#9015,#9016,
    #9017,#9018),.UNSPECIFIED.,.F.,.F.,(4,3,4),(0.,1.,2.),
  .PIECEWISE_BEZIER_KNOTS.);
#9012 = CARTESIAN_POINT('',(-0.793920620985,0.657050092245,0.7700001));
#9013 = CARTESIAN_POINT('',(-0.783316720583,0.657050092245,0.7700001));
#9014 = CARTESIAN_POINT('',(-0.775122789606,0.665726029977,0.7700001));
#9015 = CARTESIAN_POINT('',(-0.775122789606,0.675847932817,0.7700001));
#9016 = CARTESIAN_POINT('',(-0.775122789606,0.686451842412,0.7700001));
#9017 = CARTESIAN_POINT('',(-0.783798708952,0.694645773389,0.7700001));
#9018 = CARTESIAN_POINT('',(-0.793920620985,0.694645773389,0.7700001));
#9019 = ORIENTED_EDGE('',*,*,#9020,.F.);
#9020 = EDGE_CURVE('',#8344,#9007,#9021,.T.);
#9021 = B_SPLINE_CURVE_WITH_KNOTS('',1,(#9022,#9023),.UNSPECIFIED.,.F.,
  .F.,(2,2),(-0.,1.E-02),.PIECEWISE_BEZIER_KNOTS.);
#9022 = CARTESIAN_POINT('',(-0.793920620985,0.657050092245,0.7800001));
#9023 = CARTESIAN_POINT('',(-0.793920620985,0.657050092245,0.7700001));
#9024 = ORIENTED_EDGE('',*,*,#8343,.T.);
#9025 = ORIENTED_EDGE('',*,*,#9026,.T.);
#9026 = EDGE_CURVE('',#8346,#9009,#9027,.T.);
#9027 = B_SPLINE_CURVE_WITH_KNOTS('',1,(#9028,#9029),.UNSPECIFIED.,.F.,
  .F.,(2,2),(-0.,1.E-02),.PIECEWISE_BEZIER_KNOTS.);
#9028 = CARTESIAN_POINT('',(-0.793920620985,0.694645773389,0.7800001));
#9029 = CARTESIAN_POINT('',(-0.793920620985,0.694645773389,0.7700001));
#9030 = B_SPLINE_SURFACE_WITH_KNOTS('',3,1,(
    (#9031,#9032)
    ,(#9033,#9034)
    ,(#9035,#9036)
    ,(#9037,#9038)
    ,(#9039,#9040)
    ,(#9041,#9042)
    ,(#9043,#9044
    )),.UNSPECIFIED.,.F.,.F.,.F.,(4,3,4),(2,2),(0.,1.,2.),(0.,1.),
  .PIECEWISE_BEZIER_KNOTS.);
#9031 = CARTESIAN_POINT('',(-0.793920620985,0.657050092245,0.7800001));
#9032 = CARTESIAN_POINT('',(-0.793920620985,0.657050092245,0.7700001));
#9033 = CARTESIAN_POINT('',(-0.783316720583,0.657050092245,0.7800001));
#9034 = CARTESIAN_POINT('',(-0.783316720583,0.657050092245,0.7700001));
#9035 = CARTESIAN_POINT('',(-0.775122789606,0.665726029977,0.7800001));
#9036 = CARTESIAN_POINT('',(-0.775122789606,0.665726029977,0.7700001));
#9037 = CARTESIAN_POINT('',(-0.775122789606,0.675847932817,0.7800001));
#9038 = CARTESIAN_POINT('',(-0.775122789606,0.675847932817,0.7700001));
#9039 = CARTESIAN_POINT('',(-0.775122789606,0.686451842412,0.7800001));
#9040 = CARTESIAN_POINT('',(-0.775122789606,0.686451842412,0.7700001));
#9041 = CARTESIAN_POINT('',(-0.783798708952,0.694645773389,0.7800001));
#9042 = CARTESIAN_POINT('',(-0.783798708952,0.694645773389,0.7700001));
#9043 = CARTESIAN_POINT('',(-0.793920620985,0.694645773389,0.7800001));
#9044 = CARTESIAN_POINT('',(-0.793920620985,0.694645773389,0.7700001));
#9045 = ADVANCED_FACE('',(#9046),#9060,.T.);
#9046 = FACE_BOUND('',#9047,.T.);
#9047 = EDGE_LOOP('',(#9048,#9057,#9058,#9059));
#9048 = ORIENTED_EDGE('',*,*,#9049,.F.);
#9049 = EDGE_CURVE('',#9009,#9007,#9050,.T.);
#9050 = B_SPLINE_CURVE_WITH_KNOTS('',3,(#9051,#9052,#9053,#9054,#9055,
    #9056),.UNSPECIFIED.,.F.,.F.,(4,2,4),(2.,3.,4.),.UNSPECIFIED.);
#9051 = CARTESIAN_POINT('',(-0.793920620985,0.694645773389,0.7700001));
#9052 = CARTESIAN_POINT('',(-0.804042533017,0.694645773389,0.7700001));
#9053 = CARTESIAN_POINT('',(-0.812718452364,0.686451842412,0.7700001));
#9054 = CARTESIAN_POINT('',(-0.812718452364,0.665244023222,0.7700001));
#9055 = CARTESIAN_POINT('',(-0.804042533017,0.657050092245,0.7700001));
#9056 = CARTESIAN_POINT('',(-0.793920620985,0.657050092245,0.7700001));
#9057 = ORIENTED_EDGE('',*,*,#9026,.F.);
#9058 = ORIENTED_EDGE('',*,*,#8357,.T.);
#9059 = ORIENTED_EDGE('',*,*,#9020,.T.);
#9060 = B_SPLINE_SURFACE_WITH_KNOTS('',3,1,(
    (#9061,#9062)
    ,(#9063,#9064)
    ,(#9065,#9066)
    ,(#9067,#9068)
    ,(#9069,#9070)
    ,(#9071,#9072
    )),.UNSPECIFIED.,.F.,.F.,.F.,(4,2,4),(2,2),(2.,3.,4.),(0.,1.),
  .UNSPECIFIED.);
#9061 = CARTESIAN_POINT('',(-0.793920620985,0.694645773389,0.7800001));
#9062 = CARTESIAN_POINT('',(-0.793920620985,0.694645773389,0.7700001));
#9063 = CARTESIAN_POINT('',(-0.804042533017,0.694645773389,0.7800001));
#9064 = CARTESIAN_POINT('',(-0.804042533017,0.694645773389,0.7700001));
#9065 = CARTESIAN_POINT('',(-0.812718452364,0.686451842412,0.7800001));
#9066 = CARTESIAN_POINT('',(-0.812718452364,0.686451842412,0.7700001));
#9067 = CARTESIAN_POINT('',(-0.812718452364,0.665244023222,0.7800001));
#9068 = CARTESIAN_POINT('',(-0.812718452364,0.665244023222,0.7700001));
#9069 = CARTESIAN_POINT('',(-0.804042533017,0.657050092245,0.7800001));
#9070 = CARTESIAN_POINT('',(-0.804042533017,0.657050092245,0.7700001));
#9071 = CARTESIAN_POINT('',(-0.793920620985,0.657050092245,0.7800001));
#9072 = CARTESIAN_POINT('',(-0.793920620985,0.657050092245,0.7700001));
#9073 = ADVANCED_FACE('',(#9074),#9078,.T.);
#9074 = FACE_BOUND('',#9075,.T.);
#9075 = EDGE_LOOP('',(#9076,#9077));
#9076 = ORIENTED_EDGE('',*,*,#9006,.T.);
#9077 = ORIENTED_EDGE('',*,*,#9049,.T.);
#9078 = B_SPLINE_SURFACE_WITH_KNOTS('',1,1,(
    (#9079,#9080)
    ,(#9081,#9082
    )),.UNSPECIFIED.,.F.,.F.,.F.,(2,2),(2,2),(-0.812718452364,
    -0.775122789606),(0.657050092245,0.694645773389),
  .PIECEWISE_BEZIER_KNOTS.);
#9079 = CARTESIAN_POINT('',(-0.812718452364,0.657050092245,0.7700001));
#9080 = CARTESIAN_POINT('',(-0.812718452364,0.694645773389,0.7700001));
#9081 = CARTESIAN_POINT('',(-0.775122789606,0.657050092245,0.7700001));
#9082 = CARTESIAN_POINT('',(-0.775122789606,0.694645773389,0.7700001));
#9083 = ADVANCED_FACE('',(#9084),#9090,.F.);
#9084 = FACE_BOUND('',#9085,.T.);
#9085 = EDGE_LOOP('',(#9086,#9087,#9088,#9089));
#9086 = ORIENTED_EDGE('',*,*,#1813,.F.);
#9087 = ORIENTED_EDGE('',*,*,#3202,.F.);
#9088 = ORIENTED_EDGE('',*,*,#3288,.F.);
#9089 = ORIENTED_EDGE('',*,*,#3222,.F.);
#9090 = B_SPLINE_SURFACE_WITH_KNOTS('',1,1,(
    (#9091,#9092)
    ,(#9093,#9094
  )),.UNSPECIFIED.,.F.,.F.,.F.,(2,2),(2,2),(0.183,0.203),(0.,
    0.353553390593),.PIECEWISE_BEZIER_KNOTS.);
#9091 = CARTESIAN_POINT('',(-0.35,-0.4,2.00001E-02));
#9092 = CARTESIAN_POINT('',(-0.6,-0.15,2.00001E-02));
#9093 = CARTESIAN_POINT('',(-0.35,-0.4,1.000000000098E-07));
#9094 = CARTESIAN_POINT('',(-0.6,-0.15,1.000000000098E-07));
#9095 = ( GEOMETRIC_REPRESENTATION_CONTEXT(3) 
GLOBAL_UNCERTAINTY_ASSIGNED_CONTEXT((#9099)) 
GLOBAL_UNIT_ASSIGNED_CONTEXT((#9096,#9097,#9098)) REPRESENTATION_CONTEXT
('Context #1','3D Context with UNIT and UNCERTAINTY') );
#9096 = ( LENGTH_UNIT() NAMED_UNIT(*) SI_UNIT(.MILLI.,.METRE.) );
#9097 = ( NAMED_UNIT(*) PLANE_ANGLE_UNIT() SI_UNIT($,.RADIAN.) );
#9098 = ( NAMED_UNIT(*) SI_UNIT($,.STERADIAN.) SOLID_ANGLE_UNIT() );
#9099 = UNCERTAINTY_MEASURE_WITH_UNIT(LENGTH_MEASURE(1.E-07),#9096,
  'distance_accuracy_value','confusion accuracy');
#9100 = PRODUCT_RELATED_PRODUCT_CATEGORY('part',$,(#7));
#9101 = MECHANICAL_DESIGN_GEOMETRIC_PRESENTATION_REPRESENTATION('',(
    #9102,#9112,#9120,#9128,#9135,#9142,#9149,#9156,#9163,#9170,#9177,
    #9185,#9192,#9199,#9206,#9213,#9220,#9227,#9234,#9241,#9248,#9255,
    #9262,#9269,#9276,#9283,#9290,#9297,#9304,#9311,#9318,#9325,#9332,
    #9339,#9346,#9353,#9360,#9367,#9374,#9381,#9388,#9395,#9402,#9409,
    #9416,#9423,#9430,#9437,#9444,#9451,#9458,#9465,#9472,#9479,#9486,
    #9493,#9500,#9507,#9514,#9521,#9528,#9535,#9542,#9549,#9557,#9564,
    #9571,#9578,#9585,#9592,#9599,#9606,#9613,#9620,#9627,#9634,#9641,
    #9648,#9655,#9662,#9669,#9676,#9683,#9690,#9697,#9704,#9711,#9718,
    #9725,#9732,#9739,#9746,#9753,#9760,#9767,#9774,#9781,#9788,#9795,
    #9802,#9809,#9816,#9823,#9830,#9837,#9844,#9851,#9858,#9865,#9872,
    #9879,#9886,#9893,#9900,#9907,#9914,#9921,#9928,#9935,#9942,#9949,
    #9956,#9963,#9970,#9977,#9984,#9991,#9998,#10005,#10012,#10019,
    #10026,#10033,#10040,#10047,#10054,#10061,#10068,#10075,#10082,
    #10089,#10096,#10103,#10110,#10117,#10124,#10131,#10138,#10145,
    #10152,#10159,#10166,#10173,#10180,#10187,#10194,#10201,#10208,
    #10215,#10222,#10229,#10236,#10243,#10250,#10257,#10264,#10271,
    #10278,#10285,#10292,#10299,#10306,#10313,#10320,#10327,#10334,
    #10341,#10348,#10355,#10362,#10369,#10376,#10383,#10390,#10397,
    #10404,#10411,#10418,#10425,#10432,#10439,#10446,#10453,#10460,
    #10467,#10474,#10481,#10488,#10495,#10502,#10509,#10516,#10523,
    #10530,#10537,#10544,#10551,#10558,#10565,#10572,#10579,#10586,
    #10593,#10600,#10607,#10614,#10621,#10628,#10635,#10642,#10649,
    #10656,#10663,#10670,#10677,#10684,#10691,#10698,#10705,#10712,
    #10719,#10726,#10733,#10740,#10747,#10754,#10761,#10768,#10775,
    #10782,#10789,#10796,#10803,#10810,#10817,#10824,#10831,#10838,
    #10845,#10852,#10859,#10866,#10873,#10880,#10887,#10894,#10901,
    #10908,#10915,#10922,#10929,#10936,#10943,#10950,#10957,#10964,
    #10971,#10978,#10985,#10992,#10999,#11006,#11013,#11020,#11027,
    #11034,#11041,#11048,#11055,#11062,#11069,#11076,#11083,#11090,
    #11097,#11104,#11111,#11118),#9095);
#9102 = STYLED_ITEM('color',(#9103),#15);
#9103 = PRESENTATION_STYLE_ASSIGNMENT((#9104,#9110));
#9104 = SURFACE_STYLE_USAGE(.BOTH.,#9105);
#9105 = SURFACE_SIDE_STYLE('',(#9106));
#9106 = SURFACE_STYLE_FILL_AREA(#9107);
#9107 = FILL_AREA_STYLE('',(#9108));
#9108 = FILL_AREA_STYLE_COLOUR('',#9109);
#9109 = COLOUR_RGB('',1.,0.501960785193,0.);
#9110 = CURVE_STYLE('',#9111,POSITIVE_LENGTH_MEASURE(0.1),#9109);
#9111 = DRAUGHTING_PRE_DEFINED_CURVE_FONT('continuous');
#9112 = OVER_RIDING_STYLED_ITEM('overriding color',(#9113),#17,#9102);
#9113 = PRESENTATION_STYLE_ASSIGNMENT((#9114));
#9114 = SURFACE_STYLE_USAGE(.BOTH.,#9115);
#9115 = SURFACE_SIDE_STYLE('',(#9116));
#9116 = SURFACE_STYLE_FILL_AREA(#9117);
#9117 = FILL_AREA_STYLE('',(#9118));
#9118 = FILL_AREA_STYLE_COLOUR('',#9119);
#9119 = DRAUGHTING_PRE_DEFINED_COLOUR('black');
#9120 = OVER_RIDING_STYLED_ITEM('overriding color',(#9121),#65,#9102);
#9121 = PRESENTATION_STYLE_ASSIGNMENT((#9122));
#9122 = SURFACE_STYLE_USAGE(.BOTH.,#9123);
#9123 = SURFACE_SIDE_STYLE('',(#9124));
#9124 = SURFACE_STYLE_FILL_AREA(#9125);
#9125 = FILL_AREA_STYLE('',(#9126));
#9126 = FILL_AREA_STYLE_COLOUR('',#9127);
#9127 = COLOUR_RGB('',0.250980388104,0.250980388104,0.250980388104);
#9128 = OVER_RIDING_STYLED_ITEM('overriding color',(#9129),#1481,#9102);
#9129 = PRESENTATION_STYLE_ASSIGNMENT((#9130));
#9130 = SURFACE_STYLE_USAGE(.BOTH.,#9131);
#9131 = SURFACE_SIDE_STYLE('',(#9132));
#9132 = SURFACE_STYLE_FILL_AREA(#9133);
#9133 = FILL_AREA_STYLE('',(#9134));
#9134 = FILL_AREA_STYLE_COLOUR('',#9127);
#9135 = OVER_RIDING_STYLED_ITEM('overriding color',(#9136),#1509,#9102);
#9136 = PRESENTATION_STYLE_ASSIGNMENT((#9137));
#9137 = SURFACE_STYLE_USAGE(.BOTH.,#9138);
#9138 = SURFACE_SIDE_STYLE('',(#9139));
#9139 = SURFACE_STYLE_FILL_AREA(#9140);
#9140 = FILL_AREA_STYLE('',(#9141));
#9141 = FILL_AREA_STYLE_COLOUR('',#9127);
#9142 = OVER_RIDING_STYLED_ITEM('overriding color',(#9143),#1643,#9102);
#9143 = PRESENTATION_STYLE_ASSIGNMENT((#9144));
#9144 = SURFACE_STYLE_USAGE(.BOTH.,#9145);
#9145 = SURFACE_SIDE_STYLE('',(#9146));
#9146 = SURFACE_STYLE_FILL_AREA(#9147);
#9147 = FILL_AREA_STYLE('',(#9148));
#9148 = FILL_AREA_STYLE_COLOUR('',#9127);
#9149 = OVER_RIDING_STYLED_ITEM('overriding color',(#9150),#1665,#9102);
#9150 = PRESENTATION_STYLE_ASSIGNMENT((#9151));
#9151 = SURFACE_STYLE_USAGE(.BOTH.,#9152);
#9152 = SURFACE_SIDE_STYLE('',(#9153));
#9153 = SURFACE_STYLE_FILL_AREA(#9154);
#9154 = FILL_AREA_STYLE('',(#9155));
#9155 = FILL_AREA_STYLE_COLOUR('',#9127);
#9156 = OVER_RIDING_STYLED_ITEM('overriding color',(#9157),#1793,#9102);
#9157 = PRESENTATION_STYLE_ASSIGNMENT((#9158));
#9158 = SURFACE_STYLE_USAGE(.BOTH.,#9159);
#9159 = SURFACE_SIDE_STYLE('',(#9160));
#9160 = SURFACE_STYLE_FILL_AREA(#9161);
#9161 = FILL_AREA_STYLE('',(#9162));
#9162 = FILL_AREA_STYLE_COLOUR('',#9127);
#9163 = OVER_RIDING_STYLED_ITEM('overriding color',(#9164),#2026,#9102);
#9164 = PRESENTATION_STYLE_ASSIGNMENT((#9165));
#9165 = SURFACE_STYLE_USAGE(.BOTH.,#9166);
#9166 = SURFACE_SIDE_STYLE('',(#9167));
#9167 = SURFACE_STYLE_FILL_AREA(#9168);
#9168 = FILL_AREA_STYLE('',(#9169));
#9169 = FILL_AREA_STYLE_COLOUR('',#9119);
#9170 = OVER_RIDING_STYLED_ITEM('overriding color',(#9171),#2051,#9102);
#9171 = PRESENTATION_STYLE_ASSIGNMENT((#9172));
#9172 = SURFACE_STYLE_USAGE(.BOTH.,#9173);
#9173 = SURFACE_SIDE_STYLE('',(#9174));
#9174 = SURFACE_STYLE_FILL_AREA(#9175);
#9175 = FILL_AREA_STYLE('',(#9176));
#9176 = FILL_AREA_STYLE_COLOUR('',#9119);
#9177 = OVER_RIDING_STYLED_ITEM('overriding color',(#9178),#2061,#9102);
#9178 = PRESENTATION_STYLE_ASSIGNMENT((#9179));
#9179 = SURFACE_STYLE_USAGE(.BOTH.,#9180);
#9180 = SURFACE_SIDE_STYLE('',(#9181));
#9181 = SURFACE_STYLE_FILL_AREA(#9182);
#9182 = FILL_AREA_STYLE('',(#9183));
#9183 = FILL_AREA_STYLE_COLOUR('',#9184);
#9184 = COLOUR_RGB('',0.752941164258,0.752941164258,0.752941164258);
#9185 = OVER_RIDING_STYLED_ITEM('overriding color',(#9186),#2089,#9102);
#9186 = PRESENTATION_STYLE_ASSIGNMENT((#9187));
#9187 = SURFACE_STYLE_USAGE(.BOTH.,#9188);
#9188 = SURFACE_SIDE_STYLE('',(#9189));
#9189 = SURFACE_STYLE_FILL_AREA(#9190);
#9190 = FILL_AREA_STYLE('',(#9191));
#9191 = FILL_AREA_STYLE_COLOUR('',#9184);
#9192 = OVER_RIDING_STYLED_ITEM('overriding color',(#9193),#2119,#9102);
#9193 = PRESENTATION_STYLE_ASSIGNMENT((#9194));
#9194 = SURFACE_STYLE_USAGE(.BOTH.,#9195);
#9195 = SURFACE_SIDE_STYLE('',(#9196));
#9196 = SURFACE_STYLE_FILL_AREA(#9197);
#9197 = FILL_AREA_STYLE('',(#9198));
#9198 = FILL_AREA_STYLE_COLOUR('',#9184);
#9199 = OVER_RIDING_STYLED_ITEM('overriding color',(#9200),#2150,#9102);
#9200 = PRESENTATION_STYLE_ASSIGNMENT((#9201));
#9201 = SURFACE_STYLE_USAGE(.BOTH.,#9202);
#9202 = SURFACE_SIDE_STYLE('',(#9203));
#9203 = SURFACE_STYLE_FILL_AREA(#9204);
#9204 = FILL_AREA_STYLE('',(#9205));
#9205 = FILL_AREA_STYLE_COLOUR('',#9184);
#9206 = OVER_RIDING_STYLED_ITEM('overriding color',(#9207),#2174,#9102);
#9207 = PRESENTATION_STYLE_ASSIGNMENT((#9208));
#9208 = SURFACE_STYLE_USAGE(.BOTH.,#9209);
#9209 = SURFACE_SIDE_STYLE('',(#9210));
#9210 = SURFACE_STYLE_FILL_AREA(#9211);
#9211 = FILL_AREA_STYLE('',(#9212));
#9212 = FILL_AREA_STYLE_COLOUR('',#9184);
#9213 = OVER_RIDING_STYLED_ITEM('overriding color',(#9214),#2190,#9102);
#9214 = PRESENTATION_STYLE_ASSIGNMENT((#9215));
#9215 = SURFACE_STYLE_USAGE(.BOTH.,#9216);
#9216 = SURFACE_SIDE_STYLE('',(#9217));
#9217 = SURFACE_STYLE_FILL_AREA(#9218);
#9218 = FILL_AREA_STYLE('',(#9219));
#9219 = FILL_AREA_STYLE_COLOUR('',#9184);
#9220 = OVER_RIDING_STYLED_ITEM('overriding color',(#9221),#2202,#9102);
#9221 = PRESENTATION_STYLE_ASSIGNMENT((#9222));
#9222 = SURFACE_STYLE_USAGE(.BOTH.,#9223);
#9223 = SURFACE_SIDE_STYLE('',(#9224));
#9224 = SURFACE_STYLE_FILL_AREA(#9225);
#9225 = FILL_AREA_STYLE('',(#9226));
#9226 = FILL_AREA_STYLE_COLOUR('',#9184);
#9227 = OVER_RIDING_STYLED_ITEM('overriding color',(#9228),#2230,#9102);
#9228 = PRESENTATION_STYLE_ASSIGNMENT((#9229));
#9229 = SURFACE_STYLE_USAGE(.BOTH.,#9230);
#9230 = SURFACE_SIDE_STYLE('',(#9231));
#9231 = SURFACE_STYLE_FILL_AREA(#9232);
#9232 = FILL_AREA_STYLE('',(#9233));
#9233 = FILL_AREA_STYLE_COLOUR('',#9184);
#9234 = OVER_RIDING_STYLED_ITEM('overriding color',(#9235),#2260,#9102);
#9235 = PRESENTATION_STYLE_ASSIGNMENT((#9236));
#9236 = SURFACE_STYLE_USAGE(.BOTH.,#9237);
#9237 = SURFACE_SIDE_STYLE('',(#9238));
#9238 = SURFACE_STYLE_FILL_AREA(#9239);
#9239 = FILL_AREA_STYLE('',(#9240));
#9240 = FILL_AREA_STYLE_COLOUR('',#9184);
#9241 = OVER_RIDING_STYLED_ITEM('overriding color',(#9242),#2291,#9102);
#9242 = PRESENTATION_STYLE_ASSIGNMENT((#9243));
#9243 = SURFACE_STYLE_USAGE(.BOTH.,#9244);
#9244 = SURFACE_SIDE_STYLE('',(#9245));
#9245 = SURFACE_STYLE_FILL_AREA(#9246);
#9246 = FILL_AREA_STYLE('',(#9247));
#9247 = FILL_AREA_STYLE_COLOUR('',#9184);
#9248 = OVER_RIDING_STYLED_ITEM('overriding color',(#9249),#2315,#9102);
#9249 = PRESENTATION_STYLE_ASSIGNMENT((#9250));
#9250 = SURFACE_STYLE_USAGE(.BOTH.,#9251);
#9251 = SURFACE_SIDE_STYLE('',(#9252));
#9252 = SURFACE_STYLE_FILL_AREA(#9253);
#9253 = FILL_AREA_STYLE('',(#9254));
#9254 = FILL_AREA_STYLE_COLOUR('',#9184);
#9255 = OVER_RIDING_STYLED_ITEM('overriding color',(#9256),#2331,#9102);
#9256 = PRESENTATION_STYLE_ASSIGNMENT((#9257));
#9257 = SURFACE_STYLE_USAGE(.BOTH.,#9258);
#9258 = SURFACE_SIDE_STYLE('',(#9259));
#9259 = SURFACE_STYLE_FILL_AREA(#9260);
#9260 = FILL_AREA_STYLE('',(#9261));
#9261 = FILL_AREA_STYLE_COLOUR('',#9184);
#9262 = OVER_RIDING_STYLED_ITEM('overriding color',(#9263),#2343,#9102);
#9263 = PRESENTATION_STYLE_ASSIGNMENT((#9264));
#9264 = SURFACE_STYLE_USAGE(.BOTH.,#9265);
#9265 = SURFACE_SIDE_STYLE('',(#9266));
#9266 = SURFACE_STYLE_FILL_AREA(#9267);
#9267 = FILL_AREA_STYLE('',(#9268));
#9268 = FILL_AREA_STYLE_COLOUR('',#9184);
#9269 = OVER_RIDING_STYLED_ITEM('overriding color',(#9270),#2371,#9102);
#9270 = PRESENTATION_STYLE_ASSIGNMENT((#9271));
#9271 = SURFACE_STYLE_USAGE(.BOTH.,#9272);
#9272 = SURFACE_SIDE_STYLE('',(#9273));
#9273 = SURFACE_STYLE_FILL_AREA(#9274);
#9274 = FILL_AREA_STYLE('',(#9275));
#9275 = FILL_AREA_STYLE_COLOUR('',#9184);
#9276 = OVER_RIDING_STYLED_ITEM('overriding color',(#9277),#2408,#9102);
#9277 = PRESENTATION_STYLE_ASSIGNMENT((#9278));
#9278 = SURFACE_STYLE_USAGE(.BOTH.,#9279);
#9279 = SURFACE_SIDE_STYLE('',(#9280));
#9280 = SURFACE_STYLE_FILL_AREA(#9281);
#9281 = FILL_AREA_STYLE('',(#9282));
#9282 = FILL_AREA_STYLE_COLOUR('',#9184);
#9283 = OVER_RIDING_STYLED_ITEM('overriding color',(#9284),#2432,#9102);
#9284 = PRESENTATION_STYLE_ASSIGNMENT((#9285));
#9285 = SURFACE_STYLE_USAGE(.BOTH.,#9286);
#9286 = SURFACE_SIDE_STYLE('',(#9287));
#9287 = SURFACE_STYLE_FILL_AREA(#9288);
#9288 = FILL_AREA_STYLE('',(#9289));
#9289 = FILL_AREA_STYLE_COLOUR('',#9184);
#9290 = OVER_RIDING_STYLED_ITEM('overriding color',(#9291),#2456,#9102);
#9291 = PRESENTATION_STYLE_ASSIGNMENT((#9292));
#9292 = SURFACE_STYLE_USAGE(.BOTH.,#9293);
#9293 = SURFACE_SIDE_STYLE('',(#9294));
#9294 = SURFACE_STYLE_FILL_AREA(#9295);
#9295 = FILL_AREA_STYLE('',(#9296));
#9296 = FILL_AREA_STYLE_COLOUR('',#9184);
#9297 = OVER_RIDING_STYLED_ITEM('overriding color',(#9298),#2472,#9102);
#9298 = PRESENTATION_STYLE_ASSIGNMENT((#9299));
#9299 = SURFACE_STYLE_USAGE(.BOTH.,#9300);
#9300 = SURFACE_SIDE_STYLE('',(#9301));
#9301 = SURFACE_STYLE_FILL_AREA(#9302);
#9302 = FILL_AREA_STYLE('',(#9303));
#9303 = FILL_AREA_STYLE_COLOUR('',#9184);
#9304 = OVER_RIDING_STYLED_ITEM('overriding color',(#9305),#2484,#9102);
#9305 = PRESENTATION_STYLE_ASSIGNMENT((#9306));
#9306 = SURFACE_STYLE_USAGE(.BOTH.,#9307);
#9307 = SURFACE_SIDE_STYLE('',(#9308));
#9308 = SURFACE_STYLE_FILL_AREA(#9309);
#9309 = FILL_AREA_STYLE('',(#9310));
#9310 = FILL_AREA_STYLE_COLOUR('',#9184);
#9311 = OVER_RIDING_STYLED_ITEM('overriding color',(#9312),#2512,#9102);
#9312 = PRESENTATION_STYLE_ASSIGNMENT((#9313));
#9313 = SURFACE_STYLE_USAGE(.BOTH.,#9314);
#9314 = SURFACE_SIDE_STYLE('',(#9315));
#9315 = SURFACE_STYLE_FILL_AREA(#9316);
#9316 = FILL_AREA_STYLE('',(#9317));
#9317 = FILL_AREA_STYLE_COLOUR('',#9184);
#9318 = OVER_RIDING_STYLED_ITEM('overriding color',(#9319),#2542,#9102);
#9319 = PRESENTATION_STYLE_ASSIGNMENT((#9320));
#9320 = SURFACE_STYLE_USAGE(.BOTH.,#9321);
#9321 = SURFACE_SIDE_STYLE('',(#9322));
#9322 = SURFACE_STYLE_FILL_AREA(#9323);
#9323 = FILL_AREA_STYLE('',(#9324));
#9324 = FILL_AREA_STYLE_COLOUR('',#9184);
#9325 = OVER_RIDING_STYLED_ITEM('overriding color',(#9326),#2573,#9102);
#9326 = PRESENTATION_STYLE_ASSIGNMENT((#9327));
#9327 = SURFACE_STYLE_USAGE(.BOTH.,#9328);
#9328 = SURFACE_SIDE_STYLE('',(#9329));
#9329 = SURFACE_STYLE_FILL_AREA(#9330);
#9330 = FILL_AREA_STYLE('',(#9331));
#9331 = FILL_AREA_STYLE_COLOUR('',#9184);
#9332 = OVER_RIDING_STYLED_ITEM('overriding color',(#9333),#2597,#9102);
#9333 = PRESENTATION_STYLE_ASSIGNMENT((#9334));
#9334 = SURFACE_STYLE_USAGE(.BOTH.,#9335);
#9335 = SURFACE_SIDE_STYLE('',(#9336));
#9336 = SURFACE_STYLE_FILL_AREA(#9337);
#9337 = FILL_AREA_STYLE('',(#9338));
#9338 = FILL_AREA_STYLE_COLOUR('',#9184);
#9339 = OVER_RIDING_STYLED_ITEM('overriding color',(#9340),#2613,#9102);
#9340 = PRESENTATION_STYLE_ASSIGNMENT((#9341));
#9341 = SURFACE_STYLE_USAGE(.BOTH.,#9342);
#9342 = SURFACE_SIDE_STYLE('',(#9343));
#9343 = SURFACE_STYLE_FILL_AREA(#9344);
#9344 = FILL_AREA_STYLE('',(#9345));
#9345 = FILL_AREA_STYLE_COLOUR('',#9184);
#9346 = OVER_RIDING_STYLED_ITEM('overriding color',(#9347),#2625,#9102);
#9347 = PRESENTATION_STYLE_ASSIGNMENT((#9348));
#9348 = SURFACE_STYLE_USAGE(.BOTH.,#9349);
#9349 = SURFACE_SIDE_STYLE('',(#9350));
#9350 = SURFACE_STYLE_FILL_AREA(#9351);
#9351 = FILL_AREA_STYLE('',(#9352));
#9352 = FILL_AREA_STYLE_COLOUR('',#9184);
#9353 = OVER_RIDING_STYLED_ITEM('overriding color',(#9354),#2653,#9102);
#9354 = PRESENTATION_STYLE_ASSIGNMENT((#9355));
#9355 = SURFACE_STYLE_USAGE(.BOTH.,#9356);
#9356 = SURFACE_SIDE_STYLE('',(#9357));
#9357 = SURFACE_STYLE_FILL_AREA(#9358);
#9358 = FILL_AREA_STYLE('',(#9359));
#9359 = FILL_AREA_STYLE_COLOUR('',#9184);
#9360 = OVER_RIDING_STYLED_ITEM('overriding color',(#9361),#2690,#9102);
#9361 = PRESENTATION_STYLE_ASSIGNMENT((#9362));
#9362 = SURFACE_STYLE_USAGE(.BOTH.,#9363);
#9363 = SURFACE_SIDE_STYLE('',(#9364));
#9364 = SURFACE_STYLE_FILL_AREA(#9365);
#9365 = FILL_AREA_STYLE('',(#9366));
#9366 = FILL_AREA_STYLE_COLOUR('',#9184);
#9367 = OVER_RIDING_STYLED_ITEM('overriding color',(#9368),#2714,#9102);
#9368 = PRESENTATION_STYLE_ASSIGNMENT((#9369));
#9369 = SURFACE_STYLE_USAGE(.BOTH.,#9370);
#9370 = SURFACE_SIDE_STYLE('',(#9371));
#9371 = SURFACE_STYLE_FILL_AREA(#9372);
#9372 = FILL_AREA_STYLE('',(#9373));
#9373 = FILL_AREA_STYLE_COLOUR('',#9184);
#9374 = OVER_RIDING_STYLED_ITEM('overriding color',(#9375),#2738,#9102);
#9375 = PRESENTATION_STYLE_ASSIGNMENT((#9376));
#9376 = SURFACE_STYLE_USAGE(.BOTH.,#9377);
#9377 = SURFACE_SIDE_STYLE('',(#9378));
#9378 = SURFACE_STYLE_FILL_AREA(#9379);
#9379 = FILL_AREA_STYLE('',(#9380));
#9380 = FILL_AREA_STYLE_COLOUR('',#9184);
#9381 = OVER_RIDING_STYLED_ITEM('overriding color',(#9382),#2754,#9102);
#9382 = PRESENTATION_STYLE_ASSIGNMENT((#9383));
#9383 = SURFACE_STYLE_USAGE(.BOTH.,#9384);
#9384 = SURFACE_SIDE_STYLE('',(#9385));
#9385 = SURFACE_STYLE_FILL_AREA(#9386);
#9386 = FILL_AREA_STYLE('',(#9387));
#9387 = FILL_AREA_STYLE_COLOUR('',#9184);
#9388 = OVER_RIDING_STYLED_ITEM('overriding color',(#9389),#2766,#9102);
#9389 = PRESENTATION_STYLE_ASSIGNMENT((#9390));
#9390 = SURFACE_STYLE_USAGE(.BOTH.,#9391);
#9391 = SURFACE_SIDE_STYLE('',(#9392));
#9392 = SURFACE_STYLE_FILL_AREA(#9393);
#9393 = FILL_AREA_STYLE('',(#9394));
#9394 = FILL_AREA_STYLE_COLOUR('',#9184);
#9395 = OVER_RIDING_STYLED_ITEM('overriding color',(#9396),#2794,#9102);
#9396 = PRESENTATION_STYLE_ASSIGNMENT((#9397));
#9397 = SURFACE_STYLE_USAGE(.BOTH.,#9398);
#9398 = SURFACE_SIDE_STYLE('',(#9399));
#9399 = SURFACE_STYLE_FILL_AREA(#9400);
#9400 = FILL_AREA_STYLE('',(#9401));
#9401 = FILL_AREA_STYLE_COLOUR('',#9184);
#9402 = OVER_RIDING_STYLED_ITEM('overriding color',(#9403),#2831,#9102);
#9403 = PRESENTATION_STYLE_ASSIGNMENT((#9404));
#9404 = SURFACE_STYLE_USAGE(.BOTH.,#9405);
#9405 = SURFACE_SIDE_STYLE('',(#9406));
#9406 = SURFACE_STYLE_FILL_AREA(#9407);
#9407 = FILL_AREA_STYLE('',(#9408));
#9408 = FILL_AREA_STYLE_COLOUR('',#9184);
#9409 = OVER_RIDING_STYLED_ITEM('overriding color',(#9410),#2855,#9102);
#9410 = PRESENTATION_STYLE_ASSIGNMENT((#9411));
#9411 = SURFACE_STYLE_USAGE(.BOTH.,#9412);
#9412 = SURFACE_SIDE_STYLE('',(#9413));
#9413 = SURFACE_STYLE_FILL_AREA(#9414);
#9414 = FILL_AREA_STYLE('',(#9415));
#9415 = FILL_AREA_STYLE_COLOUR('',#9184);
#9416 = OVER_RIDING_STYLED_ITEM('overriding color',(#9417),#2879,#9102);
#9417 = PRESENTATION_STYLE_ASSIGNMENT((#9418));
#9418 = SURFACE_STYLE_USAGE(.BOTH.,#9419);
#9419 = SURFACE_SIDE_STYLE('',(#9420));
#9420 = SURFACE_STYLE_FILL_AREA(#9421);
#9421 = FILL_AREA_STYLE('',(#9422));
#9422 = FILL_AREA_STYLE_COLOUR('',#9184);
#9423 = OVER_RIDING_STYLED_ITEM('overriding color',(#9424),#2895,#9102);
#9424 = PRESENTATION_STYLE_ASSIGNMENT((#9425));
#9425 = SURFACE_STYLE_USAGE(.BOTH.,#9426);
#9426 = SURFACE_SIDE_STYLE('',(#9427));
#9427 = SURFACE_STYLE_FILL_AREA(#9428);
#9428 = FILL_AREA_STYLE('',(#9429));
#9429 = FILL_AREA_STYLE_COLOUR('',#9184);
#9430 = OVER_RIDING_STYLED_ITEM('overriding color',(#9431),#2907,#9102);
#9431 = PRESENTATION_STYLE_ASSIGNMENT((#9432));
#9432 = SURFACE_STYLE_USAGE(.BOTH.,#9433);
#9433 = SURFACE_SIDE_STYLE('',(#9434));
#9434 = SURFACE_STYLE_FILL_AREA(#9435);
#9435 = FILL_AREA_STYLE('',(#9436));
#9436 = FILL_AREA_STYLE_COLOUR('',#9184);
#9437 = OVER_RIDING_STYLED_ITEM('overriding color',(#9438),#2935,#9102);
#9438 = PRESENTATION_STYLE_ASSIGNMENT((#9439));
#9439 = SURFACE_STYLE_USAGE(.BOTH.,#9440);
#9440 = SURFACE_SIDE_STYLE('',(#9441));
#9441 = SURFACE_STYLE_FILL_AREA(#9442);
#9442 = FILL_AREA_STYLE('',(#9443));
#9443 = FILL_AREA_STYLE_COLOUR('',#9184);
#9444 = OVER_RIDING_STYLED_ITEM('overriding color',(#9445),#2972,#9102);
#9445 = PRESENTATION_STYLE_ASSIGNMENT((#9446));
#9446 = SURFACE_STYLE_USAGE(.BOTH.,#9447);
#9447 = SURFACE_SIDE_STYLE('',(#9448));
#9448 = SURFACE_STYLE_FILL_AREA(#9449);
#9449 = FILL_AREA_STYLE('',(#9450));
#9450 = FILL_AREA_STYLE_COLOUR('',#9184);
#9451 = OVER_RIDING_STYLED_ITEM('overriding color',(#9452),#2996,#9102);
#9452 = PRESENTATION_STYLE_ASSIGNMENT((#9453));
#9453 = SURFACE_STYLE_USAGE(.BOTH.,#9454);
#9454 = SURFACE_SIDE_STYLE('',(#9455));
#9455 = SURFACE_STYLE_FILL_AREA(#9456);
#9456 = FILL_AREA_STYLE('',(#9457));
#9457 = FILL_AREA_STYLE_COLOUR('',#9184);
#9458 = OVER_RIDING_STYLED_ITEM('overriding color',(#9459),#3020,#9102);
#9459 = PRESENTATION_STYLE_ASSIGNMENT((#9460));
#9460 = SURFACE_STYLE_USAGE(.BOTH.,#9461);
#9461 = SURFACE_SIDE_STYLE('',(#9462));
#9462 = SURFACE_STYLE_FILL_AREA(#9463);
#9463 = FILL_AREA_STYLE('',(#9464));
#9464 = FILL_AREA_STYLE_COLOUR('',#9184);
#9465 = OVER_RIDING_STYLED_ITEM('overriding color',(#9466),#3036,#9102);
#9466 = PRESENTATION_STYLE_ASSIGNMENT((#9467));
#9467 = SURFACE_STYLE_USAGE(.BOTH.,#9468);
#9468 = SURFACE_SIDE_STYLE('',(#9469));
#9469 = SURFACE_STYLE_FILL_AREA(#9470);
#9470 = FILL_AREA_STYLE('',(#9471));
#9471 = FILL_AREA_STYLE_COLOUR('',#9184);
#9472 = OVER_RIDING_STYLED_ITEM('overriding color',(#9473),#3048,#9102);
#9473 = PRESENTATION_STYLE_ASSIGNMENT((#9474));
#9474 = SURFACE_STYLE_USAGE(.BOTH.,#9475);
#9475 = SURFACE_SIDE_STYLE('',(#9476));
#9476 = SURFACE_STYLE_FILL_AREA(#9477);
#9477 = FILL_AREA_STYLE('',(#9478));
#9478 = FILL_AREA_STYLE_COLOUR('',#9184);
#9479 = OVER_RIDING_STYLED_ITEM('overriding color',(#9480),#3076,#9102);
#9480 = PRESENTATION_STYLE_ASSIGNMENT((#9481));
#9481 = SURFACE_STYLE_USAGE(.BOTH.,#9482);
#9482 = SURFACE_SIDE_STYLE('',(#9483));
#9483 = SURFACE_STYLE_FILL_AREA(#9484);
#9484 = FILL_AREA_STYLE('',(#9485));
#9485 = FILL_AREA_STYLE_COLOUR('',#9184);
#9486 = OVER_RIDING_STYLED_ITEM('overriding color',(#9487),#3113,#9102);
#9487 = PRESENTATION_STYLE_ASSIGNMENT((#9488));
#9488 = SURFACE_STYLE_USAGE(.BOTH.,#9489);
#9489 = SURFACE_SIDE_STYLE('',(#9490));
#9490 = SURFACE_STYLE_FILL_AREA(#9491);
#9491 = FILL_AREA_STYLE('',(#9492));
#9492 = FILL_AREA_STYLE_COLOUR('',#9184);
#9493 = OVER_RIDING_STYLED_ITEM('overriding color',(#9494),#3137,#9102);
#9494 = PRESENTATION_STYLE_ASSIGNMENT((#9495));
#9495 = SURFACE_STYLE_USAGE(.BOTH.,#9496);
#9496 = SURFACE_SIDE_STYLE('',(#9497));
#9497 = SURFACE_STYLE_FILL_AREA(#9498);
#9498 = FILL_AREA_STYLE('',(#9499));
#9499 = FILL_AREA_STYLE_COLOUR('',#9184);
#9500 = OVER_RIDING_STYLED_ITEM('overriding color',(#9501),#3161,#9102);
#9501 = PRESENTATION_STYLE_ASSIGNMENT((#9502));
#9502 = SURFACE_STYLE_USAGE(.BOTH.,#9503);
#9503 = SURFACE_SIDE_STYLE('',(#9504));
#9504 = SURFACE_STYLE_FILL_AREA(#9505);
#9505 = FILL_AREA_STYLE('',(#9506));
#9506 = FILL_AREA_STYLE_COLOUR('',#9184);
#9507 = OVER_RIDING_STYLED_ITEM('overriding color',(#9508),#3177,#9102);
#9508 = PRESENTATION_STYLE_ASSIGNMENT((#9509));
#9509 = SURFACE_STYLE_USAGE(.BOTH.,#9510);
#9510 = SURFACE_SIDE_STYLE('',(#9511));
#9511 = SURFACE_STYLE_FILL_AREA(#9512);
#9512 = FILL_AREA_STYLE('',(#9513));
#9513 = FILL_AREA_STYLE_COLOUR('',#9184);
#9514 = OVER_RIDING_STYLED_ITEM('overriding color',(#9515),#3189,#9102);
#9515 = PRESENTATION_STYLE_ASSIGNMENT((#9516));
#9516 = SURFACE_STYLE_USAGE(.BOTH.,#9517);
#9517 = SURFACE_SIDE_STYLE('',(#9518));
#9518 = SURFACE_STYLE_FILL_AREA(#9519);
#9519 = FILL_AREA_STYLE('',(#9520));
#9520 = FILL_AREA_STYLE_COLOUR('',#9184);
#9521 = OVER_RIDING_STYLED_ITEM('overriding color',(#9522),#3217,#9102);
#9522 = PRESENTATION_STYLE_ASSIGNMENT((#9523));
#9523 = SURFACE_STYLE_USAGE(.BOTH.,#9524);
#9524 = SURFACE_SIDE_STYLE('',(#9525));
#9525 = SURFACE_STYLE_FILL_AREA(#9526);
#9526 = FILL_AREA_STYLE('',(#9527));
#9527 = FILL_AREA_STYLE_COLOUR('',#9184);
#9528 = OVER_RIDING_STYLED_ITEM('overriding color',(#9529),#3245,#9102);
#9529 = PRESENTATION_STYLE_ASSIGNMENT((#9530));
#9530 = SURFACE_STYLE_USAGE(.BOTH.,#9531);
#9531 = SURFACE_SIDE_STYLE('',(#9532));
#9532 = SURFACE_STYLE_FILL_AREA(#9533);
#9533 = FILL_AREA_STYLE('',(#9534));
#9534 = FILL_AREA_STYLE_COLOUR('',#9184);
#9535 = OVER_RIDING_STYLED_ITEM('overriding color',(#9536),#3267,#9102);
#9536 = PRESENTATION_STYLE_ASSIGNMENT((#9537));
#9537 = SURFACE_STYLE_USAGE(.BOTH.,#9538);
#9538 = SURFACE_SIDE_STYLE('',(#9539));
#9539 = SURFACE_STYLE_FILL_AREA(#9540);
#9540 = FILL_AREA_STYLE('',(#9541));
#9541 = FILL_AREA_STYLE_COLOUR('',#9184);
#9542 = OVER_RIDING_STYLED_ITEM('overriding color',(#9543),#3283,#9102);
#9543 = PRESENTATION_STYLE_ASSIGNMENT((#9544));
#9544 = SURFACE_STYLE_USAGE(.BOTH.,#9545);
#9545 = SURFACE_SIDE_STYLE('',(#9546));
#9546 = SURFACE_STYLE_FILL_AREA(#9547);
#9547 = FILL_AREA_STYLE('',(#9548));
#9548 = FILL_AREA_STYLE_COLOUR('',#9184);
#9549 = OVER_RIDING_STYLED_ITEM('overriding color',(#9550),#3300,#9102);
#9550 = PRESENTATION_STYLE_ASSIGNMENT((#9551));
#9551 = SURFACE_STYLE_USAGE(.BOTH.,#9552);
#9552 = SURFACE_SIDE_STYLE('',(#9553));
#9553 = SURFACE_STYLE_FILL_AREA(#9554);
#9554 = FILL_AREA_STYLE('',(#9555));
#9555 = FILL_AREA_STYLE_COLOUR('',#9556);
#9556 = DRAUGHTING_PRE_DEFINED_COLOUR('white');
#9557 = OVER_RIDING_STYLED_ITEM('overriding color',(#9558),#3328,#9102);
#9558 = PRESENTATION_STYLE_ASSIGNMENT((#9559));
#9559 = SURFACE_STYLE_USAGE(.BOTH.,#9560);
#9560 = SURFACE_SIDE_STYLE('',(#9561));
#9561 = SURFACE_STYLE_FILL_AREA(#9562);
#9562 = FILL_AREA_STYLE('',(#9563));
#9563 = FILL_AREA_STYLE_COLOUR('',#9556);
#9564 = OVER_RIDING_STYLED_ITEM('overriding color',(#9565),#3350,#9102);
#9565 = PRESENTATION_STYLE_ASSIGNMENT((#9566));
#9566 = SURFACE_STYLE_USAGE(.BOTH.,#9567);
#9567 = SURFACE_SIDE_STYLE('',(#9568));
#9568 = SURFACE_STYLE_FILL_AREA(#9569);
#9569 = FILL_AREA_STYLE('',(#9570));
#9570 = FILL_AREA_STYLE_COLOUR('',#9556);
#9571 = OVER_RIDING_STYLED_ITEM('overriding color',(#9572),#3372,#9102);
#9572 = PRESENTATION_STYLE_ASSIGNMENT((#9573));
#9573 = SURFACE_STYLE_USAGE(.BOTH.,#9574);
#9574 = SURFACE_SIDE_STYLE('',(#9575));
#9575 = SURFACE_STYLE_FILL_AREA(#9576);
#9576 = FILL_AREA_STYLE('',(#9577));
#9577 = FILL_AREA_STYLE_COLOUR('',#9556);
#9578 = OVER_RIDING_STYLED_ITEM('overriding color',(#9579),#3394,#9102);
#9579 = PRESENTATION_STYLE_ASSIGNMENT((#9580));
#9580 = SURFACE_STYLE_USAGE(.BOTH.,#9581);
#9581 = SURFACE_SIDE_STYLE('',(#9582));
#9582 = SURFACE_STYLE_FILL_AREA(#9583);
#9583 = FILL_AREA_STYLE('',(#9584));
#9584 = FILL_AREA_STYLE_COLOUR('',#9556);
#9585 = OVER_RIDING_STYLED_ITEM('overriding color',(#9586),#3416,#9102);
#9586 = PRESENTATION_STYLE_ASSIGNMENT((#9587));
#9587 = SURFACE_STYLE_USAGE(.BOTH.,#9588);
#9588 = SURFACE_SIDE_STYLE('',(#9589));
#9589 = SURFACE_STYLE_FILL_AREA(#9590);
#9590 = FILL_AREA_STYLE('',(#9591));
#9591 = FILL_AREA_STYLE_COLOUR('',#9556);
#9592 = OVER_RIDING_STYLED_ITEM('overriding color',(#9593),#3432,#9102);
#9593 = PRESENTATION_STYLE_ASSIGNMENT((#9594));
#9594 = SURFACE_STYLE_USAGE(.BOTH.,#9595);
#9595 = SURFACE_SIDE_STYLE('',(#9596));
#9596 = SURFACE_STYLE_FILL_AREA(#9597);
#9597 = FILL_AREA_STYLE('',(#9598));
#9598 = FILL_AREA_STYLE_COLOUR('',#9556);
#9599 = OVER_RIDING_STYLED_ITEM('overriding color',(#9600),#3446,#9102);
#9600 = PRESENTATION_STYLE_ASSIGNMENT((#9601));
#9601 = SURFACE_STYLE_USAGE(.BOTH.,#9602);
#9602 = SURFACE_SIDE_STYLE('',(#9603));
#9603 = SURFACE_STYLE_FILL_AREA(#9604);
#9604 = FILL_AREA_STYLE('',(#9605));
#9605 = FILL_AREA_STYLE_COLOUR('',#9556);
#9606 = OVER_RIDING_STYLED_ITEM('overriding color',(#9607),#3480,#9102);
#9607 = PRESENTATION_STYLE_ASSIGNMENT((#9608));
#9608 = SURFACE_STYLE_USAGE(.BOTH.,#9609);
#9609 = SURFACE_SIDE_STYLE('',(#9610));
#9610 = SURFACE_STYLE_FILL_AREA(#9611);
#9611 = FILL_AREA_STYLE('',(#9612));
#9612 = FILL_AREA_STYLE_COLOUR('',#9556);
#9613 = OVER_RIDING_STYLED_ITEM('overriding color',(#9614),#3502,#9102);
#9614 = PRESENTATION_STYLE_ASSIGNMENT((#9615));
#9615 = SURFACE_STYLE_USAGE(.BOTH.,#9616);
#9616 = SURFACE_SIDE_STYLE('',(#9617));
#9617 = SURFACE_STYLE_FILL_AREA(#9618);
#9618 = FILL_AREA_STYLE('',(#9619));
#9619 = FILL_AREA_STYLE_COLOUR('',#9556);
#9620 = OVER_RIDING_STYLED_ITEM('overriding color',(#9621),#3530,#9102);
#9621 = PRESENTATION_STYLE_ASSIGNMENT((#9622));
#9622 = SURFACE_STYLE_USAGE(.BOTH.,#9623);
#9623 = SURFACE_SIDE_STYLE('',(#9624));
#9624 = SURFACE_STYLE_FILL_AREA(#9625);
#9625 = FILL_AREA_STYLE('',(#9626));
#9626 = FILL_AREA_STYLE_COLOUR('',#9556);
#9627 = OVER_RIDING_STYLED_ITEM('overriding color',(#9628),#3558,#9102);
#9628 = PRESENTATION_STYLE_ASSIGNMENT((#9629));
#9629 = SURFACE_STYLE_USAGE(.BOTH.,#9630);
#9630 = SURFACE_SIDE_STYLE('',(#9631));
#9631 = SURFACE_STYLE_FILL_AREA(#9632);
#9632 = FILL_AREA_STYLE('',(#9633));
#9633 = FILL_AREA_STYLE_COLOUR('',#9556);
#9634 = OVER_RIDING_STYLED_ITEM('overriding color',(#9635),#3586,#9102);
#9635 = PRESENTATION_STYLE_ASSIGNMENT((#9636));
#9636 = SURFACE_STYLE_USAGE(.BOTH.,#9637);
#9637 = SURFACE_SIDE_STYLE('',(#9638));
#9638 = SURFACE_STYLE_FILL_AREA(#9639);
#9639 = FILL_AREA_STYLE('',(#9640));
#9640 = FILL_AREA_STYLE_COLOUR('',#9556);
#9641 = OVER_RIDING_STYLED_ITEM('overriding color',(#9642),#3614,#9102);
#9642 = PRESENTATION_STYLE_ASSIGNMENT((#9643));
#9643 = SURFACE_STYLE_USAGE(.BOTH.,#9644);
#9644 = SURFACE_SIDE_STYLE('',(#9645));
#9645 = SURFACE_STYLE_FILL_AREA(#9646);
#9646 = FILL_AREA_STYLE('',(#9647));
#9647 = FILL_AREA_STYLE_COLOUR('',#9556);
#9648 = OVER_RIDING_STYLED_ITEM('overriding color',(#9649),#3642,#9102);
#9649 = PRESENTATION_STYLE_ASSIGNMENT((#9650));
#9650 = SURFACE_STYLE_USAGE(.BOTH.,#9651);
#9651 = SURFACE_SIDE_STYLE('',(#9652));
#9652 = SURFACE_STYLE_FILL_AREA(#9653);
#9653 = FILL_AREA_STYLE('',(#9654));
#9654 = FILL_AREA_STYLE_COLOUR('',#9556);
#9655 = OVER_RIDING_STYLED_ITEM('overriding color',(#9656),#3670,#9102);
#9656 = PRESENTATION_STYLE_ASSIGNMENT((#9657));
#9657 = SURFACE_STYLE_USAGE(.BOTH.,#9658);
#9658 = SURFACE_SIDE_STYLE('',(#9659));
#9659 = SURFACE_STYLE_FILL_AREA(#9660);
#9660 = FILL_AREA_STYLE('',(#9661));
#9661 = FILL_AREA_STYLE_COLOUR('',#9556);
#9662 = OVER_RIDING_STYLED_ITEM('overriding color',(#9663),#3692,#9102);
#9663 = PRESENTATION_STYLE_ASSIGNMENT((#9664));
#9664 = SURFACE_STYLE_USAGE(.BOTH.,#9665);
#9665 = SURFACE_SIDE_STYLE('',(#9666));
#9666 = SURFACE_STYLE_FILL_AREA(#9667);
#9667 = FILL_AREA_STYLE('',(#9668));
#9668 = FILL_AREA_STYLE_COLOUR('',#9556);
#9669 = OVER_RIDING_STYLED_ITEM('overriding color',(#9670),#3720,#9102);
#9670 = PRESENTATION_STYLE_ASSIGNMENT((#9671));
#9671 = SURFACE_STYLE_USAGE(.BOTH.,#9672);
#9672 = SURFACE_SIDE_STYLE('',(#9673));
#9673 = SURFACE_STYLE_FILL_AREA(#9674);
#9674 = FILL_AREA_STYLE('',(#9675));
#9675 = FILL_AREA_STYLE_COLOUR('',#9556);
#9676 = OVER_RIDING_STYLED_ITEM('overriding color',(#9677),#3748,#9102);
#9677 = PRESENTATION_STYLE_ASSIGNMENT((#9678));
#9678 = SURFACE_STYLE_USAGE(.BOTH.,#9679);
#9679 = SURFACE_SIDE_STYLE('',(#9680));
#9680 = SURFACE_STYLE_FILL_AREA(#9681);
#9681 = FILL_AREA_STYLE('',(#9682));
#9682 = FILL_AREA_STYLE_COLOUR('',#9556);
#9683 = OVER_RIDING_STYLED_ITEM('overriding color',(#9684),#3776,#9102);
#9684 = PRESENTATION_STYLE_ASSIGNMENT((#9685));
#9685 = SURFACE_STYLE_USAGE(.BOTH.,#9686);
#9686 = SURFACE_SIDE_STYLE('',(#9687));
#9687 = SURFACE_STYLE_FILL_AREA(#9688);
#9688 = FILL_AREA_STYLE('',(#9689));
#9689 = FILL_AREA_STYLE_COLOUR('',#9556);
#9690 = OVER_RIDING_STYLED_ITEM('overriding color',(#9691),#3804,#9102);
#9691 = PRESENTATION_STYLE_ASSIGNMENT((#9692));
#9692 = SURFACE_STYLE_USAGE(.BOTH.,#9693);
#9693 = SURFACE_SIDE_STYLE('',(#9694));
#9694 = SURFACE_STYLE_FILL_AREA(#9695);
#9695 = FILL_AREA_STYLE('',(#9696));
#9696 = FILL_AREA_STYLE_COLOUR('',#9556);
#9697 = OVER_RIDING_STYLED_ITEM('overriding color',(#9698),#3826,#9102);
#9698 = PRESENTATION_STYLE_ASSIGNMENT((#9699));
#9699 = SURFACE_STYLE_USAGE(.BOTH.,#9700);
#9700 = SURFACE_SIDE_STYLE('',(#9701));
#9701 = SURFACE_STYLE_FILL_AREA(#9702);
#9702 = FILL_AREA_STYLE('',(#9703));
#9703 = FILL_AREA_STYLE_COLOUR('',#9556);
#9704 = OVER_RIDING_STYLED_ITEM('overriding color',(#9705),#3848,#9102);
#9705 = PRESENTATION_STYLE_ASSIGNMENT((#9706));
#9706 = SURFACE_STYLE_USAGE(.BOTH.,#9707);
#9707 = SURFACE_SIDE_STYLE('',(#9708));
#9708 = SURFACE_STYLE_FILL_AREA(#9709);
#9709 = FILL_AREA_STYLE('',(#9710));
#9710 = FILL_AREA_STYLE_COLOUR('',#9556);
#9711 = OVER_RIDING_STYLED_ITEM('overriding color',(#9712),#3876,#9102);
#9712 = PRESENTATION_STYLE_ASSIGNMENT((#9713));
#9713 = SURFACE_STYLE_USAGE(.BOTH.,#9714);
#9714 = SURFACE_SIDE_STYLE('',(#9715));
#9715 = SURFACE_STYLE_FILL_AREA(#9716);
#9716 = FILL_AREA_STYLE('',(#9717));
#9717 = FILL_AREA_STYLE_COLOUR('',#9556);
#9718 = OVER_RIDING_STYLED_ITEM('overriding color',(#9719),#3898,#9102);
#9719 = PRESENTATION_STYLE_ASSIGNMENT((#9720));
#9720 = SURFACE_STYLE_USAGE(.BOTH.,#9721);
#9721 = SURFACE_SIDE_STYLE('',(#9722));
#9722 = SURFACE_STYLE_FILL_AREA(#9723);
#9723 = FILL_AREA_STYLE('',(#9724));
#9724 = FILL_AREA_STYLE_COLOUR('',#9556);
#9725 = OVER_RIDING_STYLED_ITEM('overriding color',(#9726),#3920,#9102);
#9726 = PRESENTATION_STYLE_ASSIGNMENT((#9727));
#9727 = SURFACE_STYLE_USAGE(.BOTH.,#9728);
#9728 = SURFACE_SIDE_STYLE('',(#9729));
#9729 = SURFACE_STYLE_FILL_AREA(#9730);
#9730 = FILL_AREA_STYLE('',(#9731));
#9731 = FILL_AREA_STYLE_COLOUR('',#9556);
#9732 = OVER_RIDING_STYLED_ITEM('overriding color',(#9733),#3942,#9102);
#9733 = PRESENTATION_STYLE_ASSIGNMENT((#9734));
#9734 = SURFACE_STYLE_USAGE(.BOTH.,#9735);
#9735 = SURFACE_SIDE_STYLE('',(#9736));
#9736 = SURFACE_STYLE_FILL_AREA(#9737);
#9737 = FILL_AREA_STYLE('',(#9738));
#9738 = FILL_AREA_STYLE_COLOUR('',#9556);
#9739 = OVER_RIDING_STYLED_ITEM('overriding color',(#9740),#3964,#9102);
#9740 = PRESENTATION_STYLE_ASSIGNMENT((#9741));
#9741 = SURFACE_STYLE_USAGE(.BOTH.,#9742);
#9742 = SURFACE_SIDE_STYLE('',(#9743));
#9743 = SURFACE_STYLE_FILL_AREA(#9744);
#9744 = FILL_AREA_STYLE('',(#9745));
#9745 = FILL_AREA_STYLE_COLOUR('',#9556);
#9746 = OVER_RIDING_STYLED_ITEM('overriding color',(#9747),#3986,#9102);
#9747 = PRESENTATION_STYLE_ASSIGNMENT((#9748));
#9748 = SURFACE_STYLE_USAGE(.BOTH.,#9749);
#9749 = SURFACE_SIDE_STYLE('',(#9750));
#9750 = SURFACE_STYLE_FILL_AREA(#9751);
#9751 = FILL_AREA_STYLE('',(#9752));
#9752 = FILL_AREA_STYLE_COLOUR('',#9556);
#9753 = OVER_RIDING_STYLED_ITEM('overriding color',(#9754),#4008,#9102);
#9754 = PRESENTATION_STYLE_ASSIGNMENT((#9755));
#9755 = SURFACE_STYLE_USAGE(.BOTH.,#9756);
#9756 = SURFACE_SIDE_STYLE('',(#9757));
#9757 = SURFACE_STYLE_FILL_AREA(#9758);
#9758 = FILL_AREA_STYLE('',(#9759));
#9759 = FILL_AREA_STYLE_COLOUR('',#9556);
#9760 = OVER_RIDING_STYLED_ITEM('overriding color',(#9761),#4030,#9102);
#9761 = PRESENTATION_STYLE_ASSIGNMENT((#9762));
#9762 = SURFACE_STYLE_USAGE(.BOTH.,#9763);
#9763 = SURFACE_SIDE_STYLE('',(#9764));
#9764 = SURFACE_STYLE_FILL_AREA(#9765);
#9765 = FILL_AREA_STYLE('',(#9766));
#9766 = FILL_AREA_STYLE_COLOUR('',#9556);
#9767 = OVER_RIDING_STYLED_ITEM('overriding color',(#9768),#4052,#9102);
#9768 = PRESENTATION_STYLE_ASSIGNMENT((#9769));
#9769 = SURFACE_STYLE_USAGE(.BOTH.,#9770);
#9770 = SURFACE_SIDE_STYLE('',(#9771));
#9771 = SURFACE_STYLE_FILL_AREA(#9772);
#9772 = FILL_AREA_STYLE('',(#9773));
#9773 = FILL_AREA_STYLE_COLOUR('',#9556);
#9774 = OVER_RIDING_STYLED_ITEM('overriding color',(#9775),#4074,#9102);
#9775 = PRESENTATION_STYLE_ASSIGNMENT((#9776));
#9776 = SURFACE_STYLE_USAGE(.BOTH.,#9777);
#9777 = SURFACE_SIDE_STYLE('',(#9778));
#9778 = SURFACE_STYLE_FILL_AREA(#9779);
#9779 = FILL_AREA_STYLE('',(#9780));
#9780 = FILL_AREA_STYLE_COLOUR('',#9556);
#9781 = OVER_RIDING_STYLED_ITEM('overriding color',(#9782),#4096,#9102);
#9782 = PRESENTATION_STYLE_ASSIGNMENT((#9783));
#9783 = SURFACE_STYLE_USAGE(.BOTH.,#9784);
#9784 = SURFACE_SIDE_STYLE('',(#9785));
#9785 = SURFACE_STYLE_FILL_AREA(#9786);
#9786 = FILL_AREA_STYLE('',(#9787));
#9787 = FILL_AREA_STYLE_COLOUR('',#9556);
#9788 = OVER_RIDING_STYLED_ITEM('overriding color',(#9789),#4112,#9102);
#9789 = PRESENTATION_STYLE_ASSIGNMENT((#9790));
#9790 = SURFACE_STYLE_USAGE(.BOTH.,#9791);
#9791 = SURFACE_SIDE_STYLE('',(#9792));
#9792 = SURFACE_STYLE_FILL_AREA(#9793);
#9793 = FILL_AREA_STYLE('',(#9794));
#9794 = FILL_AREA_STYLE_COLOUR('',#9556);
#9795 = OVER_RIDING_STYLED_ITEM('overriding color',(#9796),#4132,#9102);
#9796 = PRESENTATION_STYLE_ASSIGNMENT((#9797));
#9797 = SURFACE_STYLE_USAGE(.BOTH.,#9798);
#9798 = SURFACE_SIDE_STYLE('',(#9799));
#9799 = SURFACE_STYLE_FILL_AREA(#9800);
#9800 = FILL_AREA_STYLE('',(#9801));
#9801 = FILL_AREA_STYLE_COLOUR('',#9556);
#9802 = OVER_RIDING_STYLED_ITEM('overriding color',(#9803),#4256,#9102);
#9803 = PRESENTATION_STYLE_ASSIGNMENT((#9804));
#9804 = SURFACE_STYLE_USAGE(.BOTH.,#9805);
#9805 = SURFACE_SIDE_STYLE('',(#9806));
#9806 = SURFACE_STYLE_FILL_AREA(#9807);
#9807 = FILL_AREA_STYLE('',(#9808));
#9808 = FILL_AREA_STYLE_COLOUR('',#9556);
#9809 = OVER_RIDING_STYLED_ITEM('overriding color',(#9810),#4276,#9102);
#9810 = PRESENTATION_STYLE_ASSIGNMENT((#9811));
#9811 = SURFACE_STYLE_USAGE(.BOTH.,#9812);
#9812 = SURFACE_SIDE_STYLE('',(#9813));
#9813 = SURFACE_STYLE_FILL_AREA(#9814);
#9814 = FILL_AREA_STYLE('',(#9815));
#9815 = FILL_AREA_STYLE_COLOUR('',#9556);
#9816 = OVER_RIDING_STYLED_ITEM('overriding color',(#9817),#4296,#9102);
#9817 = PRESENTATION_STYLE_ASSIGNMENT((#9818));
#9818 = SURFACE_STYLE_USAGE(.BOTH.,#9819);
#9819 = SURFACE_SIDE_STYLE('',(#9820));
#9820 = SURFACE_STYLE_FILL_AREA(#9821);
#9821 = FILL_AREA_STYLE('',(#9822));
#9822 = FILL_AREA_STYLE_COLOUR('',#9556);
#9823 = OVER_RIDING_STYLED_ITEM('overriding color',(#9824),#4316,#9102);
#9824 = PRESENTATION_STYLE_ASSIGNMENT((#9825));
#9825 = SURFACE_STYLE_USAGE(.BOTH.,#9826);
#9826 = SURFACE_SIDE_STYLE('',(#9827));
#9827 = SURFACE_STYLE_FILL_AREA(#9828);
#9828 = FILL_AREA_STYLE('',(#9829));
#9829 = FILL_AREA_STYLE_COLOUR('',#9556);
#9830 = OVER_RIDING_STYLED_ITEM('overriding color',(#9831),#4336,#9102);
#9831 = PRESENTATION_STYLE_ASSIGNMENT((#9832));
#9832 = SURFACE_STYLE_USAGE(.BOTH.,#9833);
#9833 = SURFACE_SIDE_STYLE('',(#9834));
#9834 = SURFACE_STYLE_FILL_AREA(#9835);
#9835 = FILL_AREA_STYLE('',(#9836));
#9836 = FILL_AREA_STYLE_COLOUR('',#9556);
#9837 = OVER_RIDING_STYLED_ITEM('overriding color',(#9838),#4356,#9102);
#9838 = PRESENTATION_STYLE_ASSIGNMENT((#9839));
#9839 = SURFACE_STYLE_USAGE(.BOTH.,#9840);
#9840 = SURFACE_SIDE_STYLE('',(#9841));
#9841 = SURFACE_STYLE_FILL_AREA(#9842);
#9842 = FILL_AREA_STYLE('',(#9843));
#9843 = FILL_AREA_STYLE_COLOUR('',#9556);
#9844 = OVER_RIDING_STYLED_ITEM('overriding color',(#9845),#4372,#9102);
#9845 = PRESENTATION_STYLE_ASSIGNMENT((#9846));
#9846 = SURFACE_STYLE_USAGE(.BOTH.,#9847);
#9847 = SURFACE_SIDE_STYLE('',(#9848));
#9848 = SURFACE_STYLE_FILL_AREA(#9849);
#9849 = FILL_AREA_STYLE('',(#9850));
#9850 = FILL_AREA_STYLE_COLOUR('',#9556);
#9851 = OVER_RIDING_STYLED_ITEM('overriding color',(#9852),#4384,#9102);
#9852 = PRESENTATION_STYLE_ASSIGNMENT((#9853));
#9853 = SURFACE_STYLE_USAGE(.BOTH.,#9854);
#9854 = SURFACE_SIDE_STYLE('',(#9855));
#9855 = SURFACE_STYLE_FILL_AREA(#9856);
#9856 = FILL_AREA_STYLE('',(#9857));
#9857 = FILL_AREA_STYLE_COLOUR('',#9556);
#9858 = OVER_RIDING_STYLED_ITEM('overriding color',(#9859),#4412,#9102);
#9859 = PRESENTATION_STYLE_ASSIGNMENT((#9860));
#9860 = SURFACE_STYLE_USAGE(.BOTH.,#9861);
#9861 = SURFACE_SIDE_STYLE('',(#9862));
#9862 = SURFACE_STYLE_FILL_AREA(#9863);
#9863 = FILL_AREA_STYLE('',(#9864));
#9864 = FILL_AREA_STYLE_COLOUR('',#9556);
#9865 = OVER_RIDING_STYLED_ITEM('overriding color',(#9866),#4434,#9102);
#9866 = PRESENTATION_STYLE_ASSIGNMENT((#9867));
#9867 = SURFACE_STYLE_USAGE(.BOTH.,#9868);
#9868 = SURFACE_SIDE_STYLE('',(#9869));
#9869 = SURFACE_STYLE_FILL_AREA(#9870);
#9870 = FILL_AREA_STYLE('',(#9871));
#9871 = FILL_AREA_STYLE_COLOUR('',#9556);
#9872 = OVER_RIDING_STYLED_ITEM('overriding color',(#9873),#4456,#9102);
#9873 = PRESENTATION_STYLE_ASSIGNMENT((#9874));
#9874 = SURFACE_STYLE_USAGE(.BOTH.,#9875);
#9875 = SURFACE_SIDE_STYLE('',(#9876));
#9876 = SURFACE_STYLE_FILL_AREA(#9877);
#9877 = FILL_AREA_STYLE('',(#9878));
#9878 = FILL_AREA_STYLE_COLOUR('',#9556);
#9879 = OVER_RIDING_STYLED_ITEM('overriding color',(#9880),#4484,#9102);
#9880 = PRESENTATION_STYLE_ASSIGNMENT((#9881));
#9881 = SURFACE_STYLE_USAGE(.BOTH.,#9882);
#9882 = SURFACE_SIDE_STYLE('',(#9883));
#9883 = SURFACE_STYLE_FILL_AREA(#9884);
#9884 = FILL_AREA_STYLE('',(#9885));
#9885 = FILL_AREA_STYLE_COLOUR('',#9556);
#9886 = OVER_RIDING_STYLED_ITEM('overriding color',(#9887),#4512,#9102);
#9887 = PRESENTATION_STYLE_ASSIGNMENT((#9888));
#9888 = SURFACE_STYLE_USAGE(.BOTH.,#9889);
#9889 = SURFACE_SIDE_STYLE('',(#9890));
#9890 = SURFACE_STYLE_FILL_AREA(#9891);
#9891 = FILL_AREA_STYLE('',(#9892));
#9892 = FILL_AREA_STYLE_COLOUR('',#9556);
#9893 = OVER_RIDING_STYLED_ITEM('overriding color',(#9894),#4540,#9102);
#9894 = PRESENTATION_STYLE_ASSIGNMENT((#9895));
#9895 = SURFACE_STYLE_USAGE(.BOTH.,#9896);
#9896 = SURFACE_SIDE_STYLE('',(#9897));
#9897 = SURFACE_STYLE_FILL_AREA(#9898);
#9898 = FILL_AREA_STYLE('',(#9899));
#9899 = FILL_AREA_STYLE_COLOUR('',#9556);
#9900 = OVER_RIDING_STYLED_ITEM('overriding color',(#9901),#4562,#9102);
#9901 = PRESENTATION_STYLE_ASSIGNMENT((#9902));
#9902 = SURFACE_STYLE_USAGE(.BOTH.,#9903);
#9903 = SURFACE_SIDE_STYLE('',(#9904));
#9904 = SURFACE_STYLE_FILL_AREA(#9905);
#9905 = FILL_AREA_STYLE('',(#9906));
#9906 = FILL_AREA_STYLE_COLOUR('',#9127);
#9907 = OVER_RIDING_STYLED_ITEM('overriding color',(#9908),#4577,#9102);
#9908 = PRESENTATION_STYLE_ASSIGNMENT((#9909));
#9909 = SURFACE_STYLE_USAGE(.BOTH.,#9910);
#9910 = SURFACE_SIDE_STYLE('',(#9911));
#9911 = SURFACE_STYLE_FILL_AREA(#9912);
#9912 = FILL_AREA_STYLE('',(#9913));
#9913 = FILL_AREA_STYLE_COLOUR('',#9556);
#9914 = OVER_RIDING_STYLED_ITEM('overriding color',(#9915),#4689,#9102);
#9915 = PRESENTATION_STYLE_ASSIGNMENT((#9916));
#9916 = SURFACE_STYLE_USAGE(.BOTH.,#9917);
#9917 = SURFACE_SIDE_STYLE('',(#9918));
#9918 = SURFACE_STYLE_FILL_AREA(#9919);
#9919 = FILL_AREA_STYLE('',(#9920));
#9920 = FILL_AREA_STYLE_COLOUR('',#9556);
#9921 = OVER_RIDING_STYLED_ITEM('overriding color',(#9922),#4709,#9102);
#9922 = PRESENTATION_STYLE_ASSIGNMENT((#9923));
#9923 = SURFACE_STYLE_USAGE(.BOTH.,#9924);
#9924 = SURFACE_SIDE_STYLE('',(#9925));
#9925 = SURFACE_STYLE_FILL_AREA(#9926);
#9926 = FILL_AREA_STYLE('',(#9927));
#9927 = FILL_AREA_STYLE_COLOUR('',#9556);
#9928 = OVER_RIDING_STYLED_ITEM('overriding color',(#9929),#4725,#9102);
#9929 = PRESENTATION_STYLE_ASSIGNMENT((#9930));
#9930 = SURFACE_STYLE_USAGE(.BOTH.,#9931);
#9931 = SURFACE_SIDE_STYLE('',(#9932));
#9932 = SURFACE_STYLE_FILL_AREA(#9933);
#9933 = FILL_AREA_STYLE('',(#9934));
#9934 = FILL_AREA_STYLE_COLOUR('',#9556);
#9935 = OVER_RIDING_STYLED_ITEM('overriding color',(#9936),#4741,#9102);
#9936 = PRESENTATION_STYLE_ASSIGNMENT((#9937));
#9937 = SURFACE_STYLE_USAGE(.BOTH.,#9938);
#9938 = SURFACE_SIDE_STYLE('',(#9939));
#9939 = SURFACE_STYLE_FILL_AREA(#9940);
#9940 = FILL_AREA_STYLE('',(#9941));
#9941 = FILL_AREA_STYLE_COLOUR('',#9556);
#9942 = OVER_RIDING_STYLED_ITEM('overriding color',(#9943),#4757,#9102);
#9943 = PRESENTATION_STYLE_ASSIGNMENT((#9944));
#9944 = SURFACE_STYLE_USAGE(.BOTH.,#9945);
#9945 = SURFACE_SIDE_STYLE('',(#9946));
#9946 = SURFACE_STYLE_FILL_AREA(#9947);
#9947 = FILL_AREA_STYLE('',(#9948));
#9948 = FILL_AREA_STYLE_COLOUR('',#9556);
#9949 = OVER_RIDING_STYLED_ITEM('overriding color',(#9950),#4773,#9102);
#9950 = PRESENTATION_STYLE_ASSIGNMENT((#9951));
#9951 = SURFACE_STYLE_USAGE(.BOTH.,#9952);
#9952 = SURFACE_SIDE_STYLE('',(#9953));
#9953 = SURFACE_STYLE_FILL_AREA(#9954);
#9954 = FILL_AREA_STYLE('',(#9955));
#9955 = FILL_AREA_STYLE_COLOUR('',#9556);
#9956 = OVER_RIDING_STYLED_ITEM('overriding color',(#9957),#4789,#9102);
#9957 = PRESENTATION_STYLE_ASSIGNMENT((#9958));
#9958 = SURFACE_STYLE_USAGE(.BOTH.,#9959);
#9959 = SURFACE_SIDE_STYLE('',(#9960));
#9960 = SURFACE_STYLE_FILL_AREA(#9961);
#9961 = FILL_AREA_STYLE('',(#9962));
#9962 = FILL_AREA_STYLE_COLOUR('',#9556);
#9963 = OVER_RIDING_STYLED_ITEM('overriding color',(#9964),#4805,#9102);
#9964 = PRESENTATION_STYLE_ASSIGNMENT((#9965));
#9965 = SURFACE_STYLE_USAGE(.BOTH.,#9966);
#9966 = SURFACE_SIDE_STYLE('',(#9967));
#9967 = SURFACE_STYLE_FILL_AREA(#9968);
#9968 = FILL_AREA_STYLE('',(#9969));
#9969 = FILL_AREA_STYLE_COLOUR('',#9556);
#9970 = OVER_RIDING_STYLED_ITEM('overriding color',(#9971),#4817,#9102);
#9971 = PRESENTATION_STYLE_ASSIGNMENT((#9972));
#9972 = SURFACE_STYLE_USAGE(.BOTH.,#9973);
#9973 = SURFACE_SIDE_STYLE('',(#9974));
#9974 = SURFACE_STYLE_FILL_AREA(#9975);
#9975 = FILL_AREA_STYLE('',(#9976));
#9976 = FILL_AREA_STYLE_COLOUR('',#9556);
#9977 = OVER_RIDING_STYLED_ITEM('overriding color',(#9978),#4845,#9102);
#9978 = PRESENTATION_STYLE_ASSIGNMENT((#9979));
#9979 = SURFACE_STYLE_USAGE(.BOTH.,#9980);
#9980 = SURFACE_SIDE_STYLE('',(#9981));
#9981 = SURFACE_STYLE_FILL_AREA(#9982);
#9982 = FILL_AREA_STYLE('',(#9983));
#9983 = FILL_AREA_STYLE_COLOUR('',#9556);
#9984 = OVER_RIDING_STYLED_ITEM('overriding color',(#9985),#4867,#9102);
#9985 = PRESENTATION_STYLE_ASSIGNMENT((#9986));
#9986 = SURFACE_STYLE_USAGE(.BOTH.,#9987);
#9987 = SURFACE_SIDE_STYLE('',(#9988));
#9988 = SURFACE_STYLE_FILL_AREA(#9989);
#9989 = FILL_AREA_STYLE('',(#9990));
#9990 = FILL_AREA_STYLE_COLOUR('',#9556);
#9991 = OVER_RIDING_STYLED_ITEM('overriding color',(#9992),#4895,#9102);
#9992 = PRESENTATION_STYLE_ASSIGNMENT((#9993));
#9993 = SURFACE_STYLE_USAGE(.BOTH.,#9994);
#9994 = SURFACE_SIDE_STYLE('',(#9995));
#9995 = SURFACE_STYLE_FILL_AREA(#9996);
#9996 = FILL_AREA_STYLE('',(#9997));
#9997 = FILL_AREA_STYLE_COLOUR('',#9556);
#9998 = OVER_RIDING_STYLED_ITEM('overriding color',(#9999),#4917,#9102);
#9999 = PRESENTATION_STYLE_ASSIGNMENT((#10000));
#10000 = SURFACE_STYLE_USAGE(.BOTH.,#10001);
#10001 = SURFACE_SIDE_STYLE('',(#10002));
#10002 = SURFACE_STYLE_FILL_AREA(#10003);
#10003 = FILL_AREA_STYLE('',(#10004));
#10004 = FILL_AREA_STYLE_COLOUR('',#9556);
#10005 = OVER_RIDING_STYLED_ITEM('overriding color',(#10006),#4945,#9102
  );
#10006 = PRESENTATION_STYLE_ASSIGNMENT((#10007));
#10007 = SURFACE_STYLE_USAGE(.BOTH.,#10008);
#10008 = SURFACE_SIDE_STYLE('',(#10009));
#10009 = SURFACE_STYLE_FILL_AREA(#10010);
#10010 = FILL_AREA_STYLE('',(#10011));
#10011 = FILL_AREA_STYLE_COLOUR('',#9556);
#10012 = OVER_RIDING_STYLED_ITEM('overriding color',(#10013),#4961,#9102
  );
#10013 = PRESENTATION_STYLE_ASSIGNMENT((#10014));
#10014 = SURFACE_STYLE_USAGE(.BOTH.,#10015);
#10015 = SURFACE_SIDE_STYLE('',(#10016));
#10016 = SURFACE_STYLE_FILL_AREA(#10017);
#10017 = FILL_AREA_STYLE('',(#10018));
#10018 = FILL_AREA_STYLE_COLOUR('',#9127);
#10019 = OVER_RIDING_STYLED_ITEM('overriding color',(#10020),#4975,#9102
  );
#10020 = PRESENTATION_STYLE_ASSIGNMENT((#10021));
#10021 = SURFACE_STYLE_USAGE(.BOTH.,#10022);
#10022 = SURFACE_SIDE_STYLE('',(#10023));
#10023 = SURFACE_STYLE_FILL_AREA(#10024);
#10024 = FILL_AREA_STYLE('',(#10025));
#10025 = FILL_AREA_STYLE_COLOUR('',#9556);
#10026 = OVER_RIDING_STYLED_ITEM('overriding color',(#10027),#5003,#9102
  );
#10027 = PRESENTATION_STYLE_ASSIGNMENT((#10028));
#10028 = SURFACE_STYLE_USAGE(.BOTH.,#10029);
#10029 = SURFACE_SIDE_STYLE('',(#10030));
#10030 = SURFACE_STYLE_FILL_AREA(#10031);
#10031 = FILL_AREA_STYLE('',(#10032));
#10032 = FILL_AREA_STYLE_COLOUR('',#9556);
#10033 = OVER_RIDING_STYLED_ITEM('overriding color',(#10034),#5025,#9102
  );
#10034 = PRESENTATION_STYLE_ASSIGNMENT((#10035));
#10035 = SURFACE_STYLE_USAGE(.BOTH.,#10036);
#10036 = SURFACE_SIDE_STYLE('',(#10037));
#10037 = SURFACE_STYLE_FILL_AREA(#10038);
#10038 = FILL_AREA_STYLE('',(#10039));
#10039 = FILL_AREA_STYLE_COLOUR('',#9556);
#10040 = OVER_RIDING_STYLED_ITEM('overriding color',(#10041),#5047,#9102
  );
#10041 = PRESENTATION_STYLE_ASSIGNMENT((#10042));
#10042 = SURFACE_STYLE_USAGE(.BOTH.,#10043);
#10043 = SURFACE_SIDE_STYLE('',(#10044));
#10044 = SURFACE_STYLE_FILL_AREA(#10045);
#10045 = FILL_AREA_STYLE('',(#10046));
#10046 = FILL_AREA_STYLE_COLOUR('',#9556);
#10047 = OVER_RIDING_STYLED_ITEM('overriding color',(#10048),#5069,#9102
  );
#10048 = PRESENTATION_STYLE_ASSIGNMENT((#10049));
#10049 = SURFACE_STYLE_USAGE(.BOTH.,#10050);
#10050 = SURFACE_SIDE_STYLE('',(#10051));
#10051 = SURFACE_STYLE_FILL_AREA(#10052);
#10052 = FILL_AREA_STYLE('',(#10053));
#10053 = FILL_AREA_STYLE_COLOUR('',#9556);
#10054 = OVER_RIDING_STYLED_ITEM('overriding color',(#10055),#5091,#9102
  );
#10055 = PRESENTATION_STYLE_ASSIGNMENT((#10056));
#10056 = SURFACE_STYLE_USAGE(.BOTH.,#10057);
#10057 = SURFACE_SIDE_STYLE('',(#10058));
#10058 = SURFACE_STYLE_FILL_AREA(#10059);
#10059 = FILL_AREA_STYLE('',(#10060));
#10060 = FILL_AREA_STYLE_COLOUR('',#9556);
#10061 = OVER_RIDING_STYLED_ITEM('overriding color',(#10062),#5113,#9102
  );
#10062 = PRESENTATION_STYLE_ASSIGNMENT((#10063));
#10063 = SURFACE_STYLE_USAGE(.BOTH.,#10064);
#10064 = SURFACE_SIDE_STYLE('',(#10065));
#10065 = SURFACE_STYLE_FILL_AREA(#10066);
#10066 = FILL_AREA_STYLE('',(#10067));
#10067 = FILL_AREA_STYLE_COLOUR('',#9556);
#10068 = OVER_RIDING_STYLED_ITEM('overriding color',(#10069),#5135,#9102
  );
#10069 = PRESENTATION_STYLE_ASSIGNMENT((#10070));
#10070 = SURFACE_STYLE_USAGE(.BOTH.,#10071);
#10071 = SURFACE_SIDE_STYLE('',(#10072));
#10072 = SURFACE_STYLE_FILL_AREA(#10073);
#10073 = FILL_AREA_STYLE('',(#10074));
#10074 = FILL_AREA_STYLE_COLOUR('',#9556);
#10075 = OVER_RIDING_STYLED_ITEM('overriding color',(#10076),#5157,#9102
  );
#10076 = PRESENTATION_STYLE_ASSIGNMENT((#10077));
#10077 = SURFACE_STYLE_USAGE(.BOTH.,#10078);
#10078 = SURFACE_SIDE_STYLE('',(#10079));
#10079 = SURFACE_STYLE_FILL_AREA(#10080);
#10080 = FILL_AREA_STYLE('',(#10081));
#10081 = FILL_AREA_STYLE_COLOUR('',#9556);
#10082 = OVER_RIDING_STYLED_ITEM('overriding color',(#10083),#5179,#9102
  );
#10083 = PRESENTATION_STYLE_ASSIGNMENT((#10084));
#10084 = SURFACE_STYLE_USAGE(.BOTH.,#10085);
#10085 = SURFACE_SIDE_STYLE('',(#10086));
#10086 = SURFACE_STYLE_FILL_AREA(#10087);
#10087 = FILL_AREA_STYLE('',(#10088));
#10088 = FILL_AREA_STYLE_COLOUR('',#9556);
#10089 = OVER_RIDING_STYLED_ITEM('overriding color',(#10090),#5201,#9102
  );
#10090 = PRESENTATION_STYLE_ASSIGNMENT((#10091));
#10091 = SURFACE_STYLE_USAGE(.BOTH.,#10092);
#10092 = SURFACE_SIDE_STYLE('',(#10093));
#10093 = SURFACE_STYLE_FILL_AREA(#10094);
#10094 = FILL_AREA_STYLE('',(#10095));
#10095 = FILL_AREA_STYLE_COLOUR('',#9556);
#10096 = OVER_RIDING_STYLED_ITEM('overriding color',(#10097),#5223,#9102
  );
#10097 = PRESENTATION_STYLE_ASSIGNMENT((#10098));
#10098 = SURFACE_STYLE_USAGE(.BOTH.,#10099);
#10099 = SURFACE_SIDE_STYLE('',(#10100));
#10100 = SURFACE_STYLE_FILL_AREA(#10101);
#10101 = FILL_AREA_STYLE('',(#10102));
#10102 = FILL_AREA_STYLE_COLOUR('',#9556);
#10103 = OVER_RIDING_STYLED_ITEM('overriding color',(#10104),#5239,#9102
  );
#10104 = PRESENTATION_STYLE_ASSIGNMENT((#10105));
#10105 = SURFACE_STYLE_USAGE(.BOTH.,#10106);
#10106 = SURFACE_SIDE_STYLE('',(#10107));
#10107 = SURFACE_STYLE_FILL_AREA(#10108);
#10108 = FILL_AREA_STYLE('',(#10109));
#10109 = FILL_AREA_STYLE_COLOUR('',#9556);
#10110 = OVER_RIDING_STYLED_ITEM('overriding color',(#10111),#5259,#9102
  );
#10111 = PRESENTATION_STYLE_ASSIGNMENT((#10112));
#10112 = SURFACE_STYLE_USAGE(.BOTH.,#10113);
#10113 = SURFACE_SIDE_STYLE('',(#10114));
#10114 = SURFACE_STYLE_FILL_AREA(#10115);
#10115 = FILL_AREA_STYLE('',(#10116));
#10116 = FILL_AREA_STYLE_COLOUR('',#9556);
#10117 = OVER_RIDING_STYLED_ITEM('overriding color',(#10118),#5451,#9102
  );
#10118 = PRESENTATION_STYLE_ASSIGNMENT((#10119));
#10119 = SURFACE_STYLE_USAGE(.BOTH.,#10120);
#10120 = SURFACE_SIDE_STYLE('',(#10121));
#10121 = SURFACE_STYLE_FILL_AREA(#10122);
#10122 = FILL_AREA_STYLE('',(#10123));
#10123 = FILL_AREA_STYLE_COLOUR('',#9556);
#10124 = OVER_RIDING_STYLED_ITEM('overriding color',(#10125),#5475,#9102
  );
#10125 = PRESENTATION_STYLE_ASSIGNMENT((#10126));
#10126 = SURFACE_STYLE_USAGE(.BOTH.,#10127);
#10127 = SURFACE_SIDE_STYLE('',(#10128));
#10128 = SURFACE_STYLE_FILL_AREA(#10129);
#10129 = FILL_AREA_STYLE('',(#10130));
#10130 = FILL_AREA_STYLE_COLOUR('',#9556);
#10131 = OVER_RIDING_STYLED_ITEM('overriding color',(#10132),#5491,#9102
  );
#10132 = PRESENTATION_STYLE_ASSIGNMENT((#10133));
#10133 = SURFACE_STYLE_USAGE(.BOTH.,#10134);
#10134 = SURFACE_SIDE_STYLE('',(#10135));
#10135 = SURFACE_STYLE_FILL_AREA(#10136);
#10136 = FILL_AREA_STYLE('',(#10137));
#10137 = FILL_AREA_STYLE_COLOUR('',#9556);
#10138 = OVER_RIDING_STYLED_ITEM('overriding color',(#10139),#5511,#9102
  );
#10139 = PRESENTATION_STYLE_ASSIGNMENT((#10140));
#10140 = SURFACE_STYLE_USAGE(.BOTH.,#10141);
#10141 = SURFACE_SIDE_STYLE('',(#10142));
#10142 = SURFACE_STYLE_FILL_AREA(#10143);
#10143 = FILL_AREA_STYLE('',(#10144));
#10144 = FILL_AREA_STYLE_COLOUR('',#9556);
#10145 = OVER_RIDING_STYLED_ITEM('overriding color',(#10146),#5531,#9102
  );
#10146 = PRESENTATION_STYLE_ASSIGNMENT((#10147));
#10147 = SURFACE_STYLE_USAGE(.BOTH.,#10148);
#10148 = SURFACE_SIDE_STYLE('',(#10149));
#10149 = SURFACE_STYLE_FILL_AREA(#10150);
#10150 = FILL_AREA_STYLE('',(#10151));
#10151 = FILL_AREA_STYLE_COLOUR('',#9556);
#10152 = OVER_RIDING_STYLED_ITEM('overriding color',(#10153),#5547,#9102
  );
#10153 = PRESENTATION_STYLE_ASSIGNMENT((#10154));
#10154 = SURFACE_STYLE_USAGE(.BOTH.,#10155);
#10155 = SURFACE_SIDE_STYLE('',(#10156));
#10156 = SURFACE_STYLE_FILL_AREA(#10157);
#10157 = FILL_AREA_STYLE('',(#10158));
#10158 = FILL_AREA_STYLE_COLOUR('',#9556);
#10159 = OVER_RIDING_STYLED_ITEM('overriding color',(#10160),#5567,#9102
  );
#10160 = PRESENTATION_STYLE_ASSIGNMENT((#10161));
#10161 = SURFACE_STYLE_USAGE(.BOTH.,#10162);
#10162 = SURFACE_SIDE_STYLE('',(#10163));
#10163 = SURFACE_STYLE_FILL_AREA(#10164);
#10164 = FILL_AREA_STYLE('',(#10165));
#10165 = FILL_AREA_STYLE_COLOUR('',#9556);
#10166 = OVER_RIDING_STYLED_ITEM('overriding color',(#10167),#5587,#9102
  );
#10167 = PRESENTATION_STYLE_ASSIGNMENT((#10168));
#10168 = SURFACE_STYLE_USAGE(.BOTH.,#10169);
#10169 = SURFACE_SIDE_STYLE('',(#10170));
#10170 = SURFACE_STYLE_FILL_AREA(#10171);
#10171 = FILL_AREA_STYLE('',(#10172));
#10172 = FILL_AREA_STYLE_COLOUR('',#9556);
#10173 = OVER_RIDING_STYLED_ITEM('overriding color',(#10174),#5607,#9102
  );
#10174 = PRESENTATION_STYLE_ASSIGNMENT((#10175));
#10175 = SURFACE_STYLE_USAGE(.BOTH.,#10176);
#10176 = SURFACE_SIDE_STYLE('',(#10177));
#10177 = SURFACE_STYLE_FILL_AREA(#10178);
#10178 = FILL_AREA_STYLE('',(#10179));
#10179 = FILL_AREA_STYLE_COLOUR('',#9556);
#10180 = OVER_RIDING_STYLED_ITEM('overriding color',(#10181),#5627,#9102
  );
#10181 = PRESENTATION_STYLE_ASSIGNMENT((#10182));
#10182 = SURFACE_STYLE_USAGE(.BOTH.,#10183);
#10183 = SURFACE_SIDE_STYLE('',(#10184));
#10184 = SURFACE_STYLE_FILL_AREA(#10185);
#10185 = FILL_AREA_STYLE('',(#10186));
#10186 = FILL_AREA_STYLE_COLOUR('',#9556);
#10187 = OVER_RIDING_STYLED_ITEM('overriding color',(#10188),#5643,#9102
  );
#10188 = PRESENTATION_STYLE_ASSIGNMENT((#10189));
#10189 = SURFACE_STYLE_USAGE(.BOTH.,#10190);
#10190 = SURFACE_SIDE_STYLE('',(#10191));
#10191 = SURFACE_STYLE_FILL_AREA(#10192);
#10192 = FILL_AREA_STYLE('',(#10193));
#10193 = FILL_AREA_STYLE_COLOUR('',#9556);
#10194 = OVER_RIDING_STYLED_ITEM('overriding color',(#10195),#5659,#9102
  );
#10195 = PRESENTATION_STYLE_ASSIGNMENT((#10196));
#10196 = SURFACE_STYLE_USAGE(.BOTH.,#10197);
#10197 = SURFACE_SIDE_STYLE('',(#10198));
#10198 = SURFACE_STYLE_FILL_AREA(#10199);
#10199 = FILL_AREA_STYLE('',(#10200));
#10200 = FILL_AREA_STYLE_COLOUR('',#9556);
#10201 = OVER_RIDING_STYLED_ITEM('overriding color',(#10202),#5675,#9102
  );
#10202 = PRESENTATION_STYLE_ASSIGNMENT((#10203));
#10203 = SURFACE_STYLE_USAGE(.BOTH.,#10204);
#10204 = SURFACE_SIDE_STYLE('',(#10205));
#10205 = SURFACE_STYLE_FILL_AREA(#10206);
#10206 = FILL_AREA_STYLE('',(#10207));
#10207 = FILL_AREA_STYLE_COLOUR('',#9556);
#10208 = OVER_RIDING_STYLED_ITEM('overriding color',(#10209),#5691,#9102
  );
#10209 = PRESENTATION_STYLE_ASSIGNMENT((#10210));
#10210 = SURFACE_STYLE_USAGE(.BOTH.,#10211);
#10211 = SURFACE_SIDE_STYLE('',(#10212));
#10212 = SURFACE_STYLE_FILL_AREA(#10213);
#10213 = FILL_AREA_STYLE('',(#10214));
#10214 = FILL_AREA_STYLE_COLOUR('',#9556);
#10215 = OVER_RIDING_STYLED_ITEM('overriding color',(#10216),#5707,#9102
  );
#10216 = PRESENTATION_STYLE_ASSIGNMENT((#10217));
#10217 = SURFACE_STYLE_USAGE(.BOTH.,#10218);
#10218 = SURFACE_SIDE_STYLE('',(#10219));
#10219 = SURFACE_STYLE_FILL_AREA(#10220);
#10220 = FILL_AREA_STYLE('',(#10221));
#10221 = FILL_AREA_STYLE_COLOUR('',#9556);
#10222 = OVER_RIDING_STYLED_ITEM('overriding color',(#10223),#5741,#9102
  );
#10223 = PRESENTATION_STYLE_ASSIGNMENT((#10224));
#10224 = SURFACE_STYLE_USAGE(.BOTH.,#10225);
#10225 = SURFACE_SIDE_STYLE('',(#10226));
#10226 = SURFACE_STYLE_FILL_AREA(#10227);
#10227 = FILL_AREA_STYLE('',(#10228));
#10228 = FILL_AREA_STYLE_COLOUR('',#9556);
#10229 = OVER_RIDING_STYLED_ITEM('overriding color',(#10230),#5769,#9102
  );
#10230 = PRESENTATION_STYLE_ASSIGNMENT((#10231));
#10231 = SURFACE_STYLE_USAGE(.BOTH.,#10232);
#10232 = SURFACE_SIDE_STYLE('',(#10233));
#10233 = SURFACE_STYLE_FILL_AREA(#10234);
#10234 = FILL_AREA_STYLE('',(#10235));
#10235 = FILL_AREA_STYLE_COLOUR('',#9556);
#10236 = OVER_RIDING_STYLED_ITEM('overriding color',(#10237),#5797,#9102
  );
#10237 = PRESENTATION_STYLE_ASSIGNMENT((#10238));
#10238 = SURFACE_STYLE_USAGE(.BOTH.,#10239);
#10239 = SURFACE_SIDE_STYLE('',(#10240));
#10240 = SURFACE_STYLE_FILL_AREA(#10241);
#10241 = FILL_AREA_STYLE('',(#10242));
#10242 = FILL_AREA_STYLE_COLOUR('',#9556);
#10243 = OVER_RIDING_STYLED_ITEM('overriding color',(#10244),#5825,#9102
  );
#10244 = PRESENTATION_STYLE_ASSIGNMENT((#10245));
#10245 = SURFACE_STYLE_USAGE(.BOTH.,#10246);
#10246 = SURFACE_SIDE_STYLE('',(#10247));
#10247 = SURFACE_STYLE_FILL_AREA(#10248);
#10248 = FILL_AREA_STYLE('',(#10249));
#10249 = FILL_AREA_STYLE_COLOUR('',#9556);
#10250 = OVER_RIDING_STYLED_ITEM('overriding color',(#10251),#5853,#9102
  );
#10251 = PRESENTATION_STYLE_ASSIGNMENT((#10252));
#10252 = SURFACE_STYLE_USAGE(.BOTH.,#10253);
#10253 = SURFACE_SIDE_STYLE('',(#10254));
#10254 = SURFACE_STYLE_FILL_AREA(#10255);
#10255 = FILL_AREA_STYLE('',(#10256));
#10256 = FILL_AREA_STYLE_COLOUR('',#9556);
#10257 = OVER_RIDING_STYLED_ITEM('overriding color',(#10258),#5881,#9102
  );
#10258 = PRESENTATION_STYLE_ASSIGNMENT((#10259));
#10259 = SURFACE_STYLE_USAGE(.BOTH.,#10260);
#10260 = SURFACE_SIDE_STYLE('',(#10261));
#10261 = SURFACE_STYLE_FILL_AREA(#10262);
#10262 = FILL_AREA_STYLE('',(#10263));
#10263 = FILL_AREA_STYLE_COLOUR('',#9556);
#10264 = OVER_RIDING_STYLED_ITEM('overriding color',(#10265),#5903,#9102
  );
#10265 = PRESENTATION_STYLE_ASSIGNMENT((#10266));
#10266 = SURFACE_STYLE_USAGE(.BOTH.,#10267);
#10267 = SURFACE_SIDE_STYLE('',(#10268));
#10268 = SURFACE_STYLE_FILL_AREA(#10269);
#10269 = FILL_AREA_STYLE('',(#10270));
#10270 = FILL_AREA_STYLE_COLOUR('',#9556);
#10271 = OVER_RIDING_STYLED_ITEM('overriding color',(#10272),#5919,#9102
  );
#10272 = PRESENTATION_STYLE_ASSIGNMENT((#10273));
#10273 = SURFACE_STYLE_USAGE(.BOTH.,#10274);
#10274 = SURFACE_SIDE_STYLE('',(#10275));
#10275 = SURFACE_STYLE_FILL_AREA(#10276);
#10276 = FILL_AREA_STYLE('',(#10277));
#10277 = FILL_AREA_STYLE_COLOUR('',#9127);
#10278 = OVER_RIDING_STYLED_ITEM('overriding color',(#10279),#5935,#9102
  );
#10279 = PRESENTATION_STYLE_ASSIGNMENT((#10280));
#10280 = SURFACE_STYLE_USAGE(.BOTH.,#10281);
#10281 = SURFACE_SIDE_STYLE('',(#10282));
#10282 = SURFACE_STYLE_FILL_AREA(#10283);
#10283 = FILL_AREA_STYLE('',(#10284));
#10284 = FILL_AREA_STYLE_COLOUR('',#9556);
#10285 = OVER_RIDING_STYLED_ITEM('overriding color',(#10286),#5969,#9102
  );
#10286 = PRESENTATION_STYLE_ASSIGNMENT((#10287));
#10287 = SURFACE_STYLE_USAGE(.BOTH.,#10288);
#10288 = SURFACE_SIDE_STYLE('',(#10289));
#10289 = SURFACE_STYLE_FILL_AREA(#10290);
#10290 = FILL_AREA_STYLE('',(#10291));
#10291 = FILL_AREA_STYLE_COLOUR('',#9556);
#10292 = OVER_RIDING_STYLED_ITEM('overriding color',(#10293),#5991,#9102
  );
#10293 = PRESENTATION_STYLE_ASSIGNMENT((#10294));
#10294 = SURFACE_STYLE_USAGE(.BOTH.,#10295);
#10295 = SURFACE_SIDE_STYLE('',(#10296));
#10296 = SURFACE_STYLE_FILL_AREA(#10297);
#10297 = FILL_AREA_STYLE('',(#10298));
#10298 = FILL_AREA_STYLE_COLOUR('',#9556);
#10299 = OVER_RIDING_STYLED_ITEM('overriding color',(#10300),#6019,#9102
  );
#10300 = PRESENTATION_STYLE_ASSIGNMENT((#10301));
#10301 = SURFACE_STYLE_USAGE(.BOTH.,#10302);
#10302 = SURFACE_SIDE_STYLE('',(#10303));
#10303 = SURFACE_STYLE_FILL_AREA(#10304);
#10304 = FILL_AREA_STYLE('',(#10305));
#10305 = FILL_AREA_STYLE_COLOUR('',#9556);
#10306 = OVER_RIDING_STYLED_ITEM('overriding color',(#10307),#6047,#9102
  );
#10307 = PRESENTATION_STYLE_ASSIGNMENT((#10308));
#10308 = SURFACE_STYLE_USAGE(.BOTH.,#10309);
#10309 = SURFACE_SIDE_STYLE('',(#10310));
#10310 = SURFACE_STYLE_FILL_AREA(#10311);
#10311 = FILL_AREA_STYLE('',(#10312));
#10312 = FILL_AREA_STYLE_COLOUR('',#9556);
#10313 = OVER_RIDING_STYLED_ITEM('overriding color',(#10314),#6075,#9102
  );
#10314 = PRESENTATION_STYLE_ASSIGNMENT((#10315));
#10315 = SURFACE_STYLE_USAGE(.BOTH.,#10316);
#10316 = SURFACE_SIDE_STYLE('',(#10317));
#10317 = SURFACE_STYLE_FILL_AREA(#10318);
#10318 = FILL_AREA_STYLE('',(#10319));
#10319 = FILL_AREA_STYLE_COLOUR('',#9556);
#10320 = OVER_RIDING_STYLED_ITEM('overriding color',(#10321),#6103,#9102
  );
#10321 = PRESENTATION_STYLE_ASSIGNMENT((#10322));
#10322 = SURFACE_STYLE_USAGE(.BOTH.,#10323);
#10323 = SURFACE_SIDE_STYLE('',(#10324));
#10324 = SURFACE_STYLE_FILL_AREA(#10325);
#10325 = FILL_AREA_STYLE('',(#10326));
#10326 = FILL_AREA_STYLE_COLOUR('',#9556);
#10327 = OVER_RIDING_STYLED_ITEM('overriding color',(#10328),#6131,#9102
  );
#10328 = PRESENTATION_STYLE_ASSIGNMENT((#10329));
#10329 = SURFACE_STYLE_USAGE(.BOTH.,#10330);
#10330 = SURFACE_SIDE_STYLE('',(#10331));
#10331 = SURFACE_STYLE_FILL_AREA(#10332);
#10332 = FILL_AREA_STYLE('',(#10333));
#10333 = FILL_AREA_STYLE_COLOUR('',#9556);
#10334 = OVER_RIDING_STYLED_ITEM('overriding color',(#10335),#6159,#9102
  );
#10335 = PRESENTATION_STYLE_ASSIGNMENT((#10336));
#10336 = SURFACE_STYLE_USAGE(.BOTH.,#10337);
#10337 = SURFACE_SIDE_STYLE('',(#10338));
#10338 = SURFACE_STYLE_FILL_AREA(#10339);
#10339 = FILL_AREA_STYLE('',(#10340));
#10340 = FILL_AREA_STYLE_COLOUR('',#9556);
#10341 = OVER_RIDING_STYLED_ITEM('overriding color',(#10342),#6187,#9102
  );
#10342 = PRESENTATION_STYLE_ASSIGNMENT((#10343));
#10343 = SURFACE_STYLE_USAGE(.BOTH.,#10344);
#10344 = SURFACE_SIDE_STYLE('',(#10345));
#10345 = SURFACE_STYLE_FILL_AREA(#10346);
#10346 = FILL_AREA_STYLE('',(#10347));
#10347 = FILL_AREA_STYLE_COLOUR('',#9556);
#10348 = OVER_RIDING_STYLED_ITEM('overriding color',(#10349),#6215,#9102
  );
#10349 = PRESENTATION_STYLE_ASSIGNMENT((#10350));
#10350 = SURFACE_STYLE_USAGE(.BOTH.,#10351);
#10351 = SURFACE_SIDE_STYLE('',(#10352));
#10352 = SURFACE_STYLE_FILL_AREA(#10353);
#10353 = FILL_AREA_STYLE('',(#10354));
#10354 = FILL_AREA_STYLE_COLOUR('',#9556);
#10355 = OVER_RIDING_STYLED_ITEM('overriding color',(#10356),#6243,#9102
  );
#10356 = PRESENTATION_STYLE_ASSIGNMENT((#10357));
#10357 = SURFACE_STYLE_USAGE(.BOTH.,#10358);
#10358 = SURFACE_SIDE_STYLE('',(#10359));
#10359 = SURFACE_STYLE_FILL_AREA(#10360);
#10360 = FILL_AREA_STYLE('',(#10361));
#10361 = FILL_AREA_STYLE_COLOUR('',#9556);
#10362 = OVER_RIDING_STYLED_ITEM('overriding color',(#10363),#6271,#9102
  );
#10363 = PRESENTATION_STYLE_ASSIGNMENT((#10364));
#10364 = SURFACE_STYLE_USAGE(.BOTH.,#10365);
#10365 = SURFACE_SIDE_STYLE('',(#10366));
#10366 = SURFACE_STYLE_FILL_AREA(#10367);
#10367 = FILL_AREA_STYLE('',(#10368));
#10368 = FILL_AREA_STYLE_COLOUR('',#9556);
#10369 = OVER_RIDING_STYLED_ITEM('overriding color',(#10370),#6293,#9102
  );
#10370 = PRESENTATION_STYLE_ASSIGNMENT((#10371));
#10371 = SURFACE_STYLE_USAGE(.BOTH.,#10372);
#10372 = SURFACE_SIDE_STYLE('',(#10373));
#10373 = SURFACE_STYLE_FILL_AREA(#10374);
#10374 = FILL_AREA_STYLE('',(#10375));
#10375 = FILL_AREA_STYLE_COLOUR('',#9556);
#10376 = OVER_RIDING_STYLED_ITEM('overriding color',(#10377),#6321,#9102
  );
#10377 = PRESENTATION_STYLE_ASSIGNMENT((#10378));
#10378 = SURFACE_STYLE_USAGE(.BOTH.,#10379);
#10379 = SURFACE_SIDE_STYLE('',(#10380));
#10380 = SURFACE_STYLE_FILL_AREA(#10381);
#10381 = FILL_AREA_STYLE('',(#10382));
#10382 = FILL_AREA_STYLE_COLOUR('',#9556);
#10383 = OVER_RIDING_STYLED_ITEM('overriding color',(#10384),#6349,#9102
  );
#10384 = PRESENTATION_STYLE_ASSIGNMENT((#10385));
#10385 = SURFACE_STYLE_USAGE(.BOTH.,#10386);
#10386 = SURFACE_SIDE_STYLE('',(#10387));
#10387 = SURFACE_STYLE_FILL_AREA(#10388);
#10388 = FILL_AREA_STYLE('',(#10389));
#10389 = FILL_AREA_STYLE_COLOUR('',#9556);
#10390 = OVER_RIDING_STYLED_ITEM('overriding color',(#10391),#6377,#9102
  );
#10391 = PRESENTATION_STYLE_ASSIGNMENT((#10392));
#10392 = SURFACE_STYLE_USAGE(.BOTH.,#10393);
#10393 = SURFACE_SIDE_STYLE('',(#10394));
#10394 = SURFACE_STYLE_FILL_AREA(#10395);
#10395 = FILL_AREA_STYLE('',(#10396));
#10396 = FILL_AREA_STYLE_COLOUR('',#9556);
#10397 = OVER_RIDING_STYLED_ITEM('overriding color',(#10398),#6405,#9102
  );
#10398 = PRESENTATION_STYLE_ASSIGNMENT((#10399));
#10399 = SURFACE_STYLE_USAGE(.BOTH.,#10400);
#10400 = SURFACE_SIDE_STYLE('',(#10401));
#10401 = SURFACE_STYLE_FILL_AREA(#10402);
#10402 = FILL_AREA_STYLE('',(#10403));
#10403 = FILL_AREA_STYLE_COLOUR('',#9556);
#10404 = OVER_RIDING_STYLED_ITEM('overriding color',(#10405),#6433,#9102
  );
#10405 = PRESENTATION_STYLE_ASSIGNMENT((#10406));
#10406 = SURFACE_STYLE_USAGE(.BOTH.,#10407);
#10407 = SURFACE_SIDE_STYLE('',(#10408));
#10408 = SURFACE_STYLE_FILL_AREA(#10409);
#10409 = FILL_AREA_STYLE('',(#10410));
#10410 = FILL_AREA_STYLE_COLOUR('',#9556);
#10411 = OVER_RIDING_STYLED_ITEM('overriding color',(#10412),#6461,#9102
  );
#10412 = PRESENTATION_STYLE_ASSIGNMENT((#10413));
#10413 = SURFACE_STYLE_USAGE(.BOTH.,#10414);
#10414 = SURFACE_SIDE_STYLE('',(#10415));
#10415 = SURFACE_STYLE_FILL_AREA(#10416);
#10416 = FILL_AREA_STYLE('',(#10417));
#10417 = FILL_AREA_STYLE_COLOUR('',#9556);
#10418 = OVER_RIDING_STYLED_ITEM('overriding color',(#10419),#6489,#9102
  );
#10419 = PRESENTATION_STYLE_ASSIGNMENT((#10420));
#10420 = SURFACE_STYLE_USAGE(.BOTH.,#10421);
#10421 = SURFACE_SIDE_STYLE('',(#10422));
#10422 = SURFACE_STYLE_FILL_AREA(#10423);
#10423 = FILL_AREA_STYLE('',(#10424));
#10424 = FILL_AREA_STYLE_COLOUR('',#9556);
#10425 = OVER_RIDING_STYLED_ITEM('overriding color',(#10426),#6511,#9102
  );
#10426 = PRESENTATION_STYLE_ASSIGNMENT((#10427));
#10427 = SURFACE_STYLE_USAGE(.BOTH.,#10428);
#10428 = SURFACE_SIDE_STYLE('',(#10429));
#10429 = SURFACE_STYLE_FILL_AREA(#10430);
#10430 = FILL_AREA_STYLE('',(#10431));
#10431 = FILL_AREA_STYLE_COLOUR('',#9556);
#10432 = OVER_RIDING_STYLED_ITEM('overriding color',(#10433),#6540,#9102
  );
#10433 = PRESENTATION_STYLE_ASSIGNMENT((#10434));
#10434 = SURFACE_STYLE_USAGE(.BOTH.,#10435);
#10435 = SURFACE_SIDE_STYLE('',(#10436));
#10436 = SURFACE_STYLE_FILL_AREA(#10437);
#10437 = FILL_AREA_STYLE('',(#10438));
#10438 = FILL_AREA_STYLE_COLOUR('',#9556);
#10439 = OVER_RIDING_STYLED_ITEM('overriding color',(#10440),#6568,#9102
  );
#10440 = PRESENTATION_STYLE_ASSIGNMENT((#10441));
#10441 = SURFACE_STYLE_USAGE(.BOTH.,#10442);
#10442 = SURFACE_SIDE_STYLE('',(#10443));
#10443 = SURFACE_STYLE_FILL_AREA(#10444);
#10444 = FILL_AREA_STYLE('',(#10445));
#10445 = FILL_AREA_STYLE_COLOUR('',#9556);
#10446 = OVER_RIDING_STYLED_ITEM('overriding color',(#10447),#6590,#9102
  );
#10447 = PRESENTATION_STYLE_ASSIGNMENT((#10448));
#10448 = SURFACE_STYLE_USAGE(.BOTH.,#10449);
#10449 = SURFACE_SIDE_STYLE('',(#10450));
#10450 = SURFACE_STYLE_FILL_AREA(#10451);
#10451 = FILL_AREA_STYLE('',(#10452));
#10452 = FILL_AREA_STYLE_COLOUR('',#9556);
#10453 = OVER_RIDING_STYLED_ITEM('overriding color',(#10454),#6618,#9102
  );
#10454 = PRESENTATION_STYLE_ASSIGNMENT((#10455));
#10455 = SURFACE_STYLE_USAGE(.BOTH.,#10456);
#10456 = SURFACE_SIDE_STYLE('',(#10457));
#10457 = SURFACE_STYLE_FILL_AREA(#10458);
#10458 = FILL_AREA_STYLE('',(#10459));
#10459 = FILL_AREA_STYLE_COLOUR('',#9556);
#10460 = OVER_RIDING_STYLED_ITEM('overriding color',(#10461),#6640,#9102
  );
#10461 = PRESENTATION_STYLE_ASSIGNMENT((#10462));
#10462 = SURFACE_STYLE_USAGE(.BOTH.,#10463);
#10463 = SURFACE_SIDE_STYLE('',(#10464));
#10464 = SURFACE_STYLE_FILL_AREA(#10465);
#10465 = FILL_AREA_STYLE('',(#10466));
#10466 = FILL_AREA_STYLE_COLOUR('',#9556);
#10467 = OVER_RIDING_STYLED_ITEM('overriding color',(#10468),#6662,#9102
  );
#10468 = PRESENTATION_STYLE_ASSIGNMENT((#10469));
#10469 = SURFACE_STYLE_USAGE(.BOTH.,#10470);
#10470 = SURFACE_SIDE_STYLE('',(#10471));
#10471 = SURFACE_STYLE_FILL_AREA(#10472);
#10472 = FILL_AREA_STYLE('',(#10473));
#10473 = FILL_AREA_STYLE_COLOUR('',#9556);
#10474 = OVER_RIDING_STYLED_ITEM('overriding color',(#10475),#6684,#9102
  );
#10475 = PRESENTATION_STYLE_ASSIGNMENT((#10476));
#10476 = SURFACE_STYLE_USAGE(.BOTH.,#10477);
#10477 = SURFACE_SIDE_STYLE('',(#10478));
#10478 = SURFACE_STYLE_FILL_AREA(#10479);
#10479 = FILL_AREA_STYLE('',(#10480));
#10480 = FILL_AREA_STYLE_COLOUR('',#9556);
#10481 = OVER_RIDING_STYLED_ITEM('overriding color',(#10482),#6706,#9102
  );
#10482 = PRESENTATION_STYLE_ASSIGNMENT((#10483));
#10483 = SURFACE_STYLE_USAGE(.BOTH.,#10484);
#10484 = SURFACE_SIDE_STYLE('',(#10485));
#10485 = SURFACE_STYLE_FILL_AREA(#10486);
#10486 = FILL_AREA_STYLE('',(#10487));
#10487 = FILL_AREA_STYLE_COLOUR('',#9556);
#10488 = OVER_RIDING_STYLED_ITEM('overriding color',(#10489),#6728,#9102
  );
#10489 = PRESENTATION_STYLE_ASSIGNMENT((#10490));
#10490 = SURFACE_STYLE_USAGE(.BOTH.,#10491);
#10491 = SURFACE_SIDE_STYLE('',(#10492));
#10492 = SURFACE_STYLE_FILL_AREA(#10493);
#10493 = FILL_AREA_STYLE('',(#10494));
#10494 = FILL_AREA_STYLE_COLOUR('',#9556);
#10495 = OVER_RIDING_STYLED_ITEM('overriding color',(#10496),#6750,#9102
  );
#10496 = PRESENTATION_STYLE_ASSIGNMENT((#10497));
#10497 = SURFACE_STYLE_USAGE(.BOTH.,#10498);
#10498 = SURFACE_SIDE_STYLE('',(#10499));
#10499 = SURFACE_STYLE_FILL_AREA(#10500);
#10500 = FILL_AREA_STYLE('',(#10501));
#10501 = FILL_AREA_STYLE_COLOUR('',#9556);
#10502 = OVER_RIDING_STYLED_ITEM('overriding color',(#10503),#6778,#9102
  );
#10503 = PRESENTATION_STYLE_ASSIGNMENT((#10504));
#10504 = SURFACE_STYLE_USAGE(.BOTH.,#10505);
#10505 = SURFACE_SIDE_STYLE('',(#10506));
#10506 = SURFACE_STYLE_FILL_AREA(#10507);
#10507 = FILL_AREA_STYLE('',(#10508));
#10508 = FILL_AREA_STYLE_COLOUR('',#9556);
#10509 = OVER_RIDING_STYLED_ITEM('overriding color',(#10510),#6806,#9102
  );
#10510 = PRESENTATION_STYLE_ASSIGNMENT((#10511));
#10511 = SURFACE_STYLE_USAGE(.BOTH.,#10512);
#10512 = SURFACE_SIDE_STYLE('',(#10513));
#10513 = SURFACE_STYLE_FILL_AREA(#10514);
#10514 = FILL_AREA_STYLE('',(#10515));
#10515 = FILL_AREA_STYLE_COLOUR('',#9556);
#10516 = OVER_RIDING_STYLED_ITEM('overriding color',(#10517),#6828,#9102
  );
#10517 = PRESENTATION_STYLE_ASSIGNMENT((#10518));
#10518 = SURFACE_STYLE_USAGE(.BOTH.,#10519);
#10519 = SURFACE_SIDE_STYLE('',(#10520));
#10520 = SURFACE_STYLE_FILL_AREA(#10521);
#10521 = FILL_AREA_STYLE('',(#10522));
#10522 = FILL_AREA_STYLE_COLOUR('',#9556);
#10523 = OVER_RIDING_STYLED_ITEM('overriding color',(#10524),#6856,#9102
  );
#10524 = PRESENTATION_STYLE_ASSIGNMENT((#10525));
#10525 = SURFACE_STYLE_USAGE(.BOTH.,#10526);
#10526 = SURFACE_SIDE_STYLE('',(#10527));
#10527 = SURFACE_STYLE_FILL_AREA(#10528);
#10528 = FILL_AREA_STYLE('',(#10529));
#10529 = FILL_AREA_STYLE_COLOUR('',#9556);
#10530 = OVER_RIDING_STYLED_ITEM('overriding color',(#10531),#6884,#9102
  );
#10531 = PRESENTATION_STYLE_ASSIGNMENT((#10532));
#10532 = SURFACE_STYLE_USAGE(.BOTH.,#10533);
#10533 = SURFACE_SIDE_STYLE('',(#10534));
#10534 = SURFACE_STYLE_FILL_AREA(#10535);
#10535 = FILL_AREA_STYLE('',(#10536));
#10536 = FILL_AREA_STYLE_COLOUR('',#9556);
#10537 = OVER_RIDING_STYLED_ITEM('overriding color',(#10538),#6900,#9102
  );
#10538 = PRESENTATION_STYLE_ASSIGNMENT((#10539));
#10539 = SURFACE_STYLE_USAGE(.BOTH.,#10540);
#10540 = SURFACE_SIDE_STYLE('',(#10541));
#10541 = SURFACE_STYLE_FILL_AREA(#10542);
#10542 = FILL_AREA_STYLE('',(#10543));
#10543 = FILL_AREA_STYLE_COLOUR('',#9556);
#10544 = OVER_RIDING_STYLED_ITEM('overriding color',(#10545),#6923,#9102
  );
#10545 = PRESENTATION_STYLE_ASSIGNMENT((#10546));
#10546 = SURFACE_STYLE_USAGE(.BOTH.,#10547);
#10547 = SURFACE_SIDE_STYLE('',(#10548));
#10548 = SURFACE_STYLE_FILL_AREA(#10549);
#10549 = FILL_AREA_STYLE('',(#10550));
#10550 = FILL_AREA_STYLE_COLOUR('',#9556);
#10551 = OVER_RIDING_STYLED_ITEM('overriding color',(#10552),#6951,#9102
  );
#10552 = PRESENTATION_STYLE_ASSIGNMENT((#10553));
#10553 = SURFACE_STYLE_USAGE(.BOTH.,#10554);
#10554 = SURFACE_SIDE_STYLE('',(#10555));
#10555 = SURFACE_STYLE_FILL_AREA(#10556);
#10556 = FILL_AREA_STYLE('',(#10557));
#10557 = FILL_AREA_STYLE_COLOUR('',#9556);
#10558 = OVER_RIDING_STYLED_ITEM('overriding color',(#10559),#6973,#9102
  );
#10559 = PRESENTATION_STYLE_ASSIGNMENT((#10560));
#10560 = SURFACE_STYLE_USAGE(.BOTH.,#10561);
#10561 = SURFACE_SIDE_STYLE('',(#10562));
#10562 = SURFACE_STYLE_FILL_AREA(#10563);
#10563 = FILL_AREA_STYLE('',(#10564));
#10564 = FILL_AREA_STYLE_COLOUR('',#9556);
#10565 = OVER_RIDING_STYLED_ITEM('overriding color',(#10566),#6995,#9102
  );
#10566 = PRESENTATION_STYLE_ASSIGNMENT((#10567));
#10567 = SURFACE_STYLE_USAGE(.BOTH.,#10568);
#10568 = SURFACE_SIDE_STYLE('',(#10569));
#10569 = SURFACE_STYLE_FILL_AREA(#10570);
#10570 = FILL_AREA_STYLE('',(#10571));
#10571 = FILL_AREA_STYLE_COLOUR('',#9556);
#10572 = OVER_RIDING_STYLED_ITEM('overriding color',(#10573),#7017,#9102
  );
#10573 = PRESENTATION_STYLE_ASSIGNMENT((#10574));
#10574 = SURFACE_STYLE_USAGE(.BOTH.,#10575);
#10575 = SURFACE_SIDE_STYLE('',(#10576));
#10576 = SURFACE_STYLE_FILL_AREA(#10577);
#10577 = FILL_AREA_STYLE('',(#10578));
#10578 = FILL_AREA_STYLE_COLOUR('',#9556);
#10579 = OVER_RIDING_STYLED_ITEM('overriding color',(#10580),#7039,#9102
  );
#10580 = PRESENTATION_STYLE_ASSIGNMENT((#10581));
#10581 = SURFACE_STYLE_USAGE(.BOTH.,#10582);
#10582 = SURFACE_SIDE_STYLE('',(#10583));
#10583 = SURFACE_STYLE_FILL_AREA(#10584);
#10584 = FILL_AREA_STYLE('',(#10585));
#10585 = FILL_AREA_STYLE_COLOUR('',#9556);
#10586 = OVER_RIDING_STYLED_ITEM('overriding color',(#10587),#7061,#9102
  );
#10587 = PRESENTATION_STYLE_ASSIGNMENT((#10588));
#10588 = SURFACE_STYLE_USAGE(.BOTH.,#10589);
#10589 = SURFACE_SIDE_STYLE('',(#10590));
#10590 = SURFACE_STYLE_FILL_AREA(#10591);
#10591 = FILL_AREA_STYLE('',(#10592));
#10592 = FILL_AREA_STYLE_COLOUR('',#9556);
#10593 = OVER_RIDING_STYLED_ITEM('overriding color',(#10594),#7083,#9102
  );
#10594 = PRESENTATION_STYLE_ASSIGNMENT((#10595));
#10595 = SURFACE_STYLE_USAGE(.BOTH.,#10596);
#10596 = SURFACE_SIDE_STYLE('',(#10597));
#10597 = SURFACE_STYLE_FILL_AREA(#10598);
#10598 = FILL_AREA_STYLE('',(#10599));
#10599 = FILL_AREA_STYLE_COLOUR('',#9556);
#10600 = OVER_RIDING_STYLED_ITEM('overriding color',(#10601),#7105,#9102
  );
#10601 = PRESENTATION_STYLE_ASSIGNMENT((#10602));
#10602 = SURFACE_STYLE_USAGE(.BOTH.,#10603);
#10603 = SURFACE_SIDE_STYLE('',(#10604));
#10604 = SURFACE_STYLE_FILL_AREA(#10605);
#10605 = FILL_AREA_STYLE('',(#10606));
#10606 = FILL_AREA_STYLE_COLOUR('',#9556);
#10607 = OVER_RIDING_STYLED_ITEM('overriding color',(#10608),#7127,#9102
  );
#10608 = PRESENTATION_STYLE_ASSIGNMENT((#10609));
#10609 = SURFACE_STYLE_USAGE(.BOTH.,#10610);
#10610 = SURFACE_SIDE_STYLE('',(#10611));
#10611 = SURFACE_STYLE_FILL_AREA(#10612);
#10612 = FILL_AREA_STYLE('',(#10613));
#10613 = FILL_AREA_STYLE_COLOUR('',#9556);
#10614 = OVER_RIDING_STYLED_ITEM('overriding color',(#10615),#7149,#9102
  );
#10615 = PRESENTATION_STYLE_ASSIGNMENT((#10616));
#10616 = SURFACE_STYLE_USAGE(.BOTH.,#10617);
#10617 = SURFACE_SIDE_STYLE('',(#10618));
#10618 = SURFACE_STYLE_FILL_AREA(#10619);
#10619 = FILL_AREA_STYLE('',(#10620));
#10620 = FILL_AREA_STYLE_COLOUR('',#9556);
#10621 = OVER_RIDING_STYLED_ITEM('overriding color',(#10622),#7171,#9102
  );
#10622 = PRESENTATION_STYLE_ASSIGNMENT((#10623));
#10623 = SURFACE_STYLE_USAGE(.BOTH.,#10624);
#10624 = SURFACE_SIDE_STYLE('',(#10625));
#10625 = SURFACE_STYLE_FILL_AREA(#10626);
#10626 = FILL_AREA_STYLE('',(#10627));
#10627 = FILL_AREA_STYLE_COLOUR('',#9556);
#10628 = OVER_RIDING_STYLED_ITEM('overriding color',(#10629),#7187,#9102
  );
#10629 = PRESENTATION_STYLE_ASSIGNMENT((#10630));
#10630 = SURFACE_STYLE_USAGE(.BOTH.,#10631);
#10631 = SURFACE_SIDE_STYLE('',(#10632));
#10632 = SURFACE_STYLE_FILL_AREA(#10633);
#10633 = FILL_AREA_STYLE('',(#10634));
#10634 = FILL_AREA_STYLE_COLOUR('',#9556);
#10635 = OVER_RIDING_STYLED_ITEM('overriding color',(#10636),#7207,#9102
  );
#10636 = PRESENTATION_STYLE_ASSIGNMENT((#10637));
#10637 = SURFACE_STYLE_USAGE(.BOTH.,#10638);
#10638 = SURFACE_SIDE_STYLE('',(#10639));
#10639 = SURFACE_STYLE_FILL_AREA(#10640);
#10640 = FILL_AREA_STYLE('',(#10641));
#10641 = FILL_AREA_STYLE_COLOUR('',#9556);
#10642 = OVER_RIDING_STYLED_ITEM('overriding color',(#10643),#7331,#9102
  );
#10643 = PRESENTATION_STYLE_ASSIGNMENT((#10644));
#10644 = SURFACE_STYLE_USAGE(.BOTH.,#10645);
#10645 = SURFACE_SIDE_STYLE('',(#10646));
#10646 = SURFACE_STYLE_FILL_AREA(#10647);
#10647 = FILL_AREA_STYLE('',(#10648));
#10648 = FILL_AREA_STYLE_COLOUR('',#9556);
#10649 = OVER_RIDING_STYLED_ITEM('overriding color',(#10650),#7351,#9102
  );
#10650 = PRESENTATION_STYLE_ASSIGNMENT((#10651));
#10651 = SURFACE_STYLE_USAGE(.BOTH.,#10652);
#10652 = SURFACE_SIDE_STYLE('',(#10653));
#10653 = SURFACE_STYLE_FILL_AREA(#10654);
#10654 = FILL_AREA_STYLE('',(#10655));
#10655 = FILL_AREA_STYLE_COLOUR('',#9556);
#10656 = OVER_RIDING_STYLED_ITEM('overriding color',(#10657),#7371,#9102
  );
#10657 = PRESENTATION_STYLE_ASSIGNMENT((#10658));
#10658 = SURFACE_STYLE_USAGE(.BOTH.,#10659);
#10659 = SURFACE_SIDE_STYLE('',(#10660));
#10660 = SURFACE_STYLE_FILL_AREA(#10661);
#10661 = FILL_AREA_STYLE('',(#10662));
#10662 = FILL_AREA_STYLE_COLOUR('',#9556);
#10663 = OVER_RIDING_STYLED_ITEM('overriding color',(#10664),#7391,#9102
  );
#10664 = PRESENTATION_STYLE_ASSIGNMENT((#10665));
#10665 = SURFACE_STYLE_USAGE(.BOTH.,#10666);
#10666 = SURFACE_SIDE_STYLE('',(#10667));
#10667 = SURFACE_STYLE_FILL_AREA(#10668);
#10668 = FILL_AREA_STYLE('',(#10669));
#10669 = FILL_AREA_STYLE_COLOUR('',#9556);
#10670 = OVER_RIDING_STYLED_ITEM('overriding color',(#10671),#7411,#9102
  );
#10671 = PRESENTATION_STYLE_ASSIGNMENT((#10672));
#10672 = SURFACE_STYLE_USAGE(.BOTH.,#10673);
#10673 = SURFACE_SIDE_STYLE('',(#10674));
#10674 = SURFACE_STYLE_FILL_AREA(#10675);
#10675 = FILL_AREA_STYLE('',(#10676));
#10676 = FILL_AREA_STYLE_COLOUR('',#9556);
#10677 = OVER_RIDING_STYLED_ITEM('overriding color',(#10678),#7431,#9102
  );
#10678 = PRESENTATION_STYLE_ASSIGNMENT((#10679));
#10679 = SURFACE_STYLE_USAGE(.BOTH.,#10680);
#10680 = SURFACE_SIDE_STYLE('',(#10681));
#10681 = SURFACE_STYLE_FILL_AREA(#10682);
#10682 = FILL_AREA_STYLE('',(#10683));
#10683 = FILL_AREA_STYLE_COLOUR('',#9556);
#10684 = OVER_RIDING_STYLED_ITEM('overriding color',(#10685),#7447,#9102
  );
#10685 = PRESENTATION_STYLE_ASSIGNMENT((#10686));
#10686 = SURFACE_STYLE_USAGE(.BOTH.,#10687);
#10687 = SURFACE_SIDE_STYLE('',(#10688));
#10688 = SURFACE_STYLE_FILL_AREA(#10689);
#10689 = FILL_AREA_STYLE('',(#10690));
#10690 = FILL_AREA_STYLE_COLOUR('',#9556);
#10691 = OVER_RIDING_STYLED_ITEM('overriding color',(#10692),#7459,#9102
  );
#10692 = PRESENTATION_STYLE_ASSIGNMENT((#10693));
#10693 = SURFACE_STYLE_USAGE(.BOTH.,#10694);
#10694 = SURFACE_SIDE_STYLE('',(#10695));
#10695 = SURFACE_STYLE_FILL_AREA(#10696);
#10696 = FILL_AREA_STYLE('',(#10697));
#10697 = FILL_AREA_STYLE_COLOUR('',#9556);
#10698 = OVER_RIDING_STYLED_ITEM('overriding color',(#10699),#7487,#9102
  );
#10699 = PRESENTATION_STYLE_ASSIGNMENT((#10700));
#10700 = SURFACE_STYLE_USAGE(.BOTH.,#10701);
#10701 = SURFACE_SIDE_STYLE('',(#10702));
#10702 = SURFACE_STYLE_FILL_AREA(#10703);
#10703 = FILL_AREA_STYLE('',(#10704));
#10704 = FILL_AREA_STYLE_COLOUR('',#9556);
#10705 = OVER_RIDING_STYLED_ITEM('overriding color',(#10706),#7509,#9102
  );
#10706 = PRESENTATION_STYLE_ASSIGNMENT((#10707));
#10707 = SURFACE_STYLE_USAGE(.BOTH.,#10708);
#10708 = SURFACE_SIDE_STYLE('',(#10709));
#10709 = SURFACE_STYLE_FILL_AREA(#10710);
#10710 = FILL_AREA_STYLE('',(#10711));
#10711 = FILL_AREA_STYLE_COLOUR('',#9556);
#10712 = OVER_RIDING_STYLED_ITEM('overriding color',(#10713),#7531,#9102
  );
#10713 = PRESENTATION_STYLE_ASSIGNMENT((#10714));
#10714 = SURFACE_STYLE_USAGE(.BOTH.,#10715);
#10715 = SURFACE_SIDE_STYLE('',(#10716));
#10716 = SURFACE_STYLE_FILL_AREA(#10717);
#10717 = FILL_AREA_STYLE('',(#10718));
#10718 = FILL_AREA_STYLE_COLOUR('',#9556);
#10719 = OVER_RIDING_STYLED_ITEM('overriding color',(#10720),#7559,#9102
  );
#10720 = PRESENTATION_STYLE_ASSIGNMENT((#10721));
#10721 = SURFACE_STYLE_USAGE(.BOTH.,#10722);
#10722 = SURFACE_SIDE_STYLE('',(#10723));
#10723 = SURFACE_STYLE_FILL_AREA(#10724);
#10724 = FILL_AREA_STYLE('',(#10725));
#10725 = FILL_AREA_STYLE_COLOUR('',#9556);
#10726 = OVER_RIDING_STYLED_ITEM('overriding color',(#10727),#7587,#9102
  );
#10727 = PRESENTATION_STYLE_ASSIGNMENT((#10728));
#10728 = SURFACE_STYLE_USAGE(.BOTH.,#10729);
#10729 = SURFACE_SIDE_STYLE('',(#10730));
#10730 = SURFACE_STYLE_FILL_AREA(#10731);
#10731 = FILL_AREA_STYLE('',(#10732));
#10732 = FILL_AREA_STYLE_COLOUR('',#9556);
#10733 = OVER_RIDING_STYLED_ITEM('overriding color',(#10734),#7615,#9102
  );
#10734 = PRESENTATION_STYLE_ASSIGNMENT((#10735));
#10735 = SURFACE_STYLE_USAGE(.BOTH.,#10736);
#10736 = SURFACE_SIDE_STYLE('',(#10737));
#10737 = SURFACE_STYLE_FILL_AREA(#10738);
#10738 = FILL_AREA_STYLE('',(#10739));
#10739 = FILL_AREA_STYLE_COLOUR('',#9556);
#10740 = OVER_RIDING_STYLED_ITEM('overriding color',(#10741),#7637,#9102
  );
#10741 = PRESENTATION_STYLE_ASSIGNMENT((#10742));
#10742 = SURFACE_STYLE_USAGE(.BOTH.,#10743);
#10743 = SURFACE_SIDE_STYLE('',(#10744));
#10744 = SURFACE_STYLE_FILL_AREA(#10745);
#10745 = FILL_AREA_STYLE('',(#10746));
#10746 = FILL_AREA_STYLE_COLOUR('',#9127);
#10747 = OVER_RIDING_STYLED_ITEM('overriding color',(#10748),#7652,#9102
  );
#10748 = PRESENTATION_STYLE_ASSIGNMENT((#10749));
#10749 = SURFACE_STYLE_USAGE(.BOTH.,#10750);
#10750 = SURFACE_SIDE_STYLE('',(#10751));
#10751 = SURFACE_STYLE_FILL_AREA(#10752);
#10752 = FILL_AREA_STYLE('',(#10753));
#10753 = FILL_AREA_STYLE_COLOUR('',#9556);
#10754 = OVER_RIDING_STYLED_ITEM('overriding color',(#10755),#7764,#9102
  );
#10755 = PRESENTATION_STYLE_ASSIGNMENT((#10756));
#10756 = SURFACE_STYLE_USAGE(.BOTH.,#10757);
#10757 = SURFACE_SIDE_STYLE('',(#10758));
#10758 = SURFACE_STYLE_FILL_AREA(#10759);
#10759 = FILL_AREA_STYLE('',(#10760));
#10760 = FILL_AREA_STYLE_COLOUR('',#9556);
#10761 = OVER_RIDING_STYLED_ITEM('overriding color',(#10762),#7784,#9102
  );
#10762 = PRESENTATION_STYLE_ASSIGNMENT((#10763));
#10763 = SURFACE_STYLE_USAGE(.BOTH.,#10764);
#10764 = SURFACE_SIDE_STYLE('',(#10765));
#10765 = SURFACE_STYLE_FILL_AREA(#10766);
#10766 = FILL_AREA_STYLE('',(#10767));
#10767 = FILL_AREA_STYLE_COLOUR('',#9556);
#10768 = OVER_RIDING_STYLED_ITEM('overriding color',(#10769),#7800,#9102
  );
#10769 = PRESENTATION_STYLE_ASSIGNMENT((#10770));
#10770 = SURFACE_STYLE_USAGE(.BOTH.,#10771);
#10771 = SURFACE_SIDE_STYLE('',(#10772));
#10772 = SURFACE_STYLE_FILL_AREA(#10773);
#10773 = FILL_AREA_STYLE('',(#10774));
#10774 = FILL_AREA_STYLE_COLOUR('',#9556);
#10775 = OVER_RIDING_STYLED_ITEM('overriding color',(#10776),#7816,#9102
  );
#10776 = PRESENTATION_STYLE_ASSIGNMENT((#10777));
#10777 = SURFACE_STYLE_USAGE(.BOTH.,#10778);
#10778 = SURFACE_SIDE_STYLE('',(#10779));
#10779 = SURFACE_STYLE_FILL_AREA(#10780);
#10780 = FILL_AREA_STYLE('',(#10781));
#10781 = FILL_AREA_STYLE_COLOUR('',#9556);
#10782 = OVER_RIDING_STYLED_ITEM('overriding color',(#10783),#7832,#9102
  );
#10783 = PRESENTATION_STYLE_ASSIGNMENT((#10784));
#10784 = SURFACE_STYLE_USAGE(.BOTH.,#10785);
#10785 = SURFACE_SIDE_STYLE('',(#10786));
#10786 = SURFACE_STYLE_FILL_AREA(#10787);
#10787 = FILL_AREA_STYLE('',(#10788));
#10788 = FILL_AREA_STYLE_COLOUR('',#9556);
#10789 = OVER_RIDING_STYLED_ITEM('overriding color',(#10790),#7848,#9102
  );
#10790 = PRESENTATION_STYLE_ASSIGNMENT((#10791));
#10791 = SURFACE_STYLE_USAGE(.BOTH.,#10792);
#10792 = SURFACE_SIDE_STYLE('',(#10793));
#10793 = SURFACE_STYLE_FILL_AREA(#10794);
#10794 = FILL_AREA_STYLE('',(#10795));
#10795 = FILL_AREA_STYLE_COLOUR('',#9556);
#10796 = OVER_RIDING_STYLED_ITEM('overriding color',(#10797),#7864,#9102
  );
#10797 = PRESENTATION_STYLE_ASSIGNMENT((#10798));
#10798 = SURFACE_STYLE_USAGE(.BOTH.,#10799);
#10799 = SURFACE_SIDE_STYLE('',(#10800));
#10800 = SURFACE_STYLE_FILL_AREA(#10801);
#10801 = FILL_AREA_STYLE('',(#10802));
#10802 = FILL_AREA_STYLE_COLOUR('',#9556);
#10803 = OVER_RIDING_STYLED_ITEM('overriding color',(#10804),#7880,#9102
  );
#10804 = PRESENTATION_STYLE_ASSIGNMENT((#10805));
#10805 = SURFACE_STYLE_USAGE(.BOTH.,#10806);
#10806 = SURFACE_SIDE_STYLE('',(#10807));
#10807 = SURFACE_STYLE_FILL_AREA(#10808);
#10808 = FILL_AREA_STYLE('',(#10809));
#10809 = FILL_AREA_STYLE_COLOUR('',#9556);
#10810 = OVER_RIDING_STYLED_ITEM('overriding color',(#10811),#7892,#9102
  );
#10811 = PRESENTATION_STYLE_ASSIGNMENT((#10812));
#10812 = SURFACE_STYLE_USAGE(.BOTH.,#10813);
#10813 = SURFACE_SIDE_STYLE('',(#10814));
#10814 = SURFACE_STYLE_FILL_AREA(#10815);
#10815 = FILL_AREA_STYLE('',(#10816));
#10816 = FILL_AREA_STYLE_COLOUR('',#9556);
#10817 = OVER_RIDING_STYLED_ITEM('overriding color',(#10818),#7920,#9102
  );
#10818 = PRESENTATION_STYLE_ASSIGNMENT((#10819));
#10819 = SURFACE_STYLE_USAGE(.BOTH.,#10820);
#10820 = SURFACE_SIDE_STYLE('',(#10821));
#10821 = SURFACE_STYLE_FILL_AREA(#10822);
#10822 = FILL_AREA_STYLE('',(#10823));
#10823 = FILL_AREA_STYLE_COLOUR('',#9556);
#10824 = OVER_RIDING_STYLED_ITEM('overriding color',(#10825),#7942,#9102
  );
#10825 = PRESENTATION_STYLE_ASSIGNMENT((#10826));
#10826 = SURFACE_STYLE_USAGE(.BOTH.,#10827);
#10827 = SURFACE_SIDE_STYLE('',(#10828));
#10828 = SURFACE_STYLE_FILL_AREA(#10829);
#10829 = FILL_AREA_STYLE('',(#10830));
#10830 = FILL_AREA_STYLE_COLOUR('',#9556);
#10831 = OVER_RIDING_STYLED_ITEM('overriding color',(#10832),#7970,#9102
  );
#10832 = PRESENTATION_STYLE_ASSIGNMENT((#10833));
#10833 = SURFACE_STYLE_USAGE(.BOTH.,#10834);
#10834 = SURFACE_SIDE_STYLE('',(#10835));
#10835 = SURFACE_STYLE_FILL_AREA(#10836);
#10836 = FILL_AREA_STYLE('',(#10837));
#10837 = FILL_AREA_STYLE_COLOUR('',#9556);
#10838 = OVER_RIDING_STYLED_ITEM('overriding color',(#10839),#7992,#9102
  );
#10839 = PRESENTATION_STYLE_ASSIGNMENT((#10840));
#10840 = SURFACE_STYLE_USAGE(.BOTH.,#10841);
#10841 = SURFACE_SIDE_STYLE('',(#10842));
#10842 = SURFACE_STYLE_FILL_AREA(#10843);
#10843 = FILL_AREA_STYLE('',(#10844));
#10844 = FILL_AREA_STYLE_COLOUR('',#9556);
#10845 = OVER_RIDING_STYLED_ITEM('overriding color',(#10846),#8020,#9102
  );
#10846 = PRESENTATION_STYLE_ASSIGNMENT((#10847));
#10847 = SURFACE_STYLE_USAGE(.BOTH.,#10848);
#10848 = SURFACE_SIDE_STYLE('',(#10849));
#10849 = SURFACE_STYLE_FILL_AREA(#10850);
#10850 = FILL_AREA_STYLE('',(#10851));
#10851 = FILL_AREA_STYLE_COLOUR('',#9556);
#10852 = OVER_RIDING_STYLED_ITEM('overriding color',(#10853),#8036,#9102
  );
#10853 = PRESENTATION_STYLE_ASSIGNMENT((#10854));
#10854 = SURFACE_STYLE_USAGE(.BOTH.,#10855);
#10855 = SURFACE_SIDE_STYLE('',(#10856));
#10856 = SURFACE_STYLE_FILL_AREA(#10857);
#10857 = FILL_AREA_STYLE('',(#10858));
#10858 = FILL_AREA_STYLE_COLOUR('',#9127);
#10859 = OVER_RIDING_STYLED_ITEM('overriding color',(#10860),#8050,#9102
  );
#10860 = PRESENTATION_STYLE_ASSIGNMENT((#10861));
#10861 = SURFACE_STYLE_USAGE(.BOTH.,#10862);
#10862 = SURFACE_SIDE_STYLE('',(#10863));
#10863 = SURFACE_STYLE_FILL_AREA(#10864);
#10864 = FILL_AREA_STYLE('',(#10865));
#10865 = FILL_AREA_STYLE_COLOUR('',#9556);
#10866 = OVER_RIDING_STYLED_ITEM('overriding color',(#10867),#8370,#9102
  );
#10867 = PRESENTATION_STYLE_ASSIGNMENT((#10868));
#10868 = SURFACE_STYLE_USAGE(.BOTH.,#10869);
#10869 = SURFACE_SIDE_STYLE('',(#10870));
#10870 = SURFACE_STYLE_FILL_AREA(#10871);
#10871 = FILL_AREA_STYLE('',(#10872));
#10872 = FILL_AREA_STYLE_COLOUR('',#9556);
#10873 = OVER_RIDING_STYLED_ITEM('overriding color',(#10874),#8394,#9102
  );
#10874 = PRESENTATION_STYLE_ASSIGNMENT((#10875));
#10875 = SURFACE_STYLE_USAGE(.BOTH.,#10876);
#10876 = SURFACE_SIDE_STYLE('',(#10877));
#10877 = SURFACE_STYLE_FILL_AREA(#10878);
#10878 = FILL_AREA_STYLE('',(#10879));
#10879 = FILL_AREA_STYLE_COLOUR('',#9556);
#10880 = OVER_RIDING_STYLED_ITEM('overriding color',(#10881),#8414,#9102
  );
#10881 = PRESENTATION_STYLE_ASSIGNMENT((#10882));
#10882 = SURFACE_STYLE_USAGE(.BOTH.,#10883);
#10883 = SURFACE_SIDE_STYLE('',(#10884));
#10884 = SURFACE_STYLE_FILL_AREA(#10885);
#10885 = FILL_AREA_STYLE('',(#10886));
#10886 = FILL_AREA_STYLE_COLOUR('',#9556);
#10887 = OVER_RIDING_STYLED_ITEM('overriding color',(#10888),#8434,#9102
  );
#10888 = PRESENTATION_STYLE_ASSIGNMENT((#10889));
#10889 = SURFACE_STYLE_USAGE(.BOTH.,#10890);
#10890 = SURFACE_SIDE_STYLE('',(#10891));
#10891 = SURFACE_STYLE_FILL_AREA(#10892);
#10892 = FILL_AREA_STYLE('',(#10893));
#10893 = FILL_AREA_STYLE_COLOUR('',#9556);
#10894 = OVER_RIDING_STYLED_ITEM('overriding color',(#10895),#8454,#9102
  );
#10895 = PRESENTATION_STYLE_ASSIGNMENT((#10896));
#10896 = SURFACE_STYLE_USAGE(.BOTH.,#10897);
#10897 = SURFACE_SIDE_STYLE('',(#10898));
#10898 = SURFACE_STYLE_FILL_AREA(#10899);
#10899 = FILL_AREA_STYLE('',(#10900));
#10900 = FILL_AREA_STYLE_COLOUR('',#9556);
#10901 = OVER_RIDING_STYLED_ITEM('overriding color',(#10902),#8474,#9102
  );
#10902 = PRESENTATION_STYLE_ASSIGNMENT((#10903));
#10903 = SURFACE_STYLE_USAGE(.BOTH.,#10904);
#10904 = SURFACE_SIDE_STYLE('',(#10905));
#10905 = SURFACE_STYLE_FILL_AREA(#10906);
#10906 = FILL_AREA_STYLE('',(#10907));
#10907 = FILL_AREA_STYLE_COLOUR('',#9556);
#10908 = OVER_RIDING_STYLED_ITEM('overriding color',(#10909),#8494,#9102
  );
#10909 = PRESENTATION_STYLE_ASSIGNMENT((#10910));
#10910 = SURFACE_STYLE_USAGE(.BOTH.,#10911);
#10911 = SURFACE_SIDE_STYLE('',(#10912));
#10912 = SURFACE_STYLE_FILL_AREA(#10913);
#10913 = FILL_AREA_STYLE('',(#10914));
#10914 = FILL_AREA_STYLE_COLOUR('',#9556);
#10915 = OVER_RIDING_STYLED_ITEM('overriding color',(#10916),#8514,#9102
  );
#10916 = PRESENTATION_STYLE_ASSIGNMENT((#10917));
#10917 = SURFACE_STYLE_USAGE(.BOTH.,#10918);
#10918 = SURFACE_SIDE_STYLE('',(#10919));
#10919 = SURFACE_STYLE_FILL_AREA(#10920);
#10920 = FILL_AREA_STYLE('',(#10921));
#10921 = FILL_AREA_STYLE_COLOUR('',#9556);
#10922 = OVER_RIDING_STYLED_ITEM('overriding color',(#10923),#8534,#9102
  );
#10923 = PRESENTATION_STYLE_ASSIGNMENT((#10924));
#10924 = SURFACE_STYLE_USAGE(.BOTH.,#10925);
#10925 = SURFACE_SIDE_STYLE('',(#10926));
#10926 = SURFACE_STYLE_FILL_AREA(#10927);
#10927 = FILL_AREA_STYLE('',(#10928));
#10928 = FILL_AREA_STYLE_COLOUR('',#9556);
#10929 = OVER_RIDING_STYLED_ITEM('overriding color',(#10930),#8554,#9102
  );
#10930 = PRESENTATION_STYLE_ASSIGNMENT((#10931));
#10931 = SURFACE_STYLE_USAGE(.BOTH.,#10932);
#10932 = SURFACE_SIDE_STYLE('',(#10933));
#10933 = SURFACE_STYLE_FILL_AREA(#10934);
#10934 = FILL_AREA_STYLE('',(#10935));
#10935 = FILL_AREA_STYLE_COLOUR('',#9556);
#10936 = OVER_RIDING_STYLED_ITEM('overriding color',(#10937),#8574,#9102
  );
#10937 = PRESENTATION_STYLE_ASSIGNMENT((#10938));
#10938 = SURFACE_STYLE_USAGE(.BOTH.,#10939);
#10939 = SURFACE_SIDE_STYLE('',(#10940));
#10940 = SURFACE_STYLE_FILL_AREA(#10941);
#10941 = FILL_AREA_STYLE('',(#10942));
#10942 = FILL_AREA_STYLE_COLOUR('',#9556);
#10943 = OVER_RIDING_STYLED_ITEM('overriding color',(#10944),#8594,#9102
  );
#10944 = PRESENTATION_STYLE_ASSIGNMENT((#10945));
#10945 = SURFACE_STYLE_USAGE(.BOTH.,#10946);
#10946 = SURFACE_SIDE_STYLE('',(#10947));
#10947 = SURFACE_STYLE_FILL_AREA(#10948);
#10948 = FILL_AREA_STYLE('',(#10949));
#10949 = FILL_AREA_STYLE_COLOUR('',#9556);
#10950 = OVER_RIDING_STYLED_ITEM('overriding color',(#10951),#8614,#9102
  );
#10951 = PRESENTATION_STYLE_ASSIGNMENT((#10952));
#10952 = SURFACE_STYLE_USAGE(.BOTH.,#10953);
#10953 = SURFACE_SIDE_STYLE('',(#10954));
#10954 = SURFACE_STYLE_FILL_AREA(#10955);
#10955 = FILL_AREA_STYLE('',(#10956));
#10956 = FILL_AREA_STYLE_COLOUR('',#9556);
#10957 = OVER_RIDING_STYLED_ITEM('overriding color',(#10958),#8630,#9102
  );
#10958 = PRESENTATION_STYLE_ASSIGNMENT((#10959));
#10959 = SURFACE_STYLE_USAGE(.BOTH.,#10960);
#10960 = SURFACE_SIDE_STYLE('',(#10961));
#10961 = SURFACE_STYLE_FILL_AREA(#10962);
#10962 = FILL_AREA_STYLE('',(#10963));
#10963 = FILL_AREA_STYLE_COLOUR('',#9556);
#10964 = OVER_RIDING_STYLED_ITEM('overriding color',(#10965),#8646,#9102
  );
#10965 = PRESENTATION_STYLE_ASSIGNMENT((#10966));
#10966 = SURFACE_STYLE_USAGE(.BOTH.,#10967);
#10967 = SURFACE_SIDE_STYLE('',(#10968));
#10968 = SURFACE_STYLE_FILL_AREA(#10969);
#10969 = FILL_AREA_STYLE('',(#10970));
#10970 = FILL_AREA_STYLE_COLOUR('',#9556);
#10971 = OVER_RIDING_STYLED_ITEM('overriding color',(#10972),#8662,#9102
  );
#10972 = PRESENTATION_STYLE_ASSIGNMENT((#10973));
#10973 = SURFACE_STYLE_USAGE(.BOTH.,#10974);
#10974 = SURFACE_SIDE_STYLE('',(#10975));
#10975 = SURFACE_STYLE_FILL_AREA(#10976);
#10976 = FILL_AREA_STYLE('',(#10977));
#10977 = FILL_AREA_STYLE_COLOUR('',#9556);
#10978 = OVER_RIDING_STYLED_ITEM('overriding color',(#10979),#8678,#9102
  );
#10979 = PRESENTATION_STYLE_ASSIGNMENT((#10980));
#10980 = SURFACE_STYLE_USAGE(.BOTH.,#10981);
#10981 = SURFACE_SIDE_STYLE('',(#10982));
#10982 = SURFACE_STYLE_FILL_AREA(#10983);
#10983 = FILL_AREA_STYLE('',(#10984));
#10984 = FILL_AREA_STYLE_COLOUR('',#9556);
#10985 = OVER_RIDING_STYLED_ITEM('overriding color',(#10986),#8698,#9102
  );
#10986 = PRESENTATION_STYLE_ASSIGNMENT((#10987));
#10987 = SURFACE_STYLE_USAGE(.BOTH.,#10988);
#10988 = SURFACE_SIDE_STYLE('',(#10989));
#10989 = SURFACE_STYLE_FILL_AREA(#10990);
#10990 = FILL_AREA_STYLE('',(#10991));
#10991 = FILL_AREA_STYLE_COLOUR('',#9556);
#10992 = OVER_RIDING_STYLED_ITEM('overriding color',(#10993),#8718,#9102
  );
#10993 = PRESENTATION_STYLE_ASSIGNMENT((#10994));
#10994 = SURFACE_STYLE_USAGE(.BOTH.,#10995);
#10995 = SURFACE_SIDE_STYLE('',(#10996));
#10996 = SURFACE_STYLE_FILL_AREA(#10997);
#10997 = FILL_AREA_STYLE('',(#10998));
#10998 = FILL_AREA_STYLE_COLOUR('',#9556);
#10999 = OVER_RIDING_STYLED_ITEM('overriding color',(#11000),#8738,#9102
  );
#11000 = PRESENTATION_STYLE_ASSIGNMENT((#11001));
#11001 = SURFACE_STYLE_USAGE(.BOTH.,#11002);
#11002 = SURFACE_SIDE_STYLE('',(#11003));
#11003 = SURFACE_STYLE_FILL_AREA(#11004);
#11004 = FILL_AREA_STYLE('',(#11005));
#11005 = FILL_AREA_STYLE_COLOUR('',#9556);
#11006 = OVER_RIDING_STYLED_ITEM('overriding color',(#11007),#8758,#9102
  );
#11007 = PRESENTATION_STYLE_ASSIGNMENT((#11008));
#11008 = SURFACE_STYLE_USAGE(.BOTH.,#11009);
#11009 = SURFACE_SIDE_STYLE('',(#11010));
#11010 = SURFACE_STYLE_FILL_AREA(#11011);
#11011 = FILL_AREA_STYLE('',(#11012));
#11012 = FILL_AREA_STYLE_COLOUR('',#9556);
#11013 = OVER_RIDING_STYLED_ITEM('overriding color',(#11014),#8778,#9102
  );
#11014 = PRESENTATION_STYLE_ASSIGNMENT((#11015));
#11015 = SURFACE_STYLE_USAGE(.BOTH.,#11016);
#11016 = SURFACE_SIDE_STYLE('',(#11017));
#11017 = SURFACE_STYLE_FILL_AREA(#11018);
#11018 = FILL_AREA_STYLE('',(#11019));
#11019 = FILL_AREA_STYLE_COLOUR('',#9556);
#11020 = OVER_RIDING_STYLED_ITEM('overriding color',(#11021),#8798,#9102
  );
#11021 = PRESENTATION_STYLE_ASSIGNMENT((#11022));
#11022 = SURFACE_STYLE_USAGE(.BOTH.,#11023);
#11023 = SURFACE_SIDE_STYLE('',(#11024));
#11024 = SURFACE_STYLE_FILL_AREA(#11025);
#11025 = FILL_AREA_STYLE('',(#11026));
#11026 = FILL_AREA_STYLE_COLOUR('',#9556);
#11027 = OVER_RIDING_STYLED_ITEM('overriding color',(#11028),#8818,#9102
  );
#11028 = PRESENTATION_STYLE_ASSIGNMENT((#11029));
#11029 = SURFACE_STYLE_USAGE(.BOTH.,#11030);
#11030 = SURFACE_SIDE_STYLE('',(#11031));
#11031 = SURFACE_STYLE_FILL_AREA(#11032);
#11032 = FILL_AREA_STYLE('',(#11033));
#11033 = FILL_AREA_STYLE_COLOUR('',#9556);
#11034 = OVER_RIDING_STYLED_ITEM('overriding color',(#11035),#8834,#9102
  );
#11035 = PRESENTATION_STYLE_ASSIGNMENT((#11036));
#11036 = SURFACE_STYLE_USAGE(.BOTH.,#11037);
#11037 = SURFACE_SIDE_STYLE('',(#11038));
#11038 = SURFACE_STYLE_FILL_AREA(#11039);
#11039 = FILL_AREA_STYLE('',(#11040));
#11040 = FILL_AREA_STYLE_COLOUR('',#9556);
#11041 = OVER_RIDING_STYLED_ITEM('overriding color',(#11042),#8854,#9102
  );
#11042 = PRESENTATION_STYLE_ASSIGNMENT((#11043));
#11043 = SURFACE_STYLE_USAGE(.BOTH.,#11044);
#11044 = SURFACE_SIDE_STYLE('',(#11045));
#11045 = SURFACE_STYLE_FILL_AREA(#11046);
#11046 = FILL_AREA_STYLE('',(#11047));
#11047 = FILL_AREA_STYLE_COLOUR('',#9556);
#11048 = OVER_RIDING_STYLED_ITEM('overriding color',(#11049),#8874,#9102
  );
#11049 = PRESENTATION_STYLE_ASSIGNMENT((#11050));
#11050 = SURFACE_STYLE_USAGE(.BOTH.,#11051);
#11051 = SURFACE_SIDE_STYLE('',(#11052));
#11052 = SURFACE_STYLE_FILL_AREA(#11053);
#11053 = FILL_AREA_STYLE('',(#11054));
#11054 = FILL_AREA_STYLE_COLOUR('',#9556);
#11055 = OVER_RIDING_STYLED_ITEM('overriding color',(#11056),#8890,#9102
  );
#11056 = PRESENTATION_STYLE_ASSIGNMENT((#11057));
#11057 = SURFACE_STYLE_USAGE(.BOTH.,#11058);
#11058 = SURFACE_SIDE_STYLE('',(#11059));
#11059 = SURFACE_STYLE_FILL_AREA(#11060);
#11060 = FILL_AREA_STYLE('',(#11061));
#11061 = FILL_AREA_STYLE_COLOUR('',#9556);
#11062 = OVER_RIDING_STYLED_ITEM('overriding color',(#11063),#8910,#9102
  );
#11063 = PRESENTATION_STYLE_ASSIGNMENT((#11064));
#11064 = SURFACE_STYLE_USAGE(.BOTH.,#11065);
#11065 = SURFACE_SIDE_STYLE('',(#11066));
#11066 = SURFACE_STYLE_FILL_AREA(#11067);
#11067 = FILL_AREA_STYLE('',(#11068));
#11068 = FILL_AREA_STYLE_COLOUR('',#9556);
#11069 = OVER_RIDING_STYLED_ITEM('overriding color',(#11070),#8930,#9102
  );
#11070 = PRESENTATION_STYLE_ASSIGNMENT((#11071));
#11071 = SURFACE_STYLE_USAGE(.BOTH.,#11072);
#11072 = SURFACE_SIDE_STYLE('',(#11073));
#11073 = SURFACE_STYLE_FILL_AREA(#11074);
#11074 = FILL_AREA_STYLE('',(#11075));
#11075 = FILL_AREA_STYLE_COLOUR('',#9556);
#11076 = OVER_RIDING_STYLED_ITEM('overriding color',(#11077),#8950,#9102
  );
#11077 = PRESENTATION_STYLE_ASSIGNMENT((#11078));
#11078 = SURFACE_STYLE_USAGE(.BOTH.,#11079);
#11079 = SURFACE_SIDE_STYLE('',(#11080));
#11080 = SURFACE_STYLE_FILL_AREA(#11081);
#11081 = FILL_AREA_STYLE('',(#11082));
#11082 = FILL_AREA_STYLE_COLOUR('',#9556);
#11083 = OVER_RIDING_STYLED_ITEM('overriding color',(#11084),#8966,#9102
  );
#11084 = PRESENTATION_STYLE_ASSIGNMENT((#11085));
#11085 = SURFACE_STYLE_USAGE(.BOTH.,#11086);
#11086 = SURFACE_SIDE_STYLE('',(#11087));
#11087 = SURFACE_STYLE_FILL_AREA(#11088);
#11088 = FILL_AREA_STYLE('',(#11089));
#11089 = FILL_AREA_STYLE_COLOUR('',#9556);
#11090 = OVER_RIDING_STYLED_ITEM('overriding color',(#11091),#8986,#9102
  );
#11091 = PRESENTATION_STYLE_ASSIGNMENT((#11092));
#11092 = SURFACE_STYLE_USAGE(.BOTH.,#11093);
#11093 = SURFACE_SIDE_STYLE('',(#11094));
#11094 = SURFACE_STYLE_FILL_AREA(#11095);
#11095 = FILL_AREA_STYLE('',(#11096));
#11096 = FILL_AREA_STYLE_COLOUR('',#9556);
#11097 = OVER_RIDING_STYLED_ITEM('overriding color',(#11098),#9002,#9102
  );
#11098 = PRESENTATION_STYLE_ASSIGNMENT((#11099));
#11099 = SURFACE_STYLE_USAGE(.BOTH.,#11100);
#11100 = SURFACE_SIDE_STYLE('',(#11101));
#11101 = SURFACE_STYLE_FILL_AREA(#11102);
#11102 = FILL_AREA_STYLE('',(#11103));
#11103 = FILL_AREA_STYLE_COLOUR('',#9556);
#11104 = OVER_RIDING_STYLED_ITEM('overriding color',(#11105),#9045,#9102
  );
#11105 = PRESENTATION_STYLE_ASSIGNMENT((#11106));
#11106 = SURFACE_STYLE_USAGE(.BOTH.,#11107);
#11107 = SURFACE_SIDE_STYLE('',(#11108));
#11108 = SURFACE_STYLE_FILL_AREA(#11109);
#11109 = FILL_AREA_STYLE('',(#11110));
#11110 = FILL_AREA_STYLE_COLOUR('',#9556);
#11111 = OVER_RIDING_STYLED_ITEM('overriding color',(#11112),#9073,#9102
  );
#11112 = PRESENTATION_STYLE_ASSIGNMENT((#11113));
#11113 = SURFACE_STYLE_USAGE(.BOTH.,#11114);
#11114 = SURFACE_SIDE_STYLE('',(#11115));
#11115 = SURFACE_STYLE_FILL_AREA(#11116);
#11116 = FILL_AREA_STYLE('',(#11117));
#11117 = FILL_AREA_STYLE_COLOUR('',#9127);
#11118 = OVER_RIDING_STYLED_ITEM('overriding color',(#11119),#9083,#9102
  );
#11119 = PRESENTATION_STYLE_ASSIGNMENT((#11120));
#11120 = SURFACE_STYLE_USAGE(.BOTH.,#11121);
#11121 = SURFACE_SIDE_STYLE('',(#11122));
#11122 = SURFACE_STYLE_FILL_AREA(#11123);
#11123 = FILL_AREA_STYLE('',(#11124));
#11124 = FILL_AREA_STYLE_COLOUR('',#9184);
ENDSEC;
END-ISO-10303-21;
